"b","dataset","n_models","models","weights","distance_meas","distance_est","var_pred","r2","bias","lower_CI","upper_CI","mae","rmse"
1,"natalia_oliveira_2023",18,"[42] Britto et al. 2013; [40] Britto et al. 2013; [48] Fernandes et al. 2016; [26] Jenkins et al. 2009; [34] Dourado, Vidotto, Guerra 2011; [10] Camarri et al. 2006; [13] Chetta et al. 2006; [15] Masmoudi et al. 2008; [07] Enrigth et al. 2003; [50] Zou et al. 2017; [32] Soares, Pereira 2011; [02] Enright & Sherrill 1998; [55] Almeida et al. 2019; [45] Kim et al. 2014; [20] Jenkins et al. 2009; [43] Rao et al. 2013; [37] Hill et al. 2011; [06] Gibbons et al. 2001","0.2055;-0.2228;-0.087;-0.0355;-0.0313;0.2637;-0.1277;-0.1333;-0.0061;-0.089;-0.2412;0.7433;0.1883;0.5793;-0.1295;-0.1926;0.0795;0.2363",679.436842105263,778.613334071184,1066.72065121347,0.233042750139369,99.1764919659212,-69.6354160324883,236.786896771856,109.407778331409,124.233991759133
2,"natalia_oliveira_2023",15,"[45] Kim et al. 2014; [47] Nusdwinuringtyas et al, 2014; [04] Troosters, Gosselink & Decramer 1999; [32] Soares, Pereira 2011; [40] Britto et al. 2013; [50] Zou et al. 2017; [58] Delbressine et al. 2023; [10] Camarri et al. 2006; [15] Masmoudi et al. 2008; [18] Iwama et al. 2009; [42] Britto et al. 2013; [30] Osses et al. 2010; [55] Almeida et al. 2019; [27] Alameri et al. 2009; [06] Gibbons et al. 2001","0.081;0.6341;0.8371;-0.4473;-0.0932;-0.5762;0.2405;-0.4028;0.0442;0.0216;0.1472;-0.0521;0.1775;0.531;-0.1427",681.947368421053,598.810134528436,1200.29561715788,0.242147818094397,-83.1372338926169,-286.251025219907,68.582254432573,92.4573855573063,114.025301822252
3,"natalia_oliveira_2023",4,"[45] Kim et al. 2014; [58] Delbressine et al. 2023; [20] Jenkins et al. 2009; [30] Osses et al. 2010","0.4665;0.5444;-0.0341;0.0231",674.18947368421,661.96573217015,1102.73180142885,0.281517429015999,-12.22374151406,-140.13624173915,131.726937872398,55.0306776591726,71.114168250431
4,"natalia_oliveira_2023",24,"[26] Jenkins et al. 2009; [40] Britto et al. 2013; [42] Britto et al. 2013; [37] Hill et al. 2011; [15] Masmoudi et al. 2008; [13] Chetta et al. 2006; [50] Zou et al. 2017; [28] Ben Saad et al. 2009; [48] Fernandes et al. 2016; [43] Rao et al. 2013; [06] Gibbons et al. 2001; [30] Osses et al. 2010; [34] Dourado, Vidotto, Guerra 2011; [58] Delbressine et al. 2023; [47] Nusdwinuringtyas et al, 2014; [18] Iwama et al. 2009; [04] Troosters, Gosselink & Decramer 1999; [27] Alameri et al. 2009; [02] Enright & Sherrill 1998; [32] Soares, Pereira 2011; [55] Almeida et al. 2019; [09] Camarri et al. 2006; [20] Jenkins et al. 2009; [07] Enrigth et al. 2003","-0.115;-0.4147;0.1822;0.1916;-0.1467;-0.5431;-0.2084;0.6937;0.2287;-0.1782;-0.4839;-0.0357;-0.0057;-0.0489;0.2536;0.2699;0.0928;0.5563;0.7612;-0.2711;0.0385;0.2922;-0.1012;-0.0081",680.647368421053,631.849178346819,1855.89364027597,0.193093509728324,-48.7981900742336,-218.444501300052,76.3784258198316,67.1460029432291,88.5777465992464
5,"natalia_oliveira_2023",8,"[15] Masmoudi et al. 2008; [02] Enright & Sherrill 1998; [06] Gibbons et al. 2001; [27] Alameri et al. 2009; [37] Hill et al. 2011; [30] Osses et al. 2010; [42] Britto et al. 2013; [34] Dourado, Vidotto, Guerra 2011","0.0521;1.1087;0.103;0.6576;-0.1362;-0.5675;0.1507;-0.3684",676.157894736842,527.718202827461,1404.20375676028,0.18397075189414,-148.439691909381,-267.072723619681,-11.8642478700273,148.993572598387,163.659737251755
6,"natalia_oliveira_2023",21,"[06] Gibbons et al. 2001; [40] Britto et al. 2013; [48] Fernandes et al. 2016; [10] Camarri et al. 2006; [45] Kim et al. 2014; [43] Rao et al. 2013; [30] Osses et al. 2010; [32] Soares, Pereira 2011; [42] Britto et al. 2013; [37] Hill et al. 2011; [54] Almeida et al. 2019; [58] Delbressine et al. 2023; [13] Chetta et al. 2006; [20] Jenkins et al. 2009; [07] Enrigth et al. 2003; [04] Troosters, Gosselink & Decramer 1999; [50] Zou et al. 2017; [28] Ben Saad et al. 2009; [55] Almeida et al. 2019; [18] Iwama et al. 2009; [15] Masmoudi et al. 2008","-0.6172;-0.374;0.4574;-0.3563;0.6539;0.0055;0.0379;-0.1227;0.1879;0.2277;-0.149;-0.0377;-0.5893;0.0368;0.0038;0.1742;-0.0494;0.9576;0.1456;0.5329;-0.1258",668.878947368421,609.862441572479,2337.15330972171,0.318960882388795,-59.0165057959424,-235.645358003638,61.7707162972249,72.8612392879693,92.9861884768464
7,"natalia_oliveira_2023",27,"[58] Delbressine et al. 2023; [30] Osses et al. 2010; [45] Kim et al. 2014; [32] Soares, Pereira 2011; [55] Almeida et al. 2019; [43] Rao et al. 2013; [54] Almeida et al. 2019; [06] Gibbons et al. 2001; [09] Camarri et al. 2006; [37] Hill et al. 2011; [50] Zou et al. 2017; [27] Alameri et al. 2009; [20] Jenkins et al. 2009; [42] Britto et al. 2013; [13] Chetta et al. 2006; [18] Iwama et al. 2009; [07] Enrigth et al. 2003; [28] Ben Saad et al. 2009; [04] Troosters, Gosselink & Decramer 1999; [47] Nusdwinuringtyas et al, 2014; [48] Fernandes et al. 2016; [15] Masmoudi et al. 2008; [34] Dourado, Vidotto, Guerra 2011; [10] Camarri et al. 2006; [26] Jenkins et al. 2009; [02] Enright & Sherrill 1998; [40] Britto et al. 2013","-0.0097;-0.0054;0.2767;-0.2215;0.067;-0.1663;-0.2891;-0.419;0.1886;0.1028;-0.2063;0.5824;-0.0402;0.13;-0.482;0.2024;0.0176;0.7109;0.1384;0.3715;0.155;-0.0825;0.0544;-0.4138;-0.0446;0.6895;-0.3065",680.594736842105,571.652796457653,2159.16734598713,0.229457834456163,-108.941940384452,-280.331272760419,2.97847104724725,112.257086159924,133.864166980987
8,"natalia_oliveira_2023",23,"[42] Britto et al. 2013; [04] Troosters, Gosselink & Decramer 1999; [50] Zou et al. 2017; [45] Kim et al. 2014; [20] Jenkins et al. 2009; [58] Delbressine et al. 2023; [30] Osses et al. 2010; [40] Britto et al. 2013; [07] Enrigth et al. 2003; [10] Camarri et al. 2006; [54] Almeida et al. 2019; [28] Ben Saad et al. 2009; [47] Nusdwinuringtyas et al, 2014; [15] Masmoudi et al. 2008; [55] Almeida et al. 2019; [02] Enright & Sherrill 1998; [09] Camarri et al. 2006; [27] Alameri et al. 2009; [32] Soares, Pereira 2011; [18] Iwama et al. 2009; [06] Gibbons et al. 2001; [43] Rao et al. 2013; [34] Dourado, Vidotto, Guerra 2011","0.1222;0.2568;-0.3252;0.3229;-0.0485;-0.0224;-0.0504;-0.4106;0.0412;-0.5751;-0.3073;0.7077;0.3943;-0.1124;0.0895;0.7707;0.1043;0.7675;-0.2706;0.2562;-0.5408;-0.2499;0.08",667.094736842105,531.650311268374,2083.83787555926,0.215322361532897,-135.444425573732,-263.063175119403,-1.32071528587744,137.774707516424,153.209970233465
9,"natalia_oliveira_2023",11,"[58] Delbressine et al. 2023; [06] Gibbons et al. 2001; [04] Troosters, Gosselink & Decramer 1999; [43] Rao et al. 2013; [47] Nusdwinuringtyas et al, 2014; [09] Camarri et al. 2006; [27] Alameri et al. 2009; [32] Soares, Pereira 2011; [48] Fernandes et al. 2016; [28] Ben Saad et al. 2009; [26] Jenkins et al. 2009","0.1828;-0.5878;0.2823;-0.2014;0.1998;-0.0757;0.5376;-0.2116;0.4567;0.4519;-0.0348",682.642105263158,550.296910397572,2355.98996460777,0.32045617429909,-132.345194865586,-270.31236422212,-0.629746353318279,133.171818568876,149.547660318435
10,"natalia_oliveira_2023",27,"[27] Alameri et al. 2009; [40] Britto et al. 2013; [32] Soares, Pereira 2011; [50] Zou et al. 2017; [15] Masmoudi et al. 2008; [30] Osses et al. 2010; [09] Camarri et al. 2006; [37] Hill et al. 2011; [47] Nusdwinuringtyas et al, 2014; [58] Delbressine et al. 2023; [28] Ben Saad et al. 2009; [26] Jenkins et al. 2009; [18] Iwama et al. 2009; [45] Kim et al. 2014; [07] Enrigth et al. 2003; [48] Fernandes et al. 2016; [55] Almeida et al. 2019; [20] Jenkins et al. 2009; [34] Dourado, Vidotto, Guerra 2011; [54] Almeida et al. 2019; [04] Troosters, Gosselink & Decramer 1999; [42] Britto et al. 2013; [43] Rao et al. 2013; [10] Camarri et al. 2006; [02] Enright & Sherrill 1998; [13] Chetta et al. 2006; [06] Gibbons et al. 2001","0.6665;-0.2858;-0.2267;-0.181;-0.1396;-0.056;0.2462;0.1969;0.2557;-0.0331;0.7713;-0.1066;0.2243;0.3491;0.0345;0.1736;0.0531;-0.0918;-0.006;-0.2195;0.0997;0.1104;-0.1501;-0.4024;0.743;-0.5169;-0.5086",671.21052631579,553.030683555131,2065.62719306129,0.271203323113608,-118.179842760659,-250.768467168828,27.4127724034748,123.147103308319,139.216785383939
11,"natalia_oliveira_2023",27,"[28] Ben Saad et al. 2009; [58] Delbressine et al. 2023; [40] Britto et al. 2013; [15] Masmoudi et al. 2008; [42] Britto et al. 2013; [27] Alameri et al. 2009; [37] Hill et al. 2011; [09] Camarri et al. 2006; [45] Kim et al. 2014; [26] Jenkins et al. 2009; [18] Iwama et al. 2009; [20] Jenkins et al. 2009; [02] Enright & Sherrill 1998; [43] Rao et al. 2013; [55] Almeida et al. 2019; [54] Almeida et al. 2019; [07] Enrigth et al. 2003; [47] Nusdwinuringtyas et al, 2014; [10] Camarri et al. 2006; [50] Zou et al. 2017; [06] Gibbons et al. 2001; [30] Osses et al. 2010; [13] Chetta et al. 2006; [32] Soares, Pereira 2011; [48] Fernandes et al. 2016; [34] Dourado, Vidotto, Guerra 2011; [04] Troosters, Gosselink & Decramer 1999","0.8304;-0.0685;-0.3527;-0.1385;0.1661;0.5643;0.172;0.2374;0.2633;-0.0019;0.296;-0.0366;0.6917;-0.154;0.0909;-0.3223;-0.0367;0.3068;-0.4707;-0.2053;-0.4775;-0.0383;-0.545;-0.2153;0.2503;0.0572;0.1367",670.168421052632,571.916514820986,1760.6679615961,0.234802597481193,-98.251906231646,-243.453348991829,28.1732824158294,104.318138282252,122.853377199246
12,"natalia_oliveira_2023",9,"[54] Almeida et al. 2019; [10] Camarri et al. 2006; [02] Enright & Sherrill 1998; [43] Rao et al. 2013; [09] Camarri et al. 2006; [58] Delbressine et al. 2023; [20] Jenkins et al. 2009; [55] Almeida et al. 2019; [45] Kim et al. 2014","-0.0859;-0.012;1.0262;-0.4237;0.671;-0.2659;-0.437;0.137;0.3902",682.573684210526,733.065820013465,1000.97720550701,0.25041193936517,50.4921358029385,-61.352600611511,155.973640386113,67.0683267403561,80.7657501831166
13,"natalia_oliveira_2023",20,"[40] Britto et al. 2013; [28] Ben Saad et al. 2009; [18] Iwama et al. 2009; [34] Dourado, Vidotto, Guerra 2011; [15] Masmoudi et al. 2008; [55] Almeida et al. 2019; [50] Zou et al. 2017; [07] Enrigth et al. 2003; [30] Osses et al. 2010; [32] Soares, Pereira 2011; [45] Kim et al. 2014; [02] Enright & Sherrill 1998; [37] Hill et al. 2011; [58] Delbressine et al. 2023; [04] Troosters, Gosselink & Decramer 1999; [47] Nusdwinuringtyas et al, 2014; [13] Chetta et al. 2006; [10] Camarri et al. 2006; [26] Jenkins et al. 2009; [06] Gibbons et al. 2001","-0.4624;0.5776;0.2669;-0.0644;-0.1293;0.1183;-0.0525;0.0229;-0.1502;-0.2768;0.7245;0.7161;0.1398;-0.0542;0.4121;0.6334;-0.5408;-0.2961;-0.0728;-0.5122",675.88947368421,651.414875599829,2082.17826386092,0.28126684428146,-24.4745980843817,-156.851380541045,105.45726396355,57.1474242393885,75.746031125737
14,"natalia_oliveira_2023",23,"[13] Chetta et al. 2006; [47] Nusdwinuringtyas et al, 2014; [30] Osses et al. 2010; [48] Fernandes et al. 2016; [55] Almeida et al. 2019; [34] Dourado, Vidotto, Guerra 2011; [28] Ben Saad et al. 2009; [18] Iwama et al. 2009; [42] Britto et al. 2013; [04] Troosters, Gosselink & Decramer 1999; [40] Britto et al. 2013; [58] Delbressine et al. 2023; [54] Almeida et al. 2019; [27] Alameri et al. 2009; [43] Rao et al. 2013; [20] Jenkins et al. 2009; [26] Jenkins et al. 2009; [09] Camarri et al. 2006; [07] Enrigth et al. 2003; [06] Gibbons et al. 2001; [02] Enright & Sherrill 1998; [45] Kim et al. 2014; [32] Soares, Pereira 2011","-0.6153;0.2926;-0.0884;0.2185;0.0839;-0.0333;0.6709;0.2694;0.1454;0.0441;-0.3053;-0.0842;-0.2967;0.6026;-0.2321;-0.142;-0.1521;0.208;-0.0257;-0.5173;1.0209;0.2794;-0.3434",674.973684210526,558.840416334993,1728.95892869331,0.336397067160816,-116.133267875533,-237.277106595354,1.53074831066877,118.682101133249,133.293654497963
15,"natalia_oliveira_2023",14,"[32] Soares, Pereira 2011; [42] Britto et al. 2013; [15] Masmoudi et al. 2008; [13] Chetta et al. 2006; [37] Hill et al. 2011; [45] Kim et al. 2014; [04] Troosters, Gosselink & Decramer 1999; [54] Almeida et al. 2019; [07] Enrigth et al. 2003; [06] Gibbons et al. 2001; [30] Osses et al. 2010; [27] Alameri et al. 2009; [02] Enright & Sherrill 1998; [58] Delbressine et al. 2023","-0.5672;0.0894;-0.2536;-0.3408;0.0241;0.2537;0.4636;-0.1397;-0.0281;0.3446;-0.3782;0.6994;0.9781;-0.1454",671.636842105263,644.954419782172,1400.26209370869,0.183503855041311,-26.6824223230909,-158.027522040426,111.019990590575,58.4853891149966,78.0010339137567
16,"natalia_oliveira_2023",1,"[06] Gibbons et al. 2001","1",675.747368421053,727.221263157895,1784.5427063325,0.152855284772867,51.473894736842,-135.64,194.35,77.372947368421,95.6555771450225
17,"natalia_oliveira_2023",14,"[47] Nusdwinuringtyas et al, 2014; [07] Enrigth et al. 2003; [09] Camarri et al. 2006; [26] Jenkins et al. 2009; [42] Britto et al. 2013; [15] Masmoudi et al. 2008; [20] Jenkins et al. 2009; [30] Osses et al. 2010; [45] Kim et al. 2014; [10] Camarri et al. 2006; [18] Iwama et al. 2009; [58] Delbressine et al. 2023; [55] Almeida et al. 2019; [54] Almeida et al. 2019","0.2881;0.2197;0.262;0.1604;0.2294;0.0254;0.0215;-0.0388;-0.0246;-0.2521;-0.2129;0.1317;0.2634;-0.073",676.168421052632,645.83502242425,966.283039305986,0.265045971537397,-30.3333986283811,-157.290266832858,114.764877018466,63.4851175640708,83.1817873127683
18,"natalia_oliveira_2023",4,"[10] Camarri et al. 2006; [30] Osses et al. 2010; [15] Masmoudi et al. 2008; [40] Britto et al. 2013","0.3833;0.2754;0.134;0.2073",671.11052631579,695.264840175446,1380.20623106919,0.195392663564078,24.1543138596561,-100.546363540818,137.007988288632,52.1913836275953,63.5902929510522
19,"natalia_oliveira_2023",10,"[06] Gibbons et al. 2001; [20] Jenkins et al. 2009; [04] Troosters, Gosselink & Decramer 1999; [15] Masmoudi et al. 2008; [34] Dourado, Vidotto, Guerra 2011; [54] Almeida et al. 2019; [30] Osses et al. 2010; [55] Almeida et al. 2019; [18] Iwama et al. 2009; [27] Alameri et al. 2009","0.0666;-0.161;0.5421;-0.0781;0.0226;-0.0698;-0.0187;0.235;0.1499;0.3115",672.905263157895,666.401843955029,1124.79305423238,0.213697050466087,-6.50341920286584,-129.34616765015,126.670323694997,49.1213534688063,66.7900329639307
20,"natalia_oliveira_2023",20,"[47] Nusdwinuringtyas et al, 2014; [50] Zou et al. 2017; [30] Osses et al. 2010; [58] Delbressine et al. 2023; [20] Jenkins et al. 2009; [02] Enright & Sherrill 1998; [42] Britto et al. 2013; [10] Camarri et al. 2006; [55] Almeida et al. 2019; [27] Alameri et al. 2009; [07] Enrigth et al. 2003; [34] Dourado, Vidotto, Guerra 2011; [26] Jenkins et al. 2009; [32] Soares, Pereira 2011; [09] Camarri et al. 2006; [37] Hill et al. 2011; [48] Fernandes et al. 2016; [28] Ben Saad et al. 2009; [43] Rao et al. 2013; [04] Troosters, Gosselink & Decramer 1999","0.0297;-0.1973;-0.0835;-0.12;-0.079;0.575;0.1689;-0.4656;0.0782;0.6342;-0.0901;0.0532;-0.0444;-0.1905;0.2386;0.0075;0.1141;0.4241;-0.1834;0.1302",674.247368421053,589.806290563421,1949.24402471567,0.290424312402572,-84.4410778576312,-212.974745653984,38.6951905707254,91.2392340204006,108.549030021656
21,"natalia_oliveira_2023",2,"[43] Rao et al. 2013; [18] Iwama et al. 2009","0.5;0.5",666.231578947368,501.018352631579,381.186097734782,0.105138632287108,-165.213226315789,-296.7525,-9.5294999999999,165.625642105263,180.490269054908
22,"natalia_oliveira_2023",9,"[06] Gibbons et al. 2001; [34] Dourado, Vidotto, Guerra 2011; [04] Troosters, Gosselink & Decramer 1999; [02] Enright & Sherrill 1998; [13] Chetta et al. 2006; [43] Rao et al. 2013; [47] Nusdwinuringtyas et al, 2014; [27] Alameri et al. 2009; [30] Osses et al. 2010","-0.0748;-0.3431;0.5274;0.8871;-0.4691;-0.484;0.7794;0.5906;-0.4136",678.968421052632,663.507135072246,1003.35385475752,0.206407613450145,-15.4612859803854,-157.44175652993,106.882466553746,51.8332653903608,69.9587895482673
23,"natalia_oliveira_2023",12,"[27] Alameri et al. 2009; [48] Fernandes et al. 2016; [06] Gibbons et al. 2001; [55] Almeida et al. 2019; [45] Kim et al. 2014; [04] Troosters, Gosselink & Decramer 1999; [40] Britto et al. 2013; [20] Jenkins et al. 2009; [07] Enrigth et al. 2003; [37] Hill et al. 2011; [30] Osses et al. 2010; [43] Rao et al. 2013","0.5939;0.0908;-0.0012;0.1617;0.1063;0.412;0.0498;-0.2009;0.115;0.3468;-0.1128;-0.5615",682.326315789474,749.694299675267,1184.93924951705,0.205703733366653,67.3679838857932,-61.7416662004977,181.571482035599,79.7159300347255,94.9188538283624
24,"natalia_oliveira_2023",20,"[37] Hill et al. 2011; [28] Ben Saad et al. 2009; [50] Zou et al. 2017; [09] Camarri et al. 2006; [55] Almeida et al. 2019; [06] Gibbons et al. 2001; [13] Chetta et al. 2006; [26] Jenkins et al. 2009; [30] Osses et al. 2010; [20] Jenkins et al. 2009; [18] Iwama et al. 2009; [32] Soares, Pereira 2011; [07] Enrigth et al. 2003; [43] Rao et al. 2013; [15] Masmoudi et al. 2008; [42] Britto et al. 2013; [47] Nusdwinuringtyas et al, 2014; [40] Britto et al. 2013; [34] Dourado, Vidotto, Guerra 2011; [48] Fernandes et al. 2016","0.4217;0.7333;-0.2794;0.473;0.0878;-0.674;-0.7603;0.0475;0.0687;0.0274;0.4218;-0.2387;0.1406;-0.2326;-0.0794;0.2303;0.4546;-0.3963;0.1984;0.3556",665.263157894737,709.459695218046,1519.06429175054,0.186834912845605,44.196537323309,-82.8079961683546,163.542534462902,66.0285479916695,80.6257640365398
25,"natalia_oliveira_2023",24,"[28] Ben Saad et al. 2009; [48] Fernandes et al. 2016; [43] Rao et al. 2013; [27] Alameri et al. 2009; [07] Enrigth et al. 2003; [15] Masmoudi et al. 2008; [50] Zou et al. 2017; [26] Jenkins et al. 2009; [32] Soares, Pereira 2011; [30] Osses et al. 2010; [34] Dourado, Vidotto, Guerra 2011; [37] Hill et al. 2011; [45] Kim et al. 2014; [47] Nusdwinuringtyas et al, 2014; [13] Chetta et al. 2006; [04] Troosters, Gosselink & Decramer 1999; [09] Camarri et al. 2006; [20] Jenkins et al. 2009; [18] Iwama et al. 2009; [54] Almeida et al. 2019; [42] Britto et al. 2013; [06] Gibbons et al. 2001; [55] Almeida et al. 2019; [40] Britto et al. 2013","0.7839;0.3205;-0.2917;0.6644;0.2186;-0.0494;-0.4079;-0.0679;-0.3291;0.089;0.1132;0.4676;0.2394;0.3315;-0.7419;0.2289;0.0568;-0.0196;0.3722;-0.2942;0.109;-0.6016;0.0908;-0.2826",673.026315789474,643.214796084357,1896.3269941394,0.29326027409616,-29.8115197051163,-159.76429812142,95.7262117084633,56.8946058003935,73.3873496105278
26,"natalia_oliveira_2023",15,"[18] Iwama et al. 2009; [40] Britto et al. 2013; [13] Chetta et al. 2006; [06] Gibbons et al. 2001; [54] Almeida et al. 2019; [26] Jenkins et al. 2009; [34] Dourado, Vidotto, Guerra 2011; [02] Enright & Sherrill 1998; [10] Camarri et al. 2006; [43] Rao et al. 2013; [09] Camarri et al. 2006; [20] Jenkins et al. 2009; [37] Hill et al. 2011; [07] Enrigth et al. 2003; [28] Ben Saad et al. 2009","0.5633;-0.3878;-0.3645;-0.3015;-0.0743;-0.1161;0.1136;0.6253;-0.2159;0.0806;0.5819;-0.067;0.1543;-0.238;0.646",676.921052631579,673.575849171287,1774.09713353303,0.291003762890403,-3.34520346029179,-165.326462817282,124.846829369903,52.241551964212,73.8077993095141
27,"natalia_oliveira_2023",15,"[43] Rao et al. 2013; [54] Almeida et al. 2019; [27] Alameri et al. 2009; [58] Delbressine et al. 2023; [02] Enright & Sherrill 1998; [40] Britto et al. 2013; [47] Nusdwinuringtyas et al, 2014; [09] Camarri et al. 2006; [18] Iwama et al. 2009; [15] Masmoudi et al. 2008; [20] Jenkins et al. 2009; [06] Gibbons et al. 2001; [28] Ben Saad et al. 2009; [50] Zou et al. 2017; [34] Dourado, Vidotto, Guerra 2011","-0.2309;-0.2545;0.5623;0.0253;0.7344;-0.2922;0.3451;0.2061;0.3082;-0.0991;-0.0932;-0.4204;0.4937;-0.2986;0.0136",687.557894736842,585.178036264543,1641.17468086376,0.15653568014161,-102.379858472299,-222.60751321296,20.5555356346222,106.572895008666,124.955400866086
28,"natalia_oliveira_2023",8,"[09] Camarri et al. 2006; [48] Fernandes et al. 2016; [37] Hill et al. 2011; [28] Ben Saad et al. 2009; [06] Gibbons et al. 2001; [55] Almeida et al. 2019; [15] Masmoudi et al. 2008; [54] Almeida et al. 2019","0.3467;0.6852;0.3391;0.7017;-0.8145;0.2042;-0.2884;-0.1739",668.531578947368,616.707861101547,2346.48114582855,0.300188274162933,-51.8237178458213,-189.327277041621,68.4892772553345,65.8636219356617,84.3367702684863
29,"natalia_oliveira_2023",4,"[20] Jenkins et al. 2009; [13] Chetta et al. 2006; [10] Camarri et al. 2006; [15] Masmoudi et al. 2008","0.2423;0.219;0.2971;0.2416",667.168421052632,685.805073877492,1442.60499147276,0.188686393856194,18.6366528248606,-109.012329200497,143.035594785364,53.6822614383178,69.4779803398587
30,"natalia_oliveira_2023",26,"[55] Almeida et al. 2019; [06] Gibbons et al. 2001; [42] Britto et al. 2013; [28] Ben Saad et al. 2009; [02] Enright & Sherrill 1998; [07] Enrigth et al. 2003; [34] Dourado, Vidotto, Guerra 2011; [54] Almeida et al. 2019; [18] Iwama et al. 2009; [30] Osses et al. 2010; [47] Nusdwinuringtyas et al, 2014; [37] Hill et al. 2011; [15] Masmoudi et al. 2008; [20] Jenkins et al. 2009; [27] Alameri et al. 2009; [40] Britto et al. 2013; [10] Camarri et al. 2006; [32] Soares, Pereira 2011; [13] Chetta et al. 2006; [26] Jenkins et al. 2009; [43] Rao et al. 2013; [48] Fernandes et al. 2016; [50] Zou et al. 2017; [45] Kim et al. 2014; [04] Troosters, Gosselink & Decramer 1999; [58] Delbressine et al. 2023","0.1002;-0.4976;0.1541;0.8142;0.7601;-0.0079;0.0368;-0.3061;0.2533;-0.0483;0.3564;0.1704;-0.1391;-0.0827;0.7108;-0.3885;-0.3419;-0.2443;-0.5419;-0.0589;-0.1941;0.2011;-0.2085;0.3664;0.1918;-0.0558",676.510526315789,565.387398269501,2043.46243582797,0.246055243822226,-111.123128046288,-241.832332248617,4.0987320145122,114.479994608448,132.789155193879
31,"natalia_oliveira_2023",8,"[54] Almeida et al. 2019; [32] Soares, Pereira 2011; [04] Troosters, Gosselink & Decramer 1999; [43] Rao et al. 2013; [09] Camarri et al. 2006; [55] Almeida et al. 2019; [50] Zou et al. 2017; [06] Gibbons et al. 2001","0.1187;-0.3698;0.5081;0.0553;0.4833;0.3911;-0.1871;5e-04",677.868421052632,760.758460924166,1848.02527156633,0.181991390946903,82.8900398715347,-26.2594898045029,208.031372407109,90.0242022974803,107.726250523506
32,"natalia_oliveira_2023",5,"[04] Troosters, Gosselink & Decramer 1999; [43] Rao et al. 2013; [20] Jenkins et al. 2009; [40] Britto et al. 2013; [02] Enright & Sherrill 1998","0.1935;0.4254;0.0133;0.1225;0.2453",666.984210526316,596.004872739982,1627.17269865376,0.126957116039148,-70.979337786334,-207.6776295302,54.7965583562307,84.4344733263446,100.023710357703
33,"natalia_oliveira_2023",19,"[07] Enrigth et al. 2003; [30] Osses et al. 2010; [40] Britto et al. 2013; [42] Britto et al. 2013; [54] Almeida et al. 2019; [26] Jenkins et al. 2009; [10] Camarri et al. 2006; [18] Iwama et al. 2009; [20] Jenkins et al. 2009; [27] Alameri et al. 2009; [32] Soares, Pereira 2011; [47] Nusdwinuringtyas et al, 2014; [13] Chetta et al. 2006; [28] Ben Saad et al. 2009; [34] Dourado, Vidotto, Guerra 2011; [15] Masmoudi et al. 2008; [55] Almeida et al. 2019; [09] Camarri et al. 2006; [58] Delbressine et al. 2023","0.1871;0.1446;-0.3635;0.1887;-0.3023;0.1007;-0.6662;0.3249;0.1035;0.6633;-0.2179;0.1874;-0.7623;0.7533;0.2612;0.0102;0.1382;0.1138;0.1351",674.673684210526,556.170206982634,1975.78323298462,0.359038911510388,-118.503477227892,-255.088156905666,6.10552308303922,120.622990666938,138.769698824131
34,"natalia_oliveira_2023",14,"[09] Camarri et al. 2006; [45] Kim et al. 2014; [30] Osses et al. 2010; [40] Britto et al. 2013; [54] Almeida et al. 2019; [37] Hill et al. 2011; [07] Enrigth et al. 2003; [48] Fernandes et al. 2016; [20] Jenkins et al. 2009; [13] Chetta et al. 2006; [28] Ben Saad et al. 2009; [58] Delbressine et al. 2023; [43] Rao et al. 2013; [04] Troosters, Gosselink & Decramer 1999","0.1691;0.521;0.0751;-0.3384;-0.0715;0.3967;0.0473;0.5625;0.0172;-0.8454;0.6267;-0.0227;-0.1999;0.0624",675.305263157895,748.158270418882,1982.3457939754,0.22013100618751,72.8530072609873,-90.3605113205523,192.258454182303,85.9669552980275,102.21217478772
35,"natalia_oliveira_2023",19,"[15] Masmoudi et al. 2008; [26] Jenkins et al. 2009; [06] Gibbons et al. 2001; [09] Camarri et al. 2006; [02] Enright & Sherrill 1998; [04] Troosters, Gosselink & Decramer 1999; [45] Kim et al. 2014; [32] Soares, Pereira 2011; [50] Zou et al. 2017; [18] Iwama et al. 2009; [28] Ben Saad et al. 2009; [42] Britto et al. 2013; [30] Osses et al. 2010; [10] Camarri et al. 2006; [43] Rao et al. 2013; [20] Jenkins et al. 2009; [58] Delbressine et al. 2023; [47] Nusdwinuringtyas et al, 2014; [40] Britto et al. 2013","-0.1643;-0.041;-0.7101;0.3567;0.8705;0.0962;0.5447;-0.2303;-0.1315;0.3476;0.6929;0.1268;-0.0313;-0.4879;-0.0984;-0.0474;-0.0717;0.4295;-0.4511",664.352631578947,591.779135009981,1951.14527240256,0.253418471546066,-72.5734965689662,-222.485778211133,71.4799654682153,84.1477872721545,100.388504165189
36,"natalia_oliveira_2023",18,"[47] Nusdwinuringtyas et al, 2014; [13] Chetta et al. 2006; [42] Britto et al. 2013; [43] Rao et al. 2013; [27] Alameri et al. 2009; [34] Dourado, Vidotto, Guerra 2011; [28] Ben Saad et al. 2009; [54] Almeida et al. 2019; [09] Camarri et al. 2006; [55] Almeida et al. 2019; [04] Troosters, Gosselink & Decramer 1999; [30] Osses et al. 2010; [07] Enrigth et al. 2003; [02] Enright & Sherrill 1998; [40] Britto et al. 2013; [15] Masmoudi et al. 2008; [48] Fernandes et al. 2016; [45] Kim et al. 2014","0.2669;-0.7607;0.1631;-0.261;0.65;-0.0935;0.6541;-0.4148;0.0276;0.066;-0.011;-0.1049;0.019;0.9525;-0.4541;-0.2543;0.3153;0.2397",676.552631578947,614.149671274489,2128.59386834942,0.253107953731122,-62.402960304458,-227.609156481494,90.045770199915,78.5256101641701,100.641926949523
37,"natalia_oliveira_2023",11,"[10] Camarri et al. 2006; [02] Enright & Sherrill 1998; [13] Chetta et al. 2006; [06] Gibbons et al. 2001; [04] Troosters, Gosselink & Decramer 1999; [54] Almeida et al. 2019; [28] Ben Saad et al. 2009; [26] Jenkins et al. 2009; [30] Osses et al. 2010; [43] Rao et al. 2013; [20] Jenkins et al. 2009","0.0671;0.3701;-0.1964;-0.2705;-0.2531;-0.0343;0.5482;0.0163;0.0389;0.6875;0.0262",674.163157894737,531.953163695499,2653.68226045609,0.209872897074672,-142.209994199238,-305.290922962746,16.5637794031329,146.270892530709,161.520391841908
38,"natalia_oliveira_2023",1,"[45] Kim et al. 2014","1",666.857894736842,602.118684210526,507.498182915623,0.0823281835446765,-64.7392105263157,-186.247,80.8885000000001,81.5240526315789,94.3326720456023
39,"natalia_oliveira_2023",16,"[47] Nusdwinuringtyas et al, 2014; [55] Almeida et al. 2019; [07] Enrigth et al. 2003; [42] Britto et al. 2013; [50] Zou et al. 2017; [34] Dourado, Vidotto, Guerra 2011; [48] Fernandes et al. 2016; [45] Kim et al. 2014; [26] Jenkins et al. 2009; [27] Alameri et al. 2009; [37] Hill et al. 2011; [40] Britto et al. 2013; [58] Delbressine et al. 2023; [10] Camarri et al. 2006; [32] Soares, Pereira 2011; [04] Troosters, Gosselink & Decramer 1999","0.4076;0.1995;0.1571;0.1331;-0.5497;0.0469;-0.1928;0.1507;-0.002;0.5595;0.258;-0.1287;0.062;-0.2553;-0.4097;0.5641",673.131578947368,665.632196787091,980.442288113275,0.233707987179334,-7.49938216027729,-171.939032640453,139.393240559048,57.175356898612,77.5729878604895
40,"natalia_oliveira_2023",26,"[58] Delbressine et al. 2023; [15] Masmoudi et al. 2008; [04] Troosters, Gosselink & Decramer 1999; [28] Ben Saad et al. 2009; [02] Enright & Sherrill 1998; [45] Kim et al. 2014; [09] Camarri et al. 2006; [10] Camarri et al. 2006; [18] Iwama et al. 2009; [55] Almeida et al. 2019; [06] Gibbons et al. 2001; [43] Rao et al. 2013; [42] Britto et al. 2013; [07] Enrigth et al. 2003; [30] Osses et al. 2010; [37] Hill et al. 2011; [50] Zou et al. 2017; [47] Nusdwinuringtyas et al, 2014; [32] Soares, Pereira 2011; [54] Almeida et al. 2019; [20] Jenkins et al. 2009; [48] Fernandes et al. 2016; [40] Britto et al. 2013; [27] Alameri et al. 2009; [26] Jenkins et al. 2009; [13] Chetta et al. 2006","-0.0207;-0.0855;0.2072;0.5448;0.6798;0.2566;0.3516;-0.3376;0.1713;0.1749;-0.4038;-0.2457;0.2254;-0.0028;-0.0036;0.0583;-0.2775;0.2926;-0.2485;-0.2585;-0.0025;0.1226;-0.2954;0.5857;0.0301;-0.5188",675.826315789474,618.447745038459,1354.60472930844,0.258898098242513,-57.3785707510143,-176.539959194716,64.7013551522616,68.1878292762749,83.2222073997346
41,"natalia_oliveira_2023",20,"[47] Nusdwinuringtyas et al, 2014; [54] Almeida et al. 2019; [10] Camarri et al. 2006; [06] Gibbons et al. 2001; [02] Enright & Sherrill 1998; [34] Dourado, Vidotto, Guerra 2011; [42] Britto et al. 2013; [20] Jenkins et al. 2009; [43] Rao et al. 2013; [18] Iwama et al. 2009; [37] Hill et al. 2011; [27] Alameri et al. 2009; [04] Troosters, Gosselink & Decramer 1999; [26] Jenkins et al. 2009; [50] Zou et al. 2017; [55] Almeida et al. 2019; [48] Fernandes et al. 2016; [45] Kim et al. 2014; [13] Chetta et al. 2006; [30] Osses et al. 2010","0.8455;-0.4073;-0.0798;-0.0206;1.023;-0.1144;0.1172;-0.2257;-0.5496;-0.0798;0.1902;0.7762;0.5865;-0.0904;-0.4896;0.1265;-0.1444;0.3025;-0.4927;-0.2733",666.221052631579,685.33368439917,1135.8209689387,0.184461856056932,19.112631767591,-104.029079637678,144.397728862586,50.580907285759,65.472893685056
42,"natalia_oliveira_2023",7,"[55] Almeida et al. 2019; [45] Kim et al. 2014; [48] Fernandes et al. 2016; [10] Camarri et al. 2006; [27] Alameri et al. 2009; [37] Hill et al. 2011; [06] Gibbons et al. 2001","0.188;0.0692;-0.3972;-0.0654;0.562;0.5753;0.0682",666.631578947368,706.561689872066,827.640362679738,0.23167751220232,39.9301109246973,-74.0751507335659,174.991014547323,63.9834496677509,81.4348848786573
43,"natalia_oliveira_2023",12,"[10] Camarri et al. 2006; [07] Enrigth et al. 2003; [58] Delbressine et al. 2023; [47] Nusdwinuringtyas et al, 2014; [55] Almeida et al. 2019; [28] Ben Saad et al. 2009; [06] Gibbons et al. 2001; [50] Zou et al. 2017; [32] Soares, Pereira 2011; [48] Fernandes et al. 2016; [02] Enright & Sherrill 1998; [30] Osses et al. 2010","-0.2655;-0.0313;-0.0822;0.6692;0.0629;0.634;-0.8539;0.1894;-0.0829;0.3387;0.5266;-0.1051",674.352631578947,513.929500553146,2323.02514303727,0.233945756041857,-160.423131025801,-296.679752913546,-26.3745839101262,162.384548633267,176.178193896289
44,"natalia_oliveira_2023",8,"[07] Enrigth et al. 2003; [10] Camarri et al. 2006; [50] Zou et al. 2017; [20] Jenkins et al. 2009; [34] Dourado, Vidotto, Guerra 2011; [37] Hill et al. 2011; [28] Ben Saad et al. 2009; [15] Masmoudi et al. 2008","-0.0696;-0.0654;0.3275;0.1694;0.3326;0.0528;0.3179;-0.0652",674.7,700.041375480198,2048.36690856227,0.206303812002497,25.3413754801975,-104.600768775535,175.632250846812,58.2908138404984,78.0295363660082
45,"natalia_oliveira_2023",11,"[32] Soares, Pereira 2011; [07] Enrigth et al. 2003; [47] Nusdwinuringtyas et al, 2014; [48] Fernandes et al. 2016; [26] Jenkins et al. 2009; [15] Masmoudi et al. 2008; [34] Dourado, Vidotto, Guerra 2011; [42] Britto et al. 2013; [40] Britto et al. 2013; [37] Hill et al. 2011; [58] Delbressine et al. 2023","-0.5915;0.2251;0.5689;-0.2109;0.3269;0.0121;0.3395;0.1759;-0.2192;0.2256;0.1476",670.252631578947,715.671124497871,1116.5808277365,0.213806566534326,45.4184929189232,-75.0746561394791,186.663264515138,65.8071229331425,82.6196135002696
46,"natalia_oliveira_2023",12,"[04] Troosters, Gosselink & Decramer 1999; [28] Ben Saad et al. 2009; [27] Alameri et al. 2009; [54] Almeida et al. 2019; [09] Camarri et al. 2006; [47] Nusdwinuringtyas et al, 2014; [18] Iwama et al. 2009; [32] Soares, Pereira 2011; [10] Camarri et al. 2006; [26] Jenkins et al. 2009; [13] Chetta et al. 2006; [50] Zou et al. 2017","0.3796;0.6254;0.7257;-0.2263;0.1416;0.1798;0.5662;-0.0746;-0.6101;0.2121;-0.6901;-0.2293",674.363157894737,554.701966633561,1749.63254332992,0.237482408438438,-119.661191261176,-241.342773136372,-4.66456758834696,122.390357357808,137.436857216315
47,"natalia_oliveira_2023",25,"[32] Soares, Pereira 2011; [42] Britto et al. 2013; [55] Almeida et al. 2019; [27] Alameri et al. 2009; [20] Jenkins et al. 2009; [10] Camarri et al. 2006; [26] Jenkins et al. 2009; [58] Delbressine et al. 2023; [37] Hill et al. 2011; [30] Osses et al. 2010; [47] Nusdwinuringtyas et al, 2014; [13] Chetta et al. 2006; [18] Iwama et al. 2009; [54] Almeida et al. 2019; [40] Britto et al. 2013; [45] Kim et al. 2014; [34] Dourado, Vidotto, Guerra 2011; [15] Masmoudi et al. 2008; [50] Zou et al. 2017; [28] Ben Saad et al. 2009; [09] Camarri et al. 2006; [43] Rao et al. 2013; [06] Gibbons et al. 2001; [04] Troosters, Gosselink & Decramer 1999; [07] Enrigth et al. 2003","-0.2831;0.0924;0.0866;0.722;-0.0205;-0.5714;-0.041;0.1381;0.3755;0.0643;0.4969;-0.6411;0.3652;-0.1762;-0.2754;0.2577;0.1093;0.0061;-0.3611;0.7564;0.1025;-0.2737;-0.5371;0.3852;0.2224",680.231578947368,619.005520188103,2396.22938151914,0.176066581251763,-61.2260587592657,-225.505621372978,73.0992352196278,75.8206629532841,97.2223870737549
48,"natalia_oliveira_2023",8,"[20] Jenkins et al. 2009; [13] Chetta et al. 2006; [30] Osses et al. 2010; [50] Zou et al. 2017; [55] Almeida et al. 2019; [32] Soares, Pereira 2011; [18] Iwama et al. 2009; [47] Nusdwinuringtyas et al, 2014","0.266;-0.0675;0.3496;-0.0388;0.1796;-0.1304;-0.0234;0.4649",674.094736842105,653.821908434086,525.688504674086,0.250247645160391,-20.2728284080194,-207.361866204044,161.301983090181,59.1204713791567,81.0022848731149
49,"natalia_oliveira_2023",17,"[02] Enright & Sherrill 1998; [20] Jenkins et al. 2009; [34] Dourado, Vidotto, Guerra 2011; [18] Iwama et al. 2009; [42] Britto et al. 2013; [32] Soares, Pereira 2011; [28] Ben Saad et al. 2009; [40] Britto et al. 2013; [55] Almeida et al. 2019; [13] Chetta et al. 2006; [27] Alameri et al. 2009; [06] Gibbons et al. 2001; [45] Kim et al. 2014; [50] Zou et al. 2017; [10] Camarri et al. 2006; [43] Rao et al. 2013; [15] Masmoudi et al. 2008","0.5311;-0.077;0.0121;0.2588;0.2534;-0.1718;0.6589;-0.3831;0.1728;-0.37;0.5957;-0.3095;0.3388;-0.0783;-0.3097;-0.076;-0.0458",677.705263157895,580.455111588952,1514.64979128598,0.252258240201673,-97.2501515689423,-224.775007704428,4.7656336850032,98.2765346181074,115.007500299165
50,"natalia_oliveira_2023",14,"[34] Dourado, Vidotto, Guerra 2011; [20] Jenkins et al. 2009; [02] Enright & Sherrill 1998; [15] Masmoudi et al. 2008; [18] Iwama et al. 2009; [58] Delbressine et al. 2023; [55] Almeida et al. 2019; [06] Gibbons et al. 2001; [50] Zou et al. 2017; [32] Soares, Pereira 2011; [45] Kim et al. 2014; [27] Alameri et al. 2009; [04] Troosters, Gosselink & Decramer 1999; [54] Almeida et al. 2019","-0.2471;-0.2937;1.0231;-0.2344;-0.1323;-0.1076;0.1551;0.1222;-0.4457;-0.5167;0.4042;0.9004;0.5003;-0.1278",666.084210526316,596.730828838336,1217.98413330765,0.196855460366928,-69.3533816879795,-190.909662675699,86.6367205476634,83.6102416837573,100.438525321403
51,"natalia_oliveira_2023",9,"[07] Enrigth et al. 2003; [58] Delbressine et al. 2023; [09] Camarri et al. 2006; [37] Hill et al. 2011; [15] Masmoudi et al. 2008; [34] Dourado, Vidotto, Guerra 2011; [13] Chetta et al. 2006; [47] Nusdwinuringtyas et al, 2014; [55] Almeida et al. 2019","0.3612;0.2059;0.3315;0.2391;0.0766;-0.1243;-0.7258;0.4954;0.1405",673.278947368421,679.253082600008,817.002078358216,0.204181207586502,5.97413523158663,-153.262436183361,167.427984164156,60.405780803418,80.4438827095372
52,"natalia_oliveira_2023",14,"[54] Almeida et al. 2019; [43] Rao et al. 2013; [26] Jenkins et al. 2009; [55] Almeida et al. 2019; [07] Enrigth et al. 2003; [50] Zou et al. 2017; [47] Nusdwinuringtyas et al, 2014; [09] Camarri et al. 2006; [30] Osses et al. 2010; [34] Dourado, Vidotto, Guerra 2011; [42] Britto et al. 2013; [13] Chetta et al. 2006; [28] Ben Saad et al. 2009; [15] Masmoudi et al. 2008","-0.3195;-0.0087;0.0885;0.0944;0.1889;-0.1139;0.4596;0.1921;0.1969;0.2935;0.2724;-0.6648;0.3286;-0.008",670.273684210526,670.517928997014,1803.12405498861,0.280397155683295,0.244244786488045,-148.090503788951,129.406407226876,48.758159633055,65.6470463266264
53,"natalia_oliveira_2023",5,"[45] Kim et al. 2014; [40] Britto et al. 2013; [50] Zou et al. 2017; [43] Rao et al. 2013; [58] Delbressine et al. 2023","0.6795;0.1446;-0.1354;-0.1901;0.5014",674.952631578947,688.339768837323,1141.87592079462,0.398570197993102,13.3871372583752,-150.668966333539,186.13344223736,57.2115900576324,79.0336978293673
54,"natalia_oliveira_2023",19,"[15] Masmoudi et al. 2008; [20] Jenkins et al. 2009; [54] Almeida et al. 2019; [26] Jenkins et al. 2009; [30] Osses et al. 2010; [27] Alameri et al. 2009; [47] Nusdwinuringtyas et al, 2014; [42] Britto et al. 2013; [45] Kim et al. 2014; [07] Enrigth et al. 2003; [13] Chetta et al. 2006; [40] Britto et al. 2013; [43] Rao et al. 2013; [32] Soares, Pereira 2011; [28] Ben Saad et al. 2009; [34] Dourado, Vidotto, Guerra 2011; [58] Delbressine et al. 2023; [06] Gibbons et al. 2001; [02] Enright & Sherrill 1998","-0.179;-0.063;-0.2287;-0.0941;0.0109;0.6437;0.4808;0.228;0.27;-0.0155;-0.5394;-0.315;-0.1693;-0.2552;0.5998;0.0794;-0.0543;-0.432;1.0329",675.794736842105,577.785922286996,1804.7033626344,0.187596444216327,-98.0088145551097,-247.748349789152,45.565294102941,106.005649904686,124.260313152812
55,"natalia_oliveira_2023",5,"[37] Hill et al. 2011; [13] Chetta et al. 2006; [54] Almeida et al. 2019; [30] Osses et al. 2010; [28] Ben Saad et al. 2009","-0.1398;0.2459;0.3071;0.4708;0.1161",676.021052631579,659.363649886682,1685.99810408797,0.176155710863714,-16.6574027448972,-155.32533416936,124.37326893366,60.2285199655207,77.5578455451315
56,"natalia_oliveira_2023",22,"[04] Troosters, Gosselink & Decramer 1999; [09] Camarri et al. 2006; [32] Soares, Pereira 2011; [06] Gibbons et al. 2001; [43] Rao et al. 2013; [47] Nusdwinuringtyas et al, 2014; [40] Britto et al. 2013; [48] Fernandes et al. 2016; [13] Chetta et al. 2006; [30] Osses et al. 2010; [27] Alameri et al. 2009; [18] Iwama et al. 2009; [34] Dourado, Vidotto, Guerra 2011; [58] Delbressine et al. 2023; [10] Camarri et al. 2006; [15] Masmoudi et al. 2008; [55] Almeida et al. 2019; [28] Ben Saad et al. 2009; [50] Zou et al. 2017; [26] Jenkins et al. 2009; [20] Jenkins et al. 2009; [02] Enright & Sherrill 1998","0.1681;0.3073;-0.1792;-0.3471;-0.0921;0.2554;-0.4654;0.2214;-0.4126;-0.0815;0.559;0.2626;-0.0173;-0.0349;-0.2825;-0.1316;0.1081;0.576;-0.0969;-0.0631;-0.096;0.8422",677.784210526316,571.237763211081,1345.80368109179,0.200794452209511,-106.546447315235,-286.645911115485,7.3724648835049,110.279569428367,125.854163751653
57,"natalia_oliveira_2023",2,"[45] Kim et al. 2014; [09] Camarri et al. 2006","0.5;0.5",686.115789473684,635.356943947368,1278.20294064572,0.0706951647313745,-50.7588455263158,-272.564,86.1001,71.1061860526316,94.4496747309475
58,"natalia_oliveira_2023",15,"[10] Camarri et al. 2006; [32] Soares, Pereira 2011; [42] Britto et al. 2013; [28] Ben Saad et al. 2009; [20] Jenkins et al. 2009; [13] Chetta et al. 2006; [09] Camarri et al. 2006; [04] Troosters, Gosselink & Decramer 1999; [37] Hill et al. 2011; [02] Enright & Sherrill 1998; [27] Alameri et al. 2009; [30] Osses et al. 2010; [06] Gibbons et al. 2001; [54] Almeida et al. 2019; [50] Zou et al. 2017","-0.4594;-0.2054;0.1784;0.6581;-0.1245;-0.4586;0.37;-0.0683;0.2046;0.6705;0.9705;-0.0742;-0.3198;-0.2217;-0.1203",668.436842105263,520.056027332545,1737.00959716367,0.181856821966483,-148.380814772718,-300.211497736655,-18.5413600165179,149.134692129363,166.012724135453
59,"natalia_oliveira_2023",4,"[40] Britto et al. 2013; [50] Zou et al. 2017; [10] Camarri et al. 2006; [45] Kim et al. 2014","0.4467;-0.0236;0.0992;0.4776",668.184210526316,630.221754794229,788.886122176732,0.302200407854814,-37.9624557320864,-159.798453617964,76.6645589736685,57.8858121175188,77.8096445848801
60,"natalia_oliveira_2023",11,"[02] Enright & Sherrill 1998; [55] Almeida et al. 2019; [42] Britto et al. 2013; [18] Iwama et al. 2009; [06] Gibbons et al. 2001; [37] Hill et al. 2011; [32] Soares, Pereira 2011; [15] Masmoudi et al. 2008; [30] Osses et al. 2010; [45] Kim et al. 2014; [27] Alameri et al. 2009","1.1103;0.1198;0.1217;-0.3887;0.1204;0.1129;-0.6239;-0.175;-0.4385;0.2978;0.7433",676.921052631579,615.724112009817,1106.87290437467,0.160050423926318,-61.196940621762,-188.712528305967,78.6545435277825,78.9669850889901,96.7864475890948
61,"natalia_oliveira_2023",3,"[54] Almeida et al. 2019; [43] Rao et al. 2013; [20] Jenkins et al. 2009","0.2736;0.3752;0.3512",668.684210526316,602.498407717953,955.038334335842,0.219642196397945,-66.1858028083624,-197.749514350929,54.6282029499839,79.0880154634451,96.1490422203013
62,"natalia_oliveira_2023",13,"[09] Camarri et al. 2006; [45] Kim et al. 2014; [26] Jenkins et al. 2009; [06] Gibbons et al. 2001; [27] Alameri et al. 2009; [50] Zou et al. 2017; [54] Almeida et al. 2019; [42] Britto et al. 2013; [55] Almeida et al. 2019; [48] Fernandes et al. 2016; [07] Enrigth et al. 2003; [10] Camarri et al. 2006; [28] Ben Saad et al. 2009","0.2771;0.0975;0.2481;-0.4298;0.3132;-0.2491;-0.0119;0.3316;0.3236;-0.0302;0.0223;-0.1893;0.2967",663.305263157895,614.991218195927,1628.27004193854,0.362165158309371,-48.3140449619675,-157.687016840516,51.426580904546,61.6693718321165,76.7857591800441
63,"natalia_oliveira_2023",3,"[55] Almeida et al. 2019; [10] Camarri et al. 2006; [15] Masmoudi et al. 2008","0.3883;0.2675;0.3442",675.005263157895,700.157147211562,1437.89945161692,0.18433614176503,25.1518840536668,-92.7150849506659,147.421321427835,55.7271133498631,70.9678844616433
64,"natalia_oliveira_2023",21,"[48] Fernandes et al. 2016; [47] Nusdwinuringtyas et al, 2014; [58] Delbressine et al. 2023; [06] Gibbons et al. 2001; [50] Zou et al. 2017; [32] Soares, Pereira 2011; [43] Rao et al. 2013; [02] Enright & Sherrill 1998; [28] Ben Saad et al. 2009; [26] Jenkins et al. 2009; [37] Hill et al. 2011; [07] Enrigth et al. 2003; [42] Britto et al. 2013; [09] Camarri et al. 2006; [34] Dourado, Vidotto, Guerra 2011; [15] Masmoudi et al. 2008; [13] Chetta et al. 2006; [54] Almeida et al. 2019; [10] Camarri et al. 2006; [30] Osses et al. 2010; [18] Iwama et al. 2009","0.204;0.4574;-0.0743;-0.4285;-0.1148;-0.1057;-0.1151;0.4963;0.3813;0.1177;-0.0747;-0.0969;0.2836;0.456;0.1518;-0.0736;-0.4678;-0.1519;-0.1096;-0.0039;0.2687",677.468421052632,602.658235936712,1261.51385419159,0.163246165520445,-74.8101851159192,-274.694754411547,60.1546403604233,82.3488366562507,102.410527661507
65,"natalia_oliveira_2023",5,"[09] Camarri et al. 2006; [18] Iwama et al. 2009; [40] Britto et al. 2013; [47] Nusdwinuringtyas et al, 2014; [55] Almeida et al. 2019","0.3031;0.1159;0.2587;0.1287;0.1936",672.731578947368,642.477163481379,912.930072473649,0.288047408231276,-30.2544154659899,-149.058763960914,85.5752902410618,57.1266311259541,76.8881423978083
66,"natalia_oliveira_2023",11,"[50] Zou et al. 2017; [48] Fernandes et al. 2016; [58] Delbressine et al. 2023; [15] Masmoudi et al. 2008; [13] Chetta et al. 2006; [27] Alameri et al. 2009; [42] Britto et al. 2013; [54] Almeida et al. 2019; [04] Troosters, Gosselink & Decramer 1999; [10] Camarri et al. 2006; [28] Ben Saad et al. 2009","-0.2219;0.4167;0.1698;0.007;-0.7549;1.0951;0.1897;-0.2463;0.3033;-0.7026;0.7442",674.726315789474,456.836399825448,1994.24227451765,0.244074527512151,-217.889915964026,-359.704188142548,-98.1756591611472,218.127466106084,229.235272111766
67,"natalia_oliveira_2023",24,"[18] Iwama et al. 2009; [40] Britto et al. 2013; [15] Masmoudi et al. 2008; [58] Delbressine et al. 2023; [54] Almeida et al. 2019; [26] Jenkins et al. 2009; [13] Chetta et al. 2006; [42] Britto et al. 2013; [07] Enrigth et al. 2003; [10] Camarri et al. 2006; [09] Camarri et al. 2006; [37] Hill et al. 2011; [27] Alameri et al. 2009; [04] Troosters, Gosselink & Decramer 1999; [28] Ben Saad et al. 2009; [20] Jenkins et al. 2009; [32] Soares, Pereira 2011; [43] Rao et al. 2013; [47] Nusdwinuringtyas et al, 2014; [48] Fernandes et al. 2016; [30] Osses et al. 2010; [50] Zou et al. 2017; [06] Gibbons et al. 2001; [02] Enright & Sherrill 1998","0.2607;-0.3865;-0.1465;-0.0625;-0.3075;-0.0145;-0.5548;0.0815;-0.0228;-0.4029;0.3356;0.1811;0.7362;0.1292;0.7456;-0.0473;-0.2576;-0.1563;0.4715;0.2093;-0.0336;-0.1682;-0.4944;0.9044",675.436842105263,544.568001627814,1552.93993490073,0.19617803268902,-130.868840477449,-258.562409116117,13.5352044526837,135.153768969404,149.993626826966
68,"natalia_oliveira_2023",20,"[30] Osses et al. 2010; [06] Gibbons et al. 2001; [20] Jenkins et al. 2009; [55] Almeida et al. 2019; [43] Rao et al. 2013; [18] Iwama et al. 2009; [32] Soares, Pereira 2011; [47] Nusdwinuringtyas et al, 2014; [42] Britto et al. 2013; [34] Dourado, Vidotto, Guerra 2011; [15] Masmoudi et al. 2008; [45] Kim et al. 2014; [02] Enright & Sherrill 1998; [07] Enrigth et al. 2003; [50] Zou et al. 2017; [54] Almeida et al. 2019; [58] Delbressine et al. 2023; [48] Fernandes et al. 2016; [10] Camarri et al. 2006; [26] Jenkins et al. 2009","-0.1747;-0.1574;-0.0412;0.1161;-0.2998;-0.1636;-0.3216;0.8711;0.1207;0.0559;-0.0172;0.5576;1.0386;0.0424;-0.1661;-0.41;-0.0132;-0.2154;0.0054;0.1724",670.494736842105,686.278624128119,972.610933662588,0.183928671118978,15.7838872860142,-137.969799516243,143.578441810189,60.1321284471444,76.3956931053018
69,"natalia_oliveira_2023",10,"[30] Osses et al. 2010; [02] Enright & Sherrill 1998; [50] Zou et al. 2017; [55] Almeida et al. 2019; [27] Alameri et al. 2009; [43] Rao et al. 2013; [54] Almeida et al. 2019; [18] Iwama et al. 2009; [28] Ben Saad et al. 2009; [40] Britto et al. 2013","-0.0772;0.6827;-0.3288;0.2188;0.8562;-0.282;-0.2854;0.2862;0.4599;-0.5304",668.036842105263,625.766042920282,1597.67897550514,0.260596321070958,-42.2707991849814,-178.419643013234,85.8938175519914,65.5845551114594,82.3049642179439
70,"natalia_oliveira_2023",25,"[18] Iwama et al. 2009; [34] Dourado, Vidotto, Guerra 2011; [27] Alameri et al. 2009; [30] Osses et al. 2010; [04] Troosters, Gosselink & Decramer 1999; [50] Zou et al. 2017; [42] Britto et al. 2013; [47] Nusdwinuringtyas et al, 2014; [48] Fernandes et al. 2016; [10] Camarri et al. 2006; [55] Almeida et al. 2019; [40] Britto et al. 2013; [43] Rao et al. 2013; [02] Enright & Sherrill 1998; [54] Almeida et al. 2019; [32] Soares, Pereira 2011; [37] Hill et al. 2011; [15] Masmoudi et al. 2008; [07] Enrigth et al. 2003; [28] Ben Saad et al. 2009; [45] Kim et al. 2014; [20] Jenkins et al. 2009; [58] Delbressine et al. 2023; [13] Chetta et al. 2006; [09] Camarri et al. 2006","0.2036;0.0736;0.5933;-0.0951;0.2667;-0.2826;0.2295;0.2484;0.1367;-0.3938;0.1352;-0.4475;-0.2533;0.8831;-0.2347;-0.2426;0.0709;-0.1644;-0.0394;0.5091;0.2801;-0.0515;-0.0906;-0.6278;0.293",667.084210526316,646.271754172892,1659.72278671564,0.300230164357414,-20.8124563534234,-148.21426608913,97.8786234934463,53.2972841198829,68.2289622034282
71,"natalia_oliveira_2023",16,"[50] Zou et al. 2017; [15] Masmoudi et al. 2008; [07] Enrigth et al. 2003; [30] Osses et al. 2010; [18] Iwama et al. 2009; [27] Alameri et al. 2009; [09] Camarri et al. 2006; [43] Rao et al. 2013; [02] Enright & Sherrill 1998; [42] Britto et al. 2013; [28] Ben Saad et al. 2009; [32] Soares, Pereira 2011; [45] Kim et al. 2014; [58] Delbressine et al. 2023; [48] Fernandes et al. 2016; [37] Hill et al. 2011","-0.3337;-0.2591;-0.0825;-0.2023;0.0147;0.5879;0.3406;-0.3507;1.0166;0.2054;0.2389;-0.3672;0.2816;-0.1506;-0.0322;0.0926",677.363157894737,696.889493299935,1329.09112849515,0.286552329559884,19.5263354051982,-93.7645101230657,158.98268222784,51.132827275445,67.2658092956551
72,"natalia_oliveira_2023",24,"[06] Gibbons et al. 2001; [32] Soares, Pereira 2011; [15] Masmoudi et al. 2008; [26] Jenkins et al. 2009; [58] Delbressine et al. 2023; [34] Dourado, Vidotto, Guerra 2011; [28] Ben Saad et al. 2009; [45] Kim et al. 2014; [27] Alameri et al. 2009; [04] Troosters, Gosselink & Decramer 1999; [50] Zou et al. 2017; [42] Britto et al. 2013; [48] Fernandes et al. 2016; [30] Osses et al. 2010; [54] Almeida et al. 2019; [47] Nusdwinuringtyas et al, 2014; [09] Camarri et al. 2006; [18] Iwama et al. 2009; [37] Hill et al. 2011; [07] Enrigth et al. 2003; [13] Chetta et al. 2006; [43] Rao et al. 2013; [55] Almeida et al. 2019; [20] Jenkins et al. 2009","-0.6199;-0.2328;-0.1129;-0.0928;0.0285;0.0826;0.7899;0.2495;0.6199;0.1817;-0.2905;0.1704;0.3228;0.0172;-0.3445;0.1922;0.0121;0.3816;0.3223;0.1073;-0.6573;-0.1879;0.1206;-0.06",673.863157894737,592.452539814161,2286.90749317815,0.305087631132351,-81.4106180805758,-252.429223825589,28.5742886548424,89.3245705532263,111.427814659592
73,"natalia_oliveira_2023",20,"[10] Camarri et al. 2006; [54] Almeida et al. 2019; [42] Britto et al. 2013; [45] Kim et al. 2014; [32] Soares, Pereira 2011; [58] Delbressine et al. 2023; [50] Zou et al. 2017; [48] Fernandes et al. 2016; [18] Iwama et al. 2009; [13] Chetta et al. 2006; [43] Rao et al. 2013; [04] Troosters, Gosselink & Decramer 1999; [30] Osses et al. 2010; [02] Enright & Sherrill 1998; [34] Dourado, Vidotto, Guerra 2011; [15] Masmoudi et al. 2008; [40] Britto et al. 2013; [20] Jenkins et al. 2009; [27] Alameri et al. 2009; [28] Ben Saad et al. 2009","-0.4178;-0.2966;0.1223;0.3641;-0.2331;-0.0393;-0.1997;0.283;0.3477;-0.5615;-0.1529;0.1799;-0.0376;0.6779;0.0231;-0.1148;-0.3883;-0.075;0.751;0.7675",674.7,560.104474958378,2114.07079535004,0.124897770177155,-114.595525041622,-303.707363215172,72.8402626981965,123.338294225298,142.128203459323
74,"natalia_oliveira_2023",23,"[04] Troosters, Gosselink & Decramer 1999; [13] Chetta et al. 2006; [43] Rao et al. 2013; [42] Britto et al. 2013; [18] Iwama et al. 2009; [45] Kim et al. 2014; [30] Osses et al. 2010; [10] Camarri et al. 2006; [27] Alameri et al. 2009; [09] Camarri et al. 2006; [50] Zou et al. 2017; [58] Delbressine et al. 2023; [26] Jenkins et al. 2009; [34] Dourado, Vidotto, Guerra 2011; [54] Almeida et al. 2019; [20] Jenkins et al. 2009; [28] Ben Saad et al. 2009; [32] Soares, Pereira 2011; [15] Masmoudi et al. 2008; [07] Enrigth et al. 2003; [40] Britto et al. 2013; [02] Enright & Sherrill 1998; [37] Hill et al. 2011","0.1382;-0.6314;-0.2303;0.2156;0.2238;0.4322;-0.0112;-0.5036;0.8025;0.3736;-0.2757;-0.0842;-0.024;0.153;-0.2527;-0.0312;0.6561;-0.2655;-0.1913;-0.0639;-0.4223;0.967;0.0251",682.21052631579,624.286341549197,1725.28621488711,0.384913769009608,-57.924184766593,-176.595978771896,62.4432659498617,68.6514252239336,83.4116765875725
75,"natalia_oliveira_2023",26,"[45] Kim et al. 2014; [48] Fernandes et al. 2016; [28] Ben Saad et al. 2009; [43] Rao et al. 2013; [37] Hill et al. 2011; [50] Zou et al. 2017; [02] Enright & Sherrill 1998; [32] Soares, Pereira 2011; [55] Almeida et al. 2019; [18] Iwama et al. 2009; [30] Osses et al. 2010; [54] Almeida et al. 2019; [04] Troosters, Gosselink & Decramer 1999; [34] Dourado, Vidotto, Guerra 2011; [58] Delbressine et al. 2023; [27] Alameri et al. 2009; [20] Jenkins et al. 2009; [07] Enrigth et al. 2003; [06] Gibbons et al. 2001; [47] Nusdwinuringtyas et al, 2014; [42] Britto et al. 2013; [15] Masmoudi et al. 2008; [40] Britto et al. 2013; [26] Jenkins et al. 2009; [13] Chetta et al. 2006; [10] Camarri et al. 2006","0.3847;0.2196;0.8523;-0.1847;0.1882;-0.2246;0.6892;-0.2425;0.0901;0.2785;-0.0591;-0.3043;0.1838;0.0045;-0.0306;0.7688;-0.0656;0.0297;-0.5764;0.3428;0.1569;-0.124;-0.3655;-0.0497;-0.5843;-0.3778",672.626315789474,539.13704700835,2083.1131479743,0.226930548087997,-133.489268781123,-286.006982810033,-13.7581955649083,134.411433530089,151.022675792852
76,"natalia_oliveira_2023",10,"[15] Masmoudi et al. 2008; [02] Enright & Sherrill 1998; [54] Almeida et al. 2019; [20] Jenkins et al. 2009; [45] Kim et al. 2014; [13] Chetta et al. 2006; [07] Enrigth et al. 2003; [27] Alameri et al. 2009; [58] Delbressine et al. 2023; [09] Camarri et al. 2006","-0.1574;0.8309;-0.0783;-0.3028;0.0392;-0.1001;0.0615;0.3071;-0.0652;0.465",680.042105263158,607.59969244127,1049.65470581878,0.231202910491834,-72.4424128218879,-268.943435880607,54.1574588162362,82.8247862148918,104.312319218666
77,"natalia_oliveira_2023",27,"[54] Almeida et al. 2019; [30] Osses et al. 2010; [42] Britto et al. 2013; [45] Kim et al. 2014; [04] Troosters, Gosselink & Decramer 1999; [28] Ben Saad et al. 2009; [27] Alameri et al. 2009; [34] Dourado, Vidotto, Guerra 2011; [47] Nusdwinuringtyas et al, 2014; [43] Rao et al. 2013; [40] Britto et al. 2013; [13] Chetta et al. 2006; [48] Fernandes et al. 2016; [55] Almeida et al. 2019; [32] Soares, Pereira 2011; [20] Jenkins et al. 2009; [15] Masmoudi et al. 2008; [58] Delbressine et al. 2023; [18] Iwama et al. 2009; [10] Camarri et al. 2006; [07] Enrigth et al. 2003; [06] Gibbons et al. 2001; [26] Jenkins et al. 2009; [50] Zou et al. 2017; [02] Enright & Sherrill 1998; [09] Camarri et al. 2006; [37] Hill et al. 2011","-0.2978;-0.0526;0.1168;0.3113;0.0668;0.8056;0.6017;0.0271;0.3451;-0.1711;-0.3721;-0.5528;0.2127;0.084;-0.2613;-0.0747;-0.1659;-0.0677;0.2583;-0.3753;-0.0129;-0.522;-0.0602;-0.1913;0.8363;0.2679;0.2439",671.2,575.613287877375,1737.03802657154,0.228460815692333,-95.5867121226246,-229.049764931142,30.3890116006521,100.659306090708,119.292091518064
78,"natalia_oliveira_2023",4,"[34] Dourado, Vidotto, Guerra 2011; [45] Kim et al. 2014; [54] Almeida et al. 2019; [06] Gibbons et al. 2001","0.3595;0.3091;-0.0097;0.3411",673.663157894737,670.254943734257,877.402187050793,0.227322786514296,-3.40821416048021,-134.172714258352,129.734984724444,55.0822283466468,70.9991125338261
79,"natalia_oliveira_2023",23,"[32] Soares, Pereira 2011; [37] Hill et al. 2011; [28] Ben Saad et al. 2009; [04] Troosters, Gosselink & Decramer 1999; [09] Camarri et al. 2006; [06] Gibbons et al. 2001; [27] Alameri et al. 2009; [20] Jenkins et al. 2009; [10] Camarri et al. 2006; [18] Iwama et al. 2009; [47] Nusdwinuringtyas et al, 2014; [07] Enrigth et al. 2003; [55] Almeida et al. 2019; [26] Jenkins et al. 2009; [40] Britto et al. 2013; [43] Rao et al. 2013; [34] Dourado, Vidotto, Guerra 2011; [02] Enright & Sherrill 1998; [42] Britto et al. 2013; [45] Kim et al. 2014; [30] Osses et al. 2010; [13] Chetta et al. 2006; [50] Zou et al. 2017","-0.2784;0.2033;0.7031;0.1696;0.2548;-0.4816;0.5958;-0.0809;-0.454;0.2095;0.3949;0.0243;0.0831;-0.0565;-0.4379;-0.1975;0.0073;0.7205;0.1711;0.2782;-0.0582;-0.5393;-0.2311",686.431578947368,620.824809144967,1840.44116800582,0.213023597087781,-65.6067698024019,-192.371058664934,59.6101098438582,78.7702813306566,96.0755497859235
80,"natalia_oliveira_2023",20,"[06] Gibbons et al. 2001; [02] Enright & Sherrill 1998; [04] Troosters, Gosselink & Decramer 1999; [42] Britto et al. 2013; [40] Britto et al. 2013; [54] Almeida et al. 2019; [50] Zou et al. 2017; [13] Chetta et al. 2006; [09] Camarri et al. 2006; [07] Enrigth et al. 2003; [43] Rao et al. 2013; [37] Hill et al. 2011; [10] Camarri et al. 2006; [45] Kim et al. 2014; [20] Jenkins et al. 2009; [26] Jenkins et al. 2009; [47] Nusdwinuringtyas et al, 2014; [28] Ben Saad et al. 2009; [32] Soares, Pereira 2011; [15] Masmoudi et al. 2008","-0.5299;0.7698;-0.0337;0.1517;-0.2784;-0.1336;-0.0789;-0.5426;0.3853;0.0206;-0.0226;0.2647;-0.3979;0.6236;-0.0055;-0.0365;0.4788;0.6517;-0.1363;-0.1501",673.636842105263,653.81794919124,2294.20608333717,0.30949714834151,-19.8188929140228,-179.143630566833,95.9513488291339,51.4247947610173,71.4742392595397
81,"natalia_oliveira_2023",1,"[13] Chetta et al. 2006","1",676.126315789474,616.299084210526,1386.84746737911,0.120386610738942,-59.8272315789474,-187.183,57.3969999999999,72.0140736842106,92.6266950010122
82,"natalia_oliveira_2023",12,"[32] Soares, Pereira 2011; [34] Dourado, Vidotto, Guerra 2011; [20] Jenkins et al. 2009; [28] Ben Saad et al. 2009; [42] Britto et al. 2013; [45] Kim et al. 2014; [06] Gibbons et al. 2001; [10] Camarri et al. 2006; [43] Rao et al. 2013; [18] Iwama et al. 2009; [30] Osses et al. 2010; [54] Almeida et al. 2019","-0.1566;0.229;0.0315;0.7267;0.1934;0.5814;-0.4938;-0.4607;-0.0598;0.5194;0.0767;-0.1871",681.047368421053,589.817557648166,1830.94133983761,0.235400108327079,-91.2298107728866,-258.443408139558,37.1001509612317,99.0998058765505,119.189903126069
83,"natalia_oliveira_2023",9,"[37] Hill et al. 2011; [10] Camarri et al. 2006; [42] Britto et al. 2013; [55] Almeida et al. 2019; [09] Camarri et al. 2006; [27] Alameri et al. 2009; [32] Soares, Pereira 2011; [07] Enrigth et al. 2003; [13] Chetta et al. 2006","0.3229;0.0147;0.1795;0.1847;0.3876;0.3722;-0.5153;0.4388;-0.3852",675.584210526316,667.358809309759,882.877654287799,0.234572344596042,-8.22540121655723,-175.561348467862,153.695463518968,53.9621528583964,74.8482096093567
84,"natalia_oliveira_2023",17,"[28] Ben Saad et al. 2009; [18] Iwama et al. 2009; [47] Nusdwinuringtyas et al, 2014; [40] Britto et al. 2013; [32] Soares, Pereira 2011; [58] Delbressine et al. 2023; [55] Almeida et al. 2019; [04] Troosters, Gosselink & Decramer 1999; [13] Chetta et al. 2006; [43] Rao et al. 2013; [10] Camarri et al. 2006; [37] Hill et al. 2011; [45] Kim et al. 2014; [15] Masmoudi et al. 2008; [54] Almeida et al. 2019; [09] Camarri et al. 2006; [26] Jenkins et al. 2009","0.7162;0.6016;0.1485;-0.3835;-0.1016;0.0744;0.1941;0.1914;-0.9313;-0.1211;-0.5608;0.3173;0.5476;-0.0334;-0.1772;0.265;0.2526",674.636842105263,767.034922230803,1861.84364206026,0.227886944774144,92.3980801255396,-65.260584708763,235.211001903977,101.547005640144,117.006370033141
85,"natalia_oliveira_2023",23,"[50] Zou et al. 2017; [10] Camarri et al. 2006; [15] Masmoudi et al. 2008; [27] Alameri et al. 2009; [13] Chetta et al. 2006; [45] Kim et al. 2014; [34] Dourado, Vidotto, Guerra 2011; [18] Iwama et al. 2009; [47] Nusdwinuringtyas et al, 2014; [40] Britto et al. 2013; [26] Jenkins et al. 2009; [20] Jenkins et al. 2009; [37] Hill et al. 2011; [48] Fernandes et al. 2016; [55] Almeida et al. 2019; [02] Enright & Sherrill 1998; [30] Osses et al. 2010; [06] Gibbons et al. 2001; [54] Almeida et al. 2019; [07] Enrigth et al. 2003; [09] Camarri et al. 2006; [43] Rao et al. 2013; [04] Troosters, Gosselink & Decramer 1999","-0.3878;-0.2576;-0.0878;0.4764;-0.3722;0.1232;-0.0304;-0.0748;0.7564;-0.1721;-0.0521;-0.1312;0.1002;-0.1201;0.1191;0.9184;-0.1488;0.0285;-0.1705;0.0563;0.343;-0.4069;0.4909",678.71052631579,703.095170314805,1152.83482483228,0.150095928871375,24.3846439990159,-144.961000483604,166.887230093475,64.0589297792077,83.2244211087163
86,"natalia_oliveira_2023",26,"[40] Britto et al. 2013; [27] Alameri et al. 2009; [30] Osses et al. 2010; [45] Kim et al. 2014; [48] Fernandes et al. 2016; [18] Iwama et al. 2009; [42] Britto et al. 2013; [32] Soares, Pereira 2011; [10] Camarri et al. 2006; [47] Nusdwinuringtyas et al, 2014; [06] Gibbons et al. 2001; [13] Chetta et al. 2006; [58] Delbressine et al. 2023; [37] Hill et al. 2011; [04] Troosters, Gosselink & Decramer 1999; [43] Rao et al. 2013; [15] Masmoudi et al. 2008; [26] Jenkins et al. 2009; [54] Almeida et al. 2019; [28] Ben Saad et al. 2009; [02] Enright & Sherrill 1998; [09] Camarri et al. 2006; [55] Almeida et al. 2019; [50] Zou et al. 2017; [07] Enrigth et al. 2003; [20] Jenkins et al. 2009","-0.1581;0.432;0.0386;0.1532;0.0876;0.1228;0.3563;-0.1389;-0.2762;0.2804;-0.3419;-0.4613;-0.027;0.0253;0.0484;-0.2665;-0.0801;0.0754;-0.1344;0.4352;0.5091;0.4102;0.1711;-0.2901;-0.0333;0.0621",668.884210526316,637.694352819821,1129.68746068539,0.279795830240911,-31.1898577064948,-137.794550321135,69.6589098927388,50.8237936744504,64.0014431063243
87,"natalia_oliveira_2023",14,"[47] Nusdwinuringtyas et al, 2014; [34] Dourado, Vidotto, Guerra 2011; [02] Enright & Sherrill 1998; [50] Zou et al. 2017; [26] Jenkins et al. 2009; [43] Rao et al. 2013; [04] Troosters, Gosselink & Decramer 1999; [27] Alameri et al. 2009; [30] Osses et al. 2010; [18] Iwama et al. 2009; [45] Kim et al. 2014; [37] Hill et al. 2011; [48] Fernandes et al. 2016; [20] Jenkins et al. 2009","0.4963;-0.0817;0.8296;-0.3971;-0.1505;-0.4064;0.3945;0.6053;-0.2291;-0.025;0.2077;0.0626;-0.0865;-0.2198",675.142105263158,654.8582168896,1224.48303445383,0.172782519062386,-20.2838883735574,-192.220182691799,123.164184246178,62.7611189869065,83.8619095123747
88,"natalia_oliveira_2023",20,"[09] Camarri et al. 2006; [18] Iwama et al. 2009; [30] Osses et al. 2010; [37] Hill et al. 2011; [50] Zou et al. 2017; [42] Britto et al. 2013; [04] Troosters, Gosselink & Decramer 1999; [40] Britto et al. 2013; [55] Almeida et al. 2019; [28] Ben Saad et al. 2009; [02] Enright & Sherrill 1998; [13] Chetta et al. 2006; [47] Nusdwinuringtyas et al, 2014; [45] Kim et al. 2014; [20] Jenkins et al. 2009; [58] Delbressine et al. 2023; [07] Enrigth et al. 2003; [32] Soares, Pereira 2011; [06] Gibbons et al. 2001; [15] Masmoudi et al. 2008","0.3401;0.2483;-0.0631;0.2125;-0.219;0.1404;0.0928;-0.4148;0.087;0.5516;0.8364;-0.5531;0.4575;0.3591;-0.1025;-0.058;4e-04;-0.2977;-0.4521;-0.1657",663.505263157895,702.716954579837,1649.94762474876,0.178499280911791,39.2116914219418,-102.056079204923,161.465774567842,60.4836607750359,76.5051045265743
89,"natalia_oliveira_2023",25,"[20] Jenkins et al. 2009; [42] Britto et al. 2013; [48] Fernandes et al. 2016; [02] Enright & Sherrill 1998; [37] Hill et al. 2011; [30] Osses et al. 2010; [34] Dourado, Vidotto, Guerra 2011; [04] Troosters, Gosselink & Decramer 1999; [58] Delbressine et al. 2023; [28] Ben Saad et al. 2009; [40] Britto et al. 2013; [43] Rao et al. 2013; [27] Alameri et al. 2009; [18] Iwama et al. 2009; [47] Nusdwinuringtyas et al, 2014; [54] Almeida et al. 2019; [45] Kim et al. 2014; [13] Chetta et al. 2006; [07] Enrigth et al. 2003; [09] Camarri et al. 2006; [26] Jenkins et al. 2009; [32] Soares, Pereira 2011; [06] Gibbons et al. 2001; [10] Camarri et al. 2006; [55] Almeida et al. 2019","-0.0873;0.1108;0.1907;0.791;0.2207;-0.0551;0.0237;-0.0162;-0.0909;0.7598;-0.3556;-0.1727;0.5801;0.2329;0.2893;-0.2486;0.302;-0.5531;-0.0354;0.2411;-0.0849;-0.2406;-0.5236;-0.3688;0.0907",679.852631578947,559.441072500105,1520.99641093828,0.351687299533554,-120.411559078843,-271.528721144395,13.993304766715,122.151836828827,138.277781306543
90,"natalia_oliveira_2023",4,"[34] Dourado, Vidotto, Guerra 2011; [18] Iwama et al. 2009; [10] Camarri et al. 2006; [50] Zou et al. 2017","0.2476;0.3578;0.4148;-0.0202",675.363157894737,668.799061507891,804.857303251504,0.335645082509197,-6.56409638684548,-138.157413766363,110.745100576223,50.6805539122006,68.3259238131833
91,"natalia_oliveira_2023",24,"[06] Gibbons et al. 2001; [32] Soares, Pereira 2011; [54] Almeida et al. 2019; [13] Chetta et al. 2006; [48] Fernandes et al. 2016; [45] Kim et al. 2014; [40] Britto et al. 2013; [15] Masmoudi et al. 2008; [37] Hill et al. 2011; [47] Nusdwinuringtyas et al, 2014; [34] Dourado, Vidotto, Guerra 2011; [10] Camarri et al. 2006; [58] Delbressine et al. 2023; [43] Rao et al. 2013; [09] Camarri et al. 2006; [50] Zou et al. 2017; [27] Alameri et al. 2009; [26] Jenkins et al. 2009; [30] Osses et al. 2010; [55] Almeida et al. 2019; [02] Enright & Sherrill 1998; [28] Ben Saad et al. 2009; [20] Jenkins et al. 2009; [18] Iwama et al. 2009","-0.4265;-0.2426;-0.3325;-0.5571;0.1572;0.3383;-0.3789;-0.1297;0.2595;0.3424;0.0186;-0.3039;-0.0266;-0.2345;0.3249;-0.2362;0.6571;-0.0272;-0.0593;0.1222;0.9132;0.6813;-0.0656;0.206",681.315789473684,600.325167993356,1275.75152617474,0.138734138502824,-80.9906214803282,-278.909507604666,44.1766854138889,87.5846854838531,107.373904630982
92,"natalia_oliveira_2023",17,"[34] Dourado, Vidotto, Guerra 2011; [20] Jenkins et al. 2009; [09] Camarri et al. 2006; [42] Britto et al. 2013; [30] Osses et al. 2010; [50] Zou et al. 2017; [13] Chetta et al. 2006; [43] Rao et al. 2013; [10] Camarri et al. 2006; [06] Gibbons et al. 2001; [04] Troosters, Gosselink & Decramer 1999; [15] Masmoudi et al. 2008; [47] Nusdwinuringtyas et al, 2014; [02] Enright & Sherrill 1998; [07] Enrigth et al. 2003; [26] Jenkins et al. 2009; [54] Almeida et al. 2019","0.0382;-0.072;0.5546;0.1875;-0.1127;-0.2987;-0.4164;-0.3336;-0.1514;-0.0609;0.366;-0.1073;0.7541;0.793;0.0137;0.0171;-0.1711",674.526315789474,719.474010009064,1414.17547277267,0.0928228533805153,44.9476942195902,-92.8672389290584,186.849302315583,66.6952221902892,86.475816717019
93,"natalia_oliveira_2023",12,"[26] Jenkins et al. 2009; [42] Britto et al. 2013; [43] Rao et al. 2013; [06] Gibbons et al. 2001; [58] Delbressine et al. 2023; [37] Hill et al. 2011; [27] Alameri et al. 2009; [32] Soares, Pereira 2011; [45] Kim et al. 2014; [18] Iwama et al. 2009; [02] Enright & Sherrill 1998; [07] Enrigth et al. 2003","-0.2792;0.1311;-0.478;0.1704;-0.1031;0.078;0.8975;-0.6139;0.4907;-0.4088;1.0419;0.0734",667.478947368421,643.592033870357,992.079379412667,0.254212113694755,-23.8869134980644,-156.393639502263,95.557395881084,53.6668201640425,70.7089397470106
94,"natalia_oliveira_2023",3,"[32] Soares, Pereira 2011; [30] Osses et al. 2010; [55] Almeida et al. 2019","0.2423;0.3505;0.4072",687.068421052632,686.526519483726,985.592324737732,0.253877575930191,-0.541901568905196,-146.333448131379,158.382131437694,55.5352622991658,78.0608598387307
95,"natalia_oliveira_2023",3,"[13] Chetta et al. 2006; [43] Rao et al. 2013; [48] Fernandes et al. 2016","0.3931;0.2143;0.3926",667.5,525.127153905912,651.535896773527,0.0492193542430809,-142.372846094088,-284.295023362128,17.2279524417848,146.331459543112,161.237796529715
96,"natalia_oliveira_2023",2,"[55] Almeida et al. 2019; [10] Camarri et al. 2006","0.5;0.5",684.105263157895,734.475805986052,1262.44941284572,0.387211448478823,50.3705428281577,-87.1258477292527,181.945239512262,70.4847681588782,86.5231537968136
97,"natalia_oliveira_2023",9,"[15] Masmoudi et al. 2008; [47] Nusdwinuringtyas et al, 2014; [43] Rao et al. 2013; [20] Jenkins et al. 2009; [07] Enrigth et al. 2003; [02] Enright & Sherrill 1998; [18] Iwama et al. 2009; [48] Fernandes et al. 2016; [50] Zou et al. 2017","-0.0613;0.7885;-0.1755;-0.0932;-0.0868;0.8737;-0.0669;-0.1729;-0.0057",675.594736842105,669.862528757356,1301.51319945918,0.127133926381808,-5.73220808474941,-163.648631545793,138.43533863149,61.4436441226766,78.7204872332706
98,"natalia_oliveira_2023",7,"[27] Alameri et al. 2009; [40] Britto et al. 2013; [28] Ben Saad et al. 2009; [30] Osses et al. 2010; [32] Soares, Pereira 2011; [26] Jenkins et al. 2009; [58] Delbressine et al. 2023","0.444;-0.0971;0.3267;0.2636;-0.2168;0.1864;0.0932",671.873684210526,636.421332751004,1979.62922871251,0.169594249756625,-35.4523514595228,-166.226381648325,126.395931696148,65.2820576219466,84.658649323419
99,"natalia_oliveira_2023",15,"[58] Delbressine et al. 2023; [10] Camarri et al. 2006; [34] Dourado, Vidotto, Guerra 2011; [26] Jenkins et al. 2009; [06] Gibbons et al. 2001; [50] Zou et al. 2017; [37] Hill et al. 2011; [40] Britto et al. 2013; [04] Troosters, Gosselink & Decramer 1999; [15] Masmoudi et al. 2008; [27] Alameri et al. 2009; [45] Kim et al. 2014; [42] Britto et al. 2013; [02] Enright & Sherrill 1998; [48] Fernandes et al. 2016","-0.239;-0.0862;-0.2806;-0.2347;0.2786;-0.5339;0.0235;-0.19;0.5471;-0.3347;0.8311;0.3273;0.1223;0.9881;-0.2191",671.857894736842,627.593204720243,1104.80926136919,0.236369795953721,-44.2646900165986,-172.299846865141,89.2338944661072,63.8622514439475,79.8424804935527
100,"natalia_oliveira_2023",25,"[06] Gibbons et al. 2001; [47] Nusdwinuringtyas et al, 2014; [54] Almeida et al. 2019; [30] Osses et al. 2010; [40] Britto et al. 2013; [37] Hill et al. 2011; [02] Enright & Sherrill 1998; [26] Jenkins et al. 2009; [50] Zou et al. 2017; [27] Alameri et al. 2009; [13] Chetta et al. 2006; [18] Iwama et al. 2009; [28] Ben Saad et al. 2009; [15] Masmoudi et al. 2008; [45] Kim et al. 2014; [07] Enrigth et al. 2003; [09] Camarri et al. 2006; [20] Jenkins et al. 2009; [48] Fernandes et al. 2016; [58] Delbressine et al. 2023; [43] Rao et al. 2013; [42] Britto et al. 2013; [34] Dourado, Vidotto, Guerra 2011; [55] Almeida et al. 2019; [32] Soares, Pereira 2011","-0.5617;0.3047;-0.2788;-0.0598;-0.3337;0.2246;0.9071;-0.0946;-0.3154;0.6569;-0.6521;0.2759;0.7077;-0.1499;0.2834;0.0372;0.3003;-0.1001;0.222;-0.0265;-0.265;0.1519;-0.0078;0.0872;-0.3134",672.663157894737,606.117910091699,1694.34514461262,0.265512697212974,-66.5452478030378,-188.157932389994,69.3643268843184,79.4070270687081,93.4349869427283
101,"natalia_oliveira_2023",18,"[09] Camarri et al. 2006; [30] Osses et al. 2010; [32] Soares, Pereira 2011; [47] Nusdwinuringtyas et al, 2014; [27] Alameri et al. 2009; [28] Ben Saad et al. 2009; [06] Gibbons et al. 2001; [26] Jenkins et al. 2009; [37] Hill et al. 2011; [15] Masmoudi et al. 2008; [42] Britto et al. 2013; [13] Chetta et al. 2006; [20] Jenkins et al. 2009; [50] Zou et al. 2017; [07] Enrigth et al. 2003; [58] Delbressine et al. 2023; [02] Enright & Sherrill 1998; [18] Iwama et al. 2009","0.3169;-0.1127;-0.2821;0.2394;0.6716;0.6606;-0.6154;-0.1917;0.2613;-0.1783;0.182;-0.5925;-0.1783;-0.1492;0.0321;-0.058;0.7876;0.2067",675.636842105263,576.220333424211,1712.72294160251,0.250350865151151,-99.4165086810519,-230.139063917166,29.1992020071244,106.191091129744,123.522742908166
102,"natalia_oliveira_2023",13,"[30] Osses et al. 2010; [48] Fernandes et al. 2016; [06] Gibbons et al. 2001; [18] Iwama et al. 2009; [27] Alameri et al. 2009; [20] Jenkins et al. 2009; [50] Zou et al. 2017; [37] Hill et al. 2011; [02] Enright & Sherrill 1998; [40] Britto et al. 2013; [26] Jenkins et al. 2009; [04] Troosters, Gosselink & Decramer 1999; [45] Kim et al. 2014","-0.4297;-0.148;0.1343;-0.0636;0.9282;-0.3895;-0.5706;0.0308;1.103;-0.0701;-0.288;0.4049;0.3583",663.273684210526,558.378921178707,1431.68356836305,0.195686624711684,-104.894763031819,-229.318173444772,19.2120277546177,109.87056173575,124.139973225461
103,"natalia_oliveira_2023",11,"[20] Jenkins et al. 2009; [37] Hill et al. 2011; [55] Almeida et al. 2019; [04] Troosters, Gosselink & Decramer 1999; [54] Almeida et al. 2019; [30] Osses et al. 2010; [42] Britto et al. 2013; [43] Rao et al. 2013; [18] Iwama et al. 2009; [58] Delbressine et al. 2023; [47] Nusdwinuringtyas et al, 2014","0.0411;0.102;0.2231;0.5391;-0.2965;-0.0213;0.2251;-0.5154;0.2055;-0.0496;0.5468",680.126315789474,779.046134751751,1138.73902568281,0.277355459664316,98.9198189622775,-18.4546811114012,236.121162409037,104.217967827189,121.781045350382
104,"natalia_oliveira_2023",15,"[54] Almeida et al. 2019; [02] Enright & Sherrill 1998; [26] Jenkins et al. 2009; [55] Almeida et al. 2019; [45] Kim et al. 2014; [37] Hill et al. 2011; [30] Osses et al. 2010; [47] Nusdwinuringtyas et al, 2014; [28] Ben Saad et al. 2009; [50] Zou et al. 2017; [13] Chetta et al. 2006; [18] Iwama et al. 2009; [40] Britto et al. 2013; [58] Delbressine et al. 2023; [27] Alameri et al. 2009","-0.2483;0.3587;0.1654;0.3273;0.1895;0.0194;0.0219;0.145;0.203;-0.0947;-0.2464;0.0737;-0.3325;0.0463;0.3717",673.521052631579,639.771438004942,1161.58026759759,0.196994696005145,-33.7496146266367,-160.445118299183,89.013892612046,61.5945501405811,76.5165361252073
105,"natalia_oliveira_2023",11,"[06] Gibbons et al. 2001; [40] Britto et al. 2013; [54] Almeida et al. 2019; [34] Dourado, Vidotto, Guerra 2011; [26] Jenkins et al. 2009; [55] Almeida et al. 2019; [10] Camarri et al. 2006; [45] Kim et al. 2014; [43] Rao et al. 2013; [04] Troosters, Gosselink & Decramer 1999; [32] Soares, Pereira 2011","0.204;-0.1184;0.1449;0.0932;-0.0493;0.3353;-0.4125;0.8386;-0.3055;0.8137;-0.5439",674.184210526316,811.058947881045,1596.48464696972,0.226249297039397,136.874737354729,21.1365993577734,278.219019758973,137.096187745013,153.011060273445
106,"natalia_oliveira_2023",27,"[42] Britto et al. 2013; [43] Rao et al. 2013; [18] Iwama et al. 2009; [45] Kim et al. 2014; [37] Hill et al. 2011; [20] Jenkins et al. 2009; [10] Camarri et al. 2006; [50] Zou et al. 2017; [27] Alameri et al. 2009; [13] Chetta et al. 2006; [07] Enrigth et al. 2003; [09] Camarri et al. 2006; [02] Enright & Sherrill 1998; [48] Fernandes et al. 2016; [15] Masmoudi et al. 2008; [32] Soares, Pereira 2011; [58] Delbressine et al. 2023; [47] Nusdwinuringtyas et al, 2014; [06] Gibbons et al. 2001; [28] Ben Saad et al. 2009; [30] Osses et al. 2010; [55] Almeida et al. 2019; [40] Britto et al. 2013; [26] Jenkins et al. 2009; [04] Troosters, Gosselink & Decramer 1999; [54] Almeida et al. 2019; [34] Dourado, Vidotto, Guerra 2011","0.1005;-0.1535;0.2972;0.353;0.1898;-0.0664;-0.4352;-0.1985;0.7007;-0.5789;0.013;0.1796;0.769;0.239;-0.1409;-0.2365;-0.0423;0.2974;-0.5596;0.8859;-0.0377;0.0644;-0.3768;-0.0748;0.0938;-0.3094;0.0271",670.821052631579,539.21526768849,2137.65758264754,0.243616100663303,-131.605784943089,-266.391472319689,4.7603386123829,134.070947112385,149.848477911946
107,"natalia_oliveira_2023",15,"[09] Camarri et al. 2006; [20] Jenkins et al. 2009; [50] Zou et al. 2017; [32] Soares, Pereira 2011; [55] Almeida et al. 2019; [02] Enright & Sherrill 1998; [43] Rao et al. 2013; [54] Almeida et al. 2019; [37] Hill et al. 2011; [26] Jenkins et al. 2009; [58] Delbressine et al. 2023; [06] Gibbons et al. 2001; [40] Britto et al. 2013; [47] Nusdwinuringtyas et al, 2014; [34] Dourado, Vidotto, Guerra 2011","0.6212;-0.0439;-0.2371;-0.3278;0.1665;0.9337;-0.3079;-0.2492;0.06;0.0892;-0.0749;-0.1161;-0.1516;0.5851;0.0529",673.515789473684,722.52048935371,919.080146463728,0.179663225253412,49.0046998800256,-65.1858006486065,180.101566272145,64.9312493708443,84.0737168524419
108,"natalia_oliveira_2023",20,"[58] Delbressine et al. 2023; [30] Osses et al. 2010; [47] Nusdwinuringtyas et al, 2014; [32] Soares, Pereira 2011; [10] Camarri et al. 2006; [40] Britto et al. 2013; [45] Kim et al. 2014; [06] Gibbons et al. 2001; [37] Hill et al. 2011; [13] Chetta et al. 2006; [20] Jenkins et al. 2009; [34] Dourado, Vidotto, Guerra 2011; [04] Troosters, Gosselink & Decramer 1999; [27] Alameri et al. 2009; [48] Fernandes et al. 2016; [26] Jenkins et al. 2009; [50] Zou et al. 2017; [07] Enrigth et al. 2003; [02] Enright & Sherrill 1998; [28] Ben Saad et al. 2009","-0.0472;-0.0872;0.3641;-0.2801;-0.4195;-0.494;0.4659;-0.5547;0.24;-0.6009;-0.1293;-0.0107;0.2022;0.8215;0.2161;-0.1096;-0.1898;0.032;0.808;0.7731",667.494736842105,515.813727203254,1915.23980157444,0.271041389749462,-151.681009638851,-292.216704439726,-32.7942798354035,151.974220978146,166.476412376668
109,"natalia_oliveira_2023",20,"[09] Camarri et al. 2006; [10] Camarri et al. 2006; [28] Ben Saad et al. 2009; [13] Chetta et al. 2006; [18] Iwama et al. 2009; [55] Almeida et al. 2019; [54] Almeida et al. 2019; [37] Hill et al. 2011; [50] Zou et al. 2017; [04] Troosters, Gosselink & Decramer 1999; [48] Fernandes et al. 2016; [06] Gibbons et al. 2001; [58] Delbressine et al. 2023; [32] Soares, Pereira 2011; [45] Kim et al. 2014; [02] Enright & Sherrill 1998; [26] Jenkins et al. 2009; [30] Osses et al. 2010; [07] Enrigth et al. 2003; [20] Jenkins et al. 2009","0.4408;-0.3611;0.7598;-0.4808;0.3988;0.0748;-0.2649;0.1345;-0.0365;-0.0513;0.3348;-0.4906;-0.1527;-0.1789;0.5816;0.6108;-0.0695;-0.0646;-0.111;-0.0741",674.763157894737,586.255515929798,1962.94555073434,0.292000952027345,-88.5076419649391,-246.336664201082,41.1634470083623,97.072698235199,117.850156512701
110,"natalia_oliveira_2023",16,"[28] Ben Saad et al. 2009; [18] Iwama et al. 2009; [43] Rao et al. 2013; [13] Chetta et al. 2006; [30] Osses et al. 2010; [54] Almeida et al. 2019; [06] Gibbons et al. 2001; [37] Hill et al. 2011; [15] Masmoudi et al. 2008; [32] Soares, Pereira 2011; [40] Britto et al. 2013; [45] Kim et al. 2014; [27] Alameri et al. 2009; [04] Troosters, Gosselink & Decramer 1999; [10] Camarri et al. 2006; [48] Fernandes et al. 2016","1.0396;0.4802;-0.1499;-0.6618;0.078;-0.1746;-0.5965;0.3772;-0.0588;-0.2414;-0.3163;0.3776;0.8132;0.2446;-0.6205;0.4094",676.563157894737,534.506677586244,2184.93576970129,0.268845451394711,-142.056480308493,-310.531274567375,-12.7706317251002,142.606654652992,160.898179674777
111,"natalia_oliveira_2023",12,"[15] Masmoudi et al. 2008; [37] Hill et al. 2011; [40] Britto et al. 2013; [27] Alameri et al. 2009; [04] Troosters, Gosselink & Decramer 1999; [58] Delbressine et al. 2023; [09] Camarri et al. 2006; [32] Soares, Pereira 2011; [28] Ben Saad et al. 2009; [13] Chetta et al. 2006; [30] Osses et al. 2010; [26] Jenkins et al. 2009","-0.0327;0.382;-0.1779;0.663;0.1177;0.111;0.066;-0.1407;0.4197;-0.6413;0.1858;0.0474",678.463157894737,692.311768964778,1824.59187243899,0.211307234147384,13.8486110700411,-108.665885746879,142.944221801271,55.5141981551987,72.7746535322027
112,"natalia_oliveira_2023",8,"[18] Iwama et al. 2009; [55] Almeida et al. 2019; [20] Jenkins et al. 2009; [47] Nusdwinuringtyas et al, 2014; [40] Britto et al. 2013; [30] Osses et al. 2010; [34] Dourado, Vidotto, Guerra 2011; [54] Almeida et al. 2019","-0.105;0.2111;0.1582;0.4771;0.1393;0.2366;0.2563;-0.3737",677.231578947368,631.123838445911,829.919635171315,0.414878733271721,-46.1077405014574,-165.476000394314,81.1818242892185,61.5569677477228,79.6137677379777
113,"natalia_oliveira_2023",1,"[10] Camarri et al. 2006","1",677.136842105263,747.010315789474,2023.58133825954,0.217828794012321,69.8734736842106,-94.111,193.57,85.0861052631579,101.889415625859
114,"natalia_oliveira_2023",16,"[28] Ben Saad et al. 2009; [09] Camarri et al. 2006; [50] Zou et al. 2017; [58] Delbressine et al. 2023; [40] Britto et al. 2013; [55] Almeida et al. 2019; [54] Almeida et al. 2019; [06] Gibbons et al. 2001; [30] Osses et al. 2010; [10] Camarri et al. 2006; [32] Soares, Pereira 2011; [13] Chetta et al. 2006; [18] Iwama et al. 2009; [43] Rao et al. 2013; [48] Fernandes et al. 2016; [34] Dourado, Vidotto, Guerra 2011","0.922;0.4602;-0.0366;0.0484;-0.3461;0.1446;-0.252;-0.4462;0.1311;-0.433;-0.1222;-0.4995;0.6305;0.0351;0.5605;0.2032",680.21052631579,571.002355520148,2080.75436218267,0.168283776938349,-109.208170795642,-251.294941229026,52.38729930162,116.460529866189,134.299828135312
115,"natalia_oliveira_2023",13,"[30] Osses et al. 2010; [32] Soares, Pereira 2011; [10] Camarri et al. 2006; [28] Ben Saad et al. 2009; [26] Jenkins et al. 2009; [34] Dourado, Vidotto, Guerra 2011; [55] Almeida et al. 2019; [58] Delbressine et al. 2023; [15] Masmoudi et al. 2008; [09] Camarri et al. 2006; [27] Alameri et al. 2009; [40] Britto et al. 2013; [45] Kim et al. 2014","0.196;-0.2498;-0.7967;0.6498;0.0882;0.2958;0.1204;0.2256;0.0722;0.0457;0.6157;-0.4249;0.1621",679.184210526316,570.227479276344,1884.57123177173,0.150066944114102,-108.956731249972,-241.207256229289,28.3844177264133,113.173726021298,131.568078383498
116,"natalia_oliveira_2023",9,"[45] Kim et al. 2014; [47] Nusdwinuringtyas et al, 2014; [26] Jenkins et al. 2009; [04] Troosters, Gosselink & Decramer 1999; [50] Zou et al. 2017; [40] Britto et al. 2013; [48] Fernandes et al. 2016; [28] Ben Saad et al. 2009; [18] Iwama et al. 2009","0.2522;0.1636;0.2514;0.1324;-0.2932;-0.2233;0.1967;0.264;0.2561",672.226315789474,651.248726313859,1295.28527401578,0.122765106594021,-20.9775894756146,-168.648649740746,114.209606711212,56.6772247235182,76.2782996579934
117,"natalia_oliveira_2023",8,"[06] Gibbons et al. 2001; [48] Fernandes et al. 2016; [32] Soares, Pereira 2011; [30] Osses et al. 2010; [40] Britto et al. 2013; [58] Delbressine et al. 2023; [26] Jenkins et al. 2009; [27] Alameri et al. 2009","0.1017;-0.1165;-0.6496;0.0694;0.1434;0.6439;0.1423;0.6653",665.968421052632,619.805004904546,1105.38262854731,0.220918822660604,-46.1634161480855,-162.906934283225,87.7393159075324,65.9188827215274,83.0037946212106
118,"natalia_oliveira_2023",10,"[07] Enrigth et al. 2003; [13] Chetta et al. 2006; [27] Alameri et al. 2009; [43] Rao et al. 2013; [40] Britto et al. 2013; [37] Hill et al. 2011; [15] Masmoudi et al. 2008; [34] Dourado, Vidotto, Guerra 2011; [18] Iwama et al. 2009; [06] Gibbons et al. 2001","0.5809;-0.5301;1.1977;-0.839;0.0561;0.5865;0.0928;-0.1894;-0.2562;0.3008",671.978947368421,746.823836535873,1287.84235564696,0.224709094081021,74.8448891674524,-49.5163565789709,226.576413564014,85.8371424754921,104.345649968499
119,"natalia_oliveira_2023",10,"[04] Troosters, Gosselink & Decramer 1999; [47] Nusdwinuringtyas et al, 2014; [10] Camarri et al. 2006; [55] Almeida et al. 2019; [43] Rao et al. 2013; [34] Dourado, Vidotto, Guerra 2011; [32] Soares, Pereira 2011; [37] Hill et al. 2011; [13] Chetta et al. 2006; [18] Iwama et al. 2009","0.8156;0.9726;-0.0168;0.1243;-0.276;0.1031;-0.3579;0.1695;-0.7962;0.2617",680.336842105263,778.622187154287,963.609912474684,0.207738530499963,98.2853450490235,-24.0624662108519,226.93210490201,101.472013588581,119.219887454892
120,"natalia_oliveira_2023",14,"[47] Nusdwinuringtyas et al, 2014; [58] Delbressine et al. 2023; [20] Jenkins et al. 2009; [07] Enrigth et al. 2003; [48] Fernandes et al. 2016; [42] Britto et al. 2013; [32] Soares, Pereira 2011; [34] Dourado, Vidotto, Guerra 2011; [30] Osses et al. 2010; [10] Camarri et al. 2006; [27] Alameri et al. 2009; [55] Almeida et al. 2019; [02] Enright & Sherrill 1998; [54] Almeida et al. 2019","0.5193;-0.0527;-0.1007;-0.0055;-0.4192;0.1038;-0.3969;0.0019;-0.2076;0.0449;0.6277;0.107;1.1562;-0.3782",687.642105263158,582.466473413585,1040.82842195329,0.231647281252434,-105.175631849573,-247.918656140069,44.4194134058473,110.791058955673,128.046148970539
121,"natalia_oliveira_2023",9,"[55] Almeida et al. 2019; [09] Camarri et al. 2006; [18] Iwama et al. 2009; [54] Almeida et al. 2019; [30] Osses et al. 2010; [10] Camarri et al. 2006; [34] Dourado, Vidotto, Guerra 2011; [40] Britto et al. 2013; [26] Jenkins et al. 2009","0.2283;0.399;0.1095;-0.1665;0.0974;-0.1188;0.1081;0.1944;0.1486",680.5,660.443749551626,1104.65690803535,0.291664597312815,-20.0562504483741,-219.808763142268,131.606627566144,57.7150777528463,78.7592129797464
122,"natalia_oliveira_2023",27,"[50] Zou et al. 2017; [37] Hill et al. 2011; [48] Fernandes et al. 2016; [43] Rao et al. 2013; [54] Almeida et al. 2019; [10] Camarri et al. 2006; [06] Gibbons et al. 2001; [26] Jenkins et al. 2009; [20] Jenkins et al. 2009; [55] Almeida et al. 2019; [40] Britto et al. 2013; [18] Iwama et al. 2009; [04] Troosters, Gosselink & Decramer 1999; [27] Alameri et al. 2009; [28] Ben Saad et al. 2009; [13] Chetta et al. 2006; [15] Masmoudi et al. 2008; [02] Enright & Sherrill 1998; [45] Kim et al. 2014; [47] Nusdwinuringtyas et al, 2014; [30] Osses et al. 2010; [09] Camarri et al. 2006; [32] Soares, Pereira 2011; [34] Dourado, Vidotto, Guerra 2011; [42] Britto et al. 2013; [07] Enrigth et al. 2003; [58] Delbressine et al. 2023","-0.1527;0.1815;0.2076;-0.1169;-0.2731;-0.3899;-0.4292;-0.0564;-0.0397;0.0844;-0.3519;0.2495;0.0477;0.5416;0.797;-0.4636;-0.1185;0.6248;0.2664;0.1922;-0.0042;0.2087;-0.174;0.0655;0.1241;0.0123;-0.0336",674.831578947368,580.730656134549,1830.10711275348,0.21964353102614,-94.1009228128197,-243.869320824276,12.0575801677604,99.1253899366035,117.685505460866
123,"natalia_oliveira_2023",20,"[27] Alameri et al. 2009; [50] Zou et al. 2017; [32] Soares, Pereira 2011; [02] Enright & Sherrill 1998; [54] Almeida et al. 2019; [42] Britto et al. 2013; [47] Nusdwinuringtyas et al, 2014; [07] Enrigth et al. 2003; [10] Camarri et al. 2006; [34] Dourado, Vidotto, Guerra 2011; [26] Jenkins et al. 2009; [55] Almeida et al. 2019; [06] Gibbons et al. 2001; [48] Fernandes et al. 2016; [37] Hill et al. 2011; [09] Camarri et al. 2006; [20] Jenkins et al. 2009; [58] Delbressine et al. 2023; [18] Iwama et al. 2009; [28] Ben Saad et al. 2009","0.6917;-0.3173;-0.2658;0.7687;-0.3813;0.1846;0.2969;-0.115;-0.4956;0.0637;0.0138;0.1078;-0.6478;0.1144;-0.0349;0.3467;-0.0556;-0.1227;0.1774;0.6704",674.326315789474,455.649177296772,1588.50313083741,0.220100712993863,-218.677138492702,-344.262423765395,-88.0242081880479,218.788477339891,229.012523316276
124,"natalia_oliveira_2023",14,"[10] Camarri et al. 2006; [50] Zou et al. 2017; [30] Osses et al. 2010; [55] Almeida et al. 2019; [37] Hill et al. 2011; [45] Kim et al. 2014; [09] Camarri et al. 2006; [20] Jenkins et al. 2009; [28] Ben Saad et al. 2009; [07] Enrigth et al. 2003; [02] Enright & Sherrill 1998; [06] Gibbons et al. 2001; [34] Dourado, Vidotto, Guerra 2011; [18] Iwama et al. 2009","-0.1349;-0.1179;-0.0655;0.2296;-0.035;0.3472;0.3761;-0.1004;0.2621;-0.0983;0.5453;-0.4044;0.0423;0.1538",682.952631578947,641.070300548192,1419.06788937447,0.264998356404808,-41.8823310307551,-149.49786256423,73.7701548993708,60.8360126939929,77.0695628289445
125,"natalia_oliveira_2023",13,"[10] Camarri et al. 2006; [37] Hill et al. 2011; [43] Rao et al. 2013; [50] Zou et al. 2017; [02] Enright & Sherrill 1998; [58] Delbressine et al. 2023; [27] Alameri et al. 2009; [18] Iwama et al. 2009; [40] Britto et al. 2013; [04] Troosters, Gosselink & Decramer 1999; [42] Britto et al. 2013; [45] Kim et al. 2014; [34] Dourado, Vidotto, Guerra 2011","-0.0147;0.232;-0.5804;-0.4946;1.0375;-0.3181;1.0484;-0.1831;-0.0269;0.3965;0.1318;0.4971;-0.7254",678.747368421053,685.417398639174,1150.10207635033,0.181110084264287,6.67003021812135,-130.420628562403,150.793786803655,57.953934981212,74.1377353736273
126,"natalia_oliveira_2023",8,"[55] Almeida et al. 2019; [40] Britto et al. 2013; [50] Zou et al. 2017; [42] Britto et al. 2013; [27] Alameri et al. 2009; [15] Masmoudi et al. 2008; [13] Chetta et al. 2006; [43] Rao et al. 2013","0.15;0.1367;-0.4563;0.2477;0.8438;0.5968;0.0159;-0.5346",670.6,615.748776680336,954.434096152058,0.325773792361268,-54.8512233196644,-156.093784148287,79.0971707631443,69.3947895901305,84.7891776850793
127,"natalia_oliveira_2023",9,"[10] Camarri et al. 2006; [20] Jenkins et al. 2009; [34] Dourado, Vidotto, Guerra 2011; [28] Ben Saad et al. 2009; [26] Jenkins et al. 2009; [55] Almeida et al. 2019; [13] Chetta et al. 2006; [18] Iwama et al. 2009; [42] Britto et al. 2013","0.0592;-0.0151;0.1177;0.3324;0.1027;0.1962;-0.4086;0.3017;0.3136",669.973684210526,690.545037585244,1774.13361344023,0.230772314551884,20.5713533747174,-148.968625271863,143.418456035009,55.4145524943361,72.3850882234379
128,"natalia_oliveira_2023",5,"[32] Soares, Pereira 2011; [06] Gibbons et al. 2001; [48] Fernandes et al. 2016; [18] Iwama et al. 2009; [45] Kim et al. 2014","0.1395;0.3147;0.1319;0.1302;0.2837",674.984210526316,624.89316222318,587.017545143638,0.23858990371945,-50.091048303136,-217.850477138868,98.1470889057711,72.2830681175824,93.6637510654252
129,"natalia_oliveira_2023",16,"[20] Jenkins et al. 2009; [32] Soares, Pereira 2011; [58] Delbressine et al. 2023; [54] Almeida et al. 2019; [42] Britto et al. 2013; [10] Camarri et al. 2006; [47] Nusdwinuringtyas et al, 2014; [37] Hill et al. 2011; [07] Enrigth et al. 2003; [26] Jenkins et al. 2009; [43] Rao et al. 2013; [09] Camarri et al. 2006; [27] Alameri et al. 2009; [15] Masmoudi et al. 2008; [34] Dourado, Vidotto, Guerra 2011; [06] Gibbons et al. 2001","0.0745;-0.4513;0.1988;-0.1226;0.1277;-0.2271;0.5327;0.2743;0.2842;0.2472;-0.8322;0.3598;0.3507;0.1073;0.2245;-0.1484",671.58947368421,766.158591802293,910.132098749323,0.126172163942465,94.5691181180825,-48.7010660480504,238.784680719503,102.380940795793,119.101072562386
130,"natalia_oliveira_2023",16,"[07] Enrigth et al. 2003; [06] Gibbons et al. 2001; [34] Dourado, Vidotto, Guerra 2011; [04] Troosters, Gosselink & Decramer 1999; [58] Delbressine et al. 2023; [37] Hill et al. 2011; [27] Alameri et al. 2009; [32] Soares, Pereira 2011; [42] Britto et al. 2013; [18] Iwama et al. 2009; [48] Fernandes et al. 2016; [47] Nusdwinuringtyas et al, 2014; [50] Zou et al. 2017; [10] Camarri et al. 2006; [54] Almeida et al. 2019; [40] Britto et al. 2013","0.1403;-0.1271;0.147;0.7621;0.0608;0.1659;0.622;-0.3793;0.1139;-0.0401;-0.1061;0.7187;-0.5818;-0.3567;-0.0702;-0.0694",677.905263157895,597.827382531235,1167.35505594906,0.283732556671845,-80.0778806266595,-295.095859088754,72.1097887919673,88.9865421365143,111.913450720949
131,"natalia_oliveira_2023",25,"[06] Gibbons et al. 2001; [58] Delbressine et al. 2023; [28] Ben Saad et al. 2009; [20] Jenkins et al. 2009; [07] Enrigth et al. 2003; [55] Almeida et al. 2019; [54] Almeida et al. 2019; [10] Camarri et al. 2006; [30] Osses et al. 2010; [42] Britto et al. 2013; [48] Fernandes et al. 2016; [26] Jenkins et al. 2009; [43] Rao et al. 2013; [13] Chetta et al. 2006; [47] Nusdwinuringtyas et al, 2014; [32] Soares, Pereira 2011; [15] Masmoudi et al. 2008; [37] Hill et al. 2011; [27] Alameri et al. 2009; [40] Britto et al. 2013; [04] Troosters, Gosselink & Decramer 1999; [34] Dourado, Vidotto, Guerra 2011; [09] Camarri et al. 2006; [50] Zou et al. 2017; [18] Iwama et al. 2009","-0.5599;0.0807;0.7986;0.0508;0.13;0.0689;-0.2436;-0.5779;0.0609;0.1663;0.2566;0.0707;-0.2626;-0.6734;0.382;-0.2428;-0.046;0.2769;0.8193;-0.2313;0.2806;0.174;0.2374;-0.3352;0.319",668.063157894737,566.38729571913,1632.35509525603,0.224590045711811,-101.675862175607,-223.023193363327,23.9200499924157,105.223487639505,120.411974028991
132,"natalia_oliveira_2023",24,"[20] Jenkins et al. 2009; [32] Soares, Pereira 2011; [54] Almeida et al. 2019; [09] Camarri et al. 2006; [50] Zou et al. 2017; [07] Enrigth et al. 2003; [04] Troosters, Gosselink & Decramer 1999; [37] Hill et al. 2011; [30] Osses et al. 2010; [15] Masmoudi et al. 2008; [10] Camarri et al. 2006; [42] Britto et al. 2013; [06] Gibbons et al. 2001; [34] Dourado, Vidotto, Guerra 2011; [27] Alameri et al. 2009; [40] Britto et al. 2013; [26] Jenkins et al. 2009; [47] Nusdwinuringtyas et al, 2014; [48] Fernandes et al. 2016; [45] Kim et al. 2014; [43] Rao et al. 2013; [13] Chetta et al. 2006; [02] Enright & Sherrill 1998; [55] Almeida et al. 2019","-0.1844;-0.3804;-0.1081;0.4251;-0.4006;0.059;0.5209;0.1625;-0.1904;-0.1377;-0.0874;0.1399;-0.0319;-0.1038;0.5634;-0.1422;-0.108;0.6172;-0.0818;0.2124;-0.4093;-0.4046;0.9531;0.1168",674.984210526316,712.3381572884,1184.59964617546,0.358670293496891,37.3539467620839,-121.800457285598,169.553377610206,65.1520671904638,81.3576031220355
133,"natalia_oliveira_2023",20,"[32] Soares, Pereira 2011; [37] Hill et al. 2011; [28] Ben Saad et al. 2009; [34] Dourado, Vidotto, Guerra 2011; [47] Nusdwinuringtyas et al, 2014; [54] Almeida et al. 2019; [20] Jenkins et al. 2009; [26] Jenkins et al. 2009; [50] Zou et al. 2017; [45] Kim et al. 2014; [55] Almeida et al. 2019; [27] Alameri et al. 2009; [04] Troosters, Gosselink & Decramer 1999; [07] Enrigth et al. 2003; [06] Gibbons et al. 2001; [58] Delbressine et al. 2023; [30] Osses et al. 2010; [40] Britto et al. 2013; [09] Camarri et al. 2006; [18] Iwama et al. 2009","-0.3142;0.4172;0.6825;0.3076;0.1629;-0.3082;0.0855;0.0453;-0.4495;0.0932;0.1681;0.4351;-0.0318;0.062;-0.6472;0.0231;0.1691;-0.4128;0.0996;0.4127",684.036842105263,655.433651060223,1412.22017958844,0.259708969434322,-28.6031910450406,-138.319531824837,85.000954921652,55.264854129066,69.5140294786098
134,"natalia_oliveira_2023",1,"[06] Gibbons et al. 2001","1",677.342105263158,724.186157894737,1537.42657193261,0.101129409200762,46.8440526315789,-90.5500000000001,173.37,70.0428947368421,86.6110253860387
135,"natalia_oliveira_2023",26,"[34] Dourado, Vidotto, Guerra 2011; [04] Troosters, Gosselink & Decramer 1999; [43] Rao et al. 2013; [40] Britto et al. 2013; [28] Ben Saad et al. 2009; [02] Enright & Sherrill 1998; [47] Nusdwinuringtyas et al, 2014; [07] Enrigth et al. 2003; [54] Almeida et al. 2019; [18] Iwama et al. 2009; [27] Alameri et al. 2009; [10] Camarri et al. 2006; [26] Jenkins et al. 2009; [13] Chetta et al. 2006; [58] Delbressine et al. 2023; [42] Britto et al. 2013; [06] Gibbons et al. 2001; [20] Jenkins et al. 2009; [15] Masmoudi et al. 2008; [48] Fernandes et al. 2016; [32] Soares, Pereira 2011; [30] Osses et al. 2010; [45] Kim et al. 2014; [09] Camarri et al. 2006; [50] Zou et al. 2017; [37] Hill et al. 2011","0.0315;0.146;-0.3079;-0.2313;0.332;0.5757;0.338;0.0161;-0.079;0.1095;0.4597;-0.341;0.0526;-0.4161;-0.0132;0.254;-0.2187;0.0237;-0.0853;0.0573;0.0411;-0.0481;0.1509;0.4577;-0.3582;0.0531",668.631578947368,630.235045233797,1583.23683190106,0.297566777443868,-38.3965337135712,-146.428871612502,79.3899639539558,59.6159797103485,72.1649914849611
136,"natalia_oliveira_2023",8,"[02] Enright & Sherrill 1998; [34] Dourado, Vidotto, Guerra 2011; [10] Camarri et al. 2006; [45] Kim et al. 2014; [55] Almeida et al. 2019; [07] Enrigth et al. 2003; [32] Soares, Pereira 2011; [27] Alameri et al. 2009","0.6652;-0.2105;0.1903;0.1791;0.1499;5e-04;-0.4182;0.4439",680.778947368421,624.989676836838,836.756365093528,0.0911459279053683,-55.789270531583,-183.166306302756,68.5810026947553,73.7374927708312,95.1943068715189
137,"natalia_oliveira_2023",7,"[18] Iwama et al. 2009; [40] Britto et al. 2013; [32] Soares, Pereira 2011; [28] Ben Saad et al. 2009; [45] Kim et al. 2014; [47] Nusdwinuringtyas et al, 2014; [54] Almeida et al. 2019","0.1363;0.0053;0.1419;0.1651;0.2782;0.0011;0.2721",674.6,650.130056827797,1095.06129130264,0.141969452251804,-24.4699431722026,-164.223320098606,99.8314463777976,56.8978513217491,76.4163322794845
138,"natalia_oliveira_2023",11,"[45] Kim et al. 2014; [30] Osses et al. 2010; [06] Gibbons et al. 2001; [42] Britto et al. 2013; [07] Enrigth et al. 2003; [04] Troosters, Gosselink & Decramer 1999; [13] Chetta et al. 2006; [37] Hill et al. 2011; [43] Rao et al. 2013; [50] Zou et al. 2017; [34] Dourado, Vidotto, Guerra 2011","0.8889;-0.1437;0.3171;0.2046;0.0329;0.4498;-0.4295;0.4159;-0.3133;-0.4098;-0.0129",680.557894736842,848.841610178552,1715.2369978941,0.222896626775918,168.28371544171,25.2204758778582,301.037129778329,170.657411040246,183.279532321431
139,"natalia_oliveira_2023",22,"[42] Britto et al. 2013; [34] Dourado, Vidotto, Guerra 2011; [58] Delbressine et al. 2023; [07] Enrigth et al. 2003; [06] Gibbons et al. 2001; [09] Camarri et al. 2006; [26] Jenkins et al. 2009; [02] Enright & Sherrill 1998; [43] Rao et al. 2013; [27] Alameri et al. 2009; [13] Chetta et al. 2006; [10] Camarri et al. 2006; [30] Osses et al. 2010; [37] Hill et al. 2011; [15] Masmoudi et al. 2008; [32] Soares, Pereira 2011; [55] Almeida et al. 2019; [04] Troosters, Gosselink & Decramer 1999; [48] Fernandes et al. 2016; [45] Kim et al. 2014; [50] Zou et al. 2017; [40] Britto et al. 2013","0.127;-0.1662;-0.0866;0.0274;0.198;0.4848;-0.1876;1.0049;-0.4403;0.7714;-0.319;-0.0977;-0.2544;0.1945;-0.2013;-0.4856;0.1512;0.4865;-8e-04;0.3059;-0.4335;-0.0785",671.91052631579,753.614889562855,1420.07774174471,0.211584131919237,81.7043632470659,-37.7488960734588,219.647237056344,89.7278684687651,107.703793811017
140,"natalia_oliveira_2023",4,"[30] Osses et al. 2010; [10] Camarri et al. 2006; [40] Britto et al. 2013; [06] Gibbons et al. 2001","0.4046;0.2608;0.0217;0.3128",685.405263157895,715.110587676935,1298.82794978573,0.199806413668006,29.7053245190403,-109.443854533381,148.118858794267,58.9744078816909,71.7963115406306
141,"natalia_oliveira_2023",13,"[06] Gibbons et al. 2001; [50] Zou et al. 2017; [58] Delbressine et al. 2023; [20] Jenkins et al. 2009; [27] Alameri et al. 2009; [55] Almeida et al. 2019; [18] Iwama et al. 2009; [28] Ben Saad et al. 2009; [09] Camarri et al. 2006; [34] Dourado, Vidotto, Guerra 2011; [37] Hill et al. 2011; [32] Soares, Pereira 2011; [40] Britto et al. 2013","-0.6736;-0.4018;0.134;-0.0362;0.7242;0.1574;0.4005;0.6825;0.0718;0.1219;0.4636;-0.2987;-0.3456",669,613.828851931315,1937.34139425177,0.210901295652078,-55.1711480686848,-187.594260541071,71.9610623124199,70.9922114475001,90.102859409105
142,"natalia_oliveira_2023",27,"[07] Enrigth et al. 2003; [47] Nusdwinuringtyas et al, 2014; [54] Almeida et al. 2019; [42] Britto et al. 2013; [15] Masmoudi et al. 2008; [06] Gibbons et al. 2001; [27] Alameri et al. 2009; [37] Hill et al. 2011; [40] Britto et al. 2013; [55] Almeida et al. 2019; [50] Zou et al. 2017; [04] Troosters, Gosselink & Decramer 1999; [13] Chetta et al. 2006; [32] Soares, Pereira 2011; [48] Fernandes et al. 2016; [26] Jenkins et al. 2009; [18] Iwama et al. 2009; [20] Jenkins et al. 2009; [09] Camarri et al. 2006; [43] Rao et al. 2013; [28] Ben Saad et al. 2009; [10] Camarri et al. 2006; [30] Osses et al. 2010; [34] Dourado, Vidotto, Guerra 2011; [45] Kim et al. 2014; [58] Delbressine et al. 2023; [02] Enright & Sherrill 1998","0.0415;0.3243;-0.244;0.1262;-0.1038;-0.4377;0.5982;0.192;-0.3155;0.1113;-0.2321;0.1916;-0.4992;-0.235;0.167;-0.075;0.2147;-0.0763;0.2358;-0.1983;0.7008;-0.4013;-0.0377;0.0287;0.2641;-0.0174;0.6772",681.405263157895,593.398600970076,1884.2546934087,0.204748431864095,-88.0066621878189,-248.69651519069,37.548795583152,96.370648450965,117.453819329043
143,"natalia_oliveira_2023",10,"[04] Troosters, Gosselink & Decramer 1999; [58] Delbressine et al. 2023; [02] Enright & Sherrill 1998; [27] Alameri et al. 2009; [20] Jenkins et al. 2009; [06] Gibbons et al. 2001; [50] Zou et al. 2017; [55] Almeida et al. 2019; [40] Britto et al. 2013; [30] Osses et al. 2010","0.4392;-0.2402;0.9953;0.8233;-0.3834;0.2997;-0.3903;0.1585;-0.3097;-0.3924",682.473684210526,598.19749775757,1200.36772254174,0.223921237193998,-84.2761864529563,-202.677729066426,54.526840344669,92.3740755221275,108.152274755853
144,"natalia_oliveira_2023",21,"[42] Britto et al. 2013; [09] Camarri et al. 2006; [50] Zou et al. 2017; [15] Masmoudi et al. 2008; [02] Enright & Sherrill 1998; [26] Jenkins et al. 2009; [06] Gibbons et al. 2001; [27] Alameri et al. 2009; [18] Iwama et al. 2009; [04] Troosters, Gosselink & Decramer 1999; [32] Soares, Pereira 2011; [47] Nusdwinuringtyas et al, 2014; [28] Ben Saad et al. 2009; [55] Almeida et al. 2019; [40] Britto et al. 2013; [07] Enrigth et al. 2003; [34] Dourado, Vidotto, Guerra 2011; [45] Kim et al. 2014; [20] Jenkins et al. 2009; [54] Almeida et al. 2019; [10] Camarri et al. 2006","0.16;0.2696;-0.3241;-0.16;0.9124;-0.0309;-0.5675;0.5189;0.2397;0.075;-0.3002;0.3677;0.7106;0.1071;-0.3448;-0.0616;0.0911;0.1947;-0.037;-0.3226;-0.4981",678.4,533.04565621708,1668.79418778704,0.164287668754152,-145.35434378292,-279.265221189338,-2.3003236626677,146.939255948386,163.503012115633
145,"natalia_oliveira_2023",11,"[47] Nusdwinuringtyas et al, 2014; [27] Alameri et al. 2009; [34] Dourado, Vidotto, Guerra 2011; [07] Enrigth et al. 2003; [20] Jenkins et al. 2009; [02] Enright & Sherrill 1998; [30] Osses et al. 2010; [50] Zou et al. 2017; [32] Soares, Pereira 2011; [10] Camarri et al. 2006; [04] Troosters, Gosselink & Decramer 1999","0.4694;0.7081;-0.0944;-0.0168;-0.1559;0.7127;-0.262;-0.3821;-0.3796;-0.1881;0.5886",670.294736842105,559.182780113399,1403.57781704194,0.163920504651471,-111.111956728707,-259.741429534642,33.7008035070632,118.405889119989,139.963139832418
146,"natalia_oliveira_2023",10,"[04] Troosters, Gosselink & Decramer 1999; [13] Chetta et al. 2006; [02] Enright & Sherrill 1998; [10] Camarri et al. 2006; [06] Gibbons et al. 2001; [34] Dourado, Vidotto, Guerra 2011; [37] Hill et al. 2011; [48] Fernandes et al. 2016; [07] Enrigth et al. 2003; [20] Jenkins et al. 2009","0.3443;-0.2635;0.6167;0.523;0.1805;-0.1924;-0.0323;0.5054;-0.3378;-0.3439",674.136842105263,690.982073088868,1578.61398249813,0.122239075314261,16.8452309836052,-124.556894897963,153.275164135281,54.970211906307,70.9236114542687
147,"natalia_oliveira_2023",10,"[26] Jenkins et al. 2009; [02] Enright & Sherrill 1998; [10] Camarri et al. 2006; [06] Gibbons et al. 2001; [04] Troosters, Gosselink & Decramer 1999; [48] Fernandes et al. 2016; [47] Nusdwinuringtyas et al, 2014; [09] Camarri et al. 2006; [20] Jenkins et al. 2009; [50] Zou et al. 2017","-0.0601;0.802;-0.2857;-0.3294;0.3823;-0.221;0.8972;0.5838;-0.2604;-0.5088",675.994736842105,625.020391084287,1136.08180114176,0.302366082683521,-50.9743457578181,-166.948309194938,75.4695357980146,66.2623475993542,81.7092891845547
148,"natalia_oliveira_2023",16,"[55] Almeida et al. 2019; [42] Britto et al. 2013; [30] Osses et al. 2010; [15] Masmoudi et al. 2008; [47] Nusdwinuringtyas et al, 2014; [34] Dourado, Vidotto, Guerra 2011; [28] Ben Saad et al. 2009; [10] Camarri et al. 2006; [04] Troosters, Gosselink & Decramer 1999; [32] Soares, Pereira 2011; [37] Hill et al. 2011; [27] Alameri et al. 2009; [26] Jenkins et al. 2009; [48] Fernandes et al. 2016; [02] Enright & Sherrill 1998; [50] Zou et al. 2017","0.0983;0.2392;-0.1201;-0.1444;0.0946;0.0323;0.2603;-0.3051;0.1904;-0.1279;-0.0914;0.6501;0.0128;-0.0371;0.456;-0.2079",665.336842105263,563.04682135527,1375.10019661812,0.225201829160254,-102.290020749993,-223.544789852851,23.4935131138368,105.373158657989,120.576321109375
149,"natalia_oliveira_2023",23,"[26] Jenkins et al. 2009; [27] Alameri et al. 2009; [43] Rao et al. 2013; [02] Enright & Sherrill 1998; [32] Soares, Pereira 2011; [40] Britto et al. 2013; [07] Enrigth et al. 2003; [47] Nusdwinuringtyas et al, 2014; [54] Almeida et al. 2019; [09] Camarri et al. 2006; [34] Dourado, Vidotto, Guerra 2011; [55] Almeida et al. 2019; [28] Ben Saad et al. 2009; [58] Delbressine et al. 2023; [48] Fernandes et al. 2016; [37] Hill et al. 2011; [42] Britto et al. 2013; [04] Troosters, Gosselink & Decramer 1999; [10] Camarri et al. 2006; [50] Zou et al. 2017; [15] Masmoudi et al. 2008; [20] Jenkins et al. 2009; [45] Kim et al. 2014","0.0247;0.7861;-0.3235;0.9974;-0.31;-0.4681;-0.0907;0.1556;-0.344;0.2329;0.1434;0.0953;0.5578;-0.1152;0.1323;0.0631;0.089;0.1275;-0.5411;-0.3568;-0.2012;-0.02;0.3657",679.436842105263,610.864152977175,1714.14827401937,0.231555457940162,-68.5726891280884,-192.929512190922,59.6695430800969,78.8622677241834,97.3535536819731
150,"natalia_oliveira_2023",2,"[09] Camarri et al. 2006; [27] Alameri et al. 2009","0.5;0.5",672.363157894737,560.231922631579,987.973266845436,0.116604479934008,-112.131235263158,-233.28874125,-1.08689124999988,114.721022105263,130.387615477329
151,"natalia_oliveira_2023",17,"[20] Jenkins et al. 2009; [07] Enrigth et al. 2003; [06] Gibbons et al. 2001; [55] Almeida et al. 2019; [50] Zou et al. 2017; [48] Fernandes et al. 2016; [02] Enright & Sherrill 1998; [30] Osses et al. 2010; [10] Camarri et al. 2006; [32] Soares, Pereira 2011; [09] Camarri et al. 2006; [58] Delbressine et al. 2023; [40] Britto et al. 2013; [28] Ben Saad et al. 2009; [15] Masmoudi et al. 2008; [18] Iwama et al. 2009; [27] Alameri et al. 2009","-0.1032;0.0545;-0.4842;0.0745;-0.1801;0.1972;0.7742;-0.0581;-0.4461;-0.2631;0.2615;-0.0205;-0.4962;0.7789;-0.1182;0.253;0.776",672.963157894737,500.882870748158,2217.47222373026,0.204095557972902,-172.080287146579,-347.393775575448,-51.2682889604112,173.35829235005,188.579623095451
152,"natalia_oliveira_2023",6,"[37] Hill et al. 2011; [54] Almeida et al. 2019; [15] Masmoudi et al. 2008; [27] Alameri et al. 2009; [30] Osses et al. 2010; [04] Troosters, Gosselink & Decramer 1999","0.3383;0.0323;-0.1472;0.4363;-0.1096;0.4499",677.594736842105,688.261135954341,1148.61746506351,0.200826881602895,10.6663991122357,-195.396191983154,138.641226411919,60.4388876070621,78.9141588194385
153,"natalia_oliveira_2023",24,"[58] Delbressine et al. 2023; [15] Masmoudi et al. 2008; [32] Soares, Pereira 2011; [07] Enrigth et al. 2003; [04] Troosters, Gosselink & Decramer 1999; [13] Chetta et al. 2006; [28] Ben Saad et al. 2009; [47] Nusdwinuringtyas et al, 2014; [18] Iwama et al. 2009; [45] Kim et al. 2014; [27] Alameri et al. 2009; [50] Zou et al. 2017; [34] Dourado, Vidotto, Guerra 2011; [09] Camarri et al. 2006; [54] Almeida et al. 2019; [48] Fernandes et al. 2016; [06] Gibbons et al. 2001; [42] Britto et al. 2013; [26] Jenkins et al. 2009; [02] Enright & Sherrill 1998; [20] Jenkins et al. 2009; [10] Camarri et al. 2006; [40] Britto et al. 2013; [30] Osses et al. 2010","-0.0027;-0.1068;-0.2533;0.0703;0.2099;-0.5117;0.7345;0.3519;0.2179;0.3522;0.6916;-0.1998;-0.0067;0.1571;-0.2365;0.1644;-0.46;0.0789;-0.101;0.7707;-0.0979;-0.4671;-0.2963;-0.0597",672.121052631579,482.419124852585,2041.04236048761,0.29386680042872,-189.701927778994,-362.247161383813,-62.3878717930747,190.259809709737,204.131340519016
154,"natalia_oliveira_2023",26,"[02] Enright & Sherrill 1998; [10] Camarri et al. 2006; [30] Osses et al. 2010; [55] Almeida et al. 2019; [15] Masmoudi et al. 2008; [42] Britto et al. 2013; [28] Ben Saad et al. 2009; [26] Jenkins et al. 2009; [48] Fernandes et al. 2016; [04] Troosters, Gosselink & Decramer 1999; [20] Jenkins et al. 2009; [37] Hill et al. 2011; [07] Enrigth et al. 2003; [34] Dourado, Vidotto, Guerra 2011; [09] Camarri et al. 2006; [54] Almeida et al. 2019; [32] Soares, Pereira 2011; [18] Iwama et al. 2009; [45] Kim et al. 2014; [50] Zou et al. 2017; [47] Nusdwinuringtyas et al, 2014; [27] Alameri et al. 2009; [13] Chetta et al. 2006; [06] Gibbons et al. 2001; [43] Rao et al. 2013; [58] Delbressine et al. 2023","0.6542;-0.4755;-0.0709;0.0716;-0.0976;0.047;0.7618;-0.1069;0.1707;0.1957;-0.1066;0.1927;0.0685;-0.0321;0.1905;-0.3686;-0.2362;0.2282;0.3528;-0.2128;0.3418;0.7342;-0.5707;-0.5588;-0.17;-0.0031",669.478947368421,526.502772418169,2346.6203313992,0.209497335291053,-142.976174950252,-273.707569525465,-3.26313324711746,146.102833213363,161.56884538112
155,"natalia_oliveira_2023",1,"[06] Gibbons et al. 2001","1",672.952631578947,721.510105263158,2040.43060527987,0.150055204542695,48.5574736842104,-135.64,176.769,74.7207368421052,90.7999311325962
156,"natalia_oliveira_2023",17,"[55] Almeida et al. 2019; [30] Osses et al. 2010; [58] Delbressine et al. 2023; [18] Iwama et al. 2009; [06] Gibbons et al. 2001; [13] Chetta et al. 2006; [50] Zou et al. 2017; [45] Kim et al. 2014; [34] Dourado, Vidotto, Guerra 2011; [04] Troosters, Gosselink & Decramer 1999; [47] Nusdwinuringtyas et al, 2014; [07] Enrigth et al. 2003; [10] Camarri et al. 2006; [37] Hill et al. 2011; [54] Almeida et al. 2019; [02] Enright & Sherrill 1998; [28] Ben Saad et al. 2009","0.0574;-0.1027;-0.108;0.3124;-0.5483;-0.5437;-0.0862;0.6487;0.0026;0.0969;0.6298;-0.0432;-0.3708;0.1411;-0.3848;0.6157;0.6829",664.031578947368,581.95046148496,2067.54828824596,0.259118472008887,-82.0811174624089,-229.049047426277,38.4052581545926,89.8846415851084,109.585127570486
157,"natalia_oliveira_2023",17,"[15] Masmoudi et al. 2008; [40] Britto et al. 2013; [28] Ben Saad et al. 2009; [58] Delbressine et al. 2023; [27] Alameri et al. 2009; [13] Chetta et al. 2006; [26] Jenkins et al. 2009; [20] Jenkins et al. 2009; [47] Nusdwinuringtyas et al, 2014; [07] Enrigth et al. 2003; [30] Osses et al. 2010; [48] Fernandes et al. 2016; [18] Iwama et al. 2009; [50] Zou et al. 2017; [45] Kim et al. 2014; [04] Troosters, Gosselink & Decramer 1999; [55] Almeida et al. 2019","-0.0299;-0.4775;0.4975;0.1479;0.547;-0.7516;-0.0462;-0.0275;0.0237;0.2448;0.0832;0.2517;0.2998;-0.402;0.1555;0.3247;0.1589",692.510526315789,633.48044647186,1488.23931240025,0.232807683605406,-59.0300798439297,-206.157819876061,68.8297837180642,74.6016328599789,93.3118038889357
158,"natalia_oliveira_2023",21,"[18] Iwama et al. 2009; [04] Troosters, Gosselink & Decramer 1999; [58] Delbressine et al. 2023; [40] Britto et al. 2013; [13] Chetta et al. 2006; [54] Almeida et al. 2019; [50] Zou et al. 2017; [43] Rao et al. 2013; [32] Soares, Pereira 2011; [48] Fernandes et al. 2016; [20] Jenkins et al. 2009; [55] Almeida et al. 2019; [26] Jenkins et al. 2009; [47] Nusdwinuringtyas et al, 2014; [15] Masmoudi et al. 2008; [37] Hill et al. 2011; [06] Gibbons et al. 2001; [02] Enright & Sherrill 1998; [07] Enrigth et al. 2003; [09] Camarri et al. 2006; [30] Osses et al. 2010","0.0903;0.4861;-0.1021;-0.2568;-0.4415;-0.2156;-0.2559;-0.3229;-0.3318;0.0269;-0.107;0.1176;0.0145;0.9224;-0.1573;0.0822;-0.0696;1.096;-0.0536;0.6223;-0.1441",683.621052631579,759.53049595878,1078.58971679062,0.184799220969414,75.909443327201,-81.2529288922473,214.467288763011,88.4363344244843,105.090767450804
159,"natalia_oliveira_2023",15,"[28] Ben Saad et al. 2009; [50] Zou et al. 2017; [06] Gibbons et al. 2001; [04] Troosters, Gosselink & Decramer 1999; [37] Hill et al. 2011; [40] Britto et al. 2013; [54] Almeida et al. 2019; [18] Iwama et al. 2009; [45] Kim et al. 2014; [47] Nusdwinuringtyas et al, 2014; [09] Camarri et al. 2006; [27] Alameri et al. 2009; [55] Almeida et al. 2019; [30] Osses et al. 2010; [10] Camarri et al. 2006","0.8237;-0.2594;-0.6535;0.1588;0.2666;-0.2607;-0.227;0.4825;0.2034;0.1815;0.086;0.5204;0.1136;0.1589;-0.5948",689.331578947368,549.684042391636,2095.71112741407,0.264843660717869,-139.647536555732,-322.323854975082,-28.0517669697527,140.091323019665,156.570109061044
160,"natalia_oliveira_2023",20,"[54] Almeida et al. 2019; [02] Enright & Sherrill 1998; [32] Soares, Pereira 2011; [50] Zou et al. 2017; [10] Camarri et al. 2006; [30] Osses et al. 2010; [28] Ben Saad et al. 2009; [34] Dourado, Vidotto, Guerra 2011; [26] Jenkins et al. 2009; [55] Almeida et al. 2019; [48] Fernandes et al. 2016; [07] Enrigth et al. 2003; [20] Jenkins et al. 2009; [58] Delbressine et al. 2023; [45] Kim et al. 2014; [43] Rao et al. 2013; [09] Camarri et al. 2006; [27] Alameri et al. 2009; [13] Chetta et al. 2006; [37] Hill et al. 2011","-0.1689;0.5727;-0.1858;-0.2446;-0.4271;-0.0157;0.4787;0.0774;4e-04;0.1259;0.1496;-0.0069;-0.0194;-0.0174;0.3318;-0.1985;0.3861;0.6829;-0.5313;0.0102",673.3,590.948589584145,1698.66611266309,0.294899783001843,-82.3514104158554,-193.722477874939,24.1678135609416,86.4610762939384,102.962299253197
161,"natalia_oliveira_2023",24,"[20] Jenkins et al. 2009; [15] Masmoudi et al. 2008; [43] Rao et al. 2013; [45] Kim et al. 2014; [18] Iwama et al. 2009; [54] Almeida et al. 2019; [04] Troosters, Gosselink & Decramer 1999; [40] Britto et al. 2013; [37] Hill et al. 2011; [28] Ben Saad et al. 2009; [50] Zou et al. 2017; [32] Soares, Pereira 2011; [34] Dourado, Vidotto, Guerra 2011; [10] Camarri et al. 2006; [30] Osses et al. 2010; [48] Fernandes et al. 2016; [02] Enright & Sherrill 1998; [13] Chetta et al. 2006; [26] Jenkins et al. 2009; [27] Alameri et al. 2009; [09] Camarri et al. 2006; [58] Delbressine et al. 2023; [07] Enrigth et al. 2003; [55] Almeida et al. 2019","-3e-04;-0.138;-0.2264;0.3222;0.2121;-0.2417;0.1114;-0.3036;-0.0524;0.5559;-0.2567;-0.2241;0.1608;-0.3522;0.026;0.1598;0.8037;-0.5667;0.0214;0.6641;0.3777;-0.0759;-0.0951;0.1182",673.426315789474,625.794571983486,1450.24865452446,0.263496276646431,-47.6317438059873,-169.680651307627,71.5530053116595,64.8487062818954,81.1246219729301
162,"natalia_oliveira_2023",11,"[54] Almeida et al. 2019; [34] Dourado, Vidotto, Guerra 2011; [04] Troosters, Gosselink & Decramer 1999; [28] Ben Saad et al. 2009; [48] Fernandes et al. 2016; [45] Kim et al. 2014; [06] Gibbons et al. 2001; [32] Soares, Pereira 2011; [26] Jenkins et al. 2009; [07] Enrigth et al. 2003; [55] Almeida et al. 2019","-0.1566;0.2124;0.1319;0.3801;0.3772;0.3302;-0.3301;-0.2173;-6e-04;0.0366;0.2361",674.831578947368,630.13341013737,1673.34012499897,0.254814838144188,-44.6981688099987,-163.590283190333,63.1341517401894,57.6093494366323,77.6258510776566
163,"natalia_oliveira_2023",19,"[55] Almeida et al. 2019; [02] Enright & Sherrill 1998; [18] Iwama et al. 2009; [13] Chetta et al. 2006; [48] Fernandes et al. 2016; [34] Dourado, Vidotto, Guerra 2011; [32] Soares, Pereira 2011; [45] Kim et al. 2014; [58] Delbressine et al. 2023; [07] Enrigth et al. 2003; [10] Camarri et al. 2006; [06] Gibbons et al. 2001; [54] Almeida et al. 2019; [40] Britto et al. 2013; [28] Ben Saad et al. 2009; [30] Osses et al. 2010; [26] Jenkins et al. 2009; [04] Troosters, Gosselink & Decramer 1999; [47] Nusdwinuringtyas et al, 2014","0.0904;0.7795;0.3258;-0.4977;0.2689;0.0836;-0.2065;0.6255;-0.097;-0.0481;-0.2637;-0.5232;-0.3009;-0.47;0.7763;-0.0292;-0.0536;0.0401;0.4998",666.947368421053,565.438174403282,1606.54887190384,0.3271422043595,-101.509194017771,-235.530383023295,13.6206185733392,105.215074148711,122.420602525602
164,"natalia_oliveira_2023",27,"[42] Britto et al. 2013; [48] Fernandes et al. 2016; [27] Alameri et al. 2009; [34] Dourado, Vidotto, Guerra 2011; [15] Masmoudi et al. 2008; [30] Osses et al. 2010; [13] Chetta et al. 2006; [28] Ben Saad et al. 2009; [55] Almeida et al. 2019; [20] Jenkins et al. 2009; [45] Kim et al. 2014; [18] Iwama et al. 2009; [43] Rao et al. 2013; [04] Troosters, Gosselink & Decramer 1999; [40] Britto et al. 2013; [50] Zou et al. 2017; [32] Soares, Pereira 2011; [26] Jenkins et al. 2009; [06] Gibbons et al. 2001; [10] Camarri et al. 2006; [07] Enrigth et al. 2003; [47] Nusdwinuringtyas et al, 2014; [09] Camarri et al. 2006; [54] Almeida et al. 2019; [02] Enright & Sherrill 1998; [37] Hill et al. 2011; [58] Delbressine et al. 2023","0.1672;0.1428;0.6338;0.1035;-0.1407;-0.0567;-0.5677;0.662;0.0959;-0.0411;0.2826;0.1972;-0.2671;0.2065;-0.3813;-0.2922;-0.3356;0.0289;-0.416;-0.4472;-0.0496;0.5353;0.3124;-0.3392;0.9442;0.0921;-0.0702",675.536842105263,590.702333437757,1487.81156575066,0.215595394774516,-84.8345086675063,-206.329239684528,50.7497743605473,92.6447304058722,107.427246445762
165,"natalia_oliveira_2023",19,"[04] Troosters, Gosselink & Decramer 1999; [18] Iwama et al. 2009; [13] Chetta et al. 2006; [50] Zou et al. 2017; [28] Ben Saad et al. 2009; [43] Rao et al. 2013; [02] Enright & Sherrill 1998; [40] Britto et al. 2013; [32] Soares, Pereira 2011; [45] Kim et al. 2014; [54] Almeida et al. 2019; [09] Camarri et al. 2006; [48] Fernandes et al. 2016; [34] Dourado, Vidotto, Guerra 2011; [20] Jenkins et al. 2009; [47] Nusdwinuringtyas et al, 2014; [37] Hill et al. 2011; [10] Camarri et al. 2006; [07] Enrigth et al. 2003","0.1171;0.2227;-0.6057;-0.2344;0.447;-0.2105;0.6561;-0.4458;-0.016;0.4895;-0.2035;0.412;0.1548;0.1605;0.049;0.4114;-0.0106;-0.3215;-0.0723",669.368421052632,681.272444350391,1522.95962097136,0.236079035356958,11.9040232977594,-109.066840257401,140.860810826822,51.5797968824729,66.7462962834049
166,"natalia_oliveira_2023",13,"[32] Soares, Pereira 2011; [58] Delbressine et al. 2023; [27] Alameri et al. 2009; [47] Nusdwinuringtyas et al, 2014; [28] Ben Saad et al. 2009; [26] Jenkins et al. 2009; [42] Britto et al. 2013; [06] Gibbons et al. 2001; [48] Fernandes et al. 2016; [04] Troosters, Gosselink & Decramer 1999; [43] Rao et al. 2013; [54] Almeida et al. 2019; [34] Dourado, Vidotto, Guerra 2011","-0.2583;0.1239;0.4872;0.2456;0.56;-0.0525;0.1242;-0.5665;0.4225;0.1887;-0.2492;-0.2279;0.2021",682.931578947368,565.369926845474,2316.12882264911,0.309445073034427,-117.561652101895,-279.917759603407,-1.28200081873842,117.868028289887,136.623332980126
167,"natalia_oliveira_2023",9,"[54] Almeida et al. 2019; [40] Britto et al. 2013; [04] Troosters, Gosselink & Decramer 1999; [30] Osses et al. 2010; [27] Alameri et al. 2009; [55] Almeida et al. 2019; [45] Kim et al. 2014; [10] Camarri et al. 2006; [48] Fernandes et al. 2016","-0.1303;0.1036;0.6579;-0.3064;0.5459;0.3126;-0.0637;-0.2936;0.174",683.373684210526,600.250016296231,1130.75946493378,0.155054375838048,-83.1236679142957,-207.20108263284,58.0025405183188,89.6338743054055,107.256712084058
168,"natalia_oliveira_2023",15,"[54] Almeida et al. 2019; [10] Camarri et al. 2006; [40] Britto et al. 2013; [15] Masmoudi et al. 2008; [58] Delbressine et al. 2023; [32] Soares, Pereira 2011; [30] Osses et al. 2010; [47] Nusdwinuringtyas et al, 2014; [27] Alameri et al. 2009; [06] Gibbons et al. 2001; [42] Britto et al. 2013; [55] Almeida et al. 2019; [50] Zou et al. 2017; [18] Iwama et al. 2009; [26] Jenkins et al. 2009","-0.2123;-0.0942;-0.0196;0.2438;0.3112;-0.2215;0.0774;0.4174;0.3366;0.0335;0.2143;0.2062;-0.3745;-0.1495;0.2312",682.68947368421,607.842783052007,783.60077948232,0.206351822397163,-74.8466906322037,-245.485480086121,43.3047990649082,81.0337159747784,103.103035957135
169,"natalia_oliveira_2023",4,"[58] Delbressine et al. 2023; [27] Alameri et al. 2009; [34] Dourado, Vidotto, Guerra 2011; [37] Hill et al. 2011","0.319;0.4404;-0.0508;0.2914",667.431578947368,628.542914278028,927.079527756512,0.148386309966063,-38.8886646693404,-156.331966402197,78.4947128227579,57.461603821353,74.3204400989268
170,"natalia_oliveira_2023",27,"[37] Hill et al. 2011; [58] Delbressine et al. 2023; [13] Chetta et al. 2006; [20] Jenkins et al. 2009; [50] Zou et al. 2017; [43] Rao et al. 2013; [45] Kim et al. 2014; [48] Fernandes et al. 2016; [27] Alameri et al. 2009; [18] Iwama et al. 2009; [55] Almeida et al. 2019; [30] Osses et al. 2010; [34] Dourado, Vidotto, Guerra 2011; [47] Nusdwinuringtyas et al, 2014; [10] Camarri et al. 2006; [07] Enrigth et al. 2003; [28] Ben Saad et al. 2009; [15] Masmoudi et al. 2008; [04] Troosters, Gosselink & Decramer 1999; [42] Britto et al. 2013; [40] Britto et al. 2013; [02] Enright & Sherrill 1998; [32] Soares, Pereira 2011; [09] Camarri et al. 2006; [06] Gibbons et al. 2001; [54] Almeida et al. 2019; [26] Jenkins et al. 2009","0.1643;-0.0591;-0.5434;-0.0496;-0.1831;-0.1431;0.3447;0.1913;0.6734;0.2449;0.0689;-0.0334;0.0808;0.3469;-0.4484;-0.0114;0.8393;-0.1466;0.0722;0.1407;-0.4407;0.7934;-0.2278;0.1772;-0.4858;-0.3263;-0.039",686.978947368421,548.644256065355,1857.54413714151,0.241208000058714,-138.334691303066,-318.884723949137,-5.33415199241239,139.649929119277,158.670475608231
171,"natalia_oliveira_2023",26,"[04] Troosters, Gosselink & Decramer 1999; [37] Hill et al. 2011; [02] Enright & Sherrill 1998; [34] Dourado, Vidotto, Guerra 2011; [47] Nusdwinuringtyas et al, 2014; [50] Zou et al. 2017; [09] Camarri et al. 2006; [26] Jenkins et al. 2009; [55] Almeida et al. 2019; [15] Masmoudi et al. 2008; [32] Soares, Pereira 2011; [54] Almeida et al. 2019; [07] Enrigth et al. 2003; [13] Chetta et al. 2006; [10] Camarri et al. 2006; [28] Ben Saad et al. 2009; [43] Rao et al. 2013; [18] Iwama et al. 2009; [42] Britto et al. 2013; [48] Fernandes et al. 2016; [40] Britto et al. 2013; [45] Kim et al. 2014; [27] Alameri et al. 2009; [20] Jenkins et al. 2009; [30] Osses et al. 2010; [06] Gibbons et al. 2001","0.18;0.1685;0.8632;0.0094;0.2841;-0.251;0.2824;-0.107;0.1543;-0.1738;-0.2394;-0.2455;0.0139;-0.5765;-0.4049;0.7378;-0.2262;0.2276;0.1508;0.163;-0.4144;0.3616;0.7251;-0.1061;-0.0872;-0.4897",669.163157894737,578.983298925003,1835.31971640989,0.232502950050545,-90.1798589697341,-221.709132859328,41.6334867043516,98.3945549934656,115.440900362679
172,"natalia_oliveira_2023",8,"[58] Delbressine et al. 2023; [06] Gibbons et al. 2001; [10] Camarri et al. 2006; [13] Chetta et al. 2006; [09] Camarri et al. 2006; [50] Zou et al. 2017; [43] Rao et al. 2013; [32] Soares, Pereira 2011","0.504;0.2928;-0.0953;-0.1639;0.535;-0.0982;0.0114;0.0143",673.963157894737,706.02581389055,1515.87456884462,0.238043533800495,32.0626559958126,-114.425573565279,162.854245497707,57.5091278360052,76.1695995603572
173,"natalia_oliveira_2023",25,"[04] Troosters, Gosselink & Decramer 1999; [32] Soares, Pereira 2011; [55] Almeida et al. 2019; [58] Delbressine et al. 2023; [40] Britto et al. 2013; [48] Fernandes et al. 2016; [43] Rao et al. 2013; [02] Enright & Sherrill 1998; [07] Enrigth et al. 2003; [27] Alameri et al. 2009; [28] Ben Saad et al. 2009; [26] Jenkins et al. 2009; [18] Iwama et al. 2009; [06] Gibbons et al. 2001; [34] Dourado, Vidotto, Guerra 2011; [47] Nusdwinuringtyas et al, 2014; [54] Almeida et al. 2019; [09] Camarri et al. 2006; [42] Britto et al. 2013; [50] Zou et al. 2017; [15] Masmoudi et al. 2008; [37] Hill et al. 2011; [13] Chetta et al. 2006; [20] Jenkins et al. 2009; [10] Camarri et al. 2006","0.1045;-0.2342;0.0971;-0.0676;-0.3777;0.2554;-0.1416;0.7368;-0.0284;0.6448;0.7939;-0.0538;0.3019;-0.4797;0.0344;0.3235;-0.3194;0.2899;0.1647;-0.1679;-0.1498;0.1958;-0.5221;-0.0653;-0.3352",678.489473684211,569.882353832418,1827.64395143161,0.228084665280928,-108.607119851792,-241.098850007723,38.2583423572838,113.860669063928,131.687113164289
174,"natalia_oliveira_2023",4,"[50] Zou et al. 2017; [09] Camarri et al. 2006; [18] Iwama et al. 2009; [13] Chetta et al. 2006","-0.2997;0.5337;0.5281;0.2379",679.673684210526,614.421954163983,577.179590035499,0.15827617343443,-65.2517300465434,-191.014909949833,57.3243573700315,77.6721159273012,95.0611963132101
175,"natalia_oliveira_2023",15,"[42] Britto et al. 2013; [15] Masmoudi et al. 2008; [13] Chetta et al. 2006; [43] Rao et al. 2013; [20] Jenkins et al. 2009; [37] Hill et al. 2011; [27] Alameri et al. 2009; [50] Zou et al. 2017; [30] Osses et al. 2010; [06] Gibbons et al. 2001; [09] Camarri et al. 2006; [07] Enrigth et al. 2003; [55] Almeida et al. 2019; [26] Jenkins et al. 2009; [04] Troosters, Gosselink & Decramer 1999","0.2427;-0.1094;-0.3696;-0.3724;-0.1247;0.3677;0.6501;-0.4437;-0.1178;0.1731;0.2777;0.1225;0.2375;-0.0483;0.5146",673.115789473684,776.746367503041,1430.17280613162,0.315128261823122,103.630578029357,-9.89231913386175,219.180787010656,108.291410036306,123.600812694949
176,"natalia_oliveira_2023",17,"[26] Jenkins et al. 2009; [54] Almeida et al. 2019; [37] Hill et al. 2011; [18] Iwama et al. 2009; [15] Masmoudi et al. 2008; [09] Camarri et al. 2006; [50] Zou et al. 2017; [48] Fernandes et al. 2016; [10] Camarri et al. 2006; [20] Jenkins et al. 2009; [02] Enright & Sherrill 1998; [32] Soares, Pereira 2011; [04] Troosters, Gosselink & Decramer 1999; [30] Osses et al. 2010; [13] Chetta et al. 2006; [34] Dourado, Vidotto, Guerra 2011; [07] Enrigth et al. 2003","-0.07;0.1278;0.0764;0.1922;-0.2352;0.6981;-0.1491;0.1295;0.0726;-0.1504;0.7746;-0.2731;0.3039;-0.1884;-0.1485;-0.0449;-0.1154",687.526315789474,718.601364683722,1245.15843676547,0.216217493511784,31.0750488942483,-162.998179170439,168.176784453651,68.3384329612229,86.0473617988283
177,"natalia_oliveira_2023",10,"[45] Kim et al. 2014; [30] Osses et al. 2010; [26] Jenkins et al. 2009; [43] Rao et al. 2013; [40] Britto et al. 2013; [28] Ben Saad et al. 2009; [20] Jenkins et al. 2009; [15] Masmoudi et al. 2008; [50] Zou et al. 2017; [54] Almeida et al. 2019","0.5233;0.4632;-0.015;0.0594;-0.3144;0.4655;0.195;-0.0185;-0.2433;-0.1152",691.115789473684,703.516132656471,2609.37960148985,0.296729160473535,12.4003431827871,-163.929318490854,135.752270249265,62.1666897229644,78.2386222249238
178,"natalia_oliveira_2023",24,"[13] Chetta et al. 2006; [37] Hill et al. 2011; [10] Camarri et al. 2006; [54] Almeida et al. 2019; [43] Rao et al. 2013; [09] Camarri et al. 2006; [07] Enrigth et al. 2003; [34] Dourado, Vidotto, Guerra 2011; [40] Britto et al. 2013; [30] Osses et al. 2010; [58] Delbressine et al. 2023; [20] Jenkins et al. 2009; [27] Alameri et al. 2009; [18] Iwama et al. 2009; [47] Nusdwinuringtyas et al, 2014; [42] Britto et al. 2013; [04] Troosters, Gosselink & Decramer 1999; [06] Gibbons et al. 2001; [50] Zou et al. 2017; [55] Almeida et al. 2019; [48] Fernandes et al. 2016; [26] Jenkins et al. 2009; [32] Soares, Pereira 2011; [28] Ben Saad et al. 2009","-0.6045;0.3003;-0.545;-0.3066;-0.14;0.1779;0.0936;0.2117;-0.3497;0.1066;0.0523;0.0513;0.6864;0.3448;0.2781;0.1199;0.1088;-0.5558;-0.1953;0.1381;0.2952;0.0298;-0.1959;0.8982",672.857894736842,559.698368950215,1666.44482225996,0.214778065077667,-113.159525786627,-292.332310257819,21.4176745782086,118.472419249384,134.744971566709
179,"natalia_oliveira_2023",24,"[42] Britto et al. 2013; [54] Almeida et al. 2019; [37] Hill et al. 2011; [06] Gibbons et al. 2001; [40] Britto et al. 2013; [28] Ben Saad et al. 2009; [04] Troosters, Gosselink & Decramer 1999; [13] Chetta et al. 2006; [48] Fernandes et al. 2016; [43] Rao et al. 2013; [20] Jenkins et al. 2009; [07] Enrigth et al. 2003; [55] Almeida et al. 2019; [32] Soares, Pereira 2011; [15] Masmoudi et al. 2008; [30] Osses et al. 2010; [27] Alameri et al. 2009; [02] Enright & Sherrill 1998; [09] Camarri et al. 2006; [34] Dourado, Vidotto, Guerra 2011; [26] Jenkins et al. 2009; [18] Iwama et al. 2009; [47] Nusdwinuringtyas et al, 2014; [50] Zou et al. 2017","0.1151;-0.3149;0.2025;-0.5761;-0.3751;0.7799;0.0254;-0.6005;0.2906;-0.1305;-0.0761;0.0011;0.0304;-0.2395;-0.1589;-0.0192;0.7307;0.7519;0.1914;0.0363;-0.1079;0.3458;0.2962;-0.1985",674.452631578947,552.447207338895,1840.84993684575,0.26335153441886,-122.005424240052,-267.376151863219,17.8920986658045,127.076603161136,145.89448723008
180,"natalia_oliveira_2023",7,"[15] Masmoudi et al. 2008; [26] Jenkins et al. 2009; [45] Kim et al. 2014; [30] Osses et al. 2010; [37] Hill et al. 2011; [54] Almeida et al. 2019; [27] Alameri et al. 2009","0.2984;0.1049;-0.1948;-0.2454;0.427;-0.0375;0.6474",671.684210526316,601.000866866022,1009.01154528394,0.169282061875429,-70.6833436602943,-183.81354552124,86.7763422775643,81.471370888774,97.761978661356
181,"natalia_oliveira_2023",17,"[15] Masmoudi et al. 2008; [07] Enrigth et al. 2003; [34] Dourado, Vidotto, Guerra 2011; [55] Almeida et al. 2019; [42] Britto et al. 2013; [26] Jenkins et al. 2009; [18] Iwama et al. 2009; [13] Chetta et al. 2006; [45] Kim et al. 2014; [30] Osses et al. 2010; [43] Rao et al. 2013; [48] Fernandes et al. 2016; [20] Jenkins et al. 2009; [47] Nusdwinuringtyas et al, 2014; [10] Camarri et al. 2006; [37] Hill et al. 2011; [28] Ben Saad et al. 2009","-0.0899;0.0341;0.1445;0.0352;0.1943;0.0524;0.2275;-0.7368;0.5161;-0.0021;-0.1333;0.1809;-0.0135;0.1012;-0.3607;0.2389;0.6112",673.173684210526,690.355606502964,1434.76555050382,0.177570959656866,17.1819222924377,-150.21949173557,215.587215938672,62.5063100701007,83.0532394302269
182,"natalia_oliveira_2023",21,"[26] Jenkins et al. 2009; [13] Chetta et al. 2006; [07] Enrigth et al. 2003; [45] Kim et al. 2014; [27] Alameri et al. 2009; [34] Dourado, Vidotto, Guerra 2011; [18] Iwama et al. 2009; [50] Zou et al. 2017; [47] Nusdwinuringtyas et al, 2014; [58] Delbressine et al. 2023; [15] Masmoudi et al. 2008; [06] Gibbons et al. 2001; [20] Jenkins et al. 2009; [32] Soares, Pereira 2011; [02] Enright & Sherrill 1998; [10] Camarri et al. 2006; [55] Almeida et al. 2019; [54] Almeida et al. 2019; [09] Camarri et al. 2006; [40] Britto et al. 2013; [43] Rao et al. 2013","0.0155;-0.3543;0.2596;0.2427;0.6008;-0.1458;-0.3171;-0.3706;0.6931;0.1284;0.065;-0.0016;-0.1678;-0.4212;1.0991;-0.039;0.1243;-0.2148;0.4243;-0.1674;-0.4531",664.515789473684,644.5723893045,1290.60064658279,0.312053474922129,-19.9434001691838,-135.711745303625,123.690188459314,55.1479520072835,72.3251049071218
183,"natalia_oliveira_2023",15,"[42] Britto et al. 2013; [47] Nusdwinuringtyas et al, 2014; [54] Almeida et al. 2019; [07] Enrigth et al. 2003; [28] Ben Saad et al. 2009; [02] Enright & Sherrill 1998; [40] Britto et al. 2013; [55] Almeida et al. 2019; [50] Zou et al. 2017; [34] Dourado, Vidotto, Guerra 2011; [26] Jenkins et al. 2009; [20] Jenkins et al. 2009; [13] Chetta et al. 2006; [15] Masmoudi et al. 2008; [37] Hill et al. 2011","0.1926;0.7148;-0.2902;-0.0923;0.466;0.7493;-0.5853;0.1409;0.0692;0.2051;0.0718;0.0357;-0.6075;-0.1651;0.0951",677.478947368421,703.60706678289,2201.51273625811,0.305176025127606,26.1281194144693,-127.055640568789,137.366630346662,56.8685873931045,71.7747791529613
184,"natalia_oliveira_2023",11,"[10] Camarri et al. 2006; [15] Masmoudi et al. 2008; [47] Nusdwinuringtyas et al, 2014; [58] Delbressine et al. 2023; [43] Rao et al. 2013; [04] Troosters, Gosselink & Decramer 1999; [37] Hill et al. 2011; [50] Zou et al. 2017; [42] Britto et al. 2013; [45] Kim et al. 2014; [48] Fernandes et al. 2016","-0.2056;-0.0582;0.503;0.0167;-0.3283;0.5789;0.1482;-0.3439;0.1855;0.373;0.1306",678.236842105263,723.481965634397,1383.97150744526,0.215340966351004,45.2451235291342,-161.22031128082,180.011223121901,75.6193067438587,94.2347653739197
185,"natalia_oliveira_2023",27,"[32] Soares, Pereira 2011; [26] Jenkins et al. 2009; [47] Nusdwinuringtyas et al, 2014; [20] Jenkins et al. 2009; [34] Dourado, Vidotto, Guerra 2011; [58] Delbressine et al. 2023; [04] Troosters, Gosselink & Decramer 1999; [02] Enright & Sherrill 1998; [43] Rao et al. 2013; [06] Gibbons et al. 2001; [18] Iwama et al. 2009; [54] Almeida et al. 2019; [42] Britto et al. 2013; [28] Ben Saad et al. 2009; [27] Alameri et al. 2009; [48] Fernandes et al. 2016; [07] Enrigth et al. 2003; [37] Hill et al. 2011; [09] Camarri et al. 2006; [40] Britto et al. 2013; [10] Camarri et al. 2006; [50] Zou et al. 2017; [30] Osses et al. 2010; [45] Kim et al. 2014; [13] Chetta et al. 2006; [15] Masmoudi et al. 2008; [55] Almeida et al. 2019","-0.2745;-0.0398;0.3483;-0.0734;0.0344;-0.0406;0.2164;0.7433;-0.2268;-0.5151;0.249;-0.2771;0.2022;0.7237;0.6231;0.1986;-0.0041;0.1388;0.2798;-0.3416;-0.379;-0.2589;-0.0465;0.28;-0.5826;-0.1194;0.1419",676.684210526316,587.134963700912,1665.69702131418,0.224922725222604,-89.549246825404,-217.378266785373,28.4786417309459,93.5660426163566,111.670899925437
186,"natalia_oliveira_2023",2,"[34] Dourado, Vidotto, Guerra 2011; [07] Enrigth et al. 2003","0.5;0.5",675.342105263158,652.203934052632,2069.61804054876,0.183413798097924,-23.1381712105263,-140.08409875,105.91960225,59.2526463157895,73.2083237204588
187,"natalia_oliveira_2023",6,"[54] Almeida et al. 2019; [07] Enrigth et al. 2003; [09] Camarri et al. 2006; [48] Fernandes et al. 2016; [04] Troosters, Gosselink & Decramer 1999; [30] Osses et al. 2010","0.0544;0.181;0.3205;0.2339;0.2817;-0.0715",675.221052631579,657.003095618875,1240.1611904529,0.151454167907031,-18.2179570127043,-143.939915728496,113.245259735192,53.8949832746315,72.3975118063052
188,"natalia_oliveira_2023",1,"[50] Zou et al. 2017","1",675.873684210526,620.846636842105,845.11313856054,0.252519712460638,-55.027047368421,-195.50325,99.558,71.6923315789474,94.0259186002231
189,"natalia_oliveira_2023",23,"[06] Gibbons et al. 2001; [54] Almeida et al. 2019; [04] Troosters, Gosselink & Decramer 1999; [20] Jenkins et al. 2009; [09] Camarri et al. 2006; [48] Fernandes et al. 2016; [42] Britto et al. 2013; [07] Enrigth et al. 2003; [30] Osses et al. 2010; [58] Delbressine et al. 2023; [37] Hill et al. 2011; [15] Masmoudi et al. 2008; [26] Jenkins et al. 2009; [43] Rao et al. 2013; [45] Kim et al. 2014; [55] Almeida et al. 2019; [27] Alameri et al. 2009; [13] Chetta et al. 2006; [10] Camarri et al. 2006; [28] Ben Saad et al. 2009; [32] Soares, Pereira 2011; [34] Dourado, Vidotto, Guerra 2011; [47] Nusdwinuringtyas et al, 2014","-0.5275;-0.2613;0.1489;-0.0031;0.178;0.3273;0.1208;0.0913;0.0728;0.0434;0.3262;-0.0722;-0.0248;-0.1445;0.2533;0.1409;0.5589;-0.5859;-0.554;0.7569;-0.1922;0.1264;0.2203",686.968421052632,578.951128242956,1746.98197669642,0.254853474805602,-108.017292809676,-295.232886264973,37.8588515423183,115.146416941453,136.428305274699
190,"natalia_oliveira_2023",12,"[30] Osses et al. 2010; [54] Almeida et al. 2019; [02] Enright & Sherrill 1998; [58] Delbressine et al. 2023; [20] Jenkins et al. 2009; [47] Nusdwinuringtyas et al, 2014; [18] Iwama et al. 2009; [50] Zou et al. 2017; [45] Kim et al. 2014; [10] Camarri et al. 2006; [34] Dourado, Vidotto, Guerra 2011; [15] Masmoudi et al. 2008","-0.1374;-0.2526;0.7331;0.031;-0.0307;0.5789;-0.139;-0.2432;0.3328;0.0413;0.0457;0.04",682.205263157895,612.856277774818,1184.4236621703,0.192695931678073,-69.348985383077,-269.906725421107,76.8822350835071,82.1100246942279,107.354742904591
191,"natalia_oliveira_2023",19,"[28] Ben Saad et al. 2009; [06] Gibbons et al. 2001; [34] Dourado, Vidotto, Guerra 2011; [27] Alameri et al. 2009; [47] Nusdwinuringtyas et al, 2014; [09] Camarri et al. 2006; [58] Delbressine et al. 2023; [15] Masmoudi et al. 2008; [13] Chetta et al. 2006; [37] Hill et al. 2011; [45] Kim et al. 2014; [54] Almeida et al. 2019; [42] Britto et al. 2013; [50] Zou et al. 2017; [30] Osses et al. 2010; [32] Soares, Pereira 2011; [26] Jenkins et al. 2009; [02] Enright & Sherrill 1998; [20] Jenkins et al. 2009","0.5605;-0.4396;-0.0285;0.5811;0.3333;0.1975;-0.0129;-0.1242;-0.5334;0.2831;0.2405;-0.2341;0.1947;-0.2501;-0.0568;-0.2598;-0.1193;0.7764;-0.1084",673.868421052632,597.104960069694,1691.25481843331,0.137287058721204,-76.7634609829377,-219.775963398054,81.3914915015658,88.6239107692299,106.339804749969
192,"natalia_oliveira_2023",20,"[04] Troosters, Gosselink & Decramer 1999; [45] Kim et al. 2014; [13] Chetta et al. 2006; [07] Enrigth et al. 2003; [27] Alameri et al. 2009; [20] Jenkins et al. 2009; [47] Nusdwinuringtyas et al, 2014; [26] Jenkins et al. 2009; [43] Rao et al. 2013; [58] Delbressine et al. 2023; [09] Camarri et al. 2006; [18] Iwama et al. 2009; [30] Osses et al. 2010; [40] Britto et al. 2013; [06] Gibbons et al. 2001; [32] Soares, Pereira 2011; [28] Ben Saad et al. 2009; [48] Fernandes et al. 2016; [42] Britto et al. 2013; [15] Masmoudi et al. 2008","0.1038;0.0739;-0.5973;0.1942;0.3264;-0.0252;0.1457;-0.0884;-0.1838;0.1184;0.0955;0.4554;0.1141;-0.2807;-0.5308;-0.2762;0.7759;0.426;0.211;-0.058",683.9,588.229632139902,1660.70136454577,0.239288921979707,-95.6703678600984,-226.106806879292,24.6357249830376,98.8488613892171,116.356849358454
193,"natalia_oliveira_2023",23,"[15] Masmoudi et al. 2008; [27] Alameri et al. 2009; [30] Osses et al. 2010; [37] Hill et al. 2011; [18] Iwama et al. 2009; [10] Camarri et al. 2006; [26] Jenkins et al. 2009; [13] Chetta et al. 2006; [28] Ben Saad et al. 2009; [54] Almeida et al. 2019; [48] Fernandes et al. 2016; [04] Troosters, Gosselink & Decramer 1999; [43] Rao et al. 2013; [47] Nusdwinuringtyas et al, 2014; [42] Britto et al. 2013; [06] Gibbons et al. 2001; [40] Britto et al. 2013; [58] Delbressine et al. 2023; [32] Soares, Pereira 2011; [34] Dourado, Vidotto, Guerra 2011; [50] Zou et al. 2017; [55] Almeida et al. 2019; [45] Kim et al. 2014","-0.0612;0.7298;0.0498;0.3758;0.4013;-0.5875;-0.0383;-0.6846;0.9154;-0.2189;0.3361;0.3383;-0.1896;0.3619;0.139;-0.647;-0.3363;0.0865;-0.2519;0.1188;-0.2716;0.0925;0.3418",676.531578947368,551.554968888991,1837.53695914055,0.344385700808447,-124.976610058377,-255.957668414122,20.4781547793191,129.400996508151,145.043276773099
194,"natalia_oliveira_2023",20,"[50] Zou et al. 2017; [30] Osses et al. 2010; [15] Masmoudi et al. 2008; [02] Enright & Sherrill 1998; [37] Hill et al. 2011; [06] Gibbons et al. 2001; [28] Ben Saad et al. 2009; [13] Chetta et al. 2006; [18] Iwama et al. 2009; [43] Rao et al. 2013; [09] Camarri et al. 2006; [27] Alameri et al. 2009; [20] Jenkins et al. 2009; [07] Enrigth et al. 2003; [10] Camarri et al. 2006; [32] Soares, Pereira 2011; [45] Kim et al. 2014; [48] Fernandes et al. 2016; [47] Nusdwinuringtyas et al, 2014; [58] Delbressine et al. 2023","-0.1564;-0.1019;-0.1161;0.7334;0.2613;-0.4999;0.6085;-0.5657;0.1221;-0.1938;0.4482;0.5981;-0.1522;0.0402;-0.4025;-0.2874;0.3443;0.0959;0.2494;-0.0256",673.31052631579,592.84413497528,1095.28677727571,0.163265229935395,-80.4663913405096,-207.898306911943,53.1809197643796,88.3962942545538,103.022228896137
195,"natalia_oliveira_2023",23,"[37] Hill et al. 2011; [18] Iwama et al. 2009; [34] Dourado, Vidotto, Guerra 2011; [15] Masmoudi et al. 2008; [45] Kim et al. 2014; [04] Troosters, Gosselink & Decramer 1999; [26] Jenkins et al. 2009; [09] Camarri et al. 2006; [27] Alameri et al. 2009; [50] Zou et al. 2017; [02] Enright & Sherrill 1998; [28] Ben Saad et al. 2009; [54] Almeida et al. 2019; [55] Almeida et al. 2019; [30] Osses et al. 2010; [43] Rao et al. 2013; [47] Nusdwinuringtyas et al, 2014; [42] Britto et al. 2013; [06] Gibbons et al. 2001; [40] Britto et al. 2013; [48] Fernandes et al. 2016; [58] Delbressine et al. 2023; [20] Jenkins et al. 2009","-0.0368;0.0876;0.0717;-0.0944;0.1447;0.1351;-0.0226;0.189;0.383;-0.3007;0.5814;0.2348;-0.1317;0.2308;-0.0384;-0.266;0.1389;0.2899;-0.2842;-0.2501;0.0398;-0.0454;-0.0565",672.426315789474,649.880071695006,1478.20017865408,0.339830574445989,-22.5462440944677,-129.079555370403,80.1928887723087,48.8441971778113,60.1051100147044
196,"natalia_oliveira_2023",7,"[37] Hill et al. 2011; [45] Kim et al. 2014; [30] Osses et al. 2010; [18] Iwama et al. 2009; [07] Enrigth et al. 2003; [04] Troosters, Gosselink & Decramer 1999; [15] Masmoudi et al. 2008","0.3322;0.363;-0.1162;0.1443;0.0255;0.4813;-0.2302",675.942105263158,743.618444409323,1131.81753398293,0.189709723796513,67.6763391461654,-62.9430195149655,210.400408065219,80.2680854411208,99.1166470193627
197,"natalia_oliveira_2023",16,"[50] Zou et al. 2017; [34] Dourado, Vidotto, Guerra 2011; [37] Hill et al. 2011; [02] Enright & Sherrill 1998; [07] Enrigth et al. 2003; [32] Soares, Pereira 2011; [42] Britto et al. 2013; [09] Camarri et al. 2006; [10] Camarri et al. 2006; [26] Jenkins et al. 2009; [30] Osses et al. 2010; [47] Nusdwinuringtyas et al, 2014; [48] Fernandes et al. 2016; [04] Troosters, Gosselink & Decramer 1999; [20] Jenkins et al. 2009; [54] Almeida et al. 2019","-0.3066;0.1033;-0.1917;1.1524;-0.2682;-0.2925;0.1516;0.7064;-0.2537;-0.0038;-0.1906;0.5775;0.0067;0.1877;-0.1038;-0.2747",676.431578947368,611.557901934951,1144.47045134097,0.152134634026779,-64.873677012417,-201.948750024867,62.5555589325306,76.3104068604147,92.3248786112578
198,"natalia_oliveira_2023",21,"[13] Chetta et al. 2006; [47] Nusdwinuringtyas et al, 2014; [34] Dourado, Vidotto, Guerra 2011; [45] Kim et al. 2014; [26] Jenkins et al. 2009; [07] Enrigth et al. 2003; [58] Delbressine et al. 2023; [15] Masmoudi et al. 2008; [32] Soares, Pereira 2011; [09] Camarri et al. 2006; [37] Hill et al. 2011; [48] Fernandes et al. 2016; [50] Zou et al. 2017; [54] Almeida et al. 2019; [42] Britto et al. 2013; [06] Gibbons et al. 2001; [02] Enright & Sherrill 1998; [43] Rao et al. 2013; [18] Iwama et al. 2009; [55] Almeida et al. 2019; [40] Britto et al. 2013","-0.4074;0.7325;-0.0315;0.4032;-0.0453;0.121;0.0264;-0.0691;-0.3711;0.5708;0.2055;-0.1513;-0.3264;-0.199;0.135;-0.077;1.0512;-0.3988;-0.1022;0.1251;-0.1917",676.1,778.074117611201,1070.30076578612,0.138874169858971,101.974117611201,-13.3897168567001,224.899560254537,107.021088783216,121.830081048781
199,"natalia_oliveira_2023",1,"[42] Britto et al. 2013","1",683.8,624.559889473684,1758.3735695274,0.231219821209805,-59.2401105263158,-230.50505,72.648,74.111152631579,93.5978053364782
200,"natalia_oliveira_2023",22,"[27] Alameri et al. 2009; [30] Osses et al. 2010; [42] Britto et al. 2013; [20] Jenkins et al. 2009; [28] Ben Saad et al. 2009; [50] Zou et al. 2017; [18] Iwama et al. 2009; [37] Hill et al. 2011; [45] Kim et al. 2014; [58] Delbressine et al. 2023; [09] Camarri et al. 2006; [15] Masmoudi et al. 2008; [54] Almeida et al. 2019; [40] Britto et al. 2013; [10] Camarri et al. 2006; [26] Jenkins et al. 2009; [48] Fernandes et al. 2016; [34] Dourado, Vidotto, Guerra 2011; [55] Almeida et al. 2019; [13] Chetta et al. 2006; [32] Soares, Pereira 2011; [06] Gibbons et al. 2001","0.7297;0.0914;0.2056;0.0484;0.9103;-0.3568;0.2426;0.4417;0.3242;0.1483;0.2062;-0.032;-0.2574;-0.3562;-0.5699;0.0379;0.1811;0.2139;0.1902;-0.6781;-0.2187;-0.5024",681.71052631579,590.675776750771,1576.26705463465,0.228852126242266,-91.0347495650183,-248.381599138458,47.6062074144015,98.5700890893606,116.266866770809
201,"natalia_oliveira_2023",25,"[04] Troosters, Gosselink & Decramer 1999; [27] Alameri et al. 2009; [18] Iwama et al. 2009; [55] Almeida et al. 2019; [58] Delbressine et al. 2023; [07] Enrigth et al. 2003; [47] Nusdwinuringtyas et al, 2014; [42] Britto et al. 2013; [06] Gibbons et al. 2001; [48] Fernandes et al. 2016; [43] Rao et al. 2013; [28] Ben Saad et al. 2009; [13] Chetta et al. 2006; [26] Jenkins et al. 2009; [50] Zou et al. 2017; [02] Enright & Sherrill 1998; [37] Hill et al. 2011; [40] Britto et al. 2013; [54] Almeida et al. 2019; [45] Kim et al. 2014; [32] Soares, Pereira 2011; [34] Dourado, Vidotto, Guerra 2011; [10] Camarri et al. 2006; [30] Osses et al. 2010; [15] Masmoudi et al. 2008","0.1913;0.7863;0.2312;0.1203;-0.0399;0.0129;0.3573;0.0782;-0.4873;0.1708;-0.1778;0.8046;-0.5659;-0.0619;-0.2036;0.7711;0.1251;-0.3672;-0.3225;0.4239;-0.2449;0.0152;-0.4198;-0.0652;-0.1322",675.947368421053,542.505391647313,1827.38941548251,0.279810383038173,-133.441976773739,-257.344979035538,-10.0118103375961,134.645837863609,147.869868906103
202,"natalia_oliveira_2023",20,"[42] Britto et al. 2013; [30] Osses et al. 2010; [06] Gibbons et al. 2001; [37] Hill et al. 2011; [27] Alameri et al. 2009; [10] Camarri et al. 2006; [26] Jenkins et al. 2009; [28] Ben Saad et al. 2009; [54] Almeida et al. 2019; [43] Rao et al. 2013; [40] Britto et al. 2013; [02] Enright & Sherrill 1998; [48] Fernandes et al. 2016; [13] Chetta et al. 2006; [47] Nusdwinuringtyas et al, 2014; [50] Zou et al. 2017; [04] Troosters, Gosselink & Decramer 1999; [20] Jenkins et al. 2009; [45] Kim et al. 2014; [55] Almeida et al. 2019","0.2115;-0.0496;-0.3317;0.0513;0.6465;-0.3269;-0.0175;0.5109;-0.2223;-0.2075;-0.2559;0.5371;0.0911;-0.4301;0.3685;-0.2222;0.2132;-0.0476;0.3127;0.1685",671.105263157895,576.657515860789,1559.3698291828,0.225275591970358,-94.4477472971056,-233.429622054617,20.6857083259704,98.7788199233059,115.774858110058
203,"natalia_oliveira_2023",15,"[40] Britto et al. 2013; [09] Camarri et al. 2006; [34] Dourado, Vidotto, Guerra 2011; [20] Jenkins et al. 2009; [50] Zou et al. 2017; [55] Almeida et al. 2019; [47] Nusdwinuringtyas et al, 2014; [15] Masmoudi et al. 2008; [42] Britto et al. 2013; [32] Soares, Pereira 2011; [13] Chetta et al. 2006; [28] Ben Saad et al. 2009; [48] Fernandes et al. 2016; [18] Iwama et al. 2009; [27] Alameri et al. 2009","-0.3994;0.0638;0.1728;0.0596;-0.2621;0.1374;-0.1236;0.1493;0.3003;-0.1914;-0.6901;0.6325;0.3101;0.3488;0.4921",686.2,610.659919161206,2120.61662900275,0.316330060978576,-75.5400808387944,-235.629757240692,43.9697830626729,82.9477343675939,103.42379084929
204,"natalia_oliveira_2023",10,"[27] Alameri et al. 2009; [32] Soares, Pereira 2011; [37] Hill et al. 2011; [28] Ben Saad et al. 2009; [09] Camarri et al. 2006; [50] Zou et al. 2017; [15] Masmoudi et al. 2008; [43] Rao et al. 2013; [58] Delbressine et al. 2023; [45] Kim et al. 2014","0.7335;-0.3204;0.4285;0.3298;0.1246;-0.4812;0.0678;-0.4113;0.25;0.2788",684.936842105263,733.044809896785,1723.27583285355,0.32271854573429,48.1079677915216,-117.456712704846,175.762923738472,72.5915400900467,89.0049869587075
205,"natalia_oliveira_2023",27,"[15] Masmoudi et al. 2008; [09] Camarri et al. 2006; [02] Enright & Sherrill 1998; [27] Alameri et al. 2009; [50] Zou et al. 2017; [37] Hill et al. 2011; [45] Kim et al. 2014; [13] Chetta et al. 2006; [10] Camarri et al. 2006; [32] Soares, Pereira 2011; [18] Iwama et al. 2009; [04] Troosters, Gosselink & Decramer 1999; [42] Britto et al. 2013; [40] Britto et al. 2013; [48] Fernandes et al. 2016; [28] Ben Saad et al. 2009; [58] Delbressine et al. 2023; [26] Jenkins et al. 2009; [07] Enrigth et al. 2003; [47] Nusdwinuringtyas et al, 2014; [20] Jenkins et al. 2009; [54] Almeida et al. 2019; [30] Osses et al. 2010; [34] Dourado, Vidotto, Guerra 2011; [43] Rao et al. 2013; [55] Almeida et al. 2019; [06] Gibbons et al. 2001","-0.1125;0.2984;0.7759;0.5951;-0.2626;0.1492;0.2896;-0.5084;-0.3511;-0.2069;0.1621;0.0873;0.1084;-0.2515;0.1077;0.5379;-0.0132;-0.0306;0.0302;0.3852;-0.039;-0.2377;-0.0445;0.0189;-0.2397;0.0969;-0.3452",664.926315789474,594.81735423477,1425.44524578661,0.2026666839531,-70.1089615547039,-192.977204278288,58.3341367878343,79.8467470755961,94.4802158070803
206,"natalia_oliveira_2023",25,"[48] Fernandes et al. 2016; [50] Zou et al. 2017; [32] Soares, Pereira 2011; [43] Rao et al. 2013; [30] Osses et al. 2010; [10] Camarri et al. 2006; [26] Jenkins et al. 2009; [02] Enright & Sherrill 1998; [55] Almeida et al. 2019; [54] Almeida et al. 2019; [34] Dourado, Vidotto, Guerra 2011; [58] Delbressine et al. 2023; [04] Troosters, Gosselink & Decramer 1999; [42] Britto et al. 2013; [09] Camarri et al. 2006; [37] Hill et al. 2011; [06] Gibbons et al. 2001; [45] Kim et al. 2014; [47] Nusdwinuringtyas et al, 2014; [27] Alameri et al. 2009; [15] Masmoudi et al. 2008; [13] Chetta et al. 2006; [20] Jenkins et al. 2009; [18] Iwama et al. 2009; [28] Ben Saad et al. 2009","0.1576;-0.1738;-0.235;-0.1556;-0.0818;-0.4713;-0.0816;0.7512;0.0778;-0.3715;0.0064;-0.0747;0.127;0.1563;0.2982;0.1541;-0.5183;0.3568;0.2702;0.6687;-0.1621;-0.5706;-0.0991;0.2064;0.7647",683.405263157895,541.618481002336,1793.58349622441,0.269049034406599,-141.786782155558,-281.258834688581,-5.37903611769072,143.546297366843,158.490534620884
207,"natalia_oliveira_2023",16,"[26] Jenkins et al. 2009; [54] Almeida et al. 2019; [47] Nusdwinuringtyas et al, 2014; [55] Almeida et al. 2019; [37] Hill et al. 2011; [28] Ben Saad et al. 2009; [50] Zou et al. 2017; [10] Camarri et al. 2006; [09] Camarri et al. 2006; [34] Dourado, Vidotto, Guerra 2011; [45] Kim et al. 2014; [30] Osses et al. 2010; [07] Enrigth et al. 2003; [27] Alameri et al. 2009; [04] Troosters, Gosselink & Decramer 1999; [42] Britto et al. 2013","0.0222;-0.3806;0.0174;0.0995;0.1743;0.5968;-0.4706;-0.7699;-0.0036;0.2168;0.323;0.0398;-0.0082;0.8242;0.1545;0.1645",680.415789473684,525.524909201721,2256.63125897863,0.272875002774302,-154.890880271963,-334.967792826556,-15.1720846018512,156.239897922224,172.842323136454
208,"natalia_oliveira_2023",17,"[18] Iwama et al. 2009; [50] Zou et al. 2017; [20] Jenkins et al. 2009; [55] Almeida et al. 2019; [54] Almeida et al. 2019; [06] Gibbons et al. 2001; [58] Delbressine et al. 2023; [37] Hill et al. 2011; [02] Enright & Sherrill 1998; [40] Britto et al. 2013; [09] Camarri et al. 2006; [27] Alameri et al. 2009; [10] Camarri et al. 2006; [28] Ben Saad et al. 2009; [48] Fernandes et al. 2016; [45] Kim et al. 2014; [04] Troosters, Gosselink & Decramer 1999","0.2717;-0.2324;-0.1713;0.1431;-0.2639;-0.4856;-0.158;0.077;0.6438;-0.3863;0.201;0.5792;-0.4911;0.7665;0.218;0.2714;0.0171",677.615789473684,501.579550994257,1982.21237154017,0.319593364416303,-176.036238479428,-314.822705935418,-51.5481844230905,177.573194957343,191.50728564943
209,"natalia_oliveira_2023",3,"[43] Rao et al. 2013; [42] Britto et al. 2013; [18] Iwama et al. 2009","0.2687;0.4115;0.3199",673.963157894737,556.326153732113,534.095169668183,0.128132046303391,-117.637004162624,-251.84711588144,36.3831468508251,124.979296652763,142.709542601715
210,"natalia_oliveira_2023",7,"[18] Iwama et al. 2009; [27] Alameri et al. 2009; [43] Rao et al. 2013; [40] Britto et al. 2013; [54] Almeida et al. 2019; [06] Gibbons et al. 2001; [42] Britto et al. 2013","0.0478;0.4897;-0.2907;0.4275;-0.0859;0.1496;0.262",668.68947368421,611.957773993983,799.377091857371,0.253269953146695,-56.7316996902278,-271.980712707451,71.8186651291714,71.3472931166946,94.6110993647213
211,"natalia_oliveira_2023",17,"[18] Iwama et al. 2009; [37] Hill et al. 2011; [50] Zou et al. 2017; [55] Almeida et al. 2019; [10] Camarri et al. 2006; [28] Ben Saad et al. 2009; [43] Rao et al. 2013; [13] Chetta et al. 2006; [40] Britto et al. 2013; [09] Camarri et al. 2006; [20] Jenkins et al. 2009; [07] Enrigth et al. 2003; [26] Jenkins et al. 2009; [42] Britto et al. 2013; [45] Kim et al. 2014; [15] Masmoudi et al. 2008; [58] Delbressine et al. 2023","0.3925;0.2311;-0.2097;0.1693;-0.4726;0.6439;-0.1607;-0.7586;-0.4088;0.3673;0.1096;0.1166;0.1165;0.2606;0.5268;-0.0153;0.0916",679.063157894737,754.349171163406,1913.11355500597,0.286791430421385,75.2860132686694,-70.2806812584738,198.057060822463,87.8301426364775,101.401639425273
212,"natalia_oliveira_2023",25,"[47] Nusdwinuringtyas et al, 2014; [06] Gibbons et al. 2001; [32] Soares, Pereira 2011; [43] Rao et al. 2013; [20] Jenkins et al. 2009; [07] Enrigth et al. 2003; [18] Iwama et al. 2009; [27] Alameri et al. 2009; [50] Zou et al. 2017; [54] Almeida et al. 2019; [30] Osses et al. 2010; [13] Chetta et al. 2006; [48] Fernandes et al. 2016; [58] Delbressine et al. 2023; [42] Britto et al. 2013; [40] Britto et al. 2013; [10] Camarri et al. 2006; [28] Ben Saad et al. 2009; [04] Troosters, Gosselink & Decramer 1999; [55] Almeida et al. 2019; [09] Camarri et al. 2006; [02] Enright & Sherrill 1998; [15] Masmoudi et al. 2008; [37] Hill et al. 2011; [45] Kim et al. 2014","0.271;-0.482;-0.2838;-0.217;-0.1218;0.0251;0.167;0.6582;-0.2313;-0.2838;-0.072;-0.5684;0.1292;-0.0491;0.1385;-0.3252;-0.3469;0.7232;0.033;0.0917;0.3842;0.9285;-0.1886;0.2644;0.3558",667.926315789474,603.285021069084,1335.70422487045,0.297464957418563,-64.6412947203901,-184.372071410068,57.4974998849144,74.3755927942702,90.2485586324417
213,"natalia_oliveira_2023",1,"[32] Soares, Pereira 2011","1",667.521052631579,621.725905574811,1190.37359694283,0.326062095871433,-45.7951470567682,-175.078653611159,103.42700213167,67.629808649467,83.3689339504417
214,"natalia_oliveira_2023",7,"[04] Troosters, Gosselink & Decramer 1999; [10] Camarri et al. 2006; [34] Dourado, Vidotto, Guerra 2011; [40] Britto et al. 2013; [02] Enright & Sherrill 1998; [15] Masmoudi et al. 2008; [18] Iwama et al. 2009","0.3961;0.4382;-0.2164;-0.1874;0.5868;-0.4672;0.45",677.731578947368,738.778502789084,1734.86044540934,0.144927404476944,61.0469238417158,-72.0817346407089,189.089431898314,77.6628951999216,95.6809756474902
215,"natalia_oliveira_2023",15,"[42] Britto et al. 2013; [40] Britto et al. 2013; [58] Delbressine et al. 2023; [15] Masmoudi et al. 2008; [13] Chetta et al. 2006; [07] Enrigth et al. 2003; [32] Soares, Pereira 2011; [28] Ben Saad et al. 2009; [20] Jenkins et al. 2009; [04] Troosters, Gosselink & Decramer 1999; [02] Enright & Sherrill 1998; [06] Gibbons et al. 2001; [27] Alameri et al. 2009; [37] Hill et al. 2011; [47] Nusdwinuringtyas et al, 2014","0.1921;-0.4714;-0.0297;-0.1742;-0.5966;0.051;-0.269;0.7482;-0.1344;-0.0281;0.7677;-0.6035;0.7739;0.3735;0.4006",673.28947368421,602.458731090352,2202.39619817464,0.167741477977386,-70.8307425938585,-253.418255124707,63.4284122319743,84.6357871173188,105.391601540806
216,"natalia_oliveira_2023",5,"[34] Dourado, Vidotto, Guerra 2011; [43] Rao et al. 2013; [54] Almeida et al. 2019; [02] Enright & Sherrill 1998; [27] Alameri et al. 2009","-0.0908;-0.3437;0.1817;0.56;0.6927",670.542105263158,617.346859141459,1188.72363012297,0.302108202474645,-53.1952461216988,-182.610486557035,79.4142893748902,69.2805454553492,85.8272291545414
217,"natalia_oliveira_2023",15,"[48] Fernandes et al. 2016; [27] Alameri et al. 2009; [02] Enright & Sherrill 1998; [45] Kim et al. 2014; [42] Britto et al. 2013; [10] Camarri et al. 2006; [40] Britto et al. 2013; [43] Rao et al. 2013; [34] Dourado, Vidotto, Guerra 2011; [07] Enrigth et al. 2003; [58] Delbressine et al. 2023; [47] Nusdwinuringtyas et al, 2014; [37] Hill et al. 2011; [32] Soares, Pereira 2011; [54] Almeida et al. 2019","-0.4731;0.7;1.1432;0.2651;0.142;-0.0341;-0.2012;-0.663;0.0253;0.1092;0.0431;0.6781;-0.0319;-0.419;-0.2837",668.684210526316,694.058453668967,971.677294175414,0.219188695026417,25.3742431426512,-92.8040979995471,150.872394194671,51.1708475293863,66.2154495640669
218,"natalia_oliveira_2023",11,"[20] Jenkins et al. 2009; [54] Almeida et al. 2019; [30] Osses et al. 2010; [26] Jenkins et al. 2009; [10] Camarri et al. 2006; [28] Ben Saad et al. 2009; [09] Camarri et al. 2006; [07] Enrigth et al. 2003; [45] Kim et al. 2014; [06] Gibbons et al. 2001; [47] Nusdwinuringtyas et al, 2014","0.1659;-0.1952;0.2952;0.1046;-0.7473;0.6482;0.2221;0.2219;0.4501;-0.645;0.4795",674.978947368421,550.570863245251,1879.49969885375,0.33805008125112,-124.40808412317,-320.003817233516,106.517695801767,132.65211611193,150.727628824553
219,"natalia_oliveira_2023",13,"[40] Britto et al. 2013; [26] Jenkins et al. 2009; [58] Delbressine et al. 2023; [45] Kim et al. 2014; [06] Gibbons et al. 2001; [20] Jenkins et al. 2009; [27] Alameri et al. 2009; [34] Dourado, Vidotto, Guerra 2011; [10] Camarri et al. 2006; [47] Nusdwinuringtyas et al, 2014; [32] Soares, Pereira 2011; [30] Osses et al. 2010; [48] Fernandes et al. 2016","0.0358;0.1608;0.4085;0.0215;0.0781;0.0625;0.2648;0.152;-0.0564;0.2499;-0.2696;0.0707;-0.1785",679.61052631579,659.318718764373,1040.19207004686,0.298433380887605,-20.2918075514166,-222.46224404826,129.309589404108,59.779090904319,78.7389784915617
220,"natalia_oliveira_2023",23,"[26] Jenkins et al. 2009; [48] Fernandes et al. 2016; [50] Zou et al. 2017; [15] Masmoudi et al. 2008; [28] Ben Saad et al. 2009; [02] Enright & Sherrill 1998; [54] Almeida et al. 2019; [07] Enrigth et al. 2003; [32] Soares, Pereira 2011; [58] Delbressine et al. 2023; [20] Jenkins et al. 2009; [06] Gibbons et al. 2001; [18] Iwama et al. 2009; [34] Dourado, Vidotto, Guerra 2011; [13] Chetta et al. 2006; [27] Alameri et al. 2009; [40] Britto et al. 2013; [43] Rao et al. 2013; [47] Nusdwinuringtyas et al, 2014; [30] Osses et al. 2010; [55] Almeida et al. 2019; [10] Camarri et al. 2006; [42] Britto et al. 2013","-0.0428;0.1762;-0.0808;-0.0343;0.7852;0.7809;-0.3311;0.121;-0.2236;0.045;-0.0696;-0.5414;0.2361;0.0034;-0.4965;0.8709;-0.3959;-0.0838;0.4575;-0.0525;0.0947;-0.3199;0.1012",680.852631578947,458.042014593779,1986.83894953434,0.3017895158796,-222.810616985169,-404.59796623921,-87.7529971441184,222.810616985169,234.594697603688
221,"natalia_oliveira_2023",16,"[55] Almeida et al. 2019; [15] Masmoudi et al. 2008; [09] Camarri et al. 2006; [58] Delbressine et al. 2023; [54] Almeida et al. 2019; [02] Enright & Sherrill 1998; [45] Kim et al. 2014; [13] Chetta et al. 2006; [34] Dourado, Vidotto, Guerra 2011; [10] Camarri et al. 2006; [28] Ben Saad et al. 2009; [48] Fernandes et al. 2016; [27] Alameri et al. 2009; [20] Jenkins et al. 2009; [30] Osses et al. 2010; [37] Hill et al. 2011","0.0729;-0.1859;0.2291;-0.1047;-0.3928;0.7344;0.3135;-0.6362;0.0299;-0.5352;0.6814;0.2028;0.6644;-0.1083;-0.0754;0.1102",673.973684210526,546.743149914386,2024.75825033512,0.21589096728552,-127.230534296141,-310.499054116669,1.01511746786422,129.382474020263,150.455214446336
222,"natalia_oliveira_2023",23,"[43] Rao et al. 2013; [04] Troosters, Gosselink & Decramer 1999; [06] Gibbons et al. 2001; [26] Jenkins et al. 2009; [30] Osses et al. 2010; [10] Camarri et al. 2006; [42] Britto et al. 2013; [58] Delbressine et al. 2023; [54] Almeida et al. 2019; [27] Alameri et al. 2009; [28] Ben Saad et al. 2009; [15] Masmoudi et al. 2008; [37] Hill et al. 2011; [34] Dourado, Vidotto, Guerra 2011; [32] Soares, Pereira 2011; [07] Enrigth et al. 2003; [20] Jenkins et al. 2009; [13] Chetta et al. 2006; [09] Camarri et al. 2006; [55] Almeida et al. 2019; [45] Kim et al. 2014; [18] Iwama et al. 2009; [48] Fernandes et al. 2016","-0.1803;0.061;-0.542;-5e-04;0.0598;-0.505;0.184;-3e-04;-0.2808;0.4974;0.8492;-0.1162;0.3376;0.1414;-0.2192;0.0415;6e-04;-0.6019;0.2546;0.1478;0.2192;0.344;0.3078",671.578947368421,601.106022844127,1734.21051235665,0.316436863338316,-70.4729245242943,-250.849262402503,47.1903493191819,78.0114813040095,97.5050713537355
223,"natalia_oliveira_2023",18,"[09] Camarri et al. 2006; [40] Britto et al. 2013; [54] Almeida et al. 2019; [10] Camarri et al. 2006; [43] Rao et al. 2013; [50] Zou et al. 2017; [18] Iwama et al. 2009; [42] Britto et al. 2013; [27] Alameri et al. 2009; [07] Enrigth et al. 2003; [28] Ben Saad et al. 2009; [58] Delbressine et al. 2023; [15] Masmoudi et al. 2008; [37] Hill et al. 2011; [47] Nusdwinuringtyas et al, 2014; [02] Enright & Sherrill 1998; [06] Gibbons et al. 2001; [55] Almeida et al. 2019","0.2503;-0.3947;-0.3003;-0.4721;-0.1173;-0.1524;0.2885;0.1488;0.6537;-0.0447;0.7631;-0.0809;-0.164;0.1394;0.2259;0.7005;-0.545;0.1011",676.363157894737,552.440412204029,1895.65328533645,0.291420553320954,-123.922745690708,-276.831541003954,-11.3858363983394,125.606487314475,140.865011436549
224,"natalia_oliveira_2023",8,"[32] Soares, Pereira 2011; [50] Zou et al. 2017; [06] Gibbons et al. 2001; [13] Chetta et al. 2006; [42] Britto et al. 2013; [34] Dourado, Vidotto, Guerra 2011; [55] Almeida et al. 2019; [40] Britto et al. 2013","-0.0691;0.0325;0.2593;-0.0848;0.3168;0.2715;0.2582;0.0156",671.563157894737,691.397044530291,789.255786408594,0.170520273747067,19.8338866355542,-152.901860144245,136.482856662236,56.7565659599252,74.0567045563561
225,"natalia_oliveira_2023",11,"[20] Jenkins et al. 2009; [09] Camarri et al. 2006; [18] Iwama et al. 2009; [10] Camarri et al. 2006; [32] Soares, Pereira 2011; [04] Troosters, Gosselink & Decramer 1999; [26] Jenkins et al. 2009; [34] Dourado, Vidotto, Guerra 2011; [07] Enrigth et al. 2003; [54] Almeida et al. 2019; [27] Alameri et al. 2009","-0.0413;0.2416;0.1099;-0.2114;-0.3921;0.4672;0.0202;0.0808;0.1617;0.1692;0.3941",672.784210526316,631.761189620252,927.112907895036,0.207919439135411,-41.0230209060642,-151.114871630582,79.0269577910479,62.8112994313814,81.2100770272689
226,"natalia_oliveira_2023",4,"[42] Britto et al. 2013; [02] Enright & Sherrill 1998; [45] Kim et al. 2014; [32] Soares, Pereira 2011","0.2564;0.4435;0.5192;-0.2191",676.957894736842,642.69521652826,1150.01652197231,0.242918851705267,-34.2626782085826,-145.669671982994,107.105504034206,58.8586050527058,79.1895723270898
227,"natalia_oliveira_2023",17,"[06] Gibbons et al. 2001; [55] Almeida et al. 2019; [07] Enrigth et al. 2003; [02] Enright & Sherrill 1998; [32] Soares, Pereira 2011; [40] Britto et al. 2013; [27] Alameri et al. 2009; [58] Delbressine et al. 2023; [15] Masmoudi et al. 2008; [54] Almeida et al. 2019; [28] Ben Saad et al. 2009; [42] Britto et al. 2013; [50] Zou et al. 2017; [34] Dourado, Vidotto, Guerra 2011; [18] Iwama et al. 2009; [20] Jenkins et al. 2009; [43] Rao et al. 2013","-0.2904;0.2454;-0.0294;0.4941;-0.0627;-0.2242;0.6165;-0.0465;-0.0946;-0.0759;0.3802;0.3049;-0.2052;0.0358;0.1675;-0.0344;-0.1813",671.631578947368,609.626710029644,1718.04253524012,0.273234795492123,-62.0048689177241,-187.818990534362,39.0605961864165,71.508352978502,89.1222918983237
228,"natalia_oliveira_2023",18,"[34] Dourado, Vidotto, Guerra 2011; [02] Enright & Sherrill 1998; [50] Zou et al. 2017; [28] Ben Saad et al. 2009; [07] Enrigth et al. 2003; [55] Almeida et al. 2019; [45] Kim et al. 2014; [40] Britto et al. 2013; [09] Camarri et al. 2006; [32] Soares, Pereira 2011; [30] Osses et al. 2010; [04] Troosters, Gosselink & Decramer 1999; [37] Hill et al. 2011; [47] Nusdwinuringtyas et al, 2014; [43] Rao et al. 2013; [58] Delbressine et al. 2023; [26] Jenkins et al. 2009; [20] Jenkins et al. 2009","0.1199;0.8562;-0.2006;0.3848;-0.0869;0.1329;0.5126;-0.6244;0.2087;-0.2306;-0.011;-0.0161;0.1022;0.2083;-0.1236;-0.1184;-0.0684;-0.0454",677.052631578947,737.494223931764,2274.59164589113,0.328121837990116,60.441592352817,-125.859697951678,181.889072047985,81.5641920358679,97.8356585850288
229,"natalia_oliveira_2023",19,"[32] Soares, Pereira 2011; [58] Delbressine et al. 2023; [20] Jenkins et al. 2009; [06] Gibbons et al. 2001; [07] Enrigth et al. 2003; [34] Dourado, Vidotto, Guerra 2011; [26] Jenkins et al. 2009; [30] Osses et al. 2010; [45] Kim et al. 2014; [27] Alameri et al. 2009; [54] Almeida et al. 2019; [28] Ben Saad et al. 2009; [10] Camarri et al. 2006; [09] Camarri et al. 2006; [15] Masmoudi et al. 2008; [47] Nusdwinuringtyas et al, 2014; [55] Almeida et al. 2019; [42] Britto et al. 2013; [04] Troosters, Gosselink & Decramer 1999","-0.2531;0.1258;0.0325;-0.7626;0.2098;0.2312;-0.056;0.1759;0.2573;0.7415;-0.302;0.8597;-0.916;0.0184;-0.0874;0.2588;0.1525;0.2146;0.099",674.784210526316,441.868230418327,2191.10139908284,0.227337579535702,-232.915980107989,-410.368433520641,-74.7063283912867,232.993120073196,248.44556123497
230,"natalia_oliveira_2023",25,"[26] Jenkins et al. 2009; [47] Nusdwinuringtyas et al, 2014; [40] Britto et al. 2013; [42] Britto et al. 2013; [48] Fernandes et al. 2016; [20] Jenkins et al. 2009; [32] Soares, Pereira 2011; [10] Camarri et al. 2006; [43] Rao et al. 2013; [28] Ben Saad et al. 2009; [15] Masmoudi et al. 2008; [58] Delbressine et al. 2023; [02] Enright & Sherrill 1998; [13] Chetta et al. 2006; [07] Enrigth et al. 2003; [50] Zou et al. 2017; [55] Almeida et al. 2019; [54] Almeida et al. 2019; [37] Hill et al. 2011; [04] Troosters, Gosselink & Decramer 1999; [34] Dourado, Vidotto, Guerra 2011; [09] Camarri et al. 2006; [06] Gibbons et al. 2001; [18] Iwama et al. 2009; [45] Kim et al. 2014","0.0027;0.3766;-0.4021;0.1466;0.2808;-0.0185;-0.1772;-0.3328;-0.0473;0.7527;-0.1672;-0.0964;0.6859;-0.5127;-0.0688;-0.0705;0.0554;-0.2481;0.1466;0.0373;0.0923;0.3167;-0.5283;0.3299;0.4466",672.773684210526,611.650993570264,1697.55542942836,0.371066683274251,-61.122690640262,-190.66938864275,63.7716277695462,73.6094733819021,92.7333194425614
231,"natalia_oliveira_2023",4,"[58] Delbressine et al. 2023; [04] Troosters, Gosselink & Decramer 1999; [09] Camarri et al. 2006; [48] Fernandes et al. 2016","0.0641;0.3837;0.3454;0.2068",677.131578947368,678.474973472672,1515.15160250882,0.243261049913033,1.34339452530365,-158.246356319015,146.313666029086,58.4487665370459,78.7922592268372
232,"natalia_oliveira_2023",20,"[02] Enright & Sherrill 1998; [34] Dourado, Vidotto, Guerra 2011; [42] Britto et al. 2013; [13] Chetta et al. 2006; [18] Iwama et al. 2009; [10] Camarri et al. 2006; [55] Almeida et al. 2019; [06] Gibbons et al. 2001; [50] Zou et al. 2017; [30] Osses et al. 2010; [45] Kim et al. 2014; [09] Camarri et al. 2006; [37] Hill et al. 2011; [26] Jenkins et al. 2009; [32] Soares, Pereira 2011; [15] Masmoudi et al. 2008; [54] Almeida et al. 2019; [27] Alameri et al. 2009; [48] Fernandes et al. 2016; [47] Nusdwinuringtyas et al, 2014","1.1293;-0.0861;0.1016;-0.365;-0.2536;-0.1034;0.0896;0.0248;-0.3561;-0.1799;0.2003;0.4532;0.1929;-0.0591;-0.3816;-0.0332;-0.1797;0.5126;-0.287;0.5806",676.763157894737,639.564154623915,935.022477467734,0.318160374679093,-37.1990032708219,-213.640837463084,113.600027947161,66.539657789729,88.0166473009662
233,"natalia_oliveira_2023",9,"[30] Osses et al. 2010; [43] Rao et al. 2013; [06] Gibbons et al. 2001; [10] Camarri et al. 2006; [07] Enrigth et al. 2003; [42] Britto et al. 2013; [45] Kim et al. 2014; [13] Chetta et al. 2006; [09] Camarri et al. 2006","0.1603;-0.4021;0.3308;-0.1656;0.4193;0.2442;0.223;-0.315;0.505",678.178947368421,748.487057347735,1268.10236804326,0.30030098091448,70.3081099793137,-60.320035129592,202.280085069315,85.0714473089591,100.619546922561
234,"natalia_oliveira_2023",10,"[10] Camarri et al. 2006; [20] Jenkins et al. 2009; [27] Alameri et al. 2009; [40] Britto et al. 2013; [28] Ben Saad et al. 2009; [02] Enright & Sherrill 1998; [15] Masmoudi et al. 2008; [58] Delbressine et al. 2023; [55] Almeida et al. 2019; [42] Britto et al. 2013","-0.3366;0.1528;0.5932;-0.5409;0.506;0.5472;-0.0952;-0.1576;0.1318;0.1993",671.047368421053,595.51302365266,1945.03956652197,0.301920472868872,-75.5343447683922,-208.892835185525,57.0814497096017,85.178940505591,102.25532049659
235,"natalia_oliveira_2023",5,"[45] Kim et al. 2014; [58] Delbressine et al. 2023; [40] Britto et al. 2013; [34] Dourado, Vidotto, Guerra 2011; [10] Camarri et al. 2006","0.3968;0.3527;0.1789;0.0099;0.0617",685.326315789474,658.323251993922,1021.47736300616,0.288946369892627,-27.0030637955517,-240.545844910368,117.405881202878,58.7226727816755,79.7437196862498
236,"natalia_oliveira_2023",25,"[02] Enright & Sherrill 1998; [47] Nusdwinuringtyas et al, 2014; [32] Soares, Pereira 2011; [09] Camarri et al. 2006; [27] Alameri et al. 2009; [42] Britto et al. 2013; [58] Delbressine et al. 2023; [50] Zou et al. 2017; [37] Hill et al. 2011; [30] Osses et al. 2010; [18] Iwama et al. 2009; [06] Gibbons et al. 2001; [28] Ben Saad et al. 2009; [54] Almeida et al. 2019; [45] Kim et al. 2014; [20] Jenkins et al. 2009; [34] Dourado, Vidotto, Guerra 2011; [43] Rao et al. 2013; [48] Fernandes et al. 2016; [10] Camarri et al. 2006; [07] Enrigth et al. 2003; [13] Chetta et al. 2006; [55] Almeida et al. 2019; [26] Jenkins et al. 2009; [15] Masmoudi et al. 2008","0.562;0.1556;-0.1629;0.2104;0.603;0.1567;-0.0198;-0.1384;0.1831;-0.0241;0.2648;-0.5302;0.8255;-0.3393;0.3148;-0.0753;-0.0026;-0.1015;0.2207;-0.4239;0.0319;-0.5232;0.021;-0.1033;-0.1051",686.336842105263,526.27234092493,1992.53928515927,0.226123069722194,-160.064501180334,-359.534197273118,-38.2460586709322,160.064501180334,178.540769571926
237,"natalia_oliveira_2023",11,"[40] Britto et al. 2013; [58] Delbressine et al. 2023; [10] Camarri et al. 2006; [09] Camarri et al. 2006; [20] Jenkins et al. 2009; [18] Iwama et al. 2009; [54] Almeida et al. 2019; [43] Rao et al. 2013; [07] Enrigth et al. 2003; [30] Osses et al. 2010; [13] Chetta et al. 2006","0.2302;0.1889;-0.0618;0.6161;-0.0584;0.2904;0.0615;-0.3456;0.3028;-0.0067;-0.2174",675.8,712.819427366999,1131.81040981653,0.234720278377331,37.0194273669985,-102.844943608307,160.685728328988,64.2157259917177,80.8497604709285
238,"natalia_oliveira_2023",19,"[34] Dourado, Vidotto, Guerra 2011; [30] Osses et al. 2010; [02] Enright & Sherrill 1998; [18] Iwama et al. 2009; [45] Kim et al. 2014; [20] Jenkins et al. 2009; [58] Delbressine et al. 2023; [54] Almeida et al. 2019; [10] Camarri et al. 2006; [37] Hill et al. 2011; [15] Masmoudi et al. 2008; [40] Britto et al. 2013; [47] Nusdwinuringtyas et al, 2014; [04] Troosters, Gosselink & Decramer 1999; [50] Zou et al. 2017; [09] Camarri et al. 2006; [43] Rao et al. 2013; [48] Fernandes et al. 2016; [07] Enrigth et al. 2003","-0.0158;-0.1744;0.9849;0.0226;0.4424;-0.1168;-0.0832;-0.1462;-0.2738;0.0221;-0.1649;-0.1935;0.6465;0.429;-0.3713;0.4297;-0.3691;-0.048;-0.0201",668.652631578947,716.734933021672,1587.51464197653,0.27697494414583,48.0823014427248,-101.90612922208,182.688134916453,68.0603619773473,85.8677641744577
239,"natalia_oliveira_2023",19,"[10] Camarri et al. 2006; [54] Almeida et al. 2019; [58] Delbressine et al. 2023; [34] Dourado, Vidotto, Guerra 2011; [28] Ben Saad et al. 2009; [32] Soares, Pereira 2011; [48] Fernandes et al. 2016; [18] Iwama et al. 2009; [43] Rao et al. 2013; [13] Chetta et al. 2006; [40] Britto et al. 2013; [20] Jenkins et al. 2009; [26] Jenkins et al. 2009; [04] Troosters, Gosselink & Decramer 1999; [02] Enright & Sherrill 1998; [37] Hill et al. 2011; [45] Kim et al. 2014; [30] Osses et al. 2010; [47] Nusdwinuringtyas et al, 2014","-0.3728;-0.4398;-0.1463;0.1825;0.7186;-0.1701;0.2415;0.307;-0.0887;-0.7106;-0.6138;0.0271;0.0838;0.0582;0.8102;0.0115;0.6319;-0.0125;0.4823",678.194736842105,633.744959609017,1369.84389330416,0.192586318770444,-44.4497772330882,-178.95615072438,75.0813882349789,64.8828433855028,83.2240626004511
240,"natalia_oliveira_2023",10,"[32] Soares, Pereira 2011; [50] Zou et al. 2017; [42] Britto et al. 2013; [30] Osses et al. 2010; [48] Fernandes et al. 2016; [09] Camarri et al. 2006; [37] Hill et al. 2011; [58] Delbressine et al. 2023; [20] Jenkins et al. 2009; [02] Enright & Sherrill 1998","-0.2901;-0.2459;0.131;-0.2488;0.1428;0.8395;0.0681;-0.1949;-0.16;0.9582",674.026315789474,663.50735485981,1848.87138912029,0.253833704321969,-10.5189609296641,-162.296825090635,123.046823511883,55.6763169157255,74.8227190504672
241,"natalia_oliveira_2023",10,"[58] Delbressine et al. 2023; [50] Zou et al. 2017; [07] Enrigth et al. 2003; [18] Iwama et al. 2009; [13] Chetta et al. 2006; [06] Gibbons et al. 2001; [15] Masmoudi et al. 2008; [10] Camarri et al. 2006; [28] Ben Saad et al. 2009; [54] Almeida et al. 2019","0.0314;0.2654;0.0372;0.9065;-0.4141;-0.3793;-0.0164;-0.0802;0.7856;-0.136",680.052631578947,626.365203087709,2459.06308743649,0.148514306118567,-53.6874284912381,-253.906629553202,77.0190379919803,72.5555417623985,94.9814759752209
242,"natalia_oliveira_2023",22,"[20] Jenkins et al. 2009; [40] Britto et al. 2013; [55] Almeida et al. 2019; [28] Ben Saad et al. 2009; [07] Enrigth et al. 2003; [27] Alameri et al. 2009; [06] Gibbons et al. 2001; [15] Masmoudi et al. 2008; [42] Britto et al. 2013; [47] Nusdwinuringtyas et al, 2014; [26] Jenkins et al. 2009; [32] Soares, Pereira 2011; [34] Dourado, Vidotto, Guerra 2011; [09] Camarri et al. 2006; [02] Enright & Sherrill 1998; [30] Osses et al. 2010; [48] Fernandes et al. 2016; [45] Kim et al. 2014; [58] Delbressine et al. 2023; [37] Hill et al. 2011; [04] Troosters, Gosselink & Decramer 1999; [43] Rao et al. 2013","-0.0578;-0.5192;0.0433;0.6759;-0.0606;0.4383;-0.6177;-0.1949;0.151;0.1657;-0.0854;-0.2604;0.0857;0.0984;0.7933;0.001;0.3136;0.1491;-0.0918;0.2029;-0.0366;-0.1938",687.063157894737,625.166208846821,1671.34461707608,0.258260565045049,-61.8969490479163,-207.003316324518,60.944675074516,74.1138524417718,92.9893250734526
243,"natalia_oliveira_2023",26,"[20] Jenkins et al. 2009; [55] Almeida et al. 2019; [30] Osses et al. 2010; [13] Chetta et al. 2006; [27] Alameri et al. 2009; [10] Camarri et al. 2006; [26] Jenkins et al. 2009; [28] Ben Saad et al. 2009; [40] Britto et al. 2013; [43] Rao et al. 2013; [15] Masmoudi et al. 2008; [06] Gibbons et al. 2001; [04] Troosters, Gosselink & Decramer 1999; [34] Dourado, Vidotto, Guerra 2011; [02] Enright & Sherrill 1998; [18] Iwama et al. 2009; [58] Delbressine et al. 2023; [45] Kim et al. 2014; [07] Enrigth et al. 2003; [47] Nusdwinuringtyas et al, 2014; [42] Britto et al. 2013; [37] Hill et al. 2011; [48] Fernandes et al. 2016; [32] Soares, Pereira 2011; [54] Almeida et al. 2019; [50] Zou et al. 2017","-0.0218;0.1305;-0.0202;-0.5991;0.7448;-0.4757;0.0196;0.872;-0.4666;-0.1634;-0.1218;-0.5207;0.2217;0.1131;0.7053;0.3005;-0.0707;0.3706;-0.0616;0.3538;0.2005;0.0235;0.2382;-0.1837;-0.3823;-0.2066",684.231578947368,529.093309934394,1902.17899269358,0.248607755768585,-155.138269012975,-315.994643283195,-11.139084235474,155.997031793793,171.232454500577
244,"natalia_oliveira_2023",12,"[26] Jenkins et al. 2009; [50] Zou et al. 2017; [54] Almeida et al. 2019; [02] Enright & Sherrill 1998; [55] Almeida et al. 2019; [27] Alameri et al. 2009; [40] Britto et al. 2013; [04] Troosters, Gosselink & Decramer 1999; [07] Enrigth et al. 2003; [06] Gibbons et al. 2001; [37] Hill et al. 2011; [28] Ben Saad et al. 2009","0.0116;-0.1279;0.0195;0.4271;0.081;0.5986;-0.1004;0.0092;-0.051;-0.1224;0.0318;0.2228",671.321052631579,588.591142133108,1403.87390625924,0.218272081562981,-82.7299104984712,-200.60500470481,44.5842984462017,88.7733269527561,102.640111090316
245,"natalia_oliveira_2023",25,"[47] Nusdwinuringtyas et al, 2014; [06] Gibbons et al. 2001; [26] Jenkins et al. 2009; [04] Troosters, Gosselink & Decramer 1999; [30] Osses et al. 2010; [32] Soares, Pereira 2011; [13] Chetta et al. 2006; [02] Enright & Sherrill 1998; [27] Alameri et al. 2009; [50] Zou et al. 2017; [09] Camarri et al. 2006; [43] Rao et al. 2013; [48] Fernandes et al. 2016; [45] Kim et al. 2014; [34] Dourado, Vidotto, Guerra 2011; [28] Ben Saad et al. 2009; [15] Masmoudi et al. 2008; [18] Iwama et al. 2009; [20] Jenkins et al. 2009; [37] Hill et al. 2011; [58] Delbressine et al. 2023; [55] Almeida et al. 2019; [40] Britto et al. 2013; [10] Camarri et al. 2006; [42] Britto et al. 2013","0.2968;-0.5345;-0.1105;0.2272;-0.0653;-0.2729;-0.5732;0.7659;0.6432;-0.2161;0.2993;-0.1917;0.1874;0.3129;-0.0158;0.7712;-0.1188;0.2351;-0.117;0.2344;-0.0194;0.094;-0.4468;-0.5053;0.1201",673.821052631579,591.3993106216,2001.56986835689,0.263739944811731,-82.4217420099793,-212.910506284604,62.7342923577257,93.0970452243397,110.599509267205
246,"natalia_oliveira_2023",8,"[48] Fernandes et al. 2016; [55] Almeida et al. 2019; [10] Camarri et al. 2006; [30] Osses et al. 2010; [07] Enrigth et al. 2003; [18] Iwama et al. 2009; [04] Troosters, Gosselink & Decramer 1999; [26] Jenkins et al. 2009","0.1797;0.2501;0.0655;-0.1902;-0.0601;0.2879;0.5506;-0.0835",683.757894736842,693.585393958193,1139.41693487637,0.214909080261638,9.82749922135056,-119.555279503201,151.459815852154,53.3370488742268,71.2193219725365
247,"natalia_oliveira_2023",27,"[28] Ben Saad et al. 2009; [30] Osses et al. 2010; [42] Britto et al. 2013; [06] Gibbons et al. 2001; [45] Kim et al. 2014; [15] Masmoudi et al. 2008; [58] Delbressine et al. 2023; [54] Almeida et al. 2019; [43] Rao et al. 2013; [09] Camarri et al. 2006; [27] Alameri et al. 2009; [13] Chetta et al. 2006; [02] Enright & Sherrill 1998; [48] Fernandes et al. 2016; [26] Jenkins et al. 2009; [18] Iwama et al. 2009; [34] Dourado, Vidotto, Guerra 2011; [32] Soares, Pereira 2011; [10] Camarri et al. 2006; [47] Nusdwinuringtyas et al, 2014; [20] Jenkins et al. 2009; [40] Britto et al. 2013; [37] Hill et al. 2011; [55] Almeida et al. 2019; [50] Zou et al. 2017; [04] Troosters, Gosselink & Decramer 1999; [07] Enrigth et al. 2003","0.8493;-0.0337;0.1299;-0.5193;0.34;-0.1591;-0.0691;-0.2745;-0.1082;0.2147;0.6403;-0.5335;0.7209;0.2351;-0.0629;0.2844;0.0578;-0.2001;-0.4301;0.2033;-0.0628;-0.4037;0.1692;0.0972;-0.1494;0.0824;-0.018",682.557894736842,547.281225143885,1904.04424286091,0.327126094936033,-135.276669592957,-296.512271076589,-3.86805564607855,137.561264031483,155.447070690874
248,"natalia_oliveira_2023",9,"[10] Camarri et al. 2006; [55] Almeida et al. 2019; [26] Jenkins et al. 2009; [06] Gibbons et al. 2001; [47] Nusdwinuringtyas et al, 2014; [02] Enright & Sherrill 1998; [28] Ben Saad et al. 2009; [48] Fernandes et al. 2016; [07] Enrigth et al. 2003","-0.0866;0.0718;0.0107;-0.6488;0.6903;0.4226;0.4471;0.1163;-0.0233",679.163157894737,569.052251959693,1768.12875483354,0.1635982436134,-110.110905935044,-271.394562212616,18.7733552442204,113.874130967823,133.342510188573
249,"natalia_oliveira_2023",25,"[09] Camarri et al. 2006; [28] Ben Saad et al. 2009; [37] Hill et al. 2011; [20] Jenkins et al. 2009; [42] Britto et al. 2013; [18] Iwama et al. 2009; [58] Delbressine et al. 2023; [13] Chetta et al. 2006; [06] Gibbons et al. 2001; [43] Rao et al. 2013; [27] Alameri et al. 2009; [50] Zou et al. 2017; [30] Osses et al. 2010; [54] Almeida et al. 2019; [32] Soares, Pereira 2011; [34] Dourado, Vidotto, Guerra 2011; [55] Almeida et al. 2019; [26] Jenkins et al. 2009; [10] Camarri et al. 2006; [04] Troosters, Gosselink & Decramer 1999; [15] Masmoudi et al. 2008; [47] Nusdwinuringtyas et al, 2014; [40] Britto et al. 2013; [45] Kim et al. 2014; [48] Fernandes et al. 2016","0.2137;0.8478;0.3855;0.0424;0.1708;0.3129;0.0938;-0.68;-0.5573;-0.2684;0.6317;-0.3294;0.1295;-0.2536;-0.2769;0.2408;0.1053;0.0227;-0.5576;0.2194;-0.0625;0.3478;-0.3143;0.2714;0.2644",680.894736842105,617.93672373377,1446.91708655748,0.366258991245022,-62.9580131083349,-176.168385399471,54.8237932692553,73.176064397903,90.4953800980433
250,"natalia_oliveira_2023",12,"[27] Alameri et al. 2009; [20] Jenkins et al. 2009; [28] Ben Saad et al. 2009; [40] Britto et al. 2013; [13] Chetta et al. 2006; [45] Kim et al. 2014; [50] Zou et al. 2017; [09] Camarri et al. 2006; [30] Osses et al. 2010; [02] Enright & Sherrill 1998; [47] Nusdwinuringtyas et al, 2014; [55] Almeida et al. 2019","0.4547;-0.1171;0.3467;-0.2948;-0.4491;0.153;-0.2842;0.1368;-0.0343;0.6594;0.258;0.1709",664.826315789474,620.805301811389,1586.81354008801,0.240278351142756,-44.0210139780842,-158.078935222606,72.0631374588059,61.8139354334368,79.2102960977377
251,"natalia_oliveira_2023",23,"[18] Iwama et al. 2009; [32] Soares, Pereira 2011; [28] Ben Saad et al. 2009; [48] Fernandes et al. 2016; [13] Chetta et al. 2006; [45] Kim et al. 2014; [07] Enrigth et al. 2003; [04] Troosters, Gosselink & Decramer 1999; [55] Almeida et al. 2019; [43] Rao et al. 2013; [42] Britto et al. 2013; [20] Jenkins et al. 2009; [37] Hill et al. 2011; [30] Osses et al. 2010; [27] Alameri et al. 2009; [26] Jenkins et al. 2009; [34] Dourado, Vidotto, Guerra 2011; [09] Camarri et al. 2006; [40] Britto et al. 2013; [02] Enright & Sherrill 1998; [10] Camarri et al. 2006; [50] Zou et al. 2017; [06] Gibbons et al. 2001","0.1738;-0.0959;0.3937;0.1275;-0.3543;0.2163;-0.0849;0.0456;0.1571;-0.2278;0.2632;-0.0322;-0.033;-0.0229;0.5212;-3e-04;0.0697;0.2669;-0.1769;0.4473;-0.1863;-0.2573;-0.2105",669.957894736842,611.118318146638,1257.0507599508,0.219937895606022,-58.8395765902039,-164.61770284407,72.0173357440123,71.2153377291548,86.0200398716213
252,"natalia_oliveira_2023",20,"[54] Almeida et al. 2019; [34] Dourado, Vidotto, Guerra 2011; [15] Masmoudi et al. 2008; [06] Gibbons et al. 2001; [10] Camarri et al. 2006; [58] Delbressine et al. 2023; [30] Osses et al. 2010; [18] Iwama et al. 2009; [48] Fernandes et al. 2016; [28] Ben Saad et al. 2009; [26] Jenkins et al. 2009; [37] Hill et al. 2011; [55] Almeida et al. 2019; [43] Rao et al. 2013; [50] Zou et al. 2017; [40] Britto et al. 2013; [04] Troosters, Gosselink & Decramer 1999; [47] Nusdwinuringtyas et al, 2014; [02] Enright & Sherrill 1998; [32] Soares, Pereira 2011","-0.173;0.1477;-0.1402;-0.6372;-0.1305;-0.1344;-0.0815;0.3238;0.225;0.477;0.124;-0.1864;0.1024;0.0202;0.0499;-0.4532;0.315;0.6866;0.6028;-0.138",672.247368421053,548.351620981894,2060.86455311983,0.285945113366123,-123.895747439159,-266.740444160712,-3.68472017002974,125.650521323071,141.078697746027
253,"natalia_oliveira_2023",1,"[20] Jenkins et al. 2009","1",670.38947368421,722.712010133612,1770.39012448756,0.190665834443006,52.3225364494012,-68.1340652442795,191.653778192119,68.4461739791026,87.1677166882709
254,"natalia_oliveira_2023",8,"[07] Enrigth et al. 2003; [28] Ben Saad et al. 2009; [40] Britto et al. 2013; [04] Troosters, Gosselink & Decramer 1999; [42] Britto et al. 2013; [09] Camarri et al. 2006; [06] Gibbons et al. 2001; [02] Enright & Sherrill 1998","-0.1531;0.4763;-0.2716;-0.3253;0.2743;0.5623;-0.3423;0.7794",669.715789473684,658.648288442732,2700.15069551877,0.321885396199997,-11.0675010309527,-144.282820280478,105.879455527373,50.8720321056857,67.7758618851978
255,"natalia_oliveira_2023",8,"[09] Camarri et al. 2006; [42] Britto et al. 2013; [15] Masmoudi et al. 2008; [50] Zou et al. 2017; [26] Jenkins et al. 2009; [43] Rao et al. 2013; [30] Osses et al. 2010; [48] Fernandes et al. 2016","0.4742;0.2639;0.1999;-0.2449;0.1287;-0.2251;0.1513;0.2519",668.657894736842,679.943669306511,1001.37429379128,0.191112824788506,11.2857745696689,-132.888878006983,192.04391215988,60.4623980194056,82.3255860492261
256,"natalia_oliveira_2023",19,"[43] Rao et al. 2013; [34] Dourado, Vidotto, Guerra 2011; [04] Troosters, Gosselink & Decramer 1999; [45] Kim et al. 2014; [37] Hill et al. 2011; [58] Delbressine et al. 2023; [42] Britto et al. 2013; [55] Almeida et al. 2019; [09] Camarri et al. 2006; [47] Nusdwinuringtyas et al, 2014; [07] Enrigth et al. 2003; [27] Alameri et al. 2009; [26] Jenkins et al. 2009; [06] Gibbons et al. 2001; [48] Fernandes et al. 2016; [15] Masmoudi et al. 2008; [28] Ben Saad et al. 2009; [50] Zou et al. 2017; [18] Iwama et al. 2009","-0.4003;0.0043;0.1559;0.2256;0.4227;0.0095;0.186;0.0772;0.1286;0.0296;0.1167;0.637;-0.2437;-0.8539;0.2362;-0.1937;0.6608;-0.486;0.2874",671.9,629.735653807375,1878.40190475741,0.360323839073226,-42.164346192625,-154.67940821413,86.7172481067722,57.4996314778007,72.590674338049
257,"natalia_oliveira_2023",3,"[30] Osses et al. 2010; [45] Kim et al. 2014; [07] Enrigth et al. 2003","0.0248;0.4671;0.5081",676.531578947368,624.204549421223,908.308787687197,0.20663222198218,-52.3270295261456,-169.606281871532,67.5371493591485,66.673048749359,82.8086878021187
258,"natalia_oliveira_2023",2,"[43] Rao et al. 2013; [13] Chetta et al. 2006","0.5;0.5",681.821052631579,527.093921052632,1065.40707555723,0.193811479991713,-154.727131578947,-314.0925,12.5775,157.881768421053,172.687249876787
259,"natalia_oliveira_2023",21,"[32] Soares, Pereira 2011; [43] Rao et al. 2013; [09] Camarri et al. 2006; [02] Enright & Sherrill 1998; [13] Chetta et al. 2006; [55] Almeida et al. 2019; [20] Jenkins et al. 2009; [37] Hill et al. 2011; [26] Jenkins et al. 2009; [07] Enrigth et al. 2003; [10] Camarri et al. 2006; [54] Almeida et al. 2019; [47] Nusdwinuringtyas et al, 2014; [45] Kim et al. 2014; [27] Alameri et al. 2009; [42] Britto et al. 2013; [34] Dourado, Vidotto, Guerra 2011; [58] Delbressine et al. 2023; [50] Zou et al. 2017; [48] Fernandes et al. 2016; [28] Ben Saad et al. 2009","-0.2401;-0.1988;0.305;0.8262;-0.692;0.0657;-0.031;0.0938;-0.0149;-0.0777;-0.5299;-0.5165;0.2722;0.3293;0.6514;0.1355;0.1342;-0.0981;-0.2133;0.1778;0.6211",673.063157894737,582.010228184733,1451.13612901518,0.23832414952678,-91.0529297100036,-234.537721212211,43.1993887093411,98.7238428820316,118.136132883488
260,"natalia_oliveira_2023",23,"[27] Alameri et al. 2009; [37] Hill et al. 2011; [13] Chetta et al. 2006; [04] Troosters, Gosselink & Decramer 1999; [45] Kim et al. 2014; [43] Rao et al. 2013; [10] Camarri et al. 2006; [48] Fernandes et al. 2016; [40] Britto et al. 2013; [32] Soares, Pereira 2011; [58] Delbressine et al. 2023; [20] Jenkins et al. 2009; [28] Ben Saad et al. 2009; [55] Almeida et al. 2019; [09] Camarri et al. 2006; [07] Enrigth et al. 2003; [34] Dourado, Vidotto, Guerra 2011; [18] Iwama et al. 2009; [50] Zou et al. 2017; [26] Jenkins et al. 2009; [06] Gibbons et al. 2001; [42] Britto et al. 2013; [54] Almeida et al. 2019","0.6282;0.3449;-0.5753;0.1524;0.2893;-0.2055;-0.4879;0.306;-0.1868;-0.2469;0.03;-0.0254;0.8719;0.1232;0.2391;0.0865;0.0956;0.3544;-0.265;-0.0401;-0.4528;0.1639;-0.1999",675.894736842105,602.890792428628,1881.69574237331,0.216795548415276,-73.0039444134768,-205.405040089936,51.0823898701225,82.1497206095517,100.262018075181
261,"natalia_oliveira_2023",11,"[55] Almeida et al. 2019; [07] Enrigth et al. 2003; [37] Hill et al. 2011; [48] Fernandes et al. 2016; [09] Camarri et al. 2006; [02] Enright & Sherrill 1998; [27] Alameri et al. 2009; [15] Masmoudi et al. 2008; [18] Iwama et al. 2009; [42] Britto et al. 2013; [20] Jenkins et al. 2009","0.1165;-0.0268;0.1556;-0.2763;0.3195;0.9915;0.6116;-0.3344;-0.2187;0.1416;-0.4802",673.142105263158,636.352601135108,1364.808693764,0.286824918257963,-36.7895041280503,-237.583893079103,103.467815494933,63.482680160879,85.7619700146169
262,"natalia_oliveira_2023",25,"[04] Troosters, Gosselink & Decramer 1999; [37] Hill et al. 2011; [32] Soares, Pereira 2011; [26] Jenkins et al. 2009; [40] Britto et al. 2013; [15] Masmoudi et al. 2008; [28] Ben Saad et al. 2009; [06] Gibbons et al. 2001; [48] Fernandes et al. 2016; [27] Alameri et al. 2009; [02] Enright & Sherrill 1998; [58] Delbressine et al. 2023; [10] Camarri et al. 2006; [07] Enrigth et al. 2003; [18] Iwama et al. 2009; [54] Almeida et al. 2019; [13] Chetta et al. 2006; [42] Britto et al. 2013; [30] Osses et al. 2010; [20] Jenkins et al. 2009; [55] Almeida et al. 2019; [09] Camarri et al. 2006; [50] Zou et al. 2017; [34] Dourado, Vidotto, Guerra 2011; [47] Nusdwinuringtyas et al, 2014","0.1077;0.134;-0.2231;0.001;-0.3641;-0.1353;0.7283;-0.4381;0.1888;0.5899;0.7654;-0.0689;-0.3755;-0.0454;0.2319;-0.3328;-0.5087;0.1396;-0.0305;-0.0341;0.1017;0.28;-0.1587;0.0728;0.3741",675.957894736842,546.710578100188,1579.93120142127,0.256549246975776,-129.247316636654,-263.427063907105,-2.64888482069136,131.335002090143,146.013715955915
263,"natalia_oliveira_2023",18,"[55] Almeida et al. 2019; [45] Kim et al. 2014; [30] Osses et al. 2010; [50] Zou et al. 2017; [40] Britto et al. 2013; [06] Gibbons et al. 2001; [47] Nusdwinuringtyas et al, 2014; [13] Chetta et al. 2006; [07] Enrigth et al. 2003; [27] Alameri et al. 2009; [02] Enright & Sherrill 1998; [32] Soares, Pereira 2011; [04] Troosters, Gosselink & Decramer 1999; [09] Camarri et al. 2006; [43] Rao et al. 2013; [18] Iwama et al. 2009; [48] Fernandes et al. 2016; [26] Jenkins et al. 2009","0.1036;0.2617;-0.3052;-0.4084;-0.3177;0.0124;0.6465;-0.3854;0.135;0.672;1.0716;-0.4976;0.4715;0.3072;-0.4093;-0.0027;-0.0585;-0.2969",679.184210526316,669.943541573853,961.84055159182,0.286370575853016,-9.24066895246282,-143.896564286423,122.234847278643,52.9826857923127,68.4834724488006
264,"natalia_oliveira_2023",21,"[06] Gibbons et al. 2001; [20] Jenkins et al. 2009; [27] Alameri et al. 2009; [37] Hill et al. 2011; [30] Osses et al. 2010; [43] Rao et al. 2013; [45] Kim et al. 2014; [10] Camarri et al. 2006; [55] Almeida et al. 2019; [18] Iwama et al. 2009; [50] Zou et al. 2017; [47] Nusdwinuringtyas et al, 2014; [58] Delbressine et al. 2023; [48] Fernandes et al. 2016; [40] Britto et al. 2013; [42] Britto et al. 2013; [54] Almeida et al. 2019; [15] Masmoudi et al. 2008; [07] Enrigth et al. 2003; [28] Ben Saad et al. 2009; [02] Enright & Sherrill 1998","-0.648;-0.0058;0.642;0.1313;-0.0266;-0.1474;0.3422;-0.4861;0.0071;0.2558;-0.179;0.2741;-0.0877;0.2064;-0.4302;0.1133;-0.388;-0.1619;-0.0644;0.8575;0.7952",686.547368421053,501.892123451333,1535.6857701746,0.258261552495907,-184.65524496972,-365.773660746071,-56.8861884080008,184.843850700893,197.369346774396
265,"natalia_oliveira_2023",4,"[27] Alameri et al. 2009; [42] Britto et al. 2013; [04] Troosters, Gosselink & Decramer 1999; [18] Iwama et al. 2009","0.4129;0.1951;0.3809;0.0111",677.442105263158,623.264172302074,1181.40705943811,0.173910383042215,-54.1779329610834,-173.074442373612,79.6007854832463,72.331270501249,91.8453511462896
266,"natalia_oliveira_2023",15,"[48] Fernandes et al. 2016; [06] Gibbons et al. 2001; [45] Kim et al. 2014; [10] Camarri et al. 2006; [58] Delbressine et al. 2023; [04] Troosters, Gosselink & Decramer 1999; [20] Jenkins et al. 2009; [26] Jenkins et al. 2009; [40] Britto et al. 2013; [43] Rao et al. 2013; [18] Iwama et al. 2009; [47] Nusdwinuringtyas et al, 2014; [28] Ben Saad et al. 2009; [07] Enrigth et al. 2003; [15] Masmoudi et al. 2008","0.3872;-0.7699;0.4002;-0.4486;0.0596;0.3269;0.0307;0.0538;-0.3411;-0.3098;0.465;0.431;0.6654;0.1011;-0.0513",668.942105263158,579.159731677201,1579.49494147136,0.17134776719385,-89.7823735859568,-229.185835573724,28.2945211258567,93.9413658700843,112.713841491892
267,"natalia_oliveira_2023",2,"[28] Ben Saad et al. 2009; [15] Masmoudi et al. 2008","0.3121;0.6879",664.736842105263,678.249381388576,3656.22812553254,0.283245371093332,13.512539283313,-104.383262269822,129.879828854438,53.6573404694747,68.3451152175933
268,"natalia_oliveira_2023",26,"[48] Fernandes et al. 2016; [10] Camarri et al. 2006; [43] Rao et al. 2013; [47] Nusdwinuringtyas et al, 2014; [27] Alameri et al. 2009; [18] Iwama et al. 2009; [42] Britto et al. 2013; [15] Masmoudi et al. 2008; [20] Jenkins et al. 2009; [09] Camarri et al. 2006; [40] Britto et al. 2013; [04] Troosters, Gosselink & Decramer 1999; [50] Zou et al. 2017; [13] Chetta et al. 2006; [07] Enrigth et al. 2003; [02] Enright & Sherrill 1998; [55] Almeida et al. 2019; [32] Soares, Pereira 2011; [34] Dourado, Vidotto, Guerra 2011; [26] Jenkins et al. 2009; [54] Almeida et al. 2019; [28] Ben Saad et al. 2009; [37] Hill et al. 2011; [06] Gibbons et al. 2001; [30] Osses et al. 2010; [58] Delbressine et al. 2023","0.1841;-0.3683;-0.1173;0.3262;0.7113;0.2307;0.1552;-0.1366;-0.0587;0.2819;-0.3841;0.0551;-0.1401;-0.527;0.0186;0.7232;0.1186;-0.2087;0.056;-0.057;-0.2538;0.7648;0.2167;-0.5163;-0.0331;-0.0415",667.778947368421,551.448886219571,1592.65380335958,0.258163803255611,-116.33006114885,-272.505045570808,18.321404360546,120.288269127637,136.846121080612
269,"natalia_oliveira_2023",22,"[34] Dourado, Vidotto, Guerra 2011; [45] Kim et al. 2014; [50] Zou et al. 2017; [20] Jenkins et al. 2009; [48] Fernandes et al. 2016; [13] Chetta et al. 2006; [47] Nusdwinuringtyas et al, 2014; [28] Ben Saad et al. 2009; [26] Jenkins et al. 2009; [37] Hill et al. 2011; [42] Britto et al. 2013; [10] Camarri et al. 2006; [27] Alameri et al. 2009; [09] Camarri et al. 2006; [58] Delbressine et al. 2023; [32] Soares, Pereira 2011; [06] Gibbons et al. 2001; [43] Rao et al. 2013; [18] Iwama et al. 2009; [04] Troosters, Gosselink & Decramer 1999; [07] Enrigth et al. 2003; [15] Masmoudi et al. 2008","0.0673;0.3334;-0.1994;-0.0622;0.2603;-0.6487;0.1421;0.8631;-0.0662;0.3928;0.1009;-0.5762;0.677;0.1948;0.0301;-0.2475;-0.6604;-0.1527;0.3087;0.2175;0.1286;-0.1034",671.873684210526,561.015137459966,1843.06114997088,0.24794332581049,-110.85854675056,-251.028482116713,26.7247359868656,113.921528050404,134.025691578003
270,"natalia_oliveira_2023",26,"[20] Jenkins et al. 2009; [28] Ben Saad et al. 2009; [04] Troosters, Gosselink & Decramer 1999; [40] Britto et al. 2013; [58] Delbressine et al. 2023; [43] Rao et al. 2013; [26] Jenkins et al. 2009; [47] Nusdwinuringtyas et al, 2014; [32] Soares, Pereira 2011; [34] Dourado, Vidotto, Guerra 2011; [18] Iwama et al. 2009; [09] Camarri et al. 2006; [54] Almeida et al. 2019; [30] Osses et al. 2010; [37] Hill et al. 2011; [42] Britto et al. 2013; [27] Alameri et al. 2009; [10] Camarri et al. 2006; [50] Zou et al. 2017; [15] Masmoudi et al. 2008; [02] Enright & Sherrill 1998; [07] Enrigth et al. 2003; [55] Almeida et al. 2019; [48] Fernandes et al. 2016; [13] Chetta et al. 2006; [45] Kim et al. 2014","-0.001;0.6561;0.1687;-0.4214;-0.0419;-0.2084;0.0253;0.2964;-0.2294;0.1242;0.2174;0.2094;-0.3534;-0.0023;0.0765;0.1058;0.607;-0.4757;-0.2458;-0.103;0.7353;-0.0212;0.0636;0.1618;-0.6247;0.2807",676.863157894737,619.074836643755,1830.43321513137,0.257737146828194,-57.7883212509815,-186.073957608088,54.0263215456354,67.8032327136671,85.5697278994796
271,"natalia_oliveira_2023",11,"[07] Enrigth et al. 2003; [26] Jenkins et al. 2009; [20] Jenkins et al. 2009; [28] Ben Saad et al. 2009; [09] Camarri et al. 2006; [32] Soares, Pereira 2011; [30] Osses et al. 2010; [37] Hill et al. 2011; [43] Rao et al. 2013; [18] Iwama et al. 2009; [45] Kim et al. 2014","-0.0261;0.1555;0.1276;0.2427;0.2033;-0.1175;0.1623;0.0867;-0.3553;0.2829;0.238",682.91052631579,770.22754429119,1313.5163207387,0.162316635976594,87.3170179754007,-64.4005164594354,236.613685905823,97.1956737710605,115.692510192
272,"natalia_oliveira_2023",5,"[10] Camarri et al. 2006; [42] Britto et al. 2013; [48] Fernandes et al. 2016; [28] Ben Saad et al. 2009; [13] Chetta et al. 2006","0.4333;0.3039;0.3184;0.2194;-0.275",671.1,662.961779536637,1721.99624862972,0.294336161536013,-8.13822046336298,-126.400785446615,107.144081161886,43.5729328378348,58.6985442145593
273,"natalia_oliveira_2023",10,"[15] Masmoudi et al. 2008; [04] Troosters, Gosselink & Decramer 1999; [02] Enright & Sherrill 1998; [42] Britto et al. 2013; [50] Zou et al. 2017; [48] Fernandes et al. 2016; [09] Camarri et al. 2006; [37] Hill et al. 2011; [40] Britto et al. 2013; [13] Chetta et al. 2006","-0.5456;0.1848;0.7783;0.1888;-0.3129;0.0694;0.7507;0.0684;-0.1213;-0.0607",677.005263157895,727.778216935974,1631.65035879521,0.224263276743082,50.7729537780789,-95.4942211647884,186.372358276715,69.537900613936,85.5045393453977
274,"natalia_oliveira_2023",7,"[37] Hill et al. 2011; [55] Almeida et al. 2019; [32] Soares, Pereira 2011; [04] Troosters, Gosselink & Decramer 1999; [30] Osses et al. 2010; [45] Kim et al. 2014; [34] Dourado, Vidotto, Guerra 2011","0.2671;0.2867;-0.4444;0.4328;-0.1144;0.4737;0.0985",668.768421052632,762.600244707957,1307.25342358167,0.200878327754899,93.831823655325,-31.3357391103963,229.634352431429,102.154233203873,118.266689708365
275,"natalia_oliveira_2023",12,"[37] Hill et al. 2011; [40] Britto et al. 2013; [48] Fernandes et al. 2016; [45] Kim et al. 2014; [42] Britto et al. 2013; [02] Enright & Sherrill 1998; [30] Osses et al. 2010; [28] Ben Saad et al. 2009; [18] Iwama et al. 2009; [09] Camarri et al. 2006; [07] Enrigth et al. 2003; [06] Gibbons et al. 2001","0.1733;-0.7923;0.4212;0.3016;0.1265;0.8947;-0.4258;0.8337;0.5054;0.1579;-0.5279;-0.6682",679.784210526316,629.569429010148,1769.33632477323,0.293860736921614,-50.2147815161682,-212.053157178413,62.467285917237,63.9005921481054,83.6640036949318
276,"natalia_oliveira_2023",24,"[02] Enright & Sherrill 1998; [37] Hill et al. 2011; [07] Enrigth et al. 2003; [34] Dourado, Vidotto, Guerra 2011; [13] Chetta et al. 2006; [43] Rao et al. 2013; [47] Nusdwinuringtyas et al, 2014; [54] Almeida et al. 2019; [27] Alameri et al. 2009; [20] Jenkins et al. 2009; [30] Osses et al. 2010; [50] Zou et al. 2017; [32] Soares, Pereira 2011; [58] Delbressine et al. 2023; [09] Camarri et al. 2006; [55] Almeida et al. 2019; [04] Troosters, Gosselink & Decramer 1999; [48] Fernandes et al. 2016; [06] Gibbons et al. 2001; [15] Masmoudi et al. 2008; [42] Britto et al. 2013; [18] Iwama et al. 2009; [28] Ben Saad et al. 2009; [45] Kim et al. 2014","0.6543;0.2942;0.0376;-0.0487;-0.6253;-0.2087;0.2407;-0.3988;0.5787;-0.1429;-0.0482;-0.2565;-0.287;-0.0357;0.2405;0.0725;0.0185;0.2547;-0.5641;-0.1667;0.1424;0.2952;0.7017;0.2518",675.784210526316,607.024549291145,1530.81571699868,0.231474139817093,-68.7596612351703,-197.970875516157,47.1355728081987,76.3103264487752,93.6351490982452
277,"natalia_oliveira_2023",21,"[07] Enrigth et al. 2003; [26] Jenkins et al. 2009; [42] Britto et al. 2013; [37] Hill et al. 2011; [43] Rao et al. 2013; [27] Alameri et al. 2009; [55] Almeida et al. 2019; [54] Almeida et al. 2019; [32] Soares, Pereira 2011; [20] Jenkins et al. 2009; [02] Enright & Sherrill 1998; [47] Nusdwinuringtyas et al, 2014; [06] Gibbons et al. 2001; [18] Iwama et al. 2009; [30] Osses et al. 2010; [09] Camarri et al. 2006; [58] Delbressine et al. 2023; [15] Masmoudi et al. 2008; [13] Chetta et al. 2006; [34] Dourado, Vidotto, Guerra 2011; [04] Troosters, Gosselink & Decramer 1999","0.0643;-0.0531;0.2025;0.0486;-0.6208;0.5728;0.1313;-0.2213;-0.3399;-0.1318;0.8651;0.7601;-0.097;-0.1772;-0.1502;0.3009;-0.0013;-0.0936;-0.5604;-0.026;0.5271",669.168421052632,730.403952529001,1113.89672285946,0.254188005950263,61.2355314763693,-55.8361501955638,186.645032486651,72.1067261085158,85.4486830830153
278,"natalia_oliveira_2023",11,"[42] Britto et al. 2013; [45] Kim et al. 2014; [10] Camarri et al. 2006; [06] Gibbons et al. 2001; [27] Alameri et al. 2009; [43] Rao et al. 2013; [18] Iwama et al. 2009; [28] Ben Saad et al. 2009; [02] Enright & Sherrill 1998; [09] Camarri et al. 2006; [07] Enrigth et al. 2003","0.2012;0.2746;-0.7574;-0.4616;0.6163;-0.3312;0.0462;0.6262;0.4911;0.3716;-0.0769",676.968421052632,562.988476145923,1775.52446207404,0.339848871325295,-113.979944906709,-217.683872811749,21.6339467830187,117.662885105585,130.977416819245
279,"natalia_oliveira_2023",6,"[28] Ben Saad et al. 2009; [06] Gibbons et al. 2001; [09] Camarri et al. 2006; [18] Iwama et al. 2009; [42] Britto et al. 2013; [13] Chetta et al. 2006","0.674;-0.4485;0.3354;0.6999;0.3093;-0.5701",674.368421052632,644.56694776514,2520.91175894144,0.33760409884409,-29.8014732874911,-155.887891713982,90.8728844295772,58.3565102130925,75.8592846458955
280,"natalia_oliveira_2023",12,"[18] Iwama et al. 2009; [09] Camarri et al. 2006; [26] Jenkins et al. 2009; [02] Enright & Sherrill 1998; [55] Almeida et al. 2019; [48] Fernandes et al. 2016; [43] Rao et al. 2013; [10] Camarri et al. 2006; [06] Gibbons et al. 2001; [28] Ben Saad et al. 2009; [45] Kim et al. 2014; [37] Hill et al. 2011","0.3649;0.3637;-0.3285;0.3947;0.0888;0.2728;-0.1592;-0.621;-0.7531;0.8133;0.5935;-0.0301",685.742105263158,539.54945898287,2317.36077718602,0.254364947060415,-146.192646280288,-317.593773704282,-11.8113563570538,147.491410405364,164.136791529499
281,"natalia_oliveira_2023",26,"[48] Fernandes et al. 2016; [07] Enrigth et al. 2003; [42] Britto et al. 2013; [09] Camarri et al. 2006; [32] Soares, Pereira 2011; [10] Camarri et al. 2006; [28] Ben Saad et al. 2009; [45] Kim et al. 2014; [26] Jenkins et al. 2009; [40] Britto et al. 2013; [13] Chetta et al. 2006; [02] Enright & Sherrill 1998; [04] Troosters, Gosselink & Decramer 1999; [27] Alameri et al. 2009; [58] Delbressine et al. 2023; [50] Zou et al. 2017; [18] Iwama et al. 2009; [15] Masmoudi et al. 2008; [20] Jenkins et al. 2009; [34] Dourado, Vidotto, Guerra 2011; [43] Rao et al. 2013; [30] Osses et al. 2010; [37] Hill et al. 2011; [55] Almeida et al. 2019; [06] Gibbons et al. 2001; [54] Almeida et al. 2019","0.2122;-0.0306;0.1953;0.326;-0.2971;-0.4963;0.799;0.3708;-0.094;-0.3836;-0.5013;0.8377;0.1782;0.7695;-0.0758;-0.2487;0.2795;-0.1647;-0.1011;0.0428;-0.2039;-0.0676;0.1049;0.1741;-0.3254;-0.3",687.031578947368,584.193549581846,2180.78279743724,0.193246867476927,-102.838029365522,-244.544222469547,26.7360660599724,108.415490864466,130.789372355569
282,"natalia_oliveira_2023",2,"[07] Enrigth et al. 2003; [34] Dourado, Vidotto, Guerra 2011","0.5;0.5",669.152631578947,655.919624789474,2338.19010828692,0.206759781318065,-13.2330067894737,-171.68890825,134.688288875,62.4941428947368,80.4048378967786
283,"natalia_oliveira_2023",3,"[48] Fernandes et al. 2016; [15] Masmoudi et al. 2008; [32] Soares, Pereira 2011","0.4086;0.3947;0.1967",665.489473684211,577.923279775855,959.882637298445,0.154154819529869,-87.5661939083559,-231.72640182118,52.5888081846132,97.272161452491,115.603190215018
284,"natalia_oliveira_2023",7,"[04] Troosters, Gosselink & Decramer 1999; [42] Britto et al. 2013; [27] Alameri et al. 2009; [48] Fernandes et al. 2016; [43] Rao et al. 2013; [32] Soares, Pereira 2011; [30] Osses et al. 2010","0.5348;0.2037;0.584;0.201;-0.3055;-0.3081;0.09",680.115789473684,659.008453967494,1082.01247671334,0.245553729912983,-21.1073355061905,-180.527456388631,147.404635279162,62.4538858138358,84.6046582386837
285,"natalia_oliveira_2023",13,"[07] Enrigth et al. 2003; [09] Camarri et al. 2006; [15] Masmoudi et al. 2008; [40] Britto et al. 2013; [48] Fernandes et al. 2016; [43] Rao et al. 2013; [27] Alameri et al. 2009; [34] Dourado, Vidotto, Guerra 2011; [13] Chetta et al. 2006; [02] Enright & Sherrill 1998; [42] Britto et al. 2013; [28] Ben Saad et al. 2009; [04] Troosters, Gosselink & Decramer 1999","-0.0874;0.252;-0.1958;-0.3528;0.1132;-0.2317;0.5401;0.0177;-0.4801;0.6986;0.312;0.3898;0.0243",678.2,673.155702160343,1526.39596371309,0.303034773614329,-5.04429783965673,-125.82365011928,109.685972817223,49.9607801852863,62.9352396389176
286,"natalia_oliveira_2023",17,"[58] Delbressine et al. 2023; [40] Britto et al. 2013; [34] Dourado, Vidotto, Guerra 2011; [10] Camarri et al. 2006; [32] Soares, Pereira 2011; [28] Ben Saad et al. 2009; [42] Britto et al. 2013; [06] Gibbons et al. 2001; [48] Fernandes et al. 2016; [13] Chetta et al. 2006; [15] Masmoudi et al. 2008; [07] Enrigth et al. 2003; [18] Iwama et al. 2009; [09] Camarri et al. 2006; [43] Rao et al. 2013; [04] Troosters, Gosselink & Decramer 1999; [20] Jenkins et al. 2009","0.0533;-0.4383;0.327;-0.5203;-0.1723;0.9292;0.2269;-0.4913;0.5552;-0.5788;-0.087;0.0887;0.601;0.4914;-0.0791;-4e-04;0.0947",676.442105263158,590.484346745827,1307.36649670768,0.160024932061266,-85.9577585173309,-206.08503502566,92.6919302308632,98.4676797982616,114.938031145808
287,"natalia_oliveira_2023",15,"[54] Almeida et al. 2019; [34] Dourado, Vidotto, Guerra 2011; [48] Fernandes et al. 2016; [45] Kim et al. 2014; [02] Enright & Sherrill 1998; [55] Almeida et al. 2019; [37] Hill et al. 2011; [09] Camarri et al. 2006; [06] Gibbons et al. 2001; [18] Iwama et al. 2009; [32] Soares, Pereira 2011; [43] Rao et al. 2013; [40] Britto et al. 2013; [13] Chetta et al. 2006; [20] Jenkins et al. 2009","0.0986;-0.2302;-0.0652;0.6903;1.1362;0.1991;0.1338;0.7052;0.1528;0.0275;-0.5378;-0.4441;-0.1425;-0.4072;-0.3166",650.71052631579,823.710525100557,1426.64970070357,0.195811293798101,172.999998784767,49.5529790337704,349.761794957999,172.999998784767,187.846260860726
288,"natalia_oliveira_2023",18,"[18] Iwama et al. 2009; [10] Camarri et al. 2006; [20] Jenkins et al. 2009; [40] Britto et al. 2013; [42] Britto et al. 2013; [50] Zou et al. 2017; [27] Alameri et al. 2009; [15] Masmoudi et al. 2008; [28] Ben Saad et al. 2009; [54] Almeida et al. 2019; [02] Enright & Sherrill 1998; [45] Kim et al. 2014; [34] Dourado, Vidotto, Guerra 2011; [09] Camarri et al. 2006; [30] Osses et al. 2010; [06] Gibbons et al. 2001; [37] Hill et al. 2011; [26] Jenkins et al. 2009","0.2833;-0.4586;-0.0754;-0.3503;0.185;-0.2598;0.5967;-0.3074;0.7217;-0.2438;0.8461;0.299;0.0814;0.2662;-0.0696;-0.466;0.0172;-0.0657",677.989473684211,531.392841592522,1632.8021902609,0.24884155646992,-146.596632091688,-317.7392874839,-38.8597629576888,147.448004867675,161.530059114533
289,"natalia_oliveira_2023",9,"[10] Camarri et al. 2006; [02] Enright & Sherrill 1998; [26] Jenkins et al. 2009; [09] Camarri et al. 2006; [34] Dourado, Vidotto, Guerra 2011; [07] Enrigth et al. 2003; [13] Chetta et al. 2006; [32] Soares, Pereira 2011; [48] Fernandes et al. 2016","0.0263;0.8287;-0.1314;0.7399;-0.0703;-0.0507;-0.1231;-0.3343;0.1148",672.031578947368,679.665737244275,1306.1962305589,0.182148941548155,7.63415829690687,-131.397243396886,141.528063486373,56.4999088068029,75.6070811983516
290,"natalia_oliveira_2023",25,"[50] Zou et al. 2017; [06] Gibbons et al. 2001; [07] Enrigth et al. 2003; [55] Almeida et al. 2019; [42] Britto et al. 2013; [20] Jenkins et al. 2009; [26] Jenkins et al. 2009; [58] Delbressine et al. 2023; [18] Iwama et al. 2009; [47] Nusdwinuringtyas et al, 2014; [27] Alameri et al. 2009; [48] Fernandes et al. 2016; [45] Kim et al. 2014; [15] Masmoudi et al. 2008; [09] Camarri et al. 2006; [28] Ben Saad et al. 2009; [02] Enright & Sherrill 1998; [32] Soares, Pereira 2011; [37] Hill et al. 2011; [40] Britto et al. 2013; [30] Osses et al. 2010; [13] Chetta et al. 2006; [54] Almeida et al. 2019; [43] Rao et al. 2013; [04] Troosters, Gosselink & Decramer 1999","-0.3471;-0.5269;0.0173;0.1222;0.1163;-0.1098;-0.1007;-0.0416;0.2976;0.4102;0.6851;0.2362;0.2947;-0.1609;0.2055;0.6738;0.8943;-0.318;0.2257;-0.3701;-0.0589;-0.6528;-0.3343;-0.3005;0.1427",678.605263157895,610.977836107406,1692.99527323276,0.225596816598998,-67.6274270504888,-192.410219369114,38.986121969559,74.8742723336359,93.4656830593201
291,"natalia_oliveira_2023",11,"[47] Nusdwinuringtyas et al, 2014; [40] Britto et al. 2013; [43] Rao et al. 2013; [09] Camarri et al. 2006; [42] Britto et al. 2013; [06] Gibbons et al. 2001; [54] Almeida et al. 2019; [04] Troosters, Gosselink & Decramer 1999; [27] Alameri et al. 2009; [02] Enright & Sherrill 1998; [07] Enrigth et al. 2003","0.7977;-0.2277;-0.8326;0.2375;0.1249;-0.121;-0.3476;0.2626;0.3148;0.9689;-0.1776",665.357894736842,744.041966708981,1113.63159160832,0.166446147471714,78.6840719721387,-48.4552476317767,207.128211881636,86.6248808986078,101.665918740619
292,"natalia_oliveira_2023",9,"[27] Alameri et al. 2009; [26] Jenkins et al. 2009; [50] Zou et al. 2017; [58] Delbressine et al. 2023; [30] Osses et al. 2010; [55] Almeida et al. 2019; [42] Britto et al. 2013; [34] Dourado, Vidotto, Guerra 2011; [28] Ben Saad et al. 2009","0.377;0.1795;-0.3733;-0.0531;-0.0154;0.0811;0.3159;0.2441;0.2442",682.042105263158,633.429248124375,1571.0852938945,0.334255970584415,-48.6128571387825,-154.014083212689,60.9562885632118,62.5348287667565,77.5531653688434
293,"natalia_oliveira_2023",1,"[48] Fernandes et al. 2016","1",678.547368421053,490.488736842105,426.373190935673,0.12006133342336,-188.058631578947,-313.681,-15.791,188.066189473684,203.862561612759
294,"natalia_oliveira_2023",24,"[45] Kim et al. 2014; [50] Zou et al. 2017; [18] Iwama et al. 2009; [48] Fernandes et al. 2016; [28] Ben Saad et al. 2009; [55] Almeida et al. 2019; [54] Almeida et al. 2019; [13] Chetta et al. 2006; [15] Masmoudi et al. 2008; [27] Alameri et al. 2009; [02] Enright & Sherrill 1998; [10] Camarri et al. 2006; [30] Osses et al. 2010; [26] Jenkins et al. 2009; [20] Jenkins et al. 2009; [43] Rao et al. 2013; [06] Gibbons et al. 2001; [32] Soares, Pereira 2011; [04] Troosters, Gosselink & Decramer 1999; [58] Delbressine et al. 2023; [42] Britto et al. 2013; [40] Britto et al. 2013; [37] Hill et al. 2011; [47] Nusdwinuringtyas et al, 2014","0.3654;-0.1394;0.2625;0.2093;0.7792;0.0826;-0.2728;-0.5068;-0.1092;0.67;0.6584;-0.4116;-0.0624;-0.0468;-0.0689;-0.0986;-0.4803;-0.2325;0.2328;-0.0392;0.1042;-0.37;0.1165;0.3576",673.463157894737,532.056399392074,2031.25128607582,0.321895147491825,-141.406758502662,-271.827636697692,-23.1762906583756,141.435035763164,158.145717086657
295,"natalia_oliveira_2023",4,"[40] Britto et al. 2013; [20] Jenkins et al. 2009; [07] Enrigth et al. 2003; [10] Camarri et al. 2006","0.1796;0.0721;0.3592;0.3891",671.41052631579,687.707790765187,1909.43749876904,0.265298541257173,16.2972644493971,-110.144663379659,136.445679567381,50.2527742430073,65.831167855891
296,"natalia_oliveira_2023",14,"[55] Almeida et al. 2019; [30] Osses et al. 2010; [32] Soares, Pereira 2011; [40] Britto et al. 2013; [02] Enright & Sherrill 1998; [54] Almeida et al. 2019; [10] Camarri et al. 2006; [47] Nusdwinuringtyas et al, 2014; [48] Fernandes et al. 2016; [27] Alameri et al. 2009; [58] Delbressine et al. 2023; [43] Rao et al. 2013; [15] Masmoudi et al. 2008; [42] Britto et al. 2013","0.1537;-0.1788;-0.3767;-0.1724;1.0332;-0.286;0.1182;0.5431;-0.244;0.5995;0.0461;-0.3879;9e-04;0.151",671.294736842105,663.607515910853,968.325801881129,0.254354003624975,-7.68722093125249,-122.029157585237,121.412008163259,49.9653950385549,68.1308207279882
297,"natalia_oliveira_2023",5,"[28] Ben Saad et al. 2009; [10] Camarri et al. 2006; [20] Jenkins et al. 2009; [37] Hill et al. 2011; [04] Troosters, Gosselink & Decramer 1999","0.351;0.142;0.3596;0.1755;-0.0281",681.71052631579,751.195405455614,2335.68708149737,0.236556658770713,69.484879139825,-98.1349821091933,200.260686106672,84.8098841471983,102.136060960402
298,"natalia_oliveira_2023",12,"[32] Soares, Pereira 2011; [54] Almeida et al. 2019; [20] Jenkins et al. 2009; [48] Fernandes et al. 2016; [47] Nusdwinuringtyas et al, 2014; [09] Camarri et al. 2006; [50] Zou et al. 2017; [58] Delbressine et al. 2023; [02] Enright & Sherrill 1998; [04] Troosters, Gosselink & Decramer 1999; [13] Chetta et al. 2006; [28] Ben Saad et al. 2009","-0.2007;-0.3718;-0.0475;0.3669;0.4773;0.5604;-0.0933;-0.1685;0.8396;-0.0452;-0.7383;0.4211",677.815789473684,626.358759689339,1764.25015757216,0.257361719119873,-51.457029784345,-203.051485106099,90.3477930355944,72.7276253285025,93.3486931960418
299,"natalia_oliveira_2023",19,"[15] Masmoudi et al. 2008; [47] Nusdwinuringtyas et al, 2014; [18] Iwama et al. 2009; [06] Gibbons et al. 2001; [48] Fernandes et al. 2016; [09] Camarri et al. 2006; [26] Jenkins et al. 2009; [32] Soares, Pereira 2011; [20] Jenkins et al. 2009; [27] Alameri et al. 2009; [50] Zou et al. 2017; [37] Hill et al. 2011; [04] Troosters, Gosselink & Decramer 1999; [13] Chetta et al. 2006; [55] Almeida et al. 2019; [07] Enrigth et al. 2003; [45] Kim et al. 2014; [02] Enright & Sherrill 1998; [34] Dourado, Vidotto, Guerra 2011","-0.2333;0.7243;-0.0758;-0.174;-0.1203;0.5258;-0.145;-0.5598;-0.2733;0.5031;-0.4779;0.1611;0.5376;-0.5852;0.0838;-0.0487;0.1501;1.1895;-0.1821",672.831578947368,664.628277118598,969.599596953194,0.178978520535452,-8.20330182877047,-154.972470797562,123.503346186139,56.1079304163852,73.4129767420981
300,"natalia_oliveira_2023",8,"[02] Enright & Sherrill 1998; [32] Soares, Pereira 2011; [40] Britto et al. 2013; [15] Masmoudi et al. 2008; [54] Almeida et al. 2019; [27] Alameri et al. 2009; [04] Troosters, Gosselink & Decramer 1999; [45] Kim et al. 2014","0.6893;-0.6986;0.0308;-0.4499;0.0194;0.6633;0.4806;0.2651",684.452631578947,636.547480549494,732.182036186043,0.166110057747696,-47.9051510294534,-161.773329205859,80.2860325619254,65.8642981152297,82.759812854229
301,"natalia_oliveira_2023",27,"[32] Soares, Pereira 2011; [18] Iwama et al. 2009; [34] Dourado, Vidotto, Guerra 2011; [47] Nusdwinuringtyas et al, 2014; [40] Britto et al. 2013; [37] Hill et al. 2011; [55] Almeida et al. 2019; [50] Zou et al. 2017; [04] Troosters, Gosselink & Decramer 1999; [45] Kim et al. 2014; [28] Ben Saad et al. 2009; [20] Jenkins et al. 2009; [26] Jenkins et al. 2009; [13] Chetta et al. 2006; [10] Camarri et al. 2006; [58] Delbressine et al. 2023; [54] Almeida et al. 2019; [02] Enright & Sherrill 1998; [42] Britto et al. 2013; [27] Alameri et al. 2009; [06] Gibbons et al. 2001; [48] Fernandes et al. 2016; [07] Enrigth et al. 2003; [30] Osses et al. 2010; [43] Rao et al. 2013; [09] Camarri et al. 2006; [15] Masmoudi et al. 2008","-0.2382;0.2355;0.0178;0.3906;-0.3189;0.1128;0.0368;-0.2053;0.1989;0.3302;0.7385;-0.0676;-0.059;-0.5236;-0.4456;-0.034;-0.2746;0.7586;0.111;0.6555;-0.4675;0.1806;0.0085;-0.0508;-0.1617;0.1871;-0.1155",676.384210526316,542.651609795103,2011.40108479382,0.294027814323238,-133.732600731213,-303.584525302692,1.62147010853685,134.206837106691,152.479353038458
302,"natalia_oliveira_2023",1,"[32] Soares, Pereira 2011","1",681.568421052632,627.399583058874,835.96821698946,0.21973001870044,-54.1688379937573,-187.460297189079,70.9463634212923,70.7442137190713,91.157369712401
303,"natalia_oliveira_2023",17,"[34] Dourado, Vidotto, Guerra 2011; [28] Ben Saad et al. 2009; [55] Almeida et al. 2019; [20] Jenkins et al. 2009; [07] Enrigth et al. 2003; [47] Nusdwinuringtyas et al, 2014; [50] Zou et al. 2017; [09] Camarri et al. 2006; [48] Fernandes et al. 2016; [02] Enright & Sherrill 1998; [10] Camarri et al. 2006; [15] Masmoudi et al. 2008; [06] Gibbons et al. 2001; [40] Britto et al. 2013; [45] Kim et al. 2014; [27] Alameri et al. 2009; [04] Troosters, Gosselink & Decramer 1999","-0.0494;0.7423;0.1601;-0.1448;0.0787;0.2151;-0.276;0.1894;0.2115;0.6815;-0.6687;-0.1418;-0.6249;-0.5708;0.3298;0.7013;0.1667",668.178947368421,479.101698849906,1599.6830361476,0.27746371183322,-189.077248518515,-307.632269125532,-63.2403876890294,189.077248518515,199.374486334602
304,"natalia_oliveira_2023",22,"[27] Alameri et al. 2009; [45] Kim et al. 2014; [54] Almeida et al. 2019; [58] Delbressine et al. 2023; [55] Almeida et al. 2019; [50] Zou et al. 2017; [02] Enright & Sherrill 1998; [43] Rao et al. 2013; [04] Troosters, Gosselink & Decramer 1999; [32] Soares, Pereira 2011; [07] Enrigth et al. 2003; [09] Camarri et al. 2006; [18] Iwama et al. 2009; [10] Camarri et al. 2006; [20] Jenkins et al. 2009; [42] Britto et al. 2013; [48] Fernandes et al. 2016; [06] Gibbons et al. 2001; [47] Nusdwinuringtyas et al, 2014; [13] Chetta et al. 2006; [26] Jenkins et al. 2009; [37] Hill et al. 2011","0.5017;0.1596;-0.1942;-0.0247;0.1428;-0.3966;0.8048;-0.4223;0.4742;-0.3835;0.061;0.37;-0.0693;-0.1641;-0.1709;0.131;-0.1106;-0.0581;0.6761;-0.4089;-0.0721;0.154",673.363157894737,712.196002486043,1463.74106978016,0.234368197411903,38.8328445913064,-86.6873034399987,174.404007892328,59.8061907917022,76.3144592203943
305,"natalia_oliveira_2023",1,"[45] Kim et al. 2014","1",675.836842105263,603.660894736842,560.490494962407,0.0916292822017649,-72.175947368421,-200.607,88.2450000000002,84.8876315789473,104.041181424017
306,"natalia_oliveira_2023",25,"[45] Kim et al. 2014; [13] Chetta et al. 2006; [55] Almeida et al. 2019; [02] Enright & Sherrill 1998; [50] Zou et al. 2017; [34] Dourado, Vidotto, Guerra 2011; [27] Alameri et al. 2009; [07] Enrigth et al. 2003; [32] Soares, Pereira 2011; [42] Britto et al. 2013; [28] Ben Saad et al. 2009; [04] Troosters, Gosselink & Decramer 1999; [26] Jenkins et al. 2009; [58] Delbressine et al. 2023; [47] Nusdwinuringtyas et al, 2014; [54] Almeida et al. 2019; [10] Camarri et al. 2006; [18] Iwama et al. 2009; [43] Rao et al. 2013; [37] Hill et al. 2011; [06] Gibbons et al. 2001; [09] Camarri et al. 2006; [40] Britto et al. 2013; [30] Osses et al. 2010; [15] Masmoudi et al. 2008","0.2704;-0.5424;0.1321;0.7603;-0.2099;0.0152;0.6158;0.01;-0.2709;0.1591;0.7898;0.1724;-0.0841;-0.0385;0.3902;-0.2848;-0.4598;0.3498;-0.1596;0.2042;-0.5167;0.2227;-0.3575;-0.0432;-0.1246",672.021052631579,594.403774544998,1963.29982025774,0.152599137527915,-77.6172780865813,-234.394390655923,70.1530298041554,91.9822376456385,109.702808984725
307,"natalia_oliveira_2023",6,"[30] Osses et al. 2010; [50] Zou et al. 2017; [06] Gibbons et al. 2001; [10] Camarri et al. 2006; [40] Britto et al. 2013; [04] Troosters, Gosselink & Decramer 1999","0.1959;0.1715;0.35;0.0311;-0.0986;0.3501",670.652631578947,730.941058301383,1616.63852915674,0.253759499220304,60.2884267224356,-60.8823641139411,180.103116541047,73.305263006743,88.0750564266418
308,"natalia_oliveira_2023",3,"[47] Nusdwinuringtyas et al, 2014; [40] Britto et al. 2013; [48] Fernandes et al. 2016","0.4313;0.4238;0.1449",669.768421052632,572.292894410641,698.338603997495,0.173507399820712,-97.4755266419907,-251.875278764202,39.7392562410661,104.626575311033,124.229252612154
309,"natalia_oliveira_2023",12,"[48] Fernandes et al. 2016; [13] Chetta et al. 2006; [42] Britto et al. 2013; [55] Almeida et al. 2019; [02] Enright & Sherrill 1998; [32] Soares, Pereira 2011; [27] Alameri et al. 2009; [45] Kim et al. 2014; [10] Camarri et al. 2006; [58] Delbressine et al. 2023; [40] Britto et al. 2013; [54] Almeida et al. 2019","-0.3659;0.1079;0.1403;0.1462;1.1014;-0.8744;0.7939;0.2838;0.1589;-0.1955;-0.0613;-0.2353",674.036842105263,613.239112899848,1122.18548875786,0.22608022190245,-60.7977292054155,-190.679733646685,63.4730714887888,74.5931691040949,91.4435993034107
310,"natalia_oliveira_2023",27,"[15] Masmoudi et al. 2008; [13] Chetta et al. 2006; [54] Almeida et al. 2019; [27] Alameri et al. 2009; [37] Hill et al. 2011; [50] Zou et al. 2017; [32] Soares, Pereira 2011; [47] Nusdwinuringtyas et al, 2014; [45] Kim et al. 2014; [42] Britto et al. 2013; [58] Delbressine et al. 2023; [40] Britto et al. 2013; [09] Camarri et al. 2006; [07] Enrigth et al. 2003; [04] Troosters, Gosselink & Decramer 1999; [06] Gibbons et al. 2001; [20] Jenkins et al. 2009; [43] Rao et al. 2013; [18] Iwama et al. 2009; [55] Almeida et al. 2019; [26] Jenkins et al. 2009; [10] Camarri et al. 2006; [02] Enright & Sherrill 1998; [48] Fernandes et al. 2016; [34] Dourado, Vidotto, Guerra 2011; [28] Ben Saad et al. 2009; [30] Osses et al. 2010","-0.0771;-0.5078;-0.2321;0.5367;0.006;-0.2861;-0.102;0.4258;0.2056;0.1966;-0.0461;-0.3068;0.2126;-0.0428;0.241;-0.3299;-0.0013;-0.2581;0.2307;0.1305;0.0581;-0.3454;0.5812;0.1719;0.0687;0.5083;-0.0381",667.094736842105,591.896240826855,1378.71467245273,0.208975772122574,-75.1984960152505,-192.540287942284,51.6731238886875,82.788335091284,98.5715398925883
311,"natalia_oliveira_2023",11,"[13] Chetta et al. 2006; [02] Enright & Sherrill 1998; [55] Almeida et al. 2019; [10] Camarri et al. 2006; [45] Kim et al. 2014; [48] Fernandes et al. 2016; [37] Hill et al. 2011; [34] Dourado, Vidotto, Guerra 2011; [43] Rao et al. 2013; [50] Zou et al. 2017; [58] Delbressine et al. 2023","-0.0778;0.8267;0.1615;0.1894;0.8522;-0.1342;0.1552;-0.4541;-0.2334;-0.1095;-0.1762",674.273684210526,756.352002666774,1349.89965492368,0.264057635386437,82.078318456248,-48.1056548751926,214.381089811525,92.7027245704282,108.456576842922
312,"natalia_oliveira_2023",24,"[18] Iwama et al. 2009; [20] Jenkins et al. 2009; [40] Britto et al. 2013; [47] Nusdwinuringtyas et al, 2014; [27] Alameri et al. 2009; [54] Almeida et al. 2019; [10] Camarri et al. 2006; [34] Dourado, Vidotto, Guerra 2011; [26] Jenkins et al. 2009; [42] Britto et al. 2013; [15] Masmoudi et al. 2008; [32] Soares, Pereira 2011; [06] Gibbons et al. 2001; [45] Kim et al. 2014; [50] Zou et al. 2017; [04] Troosters, Gosselink & Decramer 1999; [13] Chetta et al. 2006; [02] Enright & Sherrill 1998; [48] Fernandes et al. 2016; [37] Hill et al. 2011; [28] Ben Saad et al. 2009; [30] Osses et al. 2010; [43] Rao et al. 2013; [55] Almeida et al. 2019","0.2135;-0.0681;-0.3635;0.3843;0.6542;-0.3377;-0.3018;0.0278;-0.059;0.1472;-0.1538;-0.2472;-0.4614;0.3653;-0.1614;0.095;-0.5036;0.8194;0.1654;0.1404;0.8016;-0.0492;-0.1637;0.0563",680.547368421053,561.927403146221,1756.39398110632,0.177136585780977,-118.619965274832,-289.199996890381,18.3576847512599,121.228230632292,137.928960268387
313,"natalia_oliveira_2023",8,"[30] Osses et al. 2010; [48] Fernandes et al. 2016; [27] Alameri et al. 2009; [04] Troosters, Gosselink & Decramer 1999; [09] Camarri et al. 2006; [20] Jenkins et al. 2009; [42] Britto et al. 2013; [58] Delbressine et al. 2023","-0.0254;0.1066;0.2704;0.3945;0.0949;-0.0868;0.1824;0.0634",675.315789473684,633.277460830163,1105.70954060979,0.163777999976671,-42.0383286435215,-170.085216922398,87.7645002477641,61.8670248006039,81.3523393247716
314,"natalia_oliveira_2023",27,"[47] Nusdwinuringtyas et al, 2014; [18] Iwama et al. 2009; [37] Hill et al. 2011; [32] Soares, Pereira 2011; [28] Ben Saad et al. 2009; [30] Osses et al. 2010; [04] Troosters, Gosselink & Decramer 1999; [10] Camarri et al. 2006; [54] Almeida et al. 2019; [55] Almeida et al. 2019; [15] Masmoudi et al. 2008; [13] Chetta et al. 2006; [42] Britto et al. 2013; [20] Jenkins et al. 2009; [34] Dourado, Vidotto, Guerra 2011; [48] Fernandes et al. 2016; [02] Enright & Sherrill 1998; [45] Kim et al. 2014; [06] Gibbons et al. 2001; [40] Britto et al. 2013; [43] Rao et al. 2013; [50] Zou et al. 2017; [26] Jenkins et al. 2009; [27] Alameri et al. 2009; [58] Delbressine et al. 2023; [09] Camarri et al. 2006; [07] Enrigth et al. 2003","0.339;0.1407;0.2234;-0.2604;0.6712;-0.0607;0.0667;-0.3468;-0.2661;0.0829;-0.1529;-0.5087;0.1362;-0.0885;0.0083;0.0967;0.8635;0.3546;-0.4438;-0.3124;-0.1924;-0.2081;-0.0867;0.6553;-0.0372;0.2944;0.0319",675.157894736842,583.390547279046,1411.88371445663,0.323891299539639,-91.7673474577959,-199.551586016055,38.9557317588542,97.4210465805751,113.744049831368
315,"natalia_oliveira_2023",16,"[42] Britto et al. 2013; [02] Enright & Sherrill 1998; [10] Camarri et al. 2006; [48] Fernandes et al. 2016; [30] Osses et al. 2010; [06] Gibbons et al. 2001; [47] Nusdwinuringtyas et al, 2014; [50] Zou et al. 2017; [27] Alameri et al. 2009; [20] Jenkins et al. 2009; [07] Enrigth et al. 2003; [43] Rao et al. 2013; [32] Soares, Pereira 2011; [54] Almeida et al. 2019; [04] Troosters, Gosselink & Decramer 1999; [26] Jenkins et al. 2009","0.1195;1.0025;-0.0613;-0.1313;-0.2446;-0.2209;0.8168;-0.3519;0.8236;-0.164;-0.0253;-0.4321;-0.3839;-0.2843;0.5544;-0.0172",681.773684210526,608.065632055427,1107.1659782074,0.182678739816941,-73.708052155099,-193.246918050967,46.4071595775117,80.5385809078515,96.8305386385814
316,"natalia_oliveira_2023",2,"[34] Dourado, Vidotto, Guerra 2011; [48] Fernandes et al. 2016","0.5;0.5",669.968421052632,582.252107394737,817.85229682945,0.161107335432647,-87.7163136578948,-215.34699925,40.35258425,92.6554028684211,109.061064325573
317,"natalia_oliveira_2023",8,"[09] Camarri et al. 2006; [48] Fernandes et al. 2016; [45] Kim et al. 2014; [26] Jenkins et al. 2009; [02] Enright & Sherrill 1998; [43] Rao et al. 2013; [07] Enrigth et al. 2003; [28] Ben Saad et al. 2009","0.3072;0.0736;0.495;-0.1876;0.5964;-0.319;-0.1933;0.2278",680.168421052632,716.774354005937,1913.04869621026,0.289229828553765,36.6059329533049,-85.2913691736249,167.074517745339,61.6144980317277,75.0052246015028
318,"natalia_oliveira_2023",27,"[04] Troosters, Gosselink & Decramer 1999; [58] Delbressine et al. 2023; [32] Soares, Pereira 2011; [07] Enrigth et al. 2003; [37] Hill et al. 2011; [18] Iwama et al. 2009; [43] Rao et al. 2013; [06] Gibbons et al. 2001; [20] Jenkins et al. 2009; [13] Chetta et al. 2006; [10] Camarri et al. 2006; [54] Almeida et al. 2019; [26] Jenkins et al. 2009; [48] Fernandes et al. 2016; [47] Nusdwinuringtyas et al, 2014; [15] Masmoudi et al. 2008; [50] Zou et al. 2017; [55] Almeida et al. 2019; [45] Kim et al. 2014; [09] Camarri et al. 2006; [40] Britto et al. 2013; [34] Dourado, Vidotto, Guerra 2011; [28] Ben Saad et al. 2009; [02] Enright & Sherrill 1998; [42] Britto et al. 2013; [30] Osses et al. 2010; [27] Alameri et al. 2009","0.2862;-2e-04;-0.2425;0.0443;0.1076;0.1715;-0.2539;-0.3516;-0.037;-0.4874;-0.4035;-0.2397;0.0028;0.1147;0.4527;-0.0606;-0.2931;0.1162;0.2357;0.196;-0.3035;0.0428;0.5769;0.6022;0.1755;-0.0515;0.5991",668.542105263158,606.217225097644,1889.3398188299,0.210219005175869,-62.3248801655142,-188.601111450599,61.307610759203,72.7875087028768,90.5185414710425
319,"natalia_oliveira_2023",22,"[10] Camarri et al. 2006; [40] Britto et al. 2013; [02] Enright & Sherrill 1998; [55] Almeida et al. 2019; [48] Fernandes et al. 2016; [26] Jenkins et al. 2009; [15] Masmoudi et al. 2008; [04] Troosters, Gosselink & Decramer 1999; [13] Chetta et al. 2006; [28] Ben Saad et al. 2009; [20] Jenkins et al. 2009; [07] Enrigth et al. 2003; [32] Soares, Pereira 2011; [47] Nusdwinuringtyas et al, 2014; [45] Kim et al. 2014; [43] Rao et al. 2013; [27] Alameri et al. 2009; [50] Zou et al. 2017; [09] Camarri et al. 2006; [34] Dourado, Vidotto, Guerra 2011; [42] Britto et al. 2013; [18] Iwama et al. 2009","-0.5082;-0.6004;0.7422;0.1234;0.1058;0.0376;-0.1109;0.3228;-0.6942;0.5682;-0.0349;-0.0739;-0.275;0.3818;0.2675;-0.3043;0.6383;-0.3184;0.2099;0.1237;0.2315;0.1674",685.626315789474,662.055374430823,1525.85173546812,0.232543891024753,-23.5709413586508,-190.968957721303,81.9781245436856,55.4065418856618,71.9273059699386
320,"natalia_oliveira_2023",2,"[20] Jenkins et al. 2009; [42] Britto et al. 2013","0.5;0.5",671.9,670.538558792678,1323.8442871577,0.340987863952135,-1.36144120732201,-141.885205943709,128.741388888889,49.1463839208246,63.2666071337662
321,"natalia_oliveira_2023",16,"[13] Chetta et al. 2006; [47] Nusdwinuringtyas et al, 2014; [30] Osses et al. 2010; [42] Britto et al. 2013; [37] Hill et al. 2011; [43] Rao et al. 2013; [18] Iwama et al. 2009; [02] Enright & Sherrill 1998; [15] Masmoudi et al. 2008; [28] Ben Saad et al. 2009; [07] Enrigth et al. 2003; [27] Alameri et al. 2009; [54] Almeida et al. 2019; [04] Troosters, Gosselink & Decramer 1999; [40] Britto et al. 2013; [09] Camarri et al. 2006","-0.7157;0.3325;-0.1463;0.0862;0.1978;-0.2505;0.2449;0.8346;-0.2394;0.5495;-0.0149;0.6919;-0.3411;0.0116;-0.371;0.1298",677.721052631579,649.817846876388,2179.27515200427,0.255254273699049,-27.9032057551912,-225.350253607468,138.289087340367,59.1785752141953,82.54839913421
322,"natalia_oliveira_2023",9,"[37] Hill et al. 2011; [02] Enright & Sherrill 1998; [06] Gibbons et al. 2001; [04] Troosters, Gosselink & Decramer 1999; [15] Masmoudi et al. 2008; [20] Jenkins et al. 2009; [07] Enrigth et al. 2003; [54] Almeida et al. 2019; [18] Iwama et al. 2009","-0.0766;0.4803;0.3296;0.5011;-0.2546;-0.1251;-0.2584;-0.0141;0.4178",675.821052631579,717.818761391948,1498.45242994572,0.21909370300333,41.9977087603691,-149.065901876021,185.149289488207,74.885050761474,94.7050645438311
323,"natalia_oliveira_2023",21,"[09] Camarri et al. 2006; [02] Enright & Sherrill 1998; [47] Nusdwinuringtyas et al, 2014; [30] Osses et al. 2010; [27] Alameri et al. 2009; [15] Masmoudi et al. 2008; [40] Britto et al. 2013; [20] Jenkins et al. 2009; [26] Jenkins et al. 2009; [45] Kim et al. 2014; [42] Britto et al. 2013; [58] Delbressine et al. 2023; [10] Camarri et al. 2006; [28] Ben Saad et al. 2009; [04] Troosters, Gosselink & Decramer 1999; [13] Chetta et al. 2006; [18] Iwama et al. 2009; [34] Dourado, Vidotto, Guerra 2011; [54] Almeida et al. 2019; [43] Rao et al. 2013; [32] Soares, Pereira 2011","0.2351;0.8794;0.2972;-0.0231;0.6548;-0.141;-0.3518;-0.0379;-0.0173;0.2899;0.1288;-0.0616;-0.5542;0.6485;0.1619;-0.6385;0.2158;0.1048;-0.277;-0.2318;-0.282",679.731578947368,602.643423775158,1782.9619074172,0.236956280006828,-77.0881551722107,-206.770666365072,50.3276871758864,88.4221668255524,107.030596044402
324,"natalia_oliveira_2023",11,"[45] Kim et al. 2014; [06] Gibbons et al. 2001; [04] Troosters, Gosselink & Decramer 1999; [02] Enright & Sherrill 1998; [30] Osses et al. 2010; [50] Zou et al. 2017; [47] Nusdwinuringtyas et al, 2014; [58] Delbressine et al. 2023; [15] Masmoudi et al. 2008; [26] Jenkins et al. 2009; [43] Rao et al. 2013","0.7078;-0.3156;0.6436;1.1096;-0.4922;-0.2182;0.7745;-0.2095;-0.3049;-0.3021;-0.393",673.657894736842,688.806280482117,1080.93345827872,0.236594890544246,15.1483857452746,-100.362967348153,141.376762210657,53.6397278493618,67.9174119115495
325,"natalia_oliveira_2023",17,"[40] Britto et al. 2013; [42] Britto et al. 2013; [27] Alameri et al. 2009; [32] Soares, Pereira 2011; [54] Almeida et al. 2019; [48] Fernandes et al. 2016; [26] Jenkins et al. 2009; [47] Nusdwinuringtyas et al, 2014; [18] Iwama et al. 2009; [50] Zou et al. 2017; [15] Masmoudi et al. 2008; [58] Delbressine et al. 2023; [30] Osses et al. 2010; [09] Camarri et al. 2006; [37] Hill et al. 2011; [45] Kim et al. 2014; [02] Enright & Sherrill 1998","-0.1063;0.121;0.558;-0.4646;-0.2298;-0.2173;0.0088;0.4983;-0.1658;-0.5162;-0.1171;-0.0381;-0.1585;0.3736;0.059;0.1407;1.2544",675.252631578947,610.653535283791,941.328810473872,0.166827785047909,-64.5990962951564,-190.390134437365,77.282640905009,79.2762907031824,96.571888766336
326,"natalia_oliveira_2023",18,"[02] Enright & Sherrill 1998; [47] Nusdwinuringtyas et al, 2014; [58] Delbressine et al. 2023; [32] Soares, Pereira 2011; [45] Kim et al. 2014; [42] Britto et al. 2013; [40] Britto et al. 2013; [43] Rao et al. 2013; [55] Almeida et al. 2019; [06] Gibbons et al. 2001; [26] Jenkins et al. 2009; [20] Jenkins et al. 2009; [15] Masmoudi et al. 2008; [28] Ben Saad et al. 2009; [37] Hill et al. 2011; [50] Zou et al. 2017; [07] Enrigth et al. 2003; [30] Osses et al. 2010","0.7832;0.4912;-0.0068;-0.2428;0.6043;0.211;-0.4613;-0.1343;0.1506;-0.6141;-0.0238;-0.0653;-0.0841;0.4825;0.0879;-0.1458;0.0376;-0.07",671,659.495542220727,2226.5876088636,0.245947601352901,-11.5044577792726,-163.280822575837,107.888511173352,57.5506893713505,75.0003906270726
327,"natalia_oliveira_2023",5,"[37] Hill et al. 2011; [55] Almeida et al. 2019; [48] Fernandes et al. 2016; [28] Ben Saad et al. 2009; [04] Troosters, Gosselink & Decramer 1999","-0.1633;0.2355;0.4388;0.3053;0.1838",671.836842105263,622.725091936974,1938.22733922202,0.201519338496467,-49.1117501682893,-189.67049528408,70.2636518718106,67.540769990942,85.7179513689904
328,"natalia_oliveira_2023",3,"[28] Ben Saad et al. 2009; [55] Almeida et al. 2019; [20] Jenkins et al. 2009","0.2517;0.4551;0.2932",677.342105263158,729.34667517736,2007.32470114699,0.197098058916112,52.0045699142018,-95.302344167754,179.201365429668,74.3963664460988,90.2783140683991
329,"natalia_oliveira_2023",20,"[09] Camarri et al. 2006; [10] Camarri et al. 2006; [42] Britto et al. 2013; [02] Enright & Sherrill 1998; [28] Ben Saad et al. 2009; [13] Chetta et al. 2006; [40] Britto et al. 2013; [54] Almeida et al. 2019; [18] Iwama et al. 2009; [37] Hill et al. 2011; [27] Alameri et al. 2009; [45] Kim et al. 2014; [26] Jenkins et al. 2009; [47] Nusdwinuringtyas et al, 2014; [58] Delbressine et al. 2023; [04] Troosters, Gosselink & Decramer 1999; [34] Dourado, Vidotto, Guerra 2011; [15] Masmoudi et al. 2008; [43] Rao et al. 2013; [30] Osses et al. 2010","0.209;-0.5225;0.1713;0.8256;0.6704;-0.6436;-0.348;-0.296;0.2092;0.045;0.5982;0.2635;-0.0532;0.2521;-0.0907;0.0677;0.0854;-0.1717;-0.2361;-0.0357",673.347368421053,607.947315824383,2102.16846755103,0.276516961142024,-65.40005259667,-198.392703660586,62.9944883896182,77.420066983541,95.5393499144844
330,"natalia_oliveira_2023",7,"[42] Britto et al. 2013; [07] Enrigth et al. 2003; [27] Alameri et al. 2009; [43] Rao et al. 2013; [06] Gibbons et al. 2001; [55] Almeida et al. 2019; [20] Jenkins et al. 2009","0.2219;0.6199;0.6637;-0.722;0.1281;0.1734;-0.0851",672.305263157895,687.380577016963,862.810176654602,0.151131403835729,15.0753138590679,-120.025500284174,151.939040715876,57.1555041678429,73.1218324826386
331,"natalia_oliveira_2023",13,"[27] Alameri et al. 2009; [40] Britto et al. 2013; [43] Rao et al. 2013; [47] Nusdwinuringtyas et al, 2014; [55] Almeida et al. 2019; [20] Jenkins et al. 2009; [54] Almeida et al. 2019; [30] Osses et al. 2010; [42] Britto et al. 2013; [04] Troosters, Gosselink & Decramer 1999; [02] Enright & Sherrill 1998; [15] Masmoudi et al. 2008; [50] Zou et al. 2017","0.573;-0.3023;-0.4457;0.6639;0.1832;-0.1664;-0.2249;-0.249;0.1675;0.538;0.8658;-0.1911;-0.4121",678.642105263158,681.649715703172,1107.14181832434,0.322107096021738,3.00761044001385,-169.078730964236,138.383615890917,57.1711631024888,74.9829365987046
332,"natalia_oliveira_2023",9,"[26] Jenkins et al. 2009; [32] Soares, Pereira 2011; [55] Almeida et al. 2019; [42] Britto et al. 2013; [54] Almeida et al. 2019; [02] Enright & Sherrill 1998; [15] Masmoudi et al. 2008; [07] Enrigth et al. 2003; [34] Dourado, Vidotto, Guerra 2011","0.1611;-0.0212;0.341;0.3515;-0.0158;0.3957;-0.061;-0.0253;-0.1262",673.463157894737,694.179846750863,1456.42479345973,0.206166290670808,20.7166888561259,-95.1939793485176,135.986356066514,54.5906343585886,70.7798798882267
333,"natalia_oliveira_2023",3,"[13] Chetta et al. 2006; [37] Hill et al. 2011; [50] Zou et al. 2017","0.1989;0.4238;0.3773",675.694736842105,701.700578804546,1143.97887274141,0.201826355772238,26.0058419624408,-95.248239016061,143.4141890414,61.3396958013454,75.4023509900713
334,"natalia_oliveira_2023",27,"[42] Britto et al. 2013; [06] Gibbons et al. 2001; [15] Masmoudi et al. 2008; [55] Almeida et al. 2019; [34] Dourado, Vidotto, Guerra 2011; [09] Camarri et al. 2006; [18] Iwama et al. 2009; [10] Camarri et al. 2006; [30] Osses et al. 2010; [54] Almeida et al. 2019; [48] Fernandes et al. 2016; [43] Rao et al. 2013; [02] Enright & Sherrill 1998; [37] Hill et al. 2011; [40] Britto et al. 2013; [32] Soares, Pereira 2011; [07] Enrigth et al. 2003; [27] Alameri et al. 2009; [45] Kim et al. 2014; [47] Nusdwinuringtyas et al, 2014; [26] Jenkins et al. 2009; [13] Chetta et al. 2006; [58] Delbressine et al. 2023; [04] Troosters, Gosselink & Decramer 1999; [28] Ben Saad et al. 2009; [20] Jenkins et al. 2009; [50] Zou et al. 2017","0.1011;-0.4338;-0.1108;0.0727;0.0535;0.223;0.2165;-0.4254;-0.0267;-0.2914;0.167;-0.1673;0.7923;0.1111;-0.3454;-0.258;-0.0011;0.6036;0.2917;0.3714;-0.0604;-0.4962;-0.0342;0.1628;0.7382;-0.0625;-0.1917",677.947368421053,571.129286068339,1769.32276534688,0.174935618666658,-106.818082352714,-257.159457799716,42.7174233144051,114.510479988816,131.053101928719
335,"natalia_oliveira_2023",15,"[47] Nusdwinuringtyas et al, 2014; [15] Masmoudi et al. 2008; [34] Dourado, Vidotto, Guerra 2011; [18] Iwama et al. 2009; [27] Alameri et al. 2009; [58] Delbressine et al. 2023; [37] Hill et al. 2011; [28] Ben Saad et al. 2009; [50] Zou et al. 2017; [02] Enright & Sherrill 1998; [40] Britto et al. 2013; [10] Camarri et al. 2006; [09] Camarri et al. 2006; [43] Rao et al. 2013; [32] Soares, Pereira 2011","0.2203;-0.0902;0.0594;0.1429;0.7365;-0.0162;0.0953;0.5176;-0.2914;0.8867;-0.5528;-0.451;0.3179;-0.2853;-0.2896",679.394736842105,629.467395838838,1949.3479610471,0.138252576021598,-49.9273410032676,-239.168865186131,77.3851690020017,68.1307395029647,91.6559787592526
336,"natalia_oliveira_2023",23,"[02] Enright & Sherrill 1998; [43] Rao et al. 2013; [55] Almeida et al. 2019; [34] Dourado, Vidotto, Guerra 2011; [50] Zou et al. 2017; [58] Delbressine et al. 2023; [47] Nusdwinuringtyas et al, 2014; [04] Troosters, Gosselink & Decramer 1999; [37] Hill et al. 2011; [32] Soares, Pereira 2011; [28] Ben Saad et al. 2009; [20] Jenkins et al. 2009; [45] Kim et al. 2014; [40] Britto et al. 2013; [09] Camarri et al. 2006; [18] Iwama et al. 2009; [30] Osses et al. 2010; [15] Masmoudi et al. 2008; [13] Chetta et al. 2006; [42] Britto et al. 2013; [54] Almeida et al. 2019; [48] Fernandes et al. 2016; [26] Jenkins et al. 2009","0.8318;-0.1796;0.1295;0.1333;-0.2311;-0.1;0.3123;0.0157;0.0951;-0.266;0.5737;-0.0234;0.4604;-0.4684;0.3194;0.3121;-0.0096;-0.1903;-0.7624;0.1491;-0.3265;0.2454;-0.0206",672.357894736842,718.510833845234,1891.60879302934,0.292925144394535,46.1529391083921,-71.2982445667404,174.567862783037,65.2886417212483,83.0067891023822
337,"natalia_oliveira_2023",15,"[48] Fernandes et al. 2016; [30] Osses et al. 2010; [50] Zou et al. 2017; [28] Ben Saad et al. 2009; [18] Iwama et al. 2009; [40] Britto et al. 2013; [54] Almeida et al. 2019; [09] Camarri et al. 2006; [15] Masmoudi et al. 2008; [13] Chetta et al. 2006; [37] Hill et al. 2011; [27] Alameri et al. 2009; [20] Jenkins et al. 2009; [55] Almeida et al. 2019; [07] Enrigth et al. 2003","0.3054;0.094;-0.3676;0.7247;0.3634;-0.3585;-0.3302;0.0887;-0.0624;-0.8834;0.4022;0.717;0.0343;0.1092;0.1631",678.273684210526,621.694071038615,2013.10658670338,0.254890203033387,-56.5796131719113,-213.486588497208,69.4996546924379,71.436155331928,92.7625625484657
338,"natalia_oliveira_2023",3,"[07] Enrigth et al. 2003; [20] Jenkins et al. 2009; [58] Delbressine et al. 2023","0.3536;0.3964;0.25",677.147368421053,692.101535181421,2323.57765092655,0.139291732637642,14.9541667603683,-137.679312203221,155.604539666328,65.8715699976625,84.8087883153609
339,"natalia_oliveira_2023",19,"[10] Camarri et al. 2006; [48] Fernandes et al. 2016; [26] Jenkins et al. 2009; [54] Almeida et al. 2019; [02] Enright & Sherrill 1998; [07] Enrigth et al. 2003; [40] Britto et al. 2013; [43] Rao et al. 2013; [15] Masmoudi et al. 2008; [30] Osses et al. 2010; [04] Troosters, Gosselink & Decramer 1999; [32] Soares, Pereira 2011; [58] Delbressine et al. 2023; [55] Almeida et al. 2019; [27] Alameri et al. 2009; [37] Hill et al. 2011; [28] Ben Saad et al. 2009; [47] Nusdwinuringtyas et al, 2014; [18] Iwama et al. 2009","-0.4833;0.1098;0.1094;-0.3243;0.938;-0.1045;-0.5298;-0.2828;-0.1643;-0.0528;0.2622;-0.2768;-0.1134;0.1703;0.8677;-0.0746;0.5192;0.2389;0.1911",673.626315789474,577.618888511042,1819.64355654189,0.237516972025786,-96.0074272784314,-217.78851888465,34.8967060403987,102.71423701779,119.225052902557
340,"natalia_oliveira_2023",2,"[06] Gibbons et al. 2001; [37] Hill et al. 2011","0.5;0.5",674.952631578947,767.032947368421,1571.85511481203,0.135880311905969,92.0803157894737,-81.75475,233.15,103.114789473684,121.469947397657
341,"natalia_oliveira_2023",24,"[48] Fernandes et al. 2016; [43] Rao et al. 2013; [58] Delbressine et al. 2023; [27] Alameri et al. 2009; [02] Enright & Sherrill 1998; [20] Jenkins et al. 2009; [45] Kim et al. 2014; [32] Soares, Pereira 2011; [07] Enrigth et al. 2003; [26] Jenkins et al. 2009; [54] Almeida et al. 2019; [28] Ben Saad et al. 2009; [30] Osses et al. 2010; [55] Almeida et al. 2019; [50] Zou et al. 2017; [15] Masmoudi et al. 2008; [09] Camarri et al. 2006; [40] Britto et al. 2013; [34] Dourado, Vidotto, Guerra 2011; [10] Camarri et al. 2006; [42] Britto et al. 2013; [47] Nusdwinuringtyas et al, 2014; [13] Chetta et al. 2006; [37] Hill et al. 2011","0.093;-0.2333;-0.0141;0.7089;0.9467;-0.0613;0.3641;-0.2765;0.04;-0.0473;-0.2874;0.5703;-0.0393;0.0786;-0.2429;-0.1078;0.3193;-0.3591;0.0525;-0.4196;0.1053;0.2935;-0.6338;0.1502",682.3,610.837542203989,1621.94637003527,0.255676609005014,-71.4624577960106,-259.772580750769,74.6971361656316,82.2315577257228,104.4151274736
342,"natalia_oliveira_2023",17,"[34] Dourado, Vidotto, Guerra 2011; [43] Rao et al. 2013; [54] Almeida et al. 2019; [32] Soares, Pereira 2011; [09] Camarri et al. 2006; [07] Enrigth et al. 2003; [13] Chetta et al. 2006; [48] Fernandes et al. 2016; [37] Hill et al. 2011; [18] Iwama et al. 2009; [28] Ben Saad et al. 2009; [04] Troosters, Gosselink & Decramer 1999; [06] Gibbons et al. 2001; [02] Enright & Sherrill 1998; [47] Nusdwinuringtyas et al, 2014; [50] Zou et al. 2017; [10] Camarri et al. 2006","0.0049;0.0098;-0.4275;-0.1823;0.5769;-0.1677;-0.6574;0.3333;0.0232;0.4288;0.7351;0.0878;-0.724;0.6428;0.6718;-0.004;-0.3515",668.784210526316,532.784128088455,2059.39887984837,0.227436733743098,-136.000082437861,-294.082223672669,-10.6580299297878,137.122232273836,156.393086066323
343,"natalia_oliveira_2023",27,"[04] Troosters, Gosselink & Decramer 1999; [55] Almeida et al. 2019; [54] Almeida et al. 2019; [47] Nusdwinuringtyas et al, 2014; [32] Soares, Pereira 2011; [45] Kim et al. 2014; [40] Britto et al. 2013; [20] Jenkins et al. 2009; [42] Britto et al. 2013; [27] Alameri et al. 2009; [34] Dourado, Vidotto, Guerra 2011; [50] Zou et al. 2017; [06] Gibbons et al. 2001; [30] Osses et al. 2010; [10] Camarri et al. 2006; [26] Jenkins et al. 2009; [28] Ben Saad et al. 2009; [09] Camarri et al. 2006; [48] Fernandes et al. 2016; [58] Delbressine et al. 2023; [07] Enrigth et al. 2003; [13] Chetta et al. 2006; [02] Enright & Sherrill 1998; [15] Masmoudi et al. 2008; [37] Hill et al. 2011; [18] Iwama et al. 2009; [43] Rao et al. 2013","0.2442;0.1217;-0.2489;0.4247;-0.2816;0.2615;-0.367;-0.0736;0.1474;0.6081;0.0413;-0.2555;-0.4526;-0.0661;-0.4246;-0.0377;0.728;0.2434;0.1748;-0.0509;0.0025;-0.5451;0.7699;-0.1269;0.165;0.2297;-0.2318",673.078947368421,597.015398667437,1807.4568177075,0.183788182321628,-76.0635487009843,-206.809955993092,58.1310535959297,84.9519966749411,104.187079934771
344,"natalia_oliveira_2023",6,"[45] Kim et al. 2014; [13] Chetta et al. 2006; [58] Delbressine et al. 2023; [32] Soares, Pereira 2011; [27] Alameri et al. 2009; [40] Britto et al. 2013","0.0931;-0.1401;0.6481;-0.5131;0.6249;0.287",680.684210526316,583.782139989242,922.97479612042,0.189223820743927,-96.9020705370739,-211.956775957056,29.9100701641026,100.520748976135,117.501170374055
345,"natalia_oliveira_2023",5,"[02] Enright & Sherrill 1998; [20] Jenkins et al. 2009; [27] Alameri et al. 2009; [34] Dourado, Vidotto, Guerra 2011; [26] Jenkins et al. 2009","0.7643;-0.2403;0.6339;-0.1997;0.0419",676.042105263158,544.913426871425,880.242307977921,0.194677346990148,-131.128678391733,-278.631488332281,11.0958696485508,134.953443176066,153.634395224953
346,"natalia_oliveira_2023",22,"[15] Masmoudi et al. 2008; [26] Jenkins et al. 2009; [40] Britto et al. 2013; [20] Jenkins et al. 2009; [32] Soares, Pereira 2011; [02] Enright & Sherrill 1998; [06] Gibbons et al. 2001; [37] Hill et al. 2011; [55] Almeida et al. 2019; [42] Britto et al. 2013; [43] Rao et al. 2013; [10] Camarri et al. 2006; [07] Enrigth et al. 2003; [04] Troosters, Gosselink & Decramer 1999; [54] Almeida et al. 2019; [48] Fernandes et al. 2016; [13] Chetta et al. 2006; [28] Ben Saad et al. 2009; [18] Iwama et al. 2009; [45] Kim et al. 2014; [09] Camarri et al. 2006; [27] Alameri et al. 2009","-0.2005;-0.1454;-0.3191;-0.1412;-0.2899;0.7328;-0.4587;0.17;0.0841;0.1026;-0.1491;-0.4262;-0.0319;0.0765;-0.2015;0.2419;-0.5365;0.8523;0.3028;0.3811;0.238;0.7183",673.673684210526,552.864831469775,2033.2692804756,0.297229350621347,-120.808852740751,-246.653994180251,6.96518639033229,122.406237107018,139.570016896894
347,"natalia_oliveira_2023",10,"[45] Kim et al. 2014; [55] Almeida et al. 2019; [27] Alameri et al. 2009; [26] Jenkins et al. 2009; [40] Britto et al. 2013; [06] Gibbons et al. 2001; [18] Iwama et al. 2009; [30] Osses et al. 2010; [50] Zou et al. 2017; [43] Rao et al. 2013","0.1384;0.1418;0.4204;0.176;0.0799;0.2691;0.0436;0.2363;-0.2355;-0.2701",681.684210526316,680.574324279123,884.959775841053,0.400399614140969,-1.10988624719294,-120.450807590193,111.965722540849,48.834120390403,66.9891877926826
348,"natalia_oliveira_2023",9,"[43] Rao et al. 2013; [58] Delbressine et al. 2023; [37] Hill et al. 2011; [32] Soares, Pereira 2011; [20] Jenkins et al. 2009; [28] Ben Saad et al. 2009; [42] Britto et al. 2013; [07] Enrigth et al. 2003; [34] Dourado, Vidotto, Guerra 2011","0.1011;-0.1339;0.2826;-0.117;0.0349;0.3771;0.2898;-0.0999;0.2654",673.642105263158,705.433861064297,2402.71187977947,0.25650978460816,31.7917558011389,-137.620058241177,163.296105208392,62.3530668543,79.8802641322485
349,"natalia_oliveira_2023",10,"[43] Rao et al. 2013; [15] Masmoudi et al. 2008; [18] Iwama et al. 2009; [20] Jenkins et al. 2009; [06] Gibbons et al. 2001; [58] Delbressine et al. 2023; [28] Ben Saad et al. 2009; [09] Camarri et al. 2006; [02] Enright & Sherrill 1998; [37] Hill et al. 2011","-0.0308;-0.3433;0.5303;-0.2227;-0.6198;-0.2118;0.5676;0.5192;0.6397;0.1717",664.61052631579,654.462570848139,2188.76725192002,0.224302532024913,-10.1479554676501,-167.078215568073,122.519583185176,55.8888283759779,75.0380291141648
350,"natalia_oliveira_2023",16,"[34] Dourado, Vidotto, Guerra 2011; [37] Hill et al. 2011; [13] Chetta et al. 2006; [54] Almeida et al. 2019; [43] Rao et al. 2013; [27] Alameri et al. 2009; [20] Jenkins et al. 2009; [15] Masmoudi et al. 2008; [07] Enrigth et al. 2003; [26] Jenkins et al. 2009; [50] Zou et al. 2017; [48] Fernandes et al. 2016; [58] Delbressine et al. 2023; [09] Camarri et al. 2006; [10] Camarri et al. 2006; [04] Troosters, Gosselink & Decramer 1999","-0.0639;0.5053;-0.2975;0.2507;-0.5621;0.836;-0.2036;-0.1612;0.1696;-0.1057;-0.6023;0.193;0.0179;0.4525;-0.133;0.7043",672.736842105263,773.733517425499,1208.0906102047,0.151558545754193,100.996675320236,-24.2935630337974,241.701416655505,107.024967162838,124.026207308742
351,"natalia_oliveira_2023",27,"[50] Zou et al. 2017; [26] Jenkins et al. 2009; [54] Almeida et al. 2019; [27] Alameri et al. 2009; [07] Enrigth et al. 2003; [48] Fernandes et al. 2016; [58] Delbressine et al. 2023; [02] Enright & Sherrill 1998; [34] Dourado, Vidotto, Guerra 2011; [09] Camarri et al. 2006; [20] Jenkins et al. 2009; [18] Iwama et al. 2009; [06] Gibbons et al. 2001; [30] Osses et al. 2010; [47] Nusdwinuringtyas et al, 2014; [37] Hill et al. 2011; [43] Rao et al. 2013; [28] Ben Saad et al. 2009; [40] Britto et al. 2013; [32] Soares, Pereira 2011; [10] Camarri et al. 2006; [13] Chetta et al. 2006; [45] Kim et al. 2014; [04] Troosters, Gosselink & Decramer 1999; [15] Masmoudi et al. 2008; [55] Almeida et al. 2019; [42] Britto et al. 2013","-0.1962;-0.029;-0.3415;0.5937;-0.0034;0.2471;-0.0448;0.6836;0.0779;0.1803;-0.039;0.2923;-0.5179;-0.0096;0.3049;0.2033;-0.146;0.8429;-0.394;-0.2043;-0.4267;-0.5382;0.2872;0.0797;-0.1307;0.0986;0.1299",674.021052631579,562.991090309838,1764.94622164424,0.295372428317769,-111.029962321741,-222.966167964737,19.5040996694949,113.053124901887,128.618342715901
352,"natalia_oliveira_2023",26,"[30] Osses et al. 2010; [26] Jenkins et al. 2009; [28] Ben Saad et al. 2009; [50] Zou et al. 2017; [18] Iwama et al. 2009; [37] Hill et al. 2011; [15] Masmoudi et al. 2008; [34] Dourado, Vidotto, Guerra 2011; [40] Britto et al. 2013; [07] Enrigth et al. 2003; [02] Enright & Sherrill 1998; [09] Camarri et al. 2006; [04] Troosters, Gosselink & Decramer 1999; [45] Kim et al. 2014; [13] Chetta et al. 2006; [10] Camarri et al. 2006; [47] Nusdwinuringtyas et al, 2014; [43] Rao et al. 2013; [55] Almeida et al. 2019; [48] Fernandes et al. 2016; [06] Gibbons et al. 2001; [54] Almeida et al. 2019; [58] Delbressine et al. 2023; [20] Jenkins et al. 2009; [27] Alameri et al. 2009; [42] Britto et al. 2013","-0.0646;-0.0885;0.8406;-0.2333;0.2811;0.1787;-0.1834;0.0412;-0.4217;-0.03;0.8854;0.2624;0.1138;0.2981;-0.5696;-0.4841;0.3801;-0.1952;0.0634;0.2243;-0.5317;-0.3155;-0.0849;-0.0965;0.6453;0.0847",666.526315789474,544.233343289189,1751.15933215486,0.237662744457591,-122.292972500284,-261.803518110121,105.941136595305,129.65268732326,145.185607728349
353,"natalia_oliveira_2023",14,"[42] Britto et al. 2013; [32] Soares, Pereira 2011; [02] Enright & Sherrill 1998; [50] Zou et al. 2017; [40] Britto et al. 2013; [04] Troosters, Gosselink & Decramer 1999; [26] Jenkins et al. 2009; [30] Osses et al. 2010; [18] Iwama et al. 2009; [27] Alameri et al. 2009; [58] Delbressine et al. 2023; [13] Chetta et al. 2006; [34] Dourado, Vidotto, Guerra 2011; [37] Hill et al. 2011","0.1554;-0.4587;0.9971;-0.2703;0.0352;0.4605;-0.1493;-0.35;-0.0658;1.0171;-0.2065;0.0159;-0.2004;0.0198",675.884210526316,549.930239984495,1195.41223897353,0.13114670911207,-125.95397054182,-258.740450313411,13.022746871446,128.885181337676,146.137364735266
354,"natalia_oliveira_2023",5,"[54] Almeida et al. 2019; [26] Jenkins et al. 2009; [34] Dourado, Vidotto, Guerra 2011; [55] Almeida et al. 2019; [18] Iwama et al. 2009","0.037;0.3053;0.0813;0.3116;0.2648",680.010526315789,683.080578379004,873.43889581851,0.166050222631527,3.07005206321489,-163.459321110705,120.138562873407,57.6880819138754,76.2624478858582
355,"natalia_oliveira_2023",13,"[48] Fernandes et al. 2016; [45] Kim et al. 2014; [15] Masmoudi et al. 2008; [04] Troosters, Gosselink & Decramer 1999; [27] Alameri et al. 2009; [09] Camarri et al. 2006; [10] Camarri et al. 2006; [20] Jenkins et al. 2009; [06] Gibbons et al. 2001; [42] Britto et al. 2013; [43] Rao et al. 2013; [30] Osses et al. 2010; [50] Zou et al. 2017","0.1414;0.1221;0.0133;0.5376;0.525;0.2474;-0.3123;0.0054;0.2582;0.2037;-0.3671;0.0528;-0.4276",674.826315789474,683.951543232871,1066.76956250673,0.26887151790955,9.12522744339701,-116.509035560337,139.569508330929,52.5420155237151,71.5354262133924
356,"natalia_oliveira_2023",7,"[50] Zou et al. 2017; [43] Rao et al. 2013; [27] Alameri et al. 2009; [54] Almeida et al. 2019; [06] Gibbons et al. 2001; [48] Fernandes et al. 2016; [58] Delbressine et al. 2023","-0.456;-0.4757;0.9139;-0.1447;0.3576;0.0656;0.7395",674.321052631579,653.933347932534,744.411125556224,0.174408018838286,-20.3877046990453,-143.955748143983,150.405702387077,60.9568156354171,76.5513107149096
357,"natalia_oliveira_2023",4,"[09] Camarri et al. 2006; [10] Camarri et al. 2006; [48] Fernandes et al. 2016; [20] Jenkins et al. 2009","0.4579;-0.0317;0.1672;0.4066",675.81052631579,656.141064625356,719.524217937665,0.243824953729799,-19.6694616904332,-151.214391919358,104.775074738434,55.3768954602069,70.2586506349336
358,"natalia_oliveira_2023",5,"[45] Kim et al. 2014; [37] Hill et al. 2011; [42] Britto et al. 2013; [18] Iwama et al. 2009; [40] Britto et al. 2013","0.3028;0.228;0.2615;-0.0121;0.2198",673.126315789474,668.137943508833,747.651539261153,0.164396612234291,-4.98837228064063,-132.412064095739,132.401570093582,48.9978635013736,69.1243182686871
359,"natalia_oliveira_2023",4,"[10] Camarri et al. 2006; [30] Osses et al. 2010; [04] Troosters, Gosselink & Decramer 1999; [48] Fernandes et al. 2016","0.241;-0.0259;0.3766;0.4083",675.052631578947,663.835214576928,1200.65492895406,0.149314019958292,-11.2174170020191,-179.645022632805,130.25760613185,59.1476561543133,80.5021245456185
360,"natalia_oliveira_2023",2,"[32] Soares, Pereira 2011; [07] Enrigth et al. 2003","0.5;0.5",674.973684210526,631.249133599933,1845.64301301039,0.201130478173858,-43.7245506105933,-194.658855268638,88.868732751688,67.5569815655153,85.2486648512843
361,"natalia_oliveira_2023",13,"[40] Britto et al. 2013; [27] Alameri et al. 2009; [32] Soares, Pereira 2011; [07] Enrigth et al. 2003; [02] Enright & Sherrill 1998; [06] Gibbons et al. 2001; [13] Chetta et al. 2006; [15] Masmoudi et al. 2008; [30] Osses et al. 2010; [37] Hill et al. 2011; [34] Dourado, Vidotto, Guerra 2011; [26] Jenkins et al. 2009; [10] Camarri et al. 2006","-0.2462;0.8412;-0.5252;0.0873;1.2187;0.3684;-0.2823;-0.0524;-0.4359;-0.0953;-0.1933;0.0519;0.263",664.742105263158,596.889417270121,1223.99963912952,0.284221313049618,-67.8526879930367,-193.365517806358,59.5899460227113,80.9013217191761,96.6799774709702
362,"natalia_oliveira_2023",1,"[02] Enright & Sherrill 1998","1",677.673684210526,690.606257894737,4095.51337820298,0.0928445316136309,12.9325736842105,-150.25,183.36275,73.5199421052632,92.8855354078624
363,"natalia_oliveira_2023",12,"[47] Nusdwinuringtyas et al, 2014; [55] Almeida et al. 2019; [07] Enrigth et al. 2003; [58] Delbressine et al. 2023; [27] Alameri et al. 2009; [50] Zou et al. 2017; [28] Ben Saad et al. 2009; [06] Gibbons et al. 2001; [34] Dourado, Vidotto, Guerra 2011; [42] Britto et al. 2013; [10] Camarri et al. 2006; [02] Enright & Sherrill 1998","0.2;0.1194;-0.0369;-0.054;0.5243;-0.2113;0.3402;-0.4116;-0.0232;0.2754;-0.1363;0.4138",678.878947368421,544.185417626764,1331.53397489989,0.239340457407555,-134.693529741657,-243.885997591715,-0.00979389617964443,136.392846417366,148.216812363181
364,"natalia_oliveira_2023",26,"[32] Soares, Pereira 2011; [09] Camarri et al. 2006; [04] Troosters, Gosselink & Decramer 1999; [48] Fernandes et al. 2016; [34] Dourado, Vidotto, Guerra 2011; [30] Osses et al. 2010; [55] Almeida et al. 2019; [13] Chetta et al. 2006; [20] Jenkins et al. 2009; [07] Enrigth et al. 2003; [37] Hill et al. 2011; [02] Enright & Sherrill 1998; [18] Iwama et al. 2009; [15] Masmoudi et al. 2008; [42] Britto et al. 2013; [40] Britto et al. 2013; [10] Camarri et al. 2006; [58] Delbressine et al. 2023; [27] Alameri et al. 2009; [47] Nusdwinuringtyas et al, 2014; [50] Zou et al. 2017; [26] Jenkins et al. 2009; [43] Rao et al. 2013; [28] Ben Saad et al. 2009; [06] Gibbons et al. 2001; [45] Kim et al. 2014","-0.2727;0.2904;0.2107;0.1382;0.0089;-0.054;0.1366;-0.5492;-0.0829;0.0515;0.1589;0.6916;0.1857;-0.0983;0.1901;-0.3811;-0.4079;-0.0047;0.6116;0.3047;-0.2586;-0.0675;-0.2272;0.6621;-0.5027;0.2658",667.421052631579,605.195409535158,1736.25497847503,0.301946743799277,-62.225643096421,-184.345748716331,51.854370838492,72.3277609453048,86.7409579610239
365,"natalia_oliveira_2023",8,"[55] Almeida et al. 2019; [48] Fernandes et al. 2016; [43] Rao et al. 2013; [26] Jenkins et al. 2009; [50] Zou et al. 2017; [20] Jenkins et al. 2009; [06] Gibbons et al. 2001; [04] Troosters, Gosselink & Decramer 1999","0.3053;0.3075;-0.0161;-0.0577;0.0453;-0.1784;0.1016;0.4925",676.468421052632,684.084482505021,1774.01948339121,0.22452420549278,7.61606145238966,-186.545089460577,140.776440374893,60.4642018520519,78.9524256906453
366,"natalia_oliveira_2023",15,"[30] Osses et al. 2010; [10] Camarri et al. 2006; [45] Kim et al. 2014; [55] Almeida et al. 2019; [26] Jenkins et al. 2009; [27] Alameri et al. 2009; [34] Dourado, Vidotto, Guerra 2011; [37] Hill et al. 2011; [07] Enrigth et al. 2003; [28] Ben Saad et al. 2009; [02] Enright & Sherrill 1998; [48] Fernandes et al. 2016; [40] Britto et al. 2013; [06] Gibbons et al. 2001; [32] Soares, Pereira 2011","-0.1129;-0.4984;0.4362;0.0957;-0.1684;0.7719;-0.0299;0.1623;-0.0829;0.7967;0.8012;0.2175;-0.4784;-0.6006;-0.3101",677.073684210526,502.593151169877,1759.76224822697,0.30804040642711,-174.480533040649,-318.497390665752,-51.8464719227596,174.650774839226,187.338654134095
367,"natalia_oliveira_2023",17,"[43] Rao et al. 2013; [28] Ben Saad et al. 2009; [04] Troosters, Gosselink & Decramer 1999; [45] Kim et al. 2014; [58] Delbressine et al. 2023; [10] Camarri et al. 2006; [06] Gibbons et al. 2001; [42] Britto et al. 2013; [48] Fernandes et al. 2016; [40] Britto et al. 2013; [18] Iwama et al. 2009; [02] Enright & Sherrill 1998; [54] Almeida et al. 2019; [15] Masmoudi et al. 2008; [55] Almeida et al. 2019; [13] Chetta et al. 2006; [26] Jenkins et al. 2009","-0.0893;0.7683;-0.0594;0.6353;-0.2049;-0.1378;-0.3148;0.2682;0.2888;-0.4765;0.3597;0.6888;-0.2557;-0.2439;0.1785;-0.4561;0.0508",678.18947368421,645.556651638272,1562.71523587141,0.158156154852629,-32.6328220459388,-204.777666075189,107.314503195133,62.9896383775172,81.4776032681706
368,"natalia_oliveira_2023",2,"[06] Gibbons et al. 2001; [48] Fernandes et al. 2016","0.5;0.5",665.573684210526,608.272394736842,780.034270676692,0.154666623249488,-57.3012894736842,-197.5055,84.9445,72.3145842105263,93.122375736885
369,"natalia_oliveira_2023",13,"[13] Chetta et al. 2006; [55] Almeida et al. 2019; [04] Troosters, Gosselink & Decramer 1999; [10] Camarri et al. 2006; [45] Kim et al. 2014; [26] Jenkins et al. 2009; [47] Nusdwinuringtyas et al, 2014; [28] Ben Saad et al. 2009; [43] Rao et al. 2013; [37] Hill et al. 2011; [42] Britto et al. 2013; [06] Gibbons et al. 2001; [07] Enrigth et al. 2003","-0.5181;0.1991;0.1846;-0.3593;0.5154;0.0283;0.3916;0.5128;-0.0703;0.2486;0.262;-0.4806;0.0858",674.115789473684,670.881748266411,2184.45293788678,0.281613090625213,-3.23404120727302,-128.037228276912,135.137863250748,50.5902599094427,69.1943040388599
370,"natalia_oliveira_2023",24,"[42] Britto et al. 2013; [07] Enrigth et al. 2003; [10] Camarri et al. 2006; [48] Fernandes et al. 2016; [32] Soares, Pereira 2011; [50] Zou et al. 2017; [55] Almeida et al. 2019; [37] Hill et al. 2011; [30] Osses et al. 2010; [04] Troosters, Gosselink & Decramer 1999; [18] Iwama et al. 2009; [06] Gibbons et al. 2001; [54] Almeida et al. 2019; [28] Ben Saad et al. 2009; [13] Chetta et al. 2006; [34] Dourado, Vidotto, Guerra 2011; [43] Rao et al. 2013; [15] Masmoudi et al. 2008; [47] Nusdwinuringtyas et al, 2014; [02] Enright & Sherrill 1998; [09] Camarri et al. 2006; [45] Kim et al. 2014; [58] Delbressine et al. 2023; [26] Jenkins et al. 2009","0.1322;-0.0672;-0.4576;0.2272;-0.1835;-0.1157;0.0509;0.0743;-0.0259;0.1098;0.2873;-0.5434;-0.4257;0.7268;-0.5945;0.1127;-0.0962;-0.1558;0.4904;0.6867;0.3788;0.498;-0.0922;-0.0172",675.436842105263,593.378846164602,1710.74266970165,0.275717741519793,-82.0579959406609,-223.095487716173,19.31938172396,85.1133391874321,104.420987486392
371,"natalia_oliveira_2023",1,"[42] Britto et al. 2013","1",674.615789473684,626.600005263158,1562.37265679891,0.151037410368079,-48.0157842105263,-190.011825,98.4035500000001,71.6834368421053,87.6998450258188
372,"natalia_oliveira_2023",13,"[10] Camarri et al. 2006; [43] Rao et al. 2013; [06] Gibbons et al. 2001; [37] Hill et al. 2011; [47] Nusdwinuringtyas et al, 2014; [50] Zou et al. 2017; [32] Soares, Pereira 2011; [18] Iwama et al. 2009; [55] Almeida et al. 2019; [07] Enrigth et al. 2003; [40] Britto et al. 2013; [30] Osses et al. 2010; [54] Almeida et al. 2019","0.2487;-0.3125;-0.3049;0.2705;0.7734;-0.185;-0.1194;-0.0397;0.1949;0.4673;-0.066;0.217;-0.1443",675.736842105263,703.474511500732,1033.48810317735,0.216302639548788,27.7376693954685,-112.323802657036,174.121644313502,59.4098652206165,78.9244573325405
373,"natalia_oliveira_2023",5,"[50] Zou et al. 2017; [37] Hill et al. 2011; [07] Enrigth et al. 2003; [02] Enright & Sherrill 1998; [20] Jenkins et al. 2009","0.5459;0.0713;-0.0848;0.5947;-0.127",676.942105263158,664.688945050416,1312.92384357049,0.0681019732791656,-12.2531602127414,-143.972843123422,143.916901018843,57.3227133715923,76.0931364760375
374,"natalia_oliveira_2023",7,"[18] Iwama et al. 2009; [40] Britto et al. 2013; [10] Camarri et al. 2006; [15] Masmoudi et al. 2008; [26] Jenkins et al. 2009; [09] Camarri et al. 2006; [07] Enrigth et al. 2003","0.0455;0.2085;-0.2563;0.0124;0.128;0.5357;0.3262",681.221052631579,631.943465096767,1078.10115098052,0.202708836565213,-49.2775875348116,-172.302064009445,100.7470506317,68.6961970867218,85.3087260338338
375,"natalia_oliveira_2023",7,"[27] Alameri et al. 2009; [54] Almeida et al. 2019; [10] Camarri et al. 2006; [45] Kim et al. 2014; [37] Hill et al. 2011; [50] Zou et al. 2017; [09] Camarri et al. 2006","0.5765;0.0127;0.0692;0.0166;0.6955;-0.8871;0.5166",675.247368421053,691.565129194904,819.438021988133,0.220246558897533,16.3177607738512,-91.9684708641416,135.139263886,51.3125356553857,66.4601458753683
376,"natalia_oliveira_2023",10,"[02] Enright & Sherrill 1998; [32] Soares, Pereira 2011; [26] Jenkins et al. 2009; [07] Enrigth et al. 2003; [42] Britto et al. 2013; [30] Osses et al. 2010; [13] Chetta et al. 2006; [34] Dourado, Vidotto, Guerra 2011; [37] Hill et al. 2011; [50] Zou et al. 2017","0.8784;-0.1607;0.104;-0.2692;0.2924;-0.3762;0.3006;-0.0425;-0.1441;0.4174",681.731578947368,638.782749399071,1411.00267035837,0.262990596832203,-42.9488295482974,-152.99603703904,90.9970582189522,67.9686748754597,81.7330767810525
377,"natalia_oliveira_2023",22,"[32] Soares, Pereira 2011; [13] Chetta et al. 2006; [42] Britto et al. 2013; [10] Camarri et al. 2006; [15] Masmoudi et al. 2008; [48] Fernandes et al. 2016; [45] Kim et al. 2014; [07] Enrigth et al. 2003; [28] Ben Saad et al. 2009; [02] Enright & Sherrill 1998; [55] Almeida et al. 2019; [18] Iwama et al. 2009; [30] Osses et al. 2010; [58] Delbressine et al. 2023; [04] Troosters, Gosselink & Decramer 1999; [20] Jenkins et al. 2009; [43] Rao et al. 2013; [50] Zou et al. 2017; [27] Alameri et al. 2009; [06] Gibbons et al. 2001; [37] Hill et al. 2011; [47] Nusdwinuringtyas et al, 2014","-0.2726;-0.5456;0.1688;-0.4425;-0.1537;0.1128;0.4145;0.0212;0.7427;0.6352;0.0274;0.1563;-0.1583;-0.0612;0.2182;-0.2185;-0.1287;-0.1038;0.7055;-0.5977;0.1831;0.2967",680.926315789474,546.64053947008,1854.16563143585,0.253691288341243,-134.285776319394,-309.007938231972,6.56377686504137,136.424651324634,152.734979045182
378,"natalia_oliveira_2023",26,"[45] Kim et al. 2014; [43] Rao et al. 2013; [30] Osses et al. 2010; [32] Soares, Pereira 2011; [06] Gibbons et al. 2001; [15] Masmoudi et al. 2008; [26] Jenkins et al. 2009; [20] Jenkins et al. 2009; [50] Zou et al. 2017; [55] Almeida et al. 2019; [28] Ben Saad et al. 2009; [42] Britto et al. 2013; [47] Nusdwinuringtyas et al, 2014; [37] Hill et al. 2011; [27] Alameri et al. 2009; [04] Troosters, Gosselink & Decramer 1999; [34] Dourado, Vidotto, Guerra 2011; [58] Delbressine et al. 2023; [40] Britto et al. 2013; [48] Fernandes et al. 2016; [54] Almeida et al. 2019; [07] Enrigth et al. 2003; [09] Camarri et al. 2006; [02] Enright & Sherrill 1998; [13] Chetta et al. 2006; [18] Iwama et al. 2009","0.294;-0.222;-0.0715;-0.315;-0.5513;-0.1717;-0.1216;-0.118;-0.2899;0.0402;0.7817;0.1328;0.3383;0.2205;0.6721;0.1676;-0.0162;-0.0576;-0.382;0.2691;-0.3103;0.009;0.1685;0.8475;-0.6442;0.3298",677.278947368421,596.078530936122,2268.65751407738,0.233639571932158,-81.2004164322995,-230.733525599559,56.6682109375881,90.8374875426064,112.489440477797
379,"natalia_oliveira_2023",2,"[07] Enrigth et al. 2003; [37] Hill et al. 2011","0.5;0.5",673.842105263158,725.997592105263,2566.14211829967,0.101931998391835,52.1554868421053,-111.456625,166.058125,72.9532763157895,86.0327231336472
380,"natalia_oliveira_2023",3,"[20] Jenkins et al. 2009; [09] Camarri et al. 2006; [30] Osses et al. 2010","0.1312;0.4461;0.4227",676.131578947368,676.077045096711,1056.18070302605,0.300277590654547,-0.0545338506577222,-146.389156637619,134.241657495594,53.2932609463891,71.6256085665534
381,"natalia_oliveira_2023",17,"[20] Jenkins et al. 2009; [26] Jenkins et al. 2009; [43] Rao et al. 2013; [54] Almeida et al. 2019; [10] Camarri et al. 2006; [37] Hill et al. 2011; [50] Zou et al. 2017; [42] Britto et al. 2013; [55] Almeida et al. 2019; [06] Gibbons et al. 2001; [18] Iwama et al. 2009; [30] Osses et al. 2010; [13] Chetta et al. 2006; [47] Nusdwinuringtyas et al, 2014; [07] Enrigth et al. 2003; [40] Britto et al. 2013; [04] Troosters, Gosselink & Decramer 1999","0.0021;0.1529;-0.354;-0.1636;-0.0757;0.2473;-0.3146;0.2171;0.1958;-0.1445;0.0893;-0.0676;-0.4978;1.0445;0.1395;-0.1726;0.7018",678.626315789474,767.502932384807,1104.20556963249,0.142331522666996,88.8766165953329,-47.7100657949156,236.066611951206,96.4130477929982,115.193497173166
382,"natalia_oliveira_2023",12,"[34] Dourado, Vidotto, Guerra 2011; [58] Delbressine et al. 2023; [13] Chetta et al. 2006; [47] Nusdwinuringtyas et al, 2014; [30] Osses et al. 2010; [09] Camarri et al. 2006; [04] Troosters, Gosselink & Decramer 1999; [18] Iwama et al. 2009; [32] Soares, Pereira 2011; [07] Enrigth et al. 2003; [42] Britto et al. 2013; [50] Zou et al. 2017","0.0922;0.1206;-0.5792;0.6354;0.0198;0.3649;0.5272;0.2322;-0.3867;0.2137;0.2483;-0.4883",673.931578947368,691.262775859255,1070.21526440088,0.212078803904625,17.3311969118867,-108.76941245391,148.035578068847,53.7309946941327,71.4570824918848
383,"natalia_oliveira_2023",2,"[13] Chetta et al. 2006; [48] Fernandes et al. 2016","0.5;0.5",677.584210526316,554.217742105263,688.970805758534,0.145055116182917,-123.366468421053,-259.777525,26.0272,127.183942105263,144.51262670196
384,"natalia_oliveira_2023",1,"[26] Jenkins et al. 2009","1",682.736842105263,744.93536883919,1789.67756391248,0.205608198422976,62.1985267339269,-92.7376943208204,230.284396458928,80.89778711253,102.762296199886
385,"natalia_oliveira_2023",26,"[34] Dourado, Vidotto, Guerra 2011; [02] Enright & Sherrill 1998; [04] Troosters, Gosselink & Decramer 1999; [48] Fernandes et al. 2016; [54] Almeida et al. 2019; [40] Britto et al. 2013; [32] Soares, Pereira 2011; [09] Camarri et al. 2006; [28] Ben Saad et al. 2009; [06] Gibbons et al. 2001; [55] Almeida et al. 2019; [20] Jenkins et al. 2009; [18] Iwama et al. 2009; [26] Jenkins et al. 2009; [27] Alameri et al. 2009; [47] Nusdwinuringtyas et al, 2014; [15] Masmoudi et al. 2008; [10] Camarri et al. 2006; [37] Hill et al. 2011; [43] Rao et al. 2013; [13] Chetta et al. 2006; [58] Delbressine et al. 2023; [30] Osses et al. 2010; [50] Zou et al. 2017; [45] Kim et al. 2014; [07] Enrigth et al. 2003","0.0858;0.5895;0.2235;0.1532;-0.2716;-0.2745;-0.2381;0.3079;0.5258;-0.3241;0.1954;-0.0134;0.2029;0.0161;0.5341;0.3595;-0.061;-0.3555;0.0511;-0.2145;-0.4497;-0.0152;-0.005;-0.2373;0.2171;-0.0023",671.184210526316,608.60188361049,1426.52824832802,0.166424766421539,-62.5823269158259,-181.656843938435,66.1410196128509,74.2678452786462,92.1166047407475
386,"natalia_oliveira_2023",18,"[34] Dourado, Vidotto, Guerra 2011; [07] Enrigth et al. 2003; [50] Zou et al. 2017; [43] Rao et al. 2013; [48] Fernandes et al. 2016; [32] Soares, Pereira 2011; [42] Britto et al. 2013; [10] Camarri et al. 2006; [37] Hill et al. 2011; [02] Enright & Sherrill 1998; [27] Alameri et al. 2009; [18] Iwama et al. 2009; [04] Troosters, Gosselink & Decramer 1999; [45] Kim et al. 2014; [20] Jenkins et al. 2009; [55] Almeida et al. 2019; [13] Chetta et al. 2006; [58] Delbressine et al. 2023","-0.1875;-0.0808;-0.2477;-0.3146;-0.0663;-0.431;0.1861;0.077;0.1609;0.8094;0.7148;-0.0262;0.3597;0.3649;-0.2835;0.1715;-0.0293;-0.1774",675.494736842105,693.559408602158,953.539400867464,0.143183088629347,18.064671760053,-124.661916260674,160.991860089639,63.8323922841096,84.4368992148609
387,"natalia_oliveira_2023",23,"[02] Enright & Sherrill 1998; [13] Chetta et al. 2006; [42] Britto et al. 2013; [09] Camarri et al. 2006; [15] Masmoudi et al. 2008; [10] Camarri et al. 2006; [48] Fernandes et al. 2016; [54] Almeida et al. 2019; [26] Jenkins et al. 2009; [50] Zou et al. 2017; [55] Almeida et al. 2019; [30] Osses et al. 2010; [45] Kim et al. 2014; [58] Delbressine et al. 2023; [34] Dourado, Vidotto, Guerra 2011; [20] Jenkins et al. 2009; [18] Iwama et al. 2009; [37] Hill et al. 2011; [40] Britto et al. 2013; [27] Alameri et al. 2009; [47] Nusdwinuringtyas et al, 2014; [32] Soares, Pereira 2011; [07] Enrigth et al. 2003","1.0449;-0.3242;0.1691;0.3951;-0.0031;-0.0867;-0.2428;-0.1928;0.0468;-0.3466;0.1181;-0.1716;0.1301;0.0413;-0.0458;-0.0882;-0.2038;0.0545;-0.0975;0.4202;0.6336;-0.3655;0.1144",677.057894736842,626.65706221378,1132.60174049131,0.296050760638169,-50.4008325230621,-268.324476757567,92.4130306943486,75.692844580222,102.828300175079
388,"natalia_oliveira_2023",15,"[06] Gibbons et al. 2001; [30] Osses et al. 2010; [50] Zou et al. 2017; [37] Hill et al. 2011; [26] Jenkins et al. 2009; [04] Troosters, Gosselink & Decramer 1999; [42] Britto et al. 2013; [34] Dourado, Vidotto, Guerra 2011; [07] Enrigth et al. 2003; [58] Delbressine et al. 2023; [02] Enright & Sherrill 1998; [27] Alameri et al. 2009; [45] Kim et al. 2014; [20] Jenkins et al. 2009; [10] Camarri et al. 2006","0.1046;-0.399;-0.5474;-0.0502;-0.1876;0.6149;0.122;-0.2669;-0.0783;-0.1755;1.0957;0.8523;0.3272;-0.3298;-0.082",670.005263157895,546.82666716202,1274.0451260559,0.139686938254201,-123.178595995875,-265.110855321832,18.2736421220729,128.818472001573,146.296891817949
389,"natalia_oliveira_2023",26,"[06] Gibbons et al. 2001; [26] Jenkins et al. 2009; [50] Zou et al. 2017; [09] Camarri et al. 2006; [54] Almeida et al. 2019; [47] Nusdwinuringtyas et al, 2014; [45] Kim et al. 2014; [58] Delbressine et al. 2023; [30] Osses et al. 2010; [07] Enrigth et al. 2003; [13] Chetta et al. 2006; [37] Hill et al. 2011; [55] Almeida et al. 2019; [42] Britto et al. 2013; [34] Dourado, Vidotto, Guerra 2011; [15] Masmoudi et al. 2008; [40] Britto et al. 2013; [43] Rao et al. 2013; [04] Troosters, Gosselink & Decramer 1999; [27] Alameri et al. 2009; [02] Enright & Sherrill 1998; [48] Fernandes et al. 2016; [28] Ben Saad et al. 2009; [20] Jenkins et al. 2009; [32] Soares, Pereira 2011; [10] Camarri et al. 2006","-0.2951;0.0357;-0.2936;0.213;-0.1358;0.3383;0.221;-0.0046;0.0364;-0.0117;-0.4223;-0.0217;0.1067;0.2995;0.1513;-0.0449;-0.2089;-0.2516;0.1542;0.5607;0.4671;0.0784;0.4555;0.0169;-0.128;-0.3167",670.078947368421,603.98672834146,1329.11024429316,0.297398222108662,-66.0922190269613,-176.054020855364,34.1084492964533,71.9266419281197,87.3643853799557
390,"natalia_oliveira_2023",3,"[54] Almeida et al. 2019; [20] Jenkins et al. 2009; [26] Jenkins et al. 2009","0.4024;0.2722;0.3254",684.847368421053,718.751301739433,1140.73096799968,0.189408891361116,33.9039333183804,-125.44993862273,156.777098506084,63.4740073997315,79.5895263027058
391,"natalia_oliveira_2023",13,"[10] Camarri et al. 2006; [06] Gibbons et al. 2001; [34] Dourado, Vidotto, Guerra 2011; [28] Ben Saad et al. 2009; [55] Almeida et al. 2019; [45] Kim et al. 2014; [02] Enright & Sherrill 1998; [20] Jenkins et al. 2009; [13] Chetta et al. 2006; [32] Soares, Pereira 2011; [43] Rao et al. 2013; [09] Camarri et al. 2006; [37] Hill et al. 2011","-0.3866;-0.2874;-0.0205;0.4451;0.1898;0.631;0.6204;-0.2224;-0.4541;-0.1125;-0.0152;0.5191;0.0932",675.747368421053,673.468887117224,1741.10965847372,0.335648653931625,-2.27848130382817,-119.275424210826,118.511650282484,47.8093424479197,60.3479414659935
392,"natalia_oliveira_2023",4,"[27] Alameri et al. 2009; [37] Hill et al. 2011; [50] Zou et al. 2017; [07] Enrigth et al. 2003","0.7405;0.279;-0.4672;0.4477",675.894736842105,565.537195635942,760.95744520967,0.250916660531179,-110.357541206163,-236.278435950656,13.4529225251516,112.923333856567,128.252291271229
393,"natalia_oliveira_2023",9,"[47] Nusdwinuringtyas et al, 2014; [32] Soares, Pereira 2011; [54] Almeida et al. 2019; [28] Ben Saad et al. 2009; [10] Camarri et al. 2006; [06] Gibbons et al. 2001; [58] Delbressine et al. 2023; [04] Troosters, Gosselink & Decramer 1999; [30] Osses et al. 2010","0.6769;0.134;-0.2148;0.5405;-0.3817;-0.5087;0.1471;0.175;0.4316",682.547368421053,597.025697157733,1670.43836344865,0.147940121494516,-85.5216712633195,-256.384446565259,26.0332158895191,89.8548149859914,110.846035681409
394,"natalia_oliveira_2023",16,"[30] Osses et al. 2010; [10] Camarri et al. 2006; [37] Hill et al. 2011; [48] Fernandes et al. 2016; [09] Camarri et al. 2006; [43] Rao et al. 2013; [45] Kim et al. 2014; [15] Masmoudi et al. 2008; [02] Enright & Sherrill 1998; [07] Enrigth et al. 2003; [32] Soares, Pereira 2011; [50] Zou et al. 2017; [18] Iwama et al. 2009; [13] Chetta et al. 2006; [26] Jenkins et al. 2009; [47] Nusdwinuringtyas et al, 2014","-0.1247;-0.1629;0.0804;-0.1699;0.603;-0.3402;0.4386;0.0566;0.9595;0.1706;-0.3626;-0.2641;-0.1206;-0.4784;0.0278;0.6868",673.873684210526,738.6937818869,1170.12918670415,0.238302886356577,64.8200976763734,-46.6472954287543,194.605766966564,76.0757388812548,90.4418755354485
395,"natalia_oliveira_2023",11,"[55] Almeida et al. 2019; [32] Soares, Pereira 2011; [07] Enrigth et al. 2003; [37] Hill et al. 2011; [43] Rao et al. 2013; [50] Zou et al. 2017; [09] Camarri et al. 2006; [10] Camarri et al. 2006; [27] Alameri et al. 2009; [20] Jenkins et al. 2009; [06] Gibbons et al. 2001","0.1899;-0.449;0.5127;0.5592;-0.7168;-0.6313;0.6216;-0.0488;0.849;0.1238;-0.0103",675.152631578947,781.506562723161,859.736096233544,0.241594055251719,106.353931144214,-4.36928406745659,218.302381234303,109.109611882425,122.784812174041
396,"natalia_oliveira_2023",26,"[48] Fernandes et al. 2016; [02] Enright & Sherrill 1998; [13] Chetta et al. 2006; [18] Iwama et al. 2009; [50] Zou et al. 2017; [15] Masmoudi et al. 2008; [32] Soares, Pereira 2011; [06] Gibbons et al. 2001; [54] Almeida et al. 2019; [43] Rao et al. 2013; [28] Ben Saad et al. 2009; [04] Troosters, Gosselink & Decramer 1999; [47] Nusdwinuringtyas et al, 2014; [34] Dourado, Vidotto, Guerra 2011; [40] Britto et al. 2013; [37] Hill et al. 2011; [27] Alameri et al. 2009; [55] Almeida et al. 2019; [10] Camarri et al. 2006; [26] Jenkins et al. 2009; [09] Camarri et al. 2006; [07] Enrigth et al. 2003; [58] Delbressine et al. 2023; [30] Osses et al. 2010; [42] Britto et al. 2013; [20] Jenkins et al. 2009","0.1517;0.5854;-0.4713;0.2109;-0.21;-0.0848;-0.1336;-0.3543;-0.2513;-0.1766;0.5474;0.2376;0.367;0.1047;-0.3291;-0.0285;0.6182;0.1837;-0.3451;0.058;0.1754;-0.0505;-0.0546;-0.0366;0.2891;-0.0031",676.010526315789,574.208913597371,1859.00520970894,0.290405651174824,-101.801612718418,-211.935913707465,11.9202568915163,103.255917874767,120.510543910963
397,"natalia_oliveira_2023",22,"[09] Camarri et al. 2006; [30] Osses et al. 2010; [10] Camarri et al. 2006; [42] Britto et al. 2013; [45] Kim et al. 2014; [28] Ben Saad et al. 2009; [07] Enrigth et al. 2003; [13] Chetta et al. 2006; [50] Zou et al. 2017; [43] Rao et al. 2013; [37] Hill et al. 2011; [47] Nusdwinuringtyas et al, 2014; [58] Delbressine et al. 2023; [20] Jenkins et al. 2009; [34] Dourado, Vidotto, Guerra 2011; [18] Iwama et al. 2009; [40] Britto et al. 2013; [04] Troosters, Gosselink & Decramer 1999; [15] Masmoudi et al. 2008; [54] Almeida et al. 2019; [55] Almeida et al. 2019; [27] Alameri et al. 2009","0.3469;0.0816;-0.2565;0.3605;0.1437;0.2382;0.1073;-0.4529;-0.2656;-0.2527;0.1815;-0.0495;0.0759;0.069;0.1635;0.0979;-0.1937;0.2379;-0.0338;-0.148;0.2209;0.3281",675.094736842105,745.251059491565,1507.86309841948,0.405097742819031,70.1563226494596,-41.3242842706782,182.736045168815,76.2882614436385,89.6452435699692
398,"natalia_oliveira_2023",10,"[10] Camarri et al. 2006; [02] Enright & Sherrill 1998; [42] Britto et al. 2013; [04] Troosters, Gosselink & Decramer 1999; [54] Almeida et al. 2019; [26] Jenkins et al. 2009; [45] Kim et al. 2014; [13] Chetta et al. 2006; [30] Osses et al. 2010; [27] Alameri et al. 2009","0.1722;1.101;0.0955;0.4428;0.0507;-0.6044;0.213;-0.3785;-0.8891;0.7967",667.105263157895,546.606797979161,1038.85525521042,0.2606119851992,-120.498465178734,-235.326984731102,12.1393150547461,122.933061324029,137.162624468092
399,"natalia_oliveira_2023",1,"[54] Almeida et al. 2019","1",672.394736842105,688.277772465043,1101.26044758995,0.308145915226268,15.8830356229376,-123.898479747018,170.12964286743,55.0946885333035,75.0932228627587
400,"natalia_oliveira_2023",4,"[55] Almeida et al. 2019; [07] Enrigth et al. 2003; [43] Rao et al. 2013; [54] Almeida et al. 2019","0.3883;0.3885;0.1511;0.072",670.4,647.754828449693,1223.77534457349,0.205418440209947,-22.6451715503071,-146.29365401871,104.028449712065,57.6463436399846,74.0744942901621
401,"natalia_oliveira_2023",1,"[18] Iwama et al. 2009","1",673.536842105263,569.393357894737,181.273789500864,0.0198108854555737,-104.143484210526,-248.42335,26.311,107.875852631579,127.477281876914
402,"natalia_oliveira_2023",25,"[40] Britto et al. 2013; [58] Delbressine et al. 2023; [45] Kim et al. 2014; [47] Nusdwinuringtyas et al, 2014; [04] Troosters, Gosselink & Decramer 1999; [13] Chetta et al. 2006; [55] Almeida et al. 2019; [54] Almeida et al. 2019; [09] Camarri et al. 2006; [07] Enrigth et al. 2003; [42] Britto et al. 2013; [32] Soares, Pereira 2011; [34] Dourado, Vidotto, Guerra 2011; [30] Osses et al. 2010; [20] Jenkins et al. 2009; [37] Hill et al. 2011; [10] Camarri et al. 2006; [50] Zou et al. 2017; [26] Jenkins et al. 2009; [18] Iwama et al. 2009; [27] Alameri et al. 2009; [48] Fernandes et al. 2016; [06] Gibbons et al. 2001; [02] Enright & Sherrill 1998; [28] Ben Saad et al. 2009","-0.3841;-0.0699;0.3312;0.3356;0.0767;-0.5667;0.0797;-0.3121;0.2209;-0.032;0.1167;-0.2453;0.0367;-0.0433;-0.0703;0.1268;-0.4823;-0.1874;-0.0727;0.2387;0.6287;0.1899;-0.5075;0.7903;0.8017",677.105263157895,506.388010376362,1477.23933592068,0.354494348308108,-170.717252781532,-296.664054600979,-64.5116318138955,171.656216818148,182.487059029174
403,"natalia_oliveira_2023",1,"[28] Ben Saad et al. 2009","1",678.836842105263,755.834768421053,7816.53371384027,0.171164736861164,76.9979263157896,-132.73125,240.44925,98.8399263157896,118.023734615587
404,"natalia_oliveira_2023",25,"[30] Osses et al. 2010; [06] Gibbons et al. 2001; [48] Fernandes et al. 2016; [20] Jenkins et al. 2009; [40] Britto et al. 2013; [47] Nusdwinuringtyas et al, 2014; [07] Enrigth et al. 2003; [42] Britto et al. 2013; [43] Rao et al. 2013; [15] Masmoudi et al. 2008; [58] Delbressine et al. 2023; [13] Chetta et al. 2006; [09] Camarri et al. 2006; [27] Alameri et al. 2009; [50] Zou et al. 2017; [54] Almeida et al. 2019; [32] Soares, Pereira 2011; [02] Enright & Sherrill 1998; [34] Dourado, Vidotto, Guerra 2011; [28] Ben Saad et al. 2009; [18] Iwama et al. 2009; [37] Hill et al. 2011; [45] Kim et al. 2014; [10] Camarri et al. 2006; [55] Almeida et al. 2019","-0.0174;-0.5098;0.2486;-0.0385;-0.4182;0.315;-0.0101;0.1567;-0.1373;-0.1251;-0.0456;-0.5734;0.2499;0.5655;-0.1757;-0.3871;-0.2172;0.7383;0.055;0.8592;0.288;0.2293;0.2905;-0.4306;0.09",679.931578947368,567.646126557062,1543.33763218662,0.256073170994503,-112.285452390307,-247.220326972103,31.8116640371155,116.867354648725,133.973528586751
405,"natalia_oliveira_2023",27,"[48] Fernandes et al. 2016; [07] Enrigth et al. 2003; [20] Jenkins et al. 2009; [04] Troosters, Gosselink & Decramer 1999; [09] Camarri et al. 2006; [42] Britto et al. 2013; [43] Rao et al. 2013; [54] Almeida et al. 2019; [37] Hill et al. 2011; [32] Soares, Pereira 2011; [45] Kim et al. 2014; [02] Enright & Sherrill 1998; [13] Chetta et al. 2006; [28] Ben Saad et al. 2009; [26] Jenkins et al. 2009; [50] Zou et al. 2017; [47] Nusdwinuringtyas et al, 2014; [15] Masmoudi et al. 2008; [58] Delbressine et al. 2023; [40] Britto et al. 2013; [18] Iwama et al. 2009; [27] Alameri et al. 2009; [55] Almeida et al. 2019; [30] Osses et al. 2010; [10] Camarri et al. 2006; [34] Dourado, Vidotto, Guerra 2011; [06] Gibbons et al. 2001","0.1883;0.011;-0.0551;0.1921;0.1244;0.1335;-0.141;-0.2732;0.1186;-0.2195;0.2809;0.6289;-0.4739;0.7446;-0.0354;-0.1885;0.3376;-0.0954;-0.0304;-0.3443;0.2412;0.5873;0.0906;-0.0467;-0.3982;0.0354;-0.4127",677.947368421053,567.887163979716,2287.39555228422,0.246514849712628,-110.060204441337,-242.638594601216,9.09533560701395,113.411788518662,130.640812922094
406,"natalia_oliveira_2023",15,"[47] Nusdwinuringtyas et al, 2014; [26] Jenkins et al. 2009; [04] Troosters, Gosselink & Decramer 1999; [06] Gibbons et al. 2001; [48] Fernandes et al. 2016; [55] Almeida et al. 2019; [20] Jenkins et al. 2009; [18] Iwama et al. 2009; [07] Enrigth et al. 2003; [42] Britto et al. 2013; [15] Masmoudi et al. 2008; [45] Kim et al. 2014; [30] Osses et al. 2010; [40] Britto et al. 2013; [43] Rao et al. 2013","0.8655;-0.1021;0.8045;-0.4618;0.0881;0.2481;-0.1396;0.1694;0.2857;0.1314;-0.0256;0.0498;-0.0377;-0.2053;-0.6704",676.978947368421,744.025400566178,1479.23063508952,0.221844323933658,67.0464531977567,-101.519253076365,214.584116307404,84.5227641651587,103.280630992211
407,"natalia_oliveira_2023",15,"[48] Fernandes et al. 2016; [58] Delbressine et al. 2023; [47] Nusdwinuringtyas et al, 2014; [42] Britto et al. 2013; [37] Hill et al. 2011; [54] Almeida et al. 2019; [45] Kim et al. 2014; [18] Iwama et al. 2009; [10] Camarri et al. 2006; [28] Ben Saad et al. 2009; [32] Soares, Pereira 2011; [15] Masmoudi et al. 2008; [02] Enright & Sherrill 1998; [20] Jenkins et al. 2009; [07] Enrigth et al. 2003","0.0851;-0.1291;0.166;0.2137;-0.2592;-0.2693;0.3916;0.1561;-0.2808;0.3222;0.122;-0.1027;0.5847;0.2035;-0.2037",678.38947368421,573.709806482159,1089.51587725483,0.15328484872078,-104.679667202052,-225.63183937679,28.3013519270639,108.699228220726,125.138645750812
408,"natalia_oliveira_2023",1,"[34] Dourado, Vidotto, Guerra 2011","1",671.68947368421,676.245407105263,1475.40702954082,0.234539144300717,4.55593342105261,-112.923809,151.55898,50.7020606842105,66.9128548253231
409,"natalia_oliveira_2023",4,"[58] Delbressine et al. 2023; [26] Jenkins et al. 2009; [02] Enright & Sherrill 1998; [47] Nusdwinuringtyas et al, 2014","-0.1278;-0.0388;0.6527;0.5139",684,612.181895449787,959.238015319958,0.226447565421176,-71.8181045502132,-246.152817655143,65.5023713534225,82.6672385563851,106.364527837704
410,"natalia_oliveira_2023",15,"[10] Camarri et al. 2006; [37] Hill et al. 2011; [02] Enright & Sherrill 1998; [32] Soares, Pereira 2011; [48] Fernandes et al. 2016; [43] Rao et al. 2013; [40] Britto et al. 2013; [13] Chetta et al. 2006; [58] Delbressine et al. 2023; [09] Camarri et al. 2006; [45] Kim et al. 2014; [06] Gibbons et al. 2001; [15] Masmoudi et al. 2008; [26] Jenkins et al. 2009; [50] Zou et al. 2017","-0.0075;0.1809;0.8508;-0.3232;-0.0353;-0.2427;-0.0697;-0.1917;-0.014;0.639;0.5148;0.1792;-0.1169;-0.1677;-0.196",675.542105263158,770.009544337862,1411.78610232229,0.216509919906755,94.467439074704,-105.832904796108,229.173546153051,107.488783638794,124.200470849961
411,"natalia_oliveira_2023",8,"[58] Delbressine et al. 2023; [43] Rao et al. 2013; [28] Ben Saad et al. 2009; [55] Almeida et al. 2019; [09] Camarri et al. 2006; [15] Masmoudi et al. 2008; [54] Almeida et al. 2019; [26] Jenkins et al. 2009","0.2382;0.0754;0.335;0.2471;0.2788;-0.059;-0.2276;0.1122",666.4,706.01655210698,2841.96856587199,0.355265904368158,39.6165521069805,-99.1875798706845,158.450042566032,64.8302851551432,81.6576997469439
412,"natalia_oliveira_2023",19,"[10] Camarri et al. 2006; [32] Soares, Pereira 2011; [15] Masmoudi et al. 2008; [58] Delbressine et al. 2023; [54] Almeida et al. 2019; [55] Almeida et al. 2019; [37] Hill et al. 2011; [43] Rao et al. 2013; [50] Zou et al. 2017; [02] Enright & Sherrill 1998; [34] Dourado, Vidotto, Guerra 2011; [27] Alameri et al. 2009; [45] Kim et al. 2014; [06] Gibbons et al. 2001; [42] Britto et al. 2013; [28] Ben Saad et al. 2009; [48] Fernandes et al. 2016; [18] Iwama et al. 2009; [20] Jenkins et al. 2009","-0.3087;-0.1285;-0.0872;-0.051;-0.3026;0.1234;-0.0158;-0.2248;-0.2338;0.4949;0.063;0.7258;0.368;-0.3587;0.1946;0.5533;0.0748;0.1335;-0.02",671.215789473684,540.513688805416,1849.26132842895,0.243350233682338,-130.702100668268,-266.247284306357,-28.0677274330434,132.569215537667,147.058866722601
413,"natalia_oliveira_2023",15,"[20] Jenkins et al. 2009; [32] Soares, Pereira 2011; [18] Iwama et al. 2009; [58] Delbressine et al. 2023; [26] Jenkins et al. 2009; [10] Camarri et al. 2006; [13] Chetta et al. 2006; [34] Dourado, Vidotto, Guerra 2011; [15] Masmoudi et al. 2008; [37] Hill et al. 2011; [48] Fernandes et al. 2016; [06] Gibbons et al. 2001; [07] Enrigth et al. 2003; [28] Ben Saad et al. 2009; [27] Alameri et al. 2009","-0.067;-0.0602;0.1722;0.0929;-0.04;-0.2242;-0.4872;0.0469;-0.0246;0.3245;0.1209;-0.3983;0.1902;0.5833;0.7706",668.784210526316,543.983522445986,1698.72649093196,0.249820074647348,-124.80068808033,-244.917881762614,13.2245713501771,127.678962934073,139.853681294222
414,"natalia_oliveira_2023",17,"[27] Alameri et al. 2009; [50] Zou et al. 2017; [28] Ben Saad et al. 2009; [45] Kim et al. 2014; [20] Jenkins et al. 2009; [43] Rao et al. 2013; [40] Britto et al. 2013; [18] Iwama et al. 2009; [42] Britto et al. 2013; [07] Enrigth et al. 2003; [48] Fernandes et al. 2016; [15] Masmoudi et al. 2008; [54] Almeida et al. 2019; [47] Nusdwinuringtyas et al, 2014; [34] Dourado, Vidotto, Guerra 2011; [13] Chetta et al. 2006; [58] Delbressine et al. 2023","0.4927;-0.352;0.6445;0.1203;0.0462;-0.247;-0.2825;0.3917;0.1805;0.1908;0.3395;0.0307;-0.3402;0.1787;0.1657;-0.703;0.1437",676.852631578947,602.704818500622,1968.78753178054,0.25505060803525,-74.147813078325,-199.136249947122,43.2055987869771,80.4188565038397,98.0200393007489
415,"natalia_oliveira_2023",8,"[48] Fernandes et al. 2016; [26] Jenkins et al. 2009; [50] Zou et al. 2017; [45] Kim et al. 2014; [27] Alameri et al. 2009; [34] Dourado, Vidotto, Guerra 2011; [13] Chetta et al. 2006; [02] Enright & Sherrill 1998","-0.417;-0.2426;-0.2918;0.4421;0.8014;-0.3958;0.0575;1.0463",667.68947368421,564.697186223167,963.64253496156,0.387897098259417,-102.992287461044,-236.532271637243,24.362302118364,105.754983159402,121.772128604776
416,"natalia_oliveira_2023",8,"[13] Chetta et al. 2006; [04] Troosters, Gosselink & Decramer 1999; [28] Ben Saad et al. 2009; [40] Britto et al. 2013; [54] Almeida et al. 2019; [34] Dourado, Vidotto, Guerra 2011; [26] Jenkins et al. 2009; [55] Almeida et al. 2019","-0.0541;0.0503;0.4208;-0.2689;0.0222;0.4338;0.0663;0.3296",683.047368421053,750.467864299123,2712.58189571256,0.229179129988635,67.4204958780701,-112.885997674649,175.635972599674,84.101421241099,100.624096420807
417,"natalia_oliveira_2023",5,"[37] Hill et al. 2011; [50] Zou et al. 2017; [43] Rao et al. 2013; [02] Enright & Sherrill 1998; [07] Enrigth et al. 2003","0.0468;0.3587;0.1862;0.4876;-0.0793",669.005263157895,633.489013324819,1230.58356960264,0.0970387551430505,-35.5162498330762,-247.353979290833,152.236395043548,70.4811935392786,95.0759706484534
418,"natalia_oliveira_2023",4,"[26] Jenkins et al. 2009; [15] Masmoudi et al. 2008; [45] Kim et al. 2014; [50] Zou et al. 2017","-9e-04;0.618;0.7079;-0.325",660.726315789474,619.916262921378,1106.95782642061,0.293555096549541,-40.8100528680961,-159.974268115456,120.34307599602,65.5372449962048,82.0854310312675
419,"natalia_oliveira_2023",22,"[40] Britto et al. 2013; [27] Alameri et al. 2009; [10] Camarri et al. 2006; [13] Chetta et al. 2006; [32] Soares, Pereira 2011; [06] Gibbons et al. 2001; [15] Masmoudi et al. 2008; [47] Nusdwinuringtyas et al, 2014; [37] Hill et al. 2011; [34] Dourado, Vidotto, Guerra 2011; [30] Osses et al. 2010; [28] Ben Saad et al. 2009; [48] Fernandes et al. 2016; [50] Zou et al. 2017; [45] Kim et al. 2014; [58] Delbressine et al. 2023; [26] Jenkins et al. 2009; [54] Almeida et al. 2019; [42] Britto et al. 2013; [43] Rao et al. 2013; [55] Almeida et al. 2019; [07] Enrigth et al. 2003","-0.3099;0.6708;-0.5352;-0.6148;-0.1513;-0.5602;-0.0223;0.2809;0.3598;0.1884;0.087;0.8748;0.3751;-0.2258;0.3186;0.0994;0.0804;-0.2463;0.1758;-0.1469;0.1399;0.1618",664.805263157895,553.36080707254,1997.73799346511,0.271451896445223,-111.444456085355,-234.359402147823,12.2839174078737,115.009826428047,129.541498808683
420,"natalia_oliveira_2023",14,"[06] Gibbons et al. 2001; [10] Camarri et al. 2006; [50] Zou et al. 2017; [20] Jenkins et al. 2009; [28] Ben Saad et al. 2009; [54] Almeida et al. 2019; [30] Osses et al. 2010; [47] Nusdwinuringtyas et al, 2014; [48] Fernandes et al. 2016; [45] Kim et al. 2014; [58] Delbressine et al. 2023; [40] Britto et al. 2013; [34] Dourado, Vidotto, Guerra 2011; [02] Enright & Sherrill 1998","-0.6198;-0.4013;-0.13;-0.0655;0.6553;-0.1903;-0.057;0.605;0.2557;0.6114;-0.0819;-0.3864;0.0693;0.7355",667.557894736842,514.877379392608,2538.66690348591,0.307795424845117,-152.680515344234,-290.227149191032,43.9937391186682,157.568521200121,171.046792980833
421,"natalia_oliveira_2023",9,"[02] Enright & Sherrill 1998; [47] Nusdwinuringtyas et al, 2014; [13] Chetta et al. 2006; [50] Zou et al. 2017; [09] Camarri et al. 2006; [42] Britto et al. 2013; [15] Masmoudi et al. 2008; [07] Enrigth et al. 2003; [10] Camarri et al. 2006","0.8191;0.5293;-0.3777;-0.5157;0.6301;0.1914;-0.2045;-0.0647;-0.0073",685.763157894737,662.988415596506,740.446921737732,0.263861754322961,-22.7747422982305,-162.6189655135,99.3755028830305,51.180171224426,71.0621798801247
422,"natalia_oliveira_2023",8,"[20] Jenkins et al. 2009; [37] Hill et al. 2011; [42] Britto et al. 2013; [28] Ben Saad et al. 2009; [10] Camarri et al. 2006; [26] Jenkins et al. 2009; [48] Fernandes et al. 2016; [09] Camarri et al. 2006","0.2003;-0.1087;0.3273;0.276;-0.3354;0.2702;0.1176;0.2527",675.452631578947,638.812638844531,2037.34460863272,0.332372348814952,-36.6399927344165,-189.730357990388,82.1104968951643,57.6793353334662,76.7110997464261
423,"natalia_oliveira_2023",27,"[13] Chetta et al. 2006; [06] Gibbons et al. 2001; [15] Masmoudi et al. 2008; [37] Hill et al. 2011; [54] Almeida et al. 2019; [42] Britto et al. 2013; [55] Almeida et al. 2019; [04] Troosters, Gosselink & Decramer 1999; [07] Enrigth et al. 2003; [26] Jenkins et al. 2009; [28] Ben Saad et al. 2009; [09] Camarri et al. 2006; [34] Dourado, Vidotto, Guerra 2011; [45] Kim et al. 2014; [48] Fernandes et al. 2016; [27] Alameri et al. 2009; [20] Jenkins et al. 2009; [18] Iwama et al. 2009; [58] Delbressine et al. 2023; [43] Rao et al. 2013; [50] Zou et al. 2017; [40] Britto et al. 2013; [32] Soares, Pereira 2011; [10] Camarri et al. 2006; [47] Nusdwinuringtyas et al, 2014; [30] Osses et al. 2010; [02] Enright & Sherrill 1998","-0.5487;-0.5238;-0.115;0.2068;-0.27;0.093;0.073;0.1427;0.0429;-0.0799;0.7798;0.187;0.0116;0.3437;0.1953;0.6722;-0.0782;0.2482;-0.0218;-0.1479;-0.1883;-0.3331;-0.219;-0.4472;0.3393;-0.0453;0.6825",672.536842105263,539.194347713892,1771.86821092729,0.275215232845106,-133.342494391371,-326.841110401907,0.63811118738375,134.750843070629,152.535448123608
424,"natalia_oliveira_2023",7,"[48] Fernandes et al. 2016; [09] Camarri et al. 2006; [45] Kim et al. 2014; [27] Alameri et al. 2009; [18] Iwama et al. 2009; [20] Jenkins et al. 2009; [02] Enright & Sherrill 1998","-0.277;0.187;0.1535;0.7809;-0.1868;-0.7563;1.0987",662.852631578947,543.609544642569,1255.79175388096,0.237408413444148,-119.243086936378,-227.30422412125,9.60586312072076,120.32307544004,134.356327344453
425,"natalia_oliveira_2023",17,"[20] Jenkins et al. 2009; [27] Alameri et al. 2009; [32] Soares, Pereira 2011; [15] Masmoudi et al. 2008; [18] Iwama et al. 2009; [06] Gibbons et al. 2001; [50] Zou et al. 2017; [26] Jenkins et al. 2009; [54] Almeida et al. 2019; [02] Enright & Sherrill 1998; [43] Rao et al. 2013; [13] Chetta et al. 2006; [30] Osses et al. 2010; [28] Ben Saad et al. 2009; [34] Dourado, Vidotto, Guerra 2011; [47] Nusdwinuringtyas et al, 2014; [55] Almeida et al. 2019","-0.1218;0.8266;-0.2297;-0.105;0.4396;-0.566;-0.033;-0.1371;-0.5189;0.8741;-0.0041;-0.5377;-0.0345;0.7203;-0.0327;0.3883;0.0717",671.984210526316,476.549400934209,1669.3701886213,0.264324803892294,-195.434809592107,-336.520971892026,-77.8030041774513,195.434809592107,207.926604793946
426,"natalia_oliveira_2023",26,"[43] Rao et al. 2013; [06] Gibbons et al. 2001; [48] Fernandes et al. 2016; [34] Dourado, Vidotto, Guerra 2011; [26] Jenkins et al. 2009; [27] Alameri et al. 2009; [02] Enright & Sherrill 1998; [45] Kim et al. 2014; [58] Delbressine et al. 2023; [15] Masmoudi et al. 2008; [20] Jenkins et al. 2009; [28] Ben Saad et al. 2009; [50] Zou et al. 2017; [04] Troosters, Gosselink & Decramer 1999; [40] Britto et al. 2013; [37] Hill et al. 2011; [13] Chetta et al. 2006; [09] Camarri et al. 2006; [07] Enrigth et al. 2003; [54] Almeida et al. 2019; [42] Britto et al. 2013; [10] Camarri et al. 2006; [18] Iwama et al. 2009; [32] Soares, Pereira 2011; [55] Almeida et al. 2019; [30] Osses et al. 2010","-0.2422;-0.3665;0.1711;-5e-04;-0.0853;0.8094;0.8349;0.3965;-0.0591;-0.1594;-0.1012;0.7107;-0.2773;0.1564;-0.2617;0.1005;-0.5176;0.3262;-0.0159;-0.1622;0.1997;-0.4054;0.2356;-0.2889;0.0842;-0.0822",669.273684210526,575.993433464961,1864.11451017476,0.22427564127482,-93.2802507455649,-255.475209718172,12.9036538541045,96.4657964023112,116.190381734361
427,"natalia_oliveira_2023",13,"[48] Fernandes et al. 2016; [28] Ben Saad et al. 2009; [10] Camarri et al. 2006; [45] Kim et al. 2014; [02] Enright & Sherrill 1998; [40] Britto et al. 2013; [27] Alameri et al. 2009; [13] Chetta et al. 2006; [20] Jenkins et al. 2009; [42] Britto et al. 2013; [09] Camarri et al. 2006; [06] Gibbons et al. 2001; [47] Nusdwinuringtyas et al, 2014","0.2397;0.8682;-0.5947;0.2861;0.7105;-0.4788;0.6274;-0.5482;-0.2208;0.1836;0.1411;-0.4732;0.2591",668.647368421053,479.570797259744,1981.90932748841,0.268338539975473,-189.076571161309,-324.564855343309,-75.1810819866676,189.927833689505,202.156680003316
428,"natalia_oliveira_2023",17,"[50] Zou et al. 2017; [20] Jenkins et al. 2009; [04] Troosters, Gosselink & Decramer 1999; [40] Britto et al. 2013; [10] Camarri et al. 2006; [02] Enright & Sherrill 1998; [42] Britto et al. 2013; [06] Gibbons et al. 2001; [34] Dourado, Vidotto, Guerra 2011; [15] Masmoudi et al. 2008; [37] Hill et al. 2011; [13] Chetta et al. 2006; [54] Almeida et al. 2019; [27] Alameri et al. 2009; [55] Almeida et al. 2019; [47] Nusdwinuringtyas et al, 2014; [58] Delbressine et al. 2023","-0.6515;-0.2639;0.773;-0.2069;0.015;1.1234;0.1482;0.1249;-0.1987;-0.2361;-0.1635;-0.533;-0.4084;0.6462;0.1222;0.8848;-0.1758",665.168421052632,575.150983663459,1009.83962791477,0.247480611270622,-90.0174373891726,-207.03679930447,34.654656638295,94.3376066098686,109.725847514257
429,"natalia_oliveira_2023",16,"[30] Osses et al. 2010; [10] Camarri et al. 2006; [50] Zou et al. 2017; [27] Alameri et al. 2009; [32] Soares, Pereira 2011; [45] Kim et al. 2014; [07] Enrigth et al. 2003; [58] Delbressine et al. 2023; [55] Almeida et al. 2019; [06] Gibbons et al. 2001; [28] Ben Saad et al. 2009; [13] Chetta et al. 2006; [47] Nusdwinuringtyas et al, 2014; [34] Dourado, Vidotto, Guerra 2011; [26] Jenkins et al. 2009; [18] Iwama et al. 2009","0.0527;-0.4938;-0.1319;0.6929;-0.1241;0.3706;0.3244;0.2088;0.0736;-0.5639;0.7709;-0.5459;0.0838;0.0084;-0.0827;0.3561",670.626315789474,488.680913963699,1648.02850835609,0.229072848824078,-181.945401825775,-319.685934308009,-60.1891952121223,182.432883874272,194.538973098215
430,"natalia_oliveira_2023",6,"[30] Osses et al. 2010; [42] Britto et al. 2013; [54] Almeida et al. 2019; [27] Alameri et al. 2009; [04] Troosters, Gosselink & Decramer 1999; [45] Kim et al. 2014","-0.2033;0.2081;0.1197;0.6742;0.5141;-0.3128",678.9,605.764973871977,1362.00016788861,0.20713283332346,-73.1350261280229,-187.114579883247,45.0858193821872,80.4811184773077,96.2013023774466
431,"natalia_oliveira_2023",20,"[48] Fernandes et al. 2016; [13] Chetta et al. 2006; [04] Troosters, Gosselink & Decramer 1999; [15] Masmoudi et al. 2008; [02] Enright & Sherrill 1998; [10] Camarri et al. 2006; [28] Ben Saad et al. 2009; [37] Hill et al. 2011; [06] Gibbons et al. 2001; [54] Almeida et al. 2019; [30] Osses et al. 2010; [50] Zou et al. 2017; [18] Iwama et al. 2009; [43] Rao et al. 2013; [42] Britto et al. 2013; [40] Britto et al. 2013; [45] Kim et al. 2014; [26] Jenkins et al. 2009; [47] Nusdwinuringtyas et al, 2014; [07] Enrigth et al. 2003","0.261;-0.515;0.077;-0.1463;0.6089;-0.2321;0.7522;0.0758;-0.4527;-0.3347;0.004;-0.0849;0.3196;-0.0795;0.1958;-0.4345;0.5601;0.062;0.4492;-0.086",673.857894736842,615.821678693056,1725.59646540502,0.230421121754518,-58.0362160437864,-174.20709586741,51.5452590354843,69.1107758028905,86.7200803887704
432,"natalia_oliveira_2023",14,"[30] Osses et al. 2010; [15] Masmoudi et al. 2008; [40] Britto et al. 2013; [55] Almeida et al. 2019; [42] Britto et al. 2013; [43] Rao et al. 2013; [06] Gibbons et al. 2001; [28] Ben Saad et al. 2009; [07] Enrigth et al. 2003; [54] Almeida et al. 2019; [13] Chetta et al. 2006; [34] Dourado, Vidotto, Guerra 2011; [48] Fernandes et al. 2016; [04] Troosters, Gosselink & Decramer 1999","0.068;-0.0798;-0.4593;0.283;0.3136;0.2235;-0.3055;0.4828;-0.0264;-0.0346;-0.2881;0.2652;0.4012;0.1566",667.205263157895,618.263360171463,2163.60547608084,0.340206566029971,-48.941902986432,-194.496452855124,73.3127583698634,65.9515641286763,80.691469295118
433,"natalia_oliveira_2023",6,"[02] Enright & Sherrill 1998; [54] Almeida et al. 2019; [13] Chetta et al. 2006; [45] Kim et al. 2014; [30] Osses et al. 2010; [48] Fernandes et al. 2016","0.995;-0.0104;0.03;0.8372;-0.7079;-0.144",670.915789473684,652.539705351487,955.68672849945,0.215587237705916,-18.3760841221972,-155.318496502836,115.684033418113,57.3179406885746,73.9799212572357
434,"natalia_oliveira_2023",13,"[27] Alameri et al. 2009; [45] Kim et al. 2014; [43] Rao et al. 2013; [15] Masmoudi et al. 2008; [42] Britto et al. 2013; [50] Zou et al. 2017; [30] Osses et al. 2010; [32] Soares, Pereira 2011; [06] Gibbons et al. 2001; [09] Camarri et al. 2006; [54] Almeida et al. 2019; [02] Enright & Sherrill 1998; [04] Troosters, Gosselink & Decramer 1999","0.8469;0.3405;-0.4065;-0.2747;0.105;-0.4546;-0.3417;-0.5916;0.1803;0.379;-0.2155;1.1246;0.3082",676.378947368421,679.512157993223,1530.67410528384,0.246212221083333,3.1332106248024,-104.422258864404,127.29335765268,53.6080087444793,67.8877049170977
435,"natalia_oliveira_2023",8,"[09] Camarri et al. 2006; [07] Enrigth et al. 2003; [27] Alameri et al. 2009; [34] Dourado, Vidotto, Guerra 2011; [28] Ben Saad et al. 2009; [20] Jenkins et al. 2009; [26] Jenkins et al. 2009; [15] Masmoudi et al. 2008","-0.0245;0.1016;0.3679;0.2453;0.2674;0.0345;0.0431;-0.0353",674.652631578947,619.540253937524,1653.00685950763,0.197265998878124,-55.1123776414232,-188.237896268654,78.7837279539717,71.5317535882403,91.1062204595153
436,"natalia_oliveira_2023",11,"[30] Osses et al. 2010; [26] Jenkins et al. 2009; [18] Iwama et al. 2009; [32] Soares, Pereira 2011; [58] Delbressine et al. 2023; [40] Britto et al. 2013; [07] Enrigth et al. 2003; [04] Troosters, Gosselink & Decramer 1999; [10] Camarri et al. 2006; [20] Jenkins et al. 2009; [02] Enright & Sherrill 1998","-0.1857;-0.0323;0.4386;-0.1431;-0.1757;-0.1086;-0.1159;0.2973;0.495;-0.1326;0.663",675.957894736842,717.26425781577,1394.98941608583,0.108226750205996,41.3063630789282,-100.331137193767,171.373270544877,67.7606700555276,86.3072488616623
437,"natalia_oliveira_2023",5,"[58] Delbressine et al. 2023; [42] Britto et al. 2013; [32] Soares, Pereira 2011; [37] Hill et al. 2011; [43] Rao et al. 2013","0.1981;0.3157;0.1338;0.1933;0.159",679.221052631579,650.155911273143,1248.24287458632,0.149468078816802,-29.0651413584362,-158.352274725392,88.998968728286,56.0538962770956,75.0120764163181
438,"natalia_oliveira_2023",5,"[34] Dourado, Vidotto, Guerra 2011; [10] Camarri et al. 2006; [27] Alameri et al. 2009; [43] Rao et al. 2013; [45] Kim et al. 2014","0.3826;0.2044;0.3764;-0.0548;0.0914",671.531578947368,618.009701105388,860.32381726366,0.210033148347473,-53.5218778419809,-179.11721289804,129.987138018067,71.1789978692538,90.5956910536308
439,"natalia_oliveira_2023",17,"[27] Alameri et al. 2009; [54] Almeida et al. 2019; [37] Hill et al. 2011; [43] Rao et al. 2013; [13] Chetta et al. 2006; [32] Soares, Pereira 2011; [04] Troosters, Gosselink & Decramer 1999; [07] Enrigth et al. 2003; [09] Camarri et al. 2006; [30] Osses et al. 2010; [15] Masmoudi et al. 2008; [42] Britto et al. 2013; [45] Kim et al. 2014; [28] Ben Saad et al. 2009; [18] Iwama et al. 2009; [34] Dourado, Vidotto, Guerra 2011; [26] Jenkins et al. 2009","0.6538;-0.3538;0.3968;-0.2761;-0.8804;-0.2626;0.068;0.0892;-9e-04;0.0914;-0.1484;0.1459;0.2372;0.63;0.4177;0.2144;-0.0223",683.968421052632,707.761935765703,1839.82959214648,0.266726887023289,23.7935147130712,-180.919614005977,166.932799089852,63.0357255182593,81.9056570027963
440,"natalia_oliveira_2023",24,"[13] Chetta et al. 2006; [40] Britto et al. 2013; [43] Rao et al. 2013; [07] Enrigth et al. 2003; [45] Kim et al. 2014; [55] Almeida et al. 2019; [50] Zou et al. 2017; [06] Gibbons et al. 2001; [18] Iwama et al. 2009; [48] Fernandes et al. 2016; [58] Delbressine et al. 2023; [20] Jenkins et al. 2009; [47] Nusdwinuringtyas et al, 2014; [26] Jenkins et al. 2009; [30] Osses et al. 2010; [28] Ben Saad et al. 2009; [34] Dourado, Vidotto, Guerra 2011; [04] Troosters, Gosselink & Decramer 1999; [02] Enright & Sherrill 1998; [10] Camarri et al. 2006; [37] Hill et al. 2011; [42] Britto et al. 2013; [27] Alameri et al. 2009; [32] Soares, Pereira 2011","-0.4784;-0.4096;-0.1691;-0.0043;0.3249;0.0618;-0.1723;-0.4446;0.1809;0.1402;-0.0438;-0.0794;0.2943;-0.0597;-0.0566;0.6912;-0.0042;0.1535;0.6612;-0.285;0.1291;0.1954;0.6086;-0.2341",675.542105263158,590.929220909437,1720.51909123214,0.227725160765215,-84.6128843537212,-206.343944777778,45.488463786776,91.5537658559872,107.926480351331
441,"natalia_oliveira_2023",12,"[10] Camarri et al. 2006; [06] Gibbons et al. 2001; [07] Enrigth et al. 2003; [40] Britto et al. 2013; [26] Jenkins et al. 2009; [54] Almeida et al. 2019; [09] Camarri et al. 2006; [32] Soares, Pereira 2011; [18] Iwama et al. 2009; [28] Ben Saad et al. 2009; [58] Delbressine et al. 2023; [04] Troosters, Gosselink & Decramer 1999","-0.1747;-0.355;-0.0684;-0.0936;0.2365;0.2193;0.4016;0.0715;0.3386;0.2809;0.0114;0.1318",677.957894736842,657.655011927617,1391.13267314231,0.290221277069602,-20.3028828092246,-130.004347831545,73.4522814685185,46.8847796493443,58.5465801791655
442,"natalia_oliveira_2023",1,"[02] Enright & Sherrill 1998","1",673.178947368421,695.851857894737,3328.70346494796,0.10830102489897,22.6729105263158,-121.041,175.84825,61.1167,79.4521524543976
443,"natalia_oliveira_2023",14,"[58] Delbressine et al. 2023; [09] Camarri et al. 2006; [07] Enrigth et al. 2003; [48] Fernandes et al. 2016; [40] Britto et al. 2013; [13] Chetta et al. 2006; [32] Soares, Pereira 2011; [55] Almeida et al. 2019; [27] Alameri et al. 2009; [26] Jenkins et al. 2009; [15] Masmoudi et al. 2008; [02] Enright & Sherrill 1998; [54] Almeida et al. 2019; [50] Zou et al. 2017","0.0176;0.6102;0.188;-0.2429;-0.0807;-0.093;-0.5011;0.2041;0.7028;-0.3042;-0.1102;1.0327;-0.0837;-0.3397",674.052631578947,617.875309937396,1254.12048864716,0.268355499110924,-56.1773216415512,-191.54990933788,60.0218664950606,68.9856139143478,89.2283974624944
444,"natalia_oliveira_2023",9,"[47] Nusdwinuringtyas et al, 2014; [27] Alameri et al. 2009; [32] Soares, Pereira 2011; [55] Almeida et al. 2019; [58] Delbressine et al. 2023; [26] Jenkins et al. 2009; [40] Britto et al. 2013; [07] Enrigth et al. 2003; [28] Ben Saad et al. 2009","-0.0717;0.5734;-0.3977;0.1645;0.2432;0.0616;-0.2736;0.3006;0.3999",677.742105263158,634.744234909132,1933.40394964268,0.177726745724633,-42.9978703540255,-177.150854031832,162.29730113338,69.806777719732,90.5673772488823
445,"natalia_oliveira_2023",27,"[20] Jenkins et al. 2009; [47] Nusdwinuringtyas et al, 2014; [15] Masmoudi et al. 2008; [43] Rao et al. 2013; [50] Zou et al. 2017; [02] Enright & Sherrill 1998; [40] Britto et al. 2013; [10] Camarri et al. 2006; [55] Almeida et al. 2019; [54] Almeida et al. 2019; [37] Hill et al. 2011; [30] Osses et al. 2010; [09] Camarri et al. 2006; [13] Chetta et al. 2006; [28] Ben Saad et al. 2009; [04] Troosters, Gosselink & Decramer 1999; [26] Jenkins et al. 2009; [18] Iwama et al. 2009; [34] Dourado, Vidotto, Guerra 2011; [07] Enrigth et al. 2003; [48] Fernandes et al. 2016; [42] Britto et al. 2013; [58] Delbressine et al. 2023; [27] Alameri et al. 2009; [45] Kim et al. 2014; [06] Gibbons et al. 2001; [32] Soares, Pereira 2011","-0.0672;0.4044;-0.1221;-0.1934;-0.2369;0.7792;-0.3529;-0.4755;0.0826;-0.2999;0.1697;-0.0478;0.2454;-0.5523;0.7832;0.1838;-0.0419;0.2633;0.0414;0.0043;0.2106;0.1324;-0.0404;0.6289;0.2755;-0.5077;-0.2667",673.105263157895,562.547071151452,1741.92787260431,0.194872159742471,-110.558192006443,-238.760930372699,21.5029630258516,115.593362006077,132.738481462884
446,"natalia_oliveira_2023",20,"[15] Masmoudi et al. 2008; [04] Troosters, Gosselink & Decramer 1999; [13] Chetta et al. 2006; [32] Soares, Pereira 2011; [10] Camarri et al. 2006; [37] Hill et al. 2011; [30] Osses et al. 2010; [58] Delbressine et al. 2023; [40] Britto et al. 2013; [02] Enright & Sherrill 1998; [28] Ben Saad et al. 2009; [06] Gibbons et al. 2001; [54] Almeida et al. 2019; [50] Zou et al. 2017; [34] Dourado, Vidotto, Guerra 2011; [47] Nusdwinuringtyas et al, 2014; [18] Iwama et al. 2009; [26] Jenkins et al. 2009; [45] Kim et al. 2014; [42] Britto et al. 2013","-0.1971;0.0968;-0.5825;-0.1319;-0.3025;0.0892;-0.0547;-0.126;-0.4637;0.7936;0.8081;-0.5616;-0.2589;-0.008;0.0814;0.528;0.4107;-0.031;0.7281;0.1819",681.715789473684,608.457328663162,1997.75436104106,0.223784704872814,-73.2584608105222,-221.027590086203,79.0624046378122,86.7198476232797,103.483870456281
447,"natalia_oliveira_2023",15,"[48] Fernandes et al. 2016; [04] Troosters, Gosselink & Decramer 1999; [42] Britto et al. 2013; [40] Britto et al. 2013; [28] Ben Saad et al. 2009; [45] Kim et al. 2014; [34] Dourado, Vidotto, Guerra 2011; [27] Alameri et al. 2009; [55] Almeida et al. 2019; [06] Gibbons et al. 2001; [07] Enrigth et al. 2003; [50] Zou et al. 2017; [37] Hill et al. 2011; [15] Masmoudi et al. 2008; [09] Camarri et al. 2006","0.2784;0.0815;0.2944;-0.3284;0.5955;0.1088;0.0233;0.5253;0.1515;-0.6249;0.1022;-0.5138;0.3706;-0.1652;0.1008",680.847368421053,612.380561984757,1628.00662124997,0.231703133861206,-68.4668064362955,-186.216273020678,73.3688160762722,79.9454339739921,95.618412841995
448,"natalia_oliveira_2023",14,"[07] Enrigth et al. 2003; [43] Rao et al. 2013; [04] Troosters, Gosselink & Decramer 1999; [20] Jenkins et al. 2009; [27] Alameri et al. 2009; [09] Camarri et al. 2006; [15] Masmoudi et al. 2008; [18] Iwama et al. 2009; [30] Osses et al. 2010; [50] Zou et al. 2017; [47] Nusdwinuringtyas et al, 2014; [32] Soares, Pereira 2011; [26] Jenkins et al. 2009; [58] Delbressine et al. 2023","0.2848;-0.5256;0.6217;-0.0387;0.7306;0.1365;-0.0099;0.2712;0.057;-0.615;0.3686;-0.4409;-0.0192;0.179",677.305263157895,692.079530043825,1419.68693473234,0.241496678645969,14.7742668859301,-104.359199998145,154.244118264099,53.2960396103591,69.4018444383086
449,"natalia_oliveira_2023",25,"[02] Enright & Sherrill 1998; [04] Troosters, Gosselink & Decramer 1999; [06] Gibbons et al. 2001; [15] Masmoudi et al. 2008; [28] Ben Saad et al. 2009; [47] Nusdwinuringtyas et al, 2014; [48] Fernandes et al. 2016; [10] Camarri et al. 2006; [37] Hill et al. 2011; [13] Chetta et al. 2006; [32] Soares, Pereira 2011; [26] Jenkins et al. 2009; [50] Zou et al. 2017; [18] Iwama et al. 2009; [07] Enrigth et al. 2003; [58] Delbressine et al. 2023; [54] Almeida et al. 2019; [30] Osses et al. 2010; [09] Camarri et al. 2006; [34] Dourado, Vidotto, Guerra 2011; [42] Britto et al. 2013; [45] Kim et al. 2014; [40] Britto et al. 2013; [55] Almeida et al. 2019; [20] Jenkins et al. 2009","0.6143;0.177;-0.4513;-0.1228;0.5685;0.4815;0.1887;-0.3606;-0.065;-0.5639;-0.1622;0.0728;-0.2393;0.26;-0.0905;-0.084;-0.1672;-0.0287;0.3475;0.1318;0.2195;0.4206;-0.3025;0.1373;0.0184",665.315789473684,598.92308119092,1677.25531749678,0.292519240398182,-66.3927082827645,-180.994840796499,54.8331908235891,74.0134691877363,89.2641118940729
450,"natalia_oliveira_2023",8,"[50] Zou et al. 2017; [07] Enrigth et al. 2003; [43] Rao et al. 2013; [18] Iwama et al. 2009; [13] Chetta et al. 2006; [04] Troosters, Gosselink & Decramer 1999; [09] Camarri et al. 2006; [30] Osses et al. 2010","-0.3318;0.3226;-0.2554;0.5489;-0.2624;0.4092;0.7;-0.1311",668.505263157895,732.172912688045,1632.26708787363,0.222206031442434,63.6676495301505,-60.9502590200523,206.968482466345,79.230176958841,98.7101610810089
451,"natalia_oliveira_2023",20,"[26] Jenkins et al. 2009; [02] Enright & Sherrill 1998; [42] Britto et al. 2013; [55] Almeida et al. 2019; [50] Zou et al. 2017; [27] Alameri et al. 2009; [48] Fernandes et al. 2016; [04] Troosters, Gosselink & Decramer 1999; [58] Delbressine et al. 2023; [37] Hill et al. 2011; [43] Rao et al. 2013; [28] Ben Saad et al. 2009; [34] Dourado, Vidotto, Guerra 2011; [30] Osses et al. 2010; [18] Iwama et al. 2009; [09] Camarri et al. 2006; [32] Soares, Pereira 2011; [47] Nusdwinuringtyas et al, 2014; [07] Enrigth et al. 2003; [45] Kim et al. 2014","-0.2072;0.8772;0.1195;-0.0411;-0.403;0.7572;0.0796;0.1701;-0.1778;0.0788;-0.3683;0.337;-0.1063;-0.2269;0.1569;0.1697;-0.4032;-0.0309;-0.0987;0.3175",671.905263157895,640.51164371814,1885.17882599589,0.227035962522526,-31.393619439755,-169.173526471193,111.222565584097,58.5940195003321,77.5460356326652
452,"natalia_oliveira_2023",4,"[55] Almeida et al. 2019; [15] Masmoudi et al. 2008; [48] Fernandes et al. 2016; [32] Soares, Pereira 2011","0.3483;0.414;0.2912;-0.0536",662.4,617.390094546505,1424.58248650502,0.271766492935623,-45.0099054534946,-166.639659935307,95.2160889008003,63.454267411037,80.9129075252383
453,"natalia_oliveira_2023",8,"[06] Gibbons et al. 2001; [09] Camarri et al. 2006; [10] Camarri et al. 2006; [32] Soares, Pereira 2011; [37] Hill et al. 2011; [30] Osses et al. 2010; [42] Britto et al. 2013; [43] Rao et al. 2013","0.0901;0.545;-0.007;-0.1606;0.4215;0.1832;0.1813;-0.2534",670.247368421053,784.687235328523,1590.28427201873,0.262426501339272,114.43986690747,-94.9332888379045,257.426314583381,123.592102700582,140.303960334169
454,"natalia_oliveira_2023",12,"[37] Hill et al. 2011; [58] Delbressine et al. 2023; [27] Alameri et al. 2009; [02] Enright & Sherrill 1998; [47] Nusdwinuringtyas et al, 2014; [26] Jenkins et al. 2009; [07] Enrigth et al. 2003; [54] Almeida et al. 2019; [09] Camarri et al. 2006; [40] Britto et al. 2013; [30] Osses et al. 2010; [42] Britto et al. 2013","-0.2107;-0.1407;0.2631;1.3637;0.4764;-0.0084;-0.0434;-0.3631;0.2501;-0.1065;-0.5221;0.0415",664.431578947368,532.060691289742,1280.09253944665,0.180832495918152,-132.370887657626,-244.687352985837,2.97270816536901,135.455391652188,146.880664945878
455,"natalia_oliveira_2023",21,"[58] Delbressine et al. 2023; [15] Masmoudi et al. 2008; [43] Rao et al. 2013; [02] Enright & Sherrill 1998; [50] Zou et al. 2017; [04] Troosters, Gosselink & Decramer 1999; [34] Dourado, Vidotto, Guerra 2011; [42] Britto et al. 2013; [40] Britto et al. 2013; [55] Almeida et al. 2019; [48] Fernandes et al. 2016; [45] Kim et al. 2014; [10] Camarri et al. 2006; [47] Nusdwinuringtyas et al, 2014; [26] Jenkins et al. 2009; [37] Hill et al. 2011; [18] Iwama et al. 2009; [13] Chetta et al. 2006; [54] Almeida et al. 2019; [32] Soares, Pereira 2011; [06] Gibbons et al. 2001","-0.131;-0.1716;-0.3491;0.9142;-0.2748;0.6179;-0.0059;0.1929;-0.3337;0.1975;-0.0994;0.5756;-0.0944;0.9792;0.0238;0.0092;-0.0294;-0.4262;-0.2377;-0.3647;0.0076",680.605263157895,765.956682599439,1049.61368175034,0.273374580177279,85.3514194415439,-31.1208571156743,204.09491936124,92.271249791758,107.767856546596
456,"natalia_oliveira_2023",25,"[27] Alameri et al. 2009; [48] Fernandes et al. 2016; [04] Troosters, Gosselink & Decramer 1999; [02] Enright & Sherrill 1998; [43] Rao et al. 2013; [26] Jenkins et al. 2009; [45] Kim et al. 2014; [32] Soares, Pereira 2011; [09] Camarri et al. 2006; [28] Ben Saad et al. 2009; [20] Jenkins et al. 2009; [42] Britto et al. 2013; [18] Iwama et al. 2009; [40] Britto et al. 2013; [58] Delbressine et al. 2023; [47] Nusdwinuringtyas et al, 2014; [50] Zou et al. 2017; [37] Hill et al. 2011; [13] Chetta et al. 2006; [06] Gibbons et al. 2001; [10] Camarri et al. 2006; [54] Almeida et al. 2019; [07] Enrigth et al. 2003; [15] Masmoudi et al. 2008; [55] Almeida et al. 2019","0.698;0.1305;0.2156;0.8511;-0.1954;-0.0948;0.3758;-0.2966;0.2793;0.683;-0.1139;0.0938;0.1824;-0.3699;-0.0443;0.4738;-0.2202;0.2088;-0.5873;-0.5297;-0.4554;-0.249;0.0364;-0.1572;0.085",663.563157894737,554.634429338078,1517.59357539646,0.401597298488544,-108.928728556659,-237.593302153765,24.1292846758792,113.49226964652,128.071615604758
457,"natalia_oliveira_2023",16,"[34] Dourado, Vidotto, Guerra 2011; [04] Troosters, Gosselink & Decramer 1999; [07] Enrigth et al. 2003; [30] Osses et al. 2010; [48] Fernandes et al. 2016; [13] Chetta et al. 2006; [40] Britto et al. 2013; [45] Kim et al. 2014; [06] Gibbons et al. 2001; [54] Almeida et al. 2019; [15] Masmoudi et al. 2008; [50] Zou et al. 2017; [42] Britto et al. 2013; [43] Rao et al. 2013; [58] Delbressine et al. 2023; [02] Enright & Sherrill 1998","-0.3459;0.5512;-0.0237;-0.4289;0.1478;-0.2679;-0.1409;1.0033;0.2646;0.093;-0.3147;-0.2432;0.1834;-0.2871;-0.1845;0.9935",666.905263157895,767.079893459589,1782.55704008489,0.186130279119676,100.174630301695,-46.236633915301,239.684663547101,106.759234253042,124.187765950149
458,"natalia_oliveira_2023",8,"[06] Gibbons et al. 2001; [28] Ben Saad et al. 2009; [32] Soares, Pereira 2011; [27] Alameri et al. 2009; [20] Jenkins et al. 2009; [04] Troosters, Gosselink & Decramer 1999; [54] Almeida et al. 2019; [43] Rao et al. 2013","-0.2171;0.317;-0.0125;0.5123;0.2051;0.1698;0.025;4e-04",669.505263157895,608.299206700949,1671.58571806259,0.233229613859374,-61.2060564569461,-183.809374997861,44.9700768215126,73.351036389152,90.6846644670638
459,"natalia_oliveira_2023",9,"[15] Masmoudi et al. 2008; [42] Britto et al. 2013; [47] Nusdwinuringtyas et al, 2014; [09] Camarri et al. 2006; [48] Fernandes et al. 2016; [37] Hill et al. 2011; [58] Delbressine et al. 2023; [28] Ben Saad et al. 2009; [20] Jenkins et al. 2009","-0.1135;0.1558;0.0124;0.1592;0.2378;0.1291;-0.0025;0.3608;0.0611",666.915789473684,670.82309469157,2213.07359529981,0.221160778422394,3.90730521788604,-177.242012298734,156.186484637147,58.9040819724719,80.1728394605575
460,"natalia_oliveira_2023",20,"[42] Britto et al. 2013; [40] Britto et al. 2013; [15] Masmoudi et al. 2008; [18] Iwama et al. 2009; [06] Gibbons et al. 2001; [34] Dourado, Vidotto, Guerra 2011; [27] Alameri et al. 2009; [30] Osses et al. 2010; [26] Jenkins et al. 2009; [13] Chetta et al. 2006; [37] Hill et al. 2011; [45] Kim et al. 2014; [54] Almeida et al. 2019; [58] Delbressine et al. 2023; [43] Rao et al. 2013; [04] Troosters, Gosselink & Decramer 1999; [48] Fernandes et al. 2016; [20] Jenkins et al. 2009; [55] Almeida et al. 2019; [47] Nusdwinuringtyas et al, 2014","0.2092;-0.0211;-0.1413;-0.0121;0.0107;0.1085;0.4049;-0.0927;0.0181;-0.5506;0.3945;0.0383;-0.0442;0.0199;-0.5599;0.6121;-0.0531;-0.0915;0.2207;0.5296",675.105263157895,822.674388001397,1002.05973875879,0.36027469393139,147.569124843502,24.8513073240953,283.999887112382,151.022544731032,165.153927557849
461,"natalia_oliveira_2023",16,"[06] Gibbons et al. 2001; [34] Dourado, Vidotto, Guerra 2011; [43] Rao et al. 2013; [58] Delbressine et al. 2023; [50] Zou et al. 2017; [04] Troosters, Gosselink & Decramer 1999; [40] Britto et al. 2013; [48] Fernandes et al. 2016; [32] Soares, Pereira 2011; [28] Ben Saad et al. 2009; [30] Osses et al. 2010; [55] Almeida et al. 2019; [09] Camarri et al. 2006; [15] Masmoudi et al. 2008; [42] Britto et al. 2013; [27] Alameri et al. 2009","-0.2094;0.177;-0.2626;0.1;-0.3384;0.0828;0.0396;0.1722;-0.0554;0.0832;0.1262;0.1387;0.3502;0.0155;0.3004;0.2801",669.08947368421,662.106041761263,1377.94774639532,0.26328077265448,-6.98343192294802,-115.333477606378,115.998192556673,47.3937882294233,60.3285761679667
462,"natalia_oliveira_2023",26,"[15] Masmoudi et al. 2008; [50] Zou et al. 2017; [55] Almeida et al. 2019; [27] Alameri et al. 2009; [40] Britto et al. 2013; [34] Dourado, Vidotto, Guerra 2011; [58] Delbressine et al. 2023; [10] Camarri et al. 2006; [43] Rao et al. 2013; [26] Jenkins et al. 2009; [37] Hill et al. 2011; [06] Gibbons et al. 2001; [04] Troosters, Gosselink & Decramer 1999; [13] Chetta et al. 2006; [18] Iwama et al. 2009; [20] Jenkins et al. 2009; [09] Camarri et al. 2006; [28] Ben Saad et al. 2009; [32] Soares, Pereira 2011; [54] Almeida et al. 2019; [07] Enrigth et al. 2003; [02] Enright & Sherrill 1998; [30] Osses et al. 2010; [47] Nusdwinuringtyas et al, 2014; [42] Britto et al. 2013; [45] Kim et al. 2014","-0.1267;-0.2308;0.1015;0.5778;-0.3074;0.0519;-0.0376;-0.3469;-0.2037;-0.0509;0.1479;-0.3559;0.1464;-0.4992;0.2501;-0.0662;0.2521;0.5849;-0.2129;-0.252;0.0019;0.7615;-0.0361;0.3769;0.1795;0.2938",678.457894736842,608.579154090995,1628.67787087818,0.258494898689029,-69.8787406458472,-202.577571160772,47.7346797801487,76.4748002034912,92.8007497901371
463,"natalia_oliveira_2023",3,"[04] Troosters, Gosselink & Decramer 1999; [06] Gibbons et al. 2001; [37] Hill et al. 2011","0.3584;0.3845;0.2571",674.447368421053,769.789138749068,2824.3850932087,0.124338610969227,95.3417703280153,-57.3552670700091,236.677003263347,101.134179392076,118.918935122617
464,"natalia_oliveira_2023",27,"[43] Rao et al. 2013; [40] Britto et al. 2013; [06] Gibbons et al. 2001; [30] Osses et al. 2010; [47] Nusdwinuringtyas et al, 2014; [15] Masmoudi et al. 2008; [45] Kim et al. 2014; [42] Britto et al. 2013; [04] Troosters, Gosselink & Decramer 1999; [02] Enright & Sherrill 1998; [10] Camarri et al. 2006; [13] Chetta et al. 2006; [54] Almeida et al. 2019; [34] Dourado, Vidotto, Guerra 2011; [32] Soares, Pereira 2011; [58] Delbressine et al. 2023; [07] Enrigth et al. 2003; [26] Jenkins et al. 2009; [18] Iwama et al. 2009; [55] Almeida et al. 2019; [27] Alameri et al. 2009; [09] Camarri et al. 2006; [28] Ben Saad et al. 2009; [50] Zou et al. 2017; [37] Hill et al. 2011; [48] Fernandes et al. 2016; [20] Jenkins et al. 2009","-0.1699;-0.3361;-0.4108;-0.0222;0.4023;-0.0905;0.2946;0.1166;0.1507;0.6927;-0.426;-0.4861;-0.2804;0.0572;-0.2237;-0.0125;0.0289;-0.0392;0.1984;0.0634;0.6202;0.1338;0.7135;-0.2112;0.1298;0.1476;-0.0411",666.152631578947,565.833875947798,2073.24600005096,0.236054677624638,-100.31875563115,-225.002745490753,24.5378581680135,105.117402113192,123.516974084571
465,"natalia_oliveira_2023",2,"[28] Ben Saad et al. 2009; [07] Enrigth et al. 2003","0.4993;0.5007",676.38947368421,697.688496228934,3911.05237961495,0.19172438458507,21.2990225447234,-145.260861014103,149.039033349863,65.4148711851202,81.90022506515
466,"natalia_oliveira_2023",9,"[43] Rao et al. 2013; [30] Osses et al. 2010; [40] Britto et al. 2013; [07] Enrigth et al. 2003; [34] Dourado, Vidotto, Guerra 2011; [06] Gibbons et al. 2001; [55] Almeida et al. 2019; [02] Enright & Sherrill 1998; [10] Camarri et al. 2006","0.1996;-0.4102;-0.4705;-0.2928;-0.1097;0.2348;0.2772;1.035;0.5365",667.063157894737,731.152777654,1969.05541931948,0.345019220213905,64.0896197592633,-70.2514601707023,183.914528129761,76.903883781408,96.3182680725427
467,"natalia_oliveira_2023",3,"[42] Britto et al. 2013; [54] Almeida et al. 2019; [27] Alameri et al. 2009","0.3815;0.2856;0.3329",675.757894736842,588.780009677802,752.65651873819,0.231411767912107,-86.9778850590397,-217.006158106427,46.2836402826749,91.5710650776257,109.390199707253
468,"natalia_oliveira_2023",4,"[06] Gibbons et al. 2001; [54] Almeida et al. 2019; [58] Delbressine et al. 2023; [50] Zou et al. 2017","0.2975;0.1669;0.3237;0.212",674.242105263158,693.793465866308,1306.35119665562,0.219070519531919,19.5513606031498,-160.422900861774,148.379269903209,56.9579317774881,73.6962442989307
469,"natalia_oliveira_2023",13,"[02] Enright & Sherrill 1998; [45] Kim et al. 2014; [13] Chetta et al. 2006; [37] Hill et al. 2011; [28] Ben Saad et al. 2009; [09] Camarri et al. 2006; [07] Enrigth et al. 2003; [30] Osses et al. 2010; [55] Almeida et al. 2019; [43] Rao et al. 2013; [06] Gibbons et al. 2001; [47] Nusdwinuringtyas et al, 2014; [27] Alameri et al. 2009","0.6395;0.1808;-0.7387;0.4923;0.5916;0.1078;-0.0477;-0.4935;0.0157;-0.2795;-0.6042;0.5202;0.6157",679.894736842105,663.015011544512,1986.78499775712,0.265738885146711,-16.8797252975936,-147.88366278304,116.233152691476,57.5035321992625,72.4693959564284
470,"natalia_oliveira_2023",17,"[09] Camarri et al. 2006; [45] Kim et al. 2014; [18] Iwama et al. 2009; [04] Troosters, Gosselink & Decramer 1999; [30] Osses et al. 2010; [28] Ben Saad et al. 2009; [43] Rao et al. 2013; [20] Jenkins et al. 2009; [34] Dourado, Vidotto, Guerra 2011; [50] Zou et al. 2017; [10] Camarri et al. 2006; [26] Jenkins et al. 2009; [27] Alameri et al. 2009; [13] Chetta et al. 2006; [06] Gibbons et al. 2001; [55] Almeida et al. 2019; [32] Soares, Pereira 2011","0.1943;0.2584;0.5024;0.1789;0.1525;0.7829;0.0016;-0.0021;0.0979;-0.0709;-0.6241;-0.0832;0.5066;-0.4223;-0.4164;0.0942;-0.1509",673.184210526316,546.512606544503,1782.67412202517,0.264531055797722,-126.671603981812,-268.434459653994,-6.08254208495429,128.798517830174,144.442166478101
471,"natalia_oliveira_2023",24,"[48] Fernandes et al. 2016; [40] Britto et al. 2013; [55] Almeida et al. 2019; [27] Alameri et al. 2009; [15] Masmoudi et al. 2008; [02] Enright & Sherrill 1998; [13] Chetta et al. 2006; [20] Jenkins et al. 2009; [50] Zou et al. 2017; [07] Enrigth et al. 2003; [43] Rao et al. 2013; [10] Camarri et al. 2006; [06] Gibbons et al. 2001; [47] Nusdwinuringtyas et al, 2014; [28] Ben Saad et al. 2009; [04] Troosters, Gosselink & Decramer 1999; [42] Britto et al. 2013; [37] Hill et al. 2011; [26] Jenkins et al. 2009; [32] Soares, Pereira 2011; [34] Dourado, Vidotto, Guerra 2011; [45] Kim et al. 2014; [30] Osses et al. 2010; [58] Delbressine et al. 2023","0.2505;-0.4882;0.0617;0.8237;-0.1211;0.7509;-0.6085;-0.1293;-0.1387;0.074;-0.1094;-0.5274;-0.5931;0.3415;0.8702;0.2296;0.1103;0.2826;-0.1264;-0.2538;-0.0589;0.459;-0.0864;-0.0125",668.642105263158,540.150092041477,2111.88771008288,0.215481935498958,-128.49201322168,-276.583187428681,51.7854354361002,132.631358956136,149.025607356555
472,"natalia_oliveira_2023",23,"[27] Alameri et al. 2009; [42] Britto et al. 2013; [26] Jenkins et al. 2009; [18] Iwama et al. 2009; [37] Hill et al. 2011; [48] Fernandes et al. 2016; [15] Masmoudi et al. 2008; [04] Troosters, Gosselink & Decramer 1999; [07] Enrigth et al. 2003; [10] Camarri et al. 2006; [20] Jenkins et al. 2009; [34] Dourado, Vidotto, Guerra 2011; [06] Gibbons et al. 2001; [47] Nusdwinuringtyas et al, 2014; [09] Camarri et al. 2006; [28] Ben Saad et al. 2009; [13] Chetta et al. 2006; [02] Enright & Sherrill 1998; [45] Kim et al. 2014; [43] Rao et al. 2013; [40] Britto et al. 2013; [54] Almeida et al. 2019; [32] Soares, Pereira 2011","0.7219;0.1394;-0.0534;0.2053;0.0517;0.1307;-0.1651;0.192;-0.0349;-0.4582;-0.097;0.0019;-0.4742;0.4189;0.19;0.6892;-0.5991;0.8792;0.3114;-0.2857;-0.2898;-0.1854;-0.2886",674.126315789474,552.994547586489,1815.94209070938,0.202336618847959,-121.131768202984,-248.448315911761,13.1001827582366,124.426909740213,141.102140297157
473,"natalia_oliveira_2023",17,"[02] Enright & Sherrill 1998; [58] Delbressine et al. 2023; [45] Kim et al. 2014; [34] Dourado, Vidotto, Guerra 2011; [55] Almeida et al. 2019; [07] Enrigth et al. 2003; [10] Camarri et al. 2006; [13] Chetta et al. 2006; [27] Alameri et al. 2009; [04] Troosters, Gosselink & Decramer 1999; [30] Osses et al. 2010; [43] Rao et al. 2013; [48] Fernandes et al. 2016; [42] Britto et al. 2013; [06] Gibbons et al. 2001; [26] Jenkins et al. 2009; [50] Zou et al. 2017","1.0525;-0.1628;0.4286;-0.2998;0.1573;-0.055;0.0036;-0.2506;0.8422;0.4441;-0.3716;-0.4066;-0.1682;0.196;0.1952;-0.2801;-0.3245",675.226315789474,681.918354980179,1176.78334300379,0.305750286724009,6.69203919070555,-96.5986546941791,129.453230037745,45.6012822621427,60.0882398104764
474,"natalia_oliveira_2023",23,"[20] Jenkins et al. 2009; [06] Gibbons et al. 2001; [40] Britto et al. 2013; [42] Britto et al. 2013; [04] Troosters, Gosselink & Decramer 1999; [28] Ben Saad et al. 2009; [02] Enright & Sherrill 1998; [50] Zou et al. 2017; [58] Delbressine et al. 2023; [55] Almeida et al. 2019; [09] Camarri et al. 2006; [26] Jenkins et al. 2009; [07] Enrigth et al. 2003; [37] Hill et al. 2011; [34] Dourado, Vidotto, Guerra 2011; [18] Iwama et al. 2009; [45] Kim et al. 2014; [54] Almeida et al. 2019; [47] Nusdwinuringtyas et al, 2014; [15] Masmoudi et al. 2008; [10] Camarri et al. 2006; [43] Rao et al. 2013; [13] Chetta et al. 2006","-0.0524;-0.5031;-0.353;0.1456;0.15;0.6951;0.7052;-0.1757;-0.0596;0.157;0.3492;-0.0458;-0.0311;0.0881;0.0695;0.3726;0.4593;-0.2552;0.5622;-0.13;-0.4576;-0.1312;-0.5591",676.3,642.258813240582,2059.22639066015,0.200642128551458,-34.0411867594185,-178.439646867673,83.1854460418524,60.0221714290546,78.8454811099179
475,"natalia_oliveira_2023",2,"[37] Hill et al. 2011; [13] Chetta et al. 2006","0.2059;0.7941",674.057894736842,654.030276457486,1359.86113084809,0.099757945453788,-20.0276182793557,-145.560172228366,121.848860608499,58.1794564115828,72.6045370451697
476,"natalia_oliveira_2023",3,"[18] Iwama et al. 2009; [43] Rao et al. 2013; [09] Camarri et al. 2006","0.5477;-0.058;0.5103",678.942105263158,620.544223935864,402.440884482618,0.184572257307705,-58.3978813272937,-178.282879043891,60.5713691749711,71.2024799676607,89.4797149089039
477,"natalia_oliveira_2023",27,"[30] Osses et al. 2010; [27] Alameri et al. 2009; [09] Camarri et al. 2006; [07] Enrigth et al. 2003; [13] Chetta et al. 2006; [50] Zou et al. 2017; [02] Enright & Sherrill 1998; [58] Delbressine et al. 2023; [45] Kim et al. 2014; [54] Almeida et al. 2019; [28] Ben Saad et al. 2009; [26] Jenkins et al. 2009; [48] Fernandes et al. 2016; [32] Soares, Pereira 2011; [15] Masmoudi et al. 2008; [34] Dourado, Vidotto, Guerra 2011; [20] Jenkins et al. 2009; [40] Britto et al. 2013; [42] Britto et al. 2013; [37] Hill et al. 2011; [04] Troosters, Gosselink & Decramer 1999; [18] Iwama et al. 2009; [10] Camarri et al. 2006; [47] Nusdwinuringtyas et al, 2014; [43] Rao et al. 2013; [06] Gibbons et al. 2001; [55] Almeida et al. 2019","-0.0651;0.6396;0.2305;0.0046;-0.567;-0.1912;0.7638;-0.0481;0.3199;-0.2778;0.7634;-0.0302;0.1844;-0.2481;-0.1272;0.0324;-0.0603;-0.3608;0.1055;0.1722;0.1992;0.2355;-0.5136;0.4034;-0.1631;-0.485;0.0832",674.08947368421,558.99488631851,1596.55711514486,0.264777534071163,-115.094587365701,-242.405100687862,12.1155626752653,117.01235002709,133.934634667973
478,"natalia_oliveira_2023",21,"[40] Britto et al. 2013; [45] Kim et al. 2014; [07] Enrigth et al. 2003; [09] Camarri et al. 2006; [13] Chetta et al. 2006; [47] Nusdwinuringtyas et al, 2014; [15] Masmoudi et al. 2008; [26] Jenkins et al. 2009; [34] Dourado, Vidotto, Guerra 2011; [20] Jenkins et al. 2009; [10] Camarri et al. 2006; [50] Zou et al. 2017; [54] Almeida et al. 2019; [06] Gibbons et al. 2001; [58] Delbressine et al. 2023; [18] Iwama et al. 2009; [42] Britto et al. 2013; [55] Almeida et al. 2019; [27] Alameri et al. 2009; [28] Ben Saad et al. 2009; [43] Rao et al. 2013","-0.1592;0.2405;0.2835;0.2286;-0.5228;0.2556;0.0859;0.0472;0.1677;0.0422;-0.5332;-0.2959;-0.2306;-0.3506;0.2144;0.2309;0.2046;0.1725;0.556;0.6127;-0.25",687.152631578947,579.674705902808,1610.05576197567,0.314472503107064,-107.477925676139,-210.351216487227,0.0341662151731517,109.394872129182,122.765156831474
479,"natalia_oliveira_2023",8,"[15] Masmoudi et al. 2008; [50] Zou et al. 2017; [27] Alameri et al. 2009; [30] Osses et al. 2010; [43] Rao et al. 2013; [40] Britto et al. 2013; [42] Britto et al. 2013; [45] Kim et al. 2014","0.4001;-0.2902;0.5133;0.0067;-0.3387;0.2414;0.2828;0.1846",675.631578947368,615.062086550634,992.836873954057,0.426080884743794,-60.5694923967348,-213.622070760566,79.2980129412349,75.1510675694839,97.213365249413
480,"natalia_oliveira_2023",20,"[40] Britto et al. 2013; [47] Nusdwinuringtyas et al, 2014; [30] Osses et al. 2010; [32] Soares, Pereira 2011; [37] Hill et al. 2011; [02] Enright & Sherrill 1998; [50] Zou et al. 2017; [20] Jenkins et al. 2009; [04] Troosters, Gosselink & Decramer 1999; [07] Enrigth et al. 2003; [28] Ben Saad et al. 2009; [34] Dourado, Vidotto, Guerra 2011; [48] Fernandes et al. 2016; [10] Camarri et al. 2006; [13] Chetta et al. 2006; [43] Rao et al. 2013; [54] Almeida et al. 2019; [09] Camarri et al. 2006; [15] Masmoudi et al. 2008; [26] Jenkins et al. 2009","-0.2262;0.4404;-0.0201;-0.0638;0.0051;0.56;-0.1051;0.0543;0.1893;-0.045;0.191;0.1142;0.1684;-0.1977;-0.4493;-0.1133;-0.0846;0.5788;-0.0993;0.103",670.731578947368,695.36300376784,1397.75899936577,0.221812707286024,24.6314248204715,-101.745759693443,143.290680046677,55.2587990596035,68.602712085851
481,"natalia_oliveira_2023",7,"[42] Britto et al. 2013; [34] Dourado, Vidotto, Guerra 2011; [32] Soares, Pereira 2011; [58] Delbressine et al. 2023; [28] Ben Saad et al. 2009; [10] Camarri et al. 2006; [26] Jenkins et al. 2009","0.3227;0.2908;0.1413;-0.1525;0.3116;0.0132;0.0729",675.268421052632,672.480811675177,2685.79103120382,0.249921782369156,-2.78760937745499,-139.313400438287,129.518187081325,50.6642644868223,71.28376476601
482,"natalia_oliveira_2023",12,"[34] Dourado, Vidotto, Guerra 2011; [09] Camarri et al. 2006; [55] Almeida et al. 2019; [43] Rao et al. 2013; [58] Delbressine et al. 2023; [40] Britto et al. 2013; [32] Soares, Pereira 2011; [15] Masmoudi et al. 2008; [27] Alameri et al. 2009; [37] Hill et al. 2011; [26] Jenkins et al. 2009; [04] Troosters, Gosselink & Decramer 1999","0.0494;0.1932;0.2108;-0.4396;0.0891;0.0042;-0.4046;-0.0705;0.5874;0.3621;-0.0446;0.463",671,786.643261715963,1199.55613196594,0.258871959129106,115.643261715963,-8.78853967934187,252.404617311446,122.475873720357,137.248882584716
483,"natalia_oliveira_2023",5,"[54] Almeida et al. 2019; [15] Masmoudi et al. 2008; [26] Jenkins et al. 2009; [34] Dourado, Vidotto, Guerra 2011; [42] Britto et al. 2013","0.2227;0.1054;0.2381;0.0719;0.3619",678.226315789474,670.230382982968,1352.77126027459,0.263561460730997,-7.99593280650552,-115.270748787388,117.597551093718,46.8597006691783,61.5134121169769
484,"natalia_oliveira_2023",22,"[55] Almeida et al. 2019; [07] Enrigth et al. 2003; [54] Almeida et al. 2019; [27] Alameri et al. 2009; [02] Enright & Sherrill 1998; [34] Dourado, Vidotto, Guerra 2011; [06] Gibbons et al. 2001; [13] Chetta et al. 2006; [30] Osses et al. 2010; [42] Britto et al. 2013; [04] Troosters, Gosselink & Decramer 1999; [32] Soares, Pereira 2011; [48] Fernandes et al. 2016; [26] Jenkins et al. 2009; [47] Nusdwinuringtyas et al, 2014; [18] Iwama et al. 2009; [58] Delbressine et al. 2023; [50] Zou et al. 2017; [10] Camarri et al. 2006; [40] Britto et al. 2013; [09] Camarri et al. 2006; [37] Hill et al. 2011","0.1102;0.0446;-0.1766;0.6764;1.1513;-0.1419;-0.0671;-0.5547;-0.2576;0.0651;0.5491;-0.5128;-0.1709;-0.0669;0.8622;-0.1115;-0.0571;-0.5707;-0.2079;-0.1497;0.4109;0.1754",676.794736842105,630.477483095183,1242.118508494,0.179676680862531,-46.3172537469219,-172.230427372247,83.0631973348166,62.5831006487602,78.1090678035357
485,"natalia_oliveira_2023",15,"[47] Nusdwinuringtyas et al, 2014; [37] Hill et al. 2011; [42] Britto et al. 2013; [02] Enright & Sherrill 1998; [40] Britto et al. 2013; [09] Camarri et al. 2006; [48] Fernandes et al. 2016; [20] Jenkins et al. 2009; [32] Soares, Pereira 2011; [34] Dourado, Vidotto, Guerra 2011; [04] Troosters, Gosselink & Decramer 1999; [55] Almeida et al. 2019; [27] Alameri et al. 2009; [06] Gibbons et al. 2001; [58] Delbressine et al. 2023","0.4984;0.0333;0.085;1.132;-0.1867;0.273;-0.2692;-0.2845;-0.5904;-0.183;0.318;0.123;0.4547;-0.2422;-0.1616",666.463157894737,624.161761121794,1264.32891183882,0.223010444111542,-42.3013967729433,-175.34052153272,93.1849167882672,65.0717422705393,82.2224167326368
486,"natalia_oliveira_2023",18,"[18] Iwama et al. 2009; [13] Chetta et al. 2006; [26] Jenkins et al. 2009; [55] Almeida et al. 2019; [02] Enright & Sherrill 1998; [47] Nusdwinuringtyas et al, 2014; [10] Camarri et al. 2006; [04] Troosters, Gosselink & Decramer 1999; [34] Dourado, Vidotto, Guerra 2011; [54] Almeida et al. 2019; [20] Jenkins et al. 2009; [40] Britto et al. 2013; [32] Soares, Pereira 2011; [45] Kim et al. 2014; [09] Camarri et al. 2006; [07] Enrigth et al. 2003; [28] Ben Saad et al. 2009; [58] Delbressine et al. 2023","0.2315;-0.6533;0.0679;0.0693;0.7404;0.2794;-0.3251;0.102;0.1751;-0.2004;0.0017;-0.3194;-0.2128;0.4823;0.3772;-0.1425;0.4553;-0.1288",680.973684210526,677.425143818181,1497.04748444152,0.248473244026861,-3.54854039234528,-127.695241974747,114.993155015799,49.8201791303863,64.9537309035164
487,"natalia_oliveira_2023",24,"[20] Jenkins et al. 2009; [10] Camarri et al. 2006; [55] Almeida et al. 2019; [26] Jenkins et al. 2009; [28] Ben Saad et al. 2009; [40] Britto et al. 2013; [02] Enright & Sherrill 1998; [34] Dourado, Vidotto, Guerra 2011; [54] Almeida et al. 2019; [43] Rao et al. 2013; [50] Zou et al. 2017; [37] Hill et al. 2011; [47] Nusdwinuringtyas et al, 2014; [45] Kim et al. 2014; [15] Masmoudi et al. 2008; [48] Fernandes et al. 2016; [42] Britto et al. 2013; [27] Alameri et al. 2009; [09] Camarri et al. 2006; [32] Soares, Pereira 2011; [06] Gibbons et al. 2001; [07] Enrigth et al. 2003; [58] Delbressine et al. 2023; [04] Troosters, Gosselink & Decramer 1999","-0.0703;-0.4287;0.1156;-0.0514;0.6966;-0.3688;0.81;0.0625;-0.242;-0.2018;-0.25;0.174;0.3391;0.2941;-0.1643;0.221;0.1265;0.6538;0.1675;-0.2716;-0.6093;-0.0252;-0.0718;0.0943",675.957894736842,546.69240060463,1769.43060938705,0.214012382781098,-129.265494132213,-262.937573692783,-3.95756265291596,131.359638046274,148.702039552311
488,"natalia_oliveira_2023",7,"[06] Gibbons et al. 2001; [47] Nusdwinuringtyas et al, 2014; [48] Fernandes et al. 2016; [28] Ben Saad et al. 2009; [58] Delbressine et al. 2023; [50] Zou et al. 2017; [40] Britto et al. 2013","-0.7805;0.3672;0.4698;0.53;0.3659;0.1682;-0.1205",667.557894736842,544.28922189111,1991.0007858847,0.278375531559307,-123.268672845732,-256.416958511858,3.26205061369096,123.753106833716,142.828933723431
489,"natalia_oliveira_2023",24,"[27] Alameri et al. 2009; [04] Troosters, Gosselink & Decramer 1999; [13] Chetta et al. 2006; [09] Camarri et al. 2006; [47] Nusdwinuringtyas et al, 2014; [40] Britto et al. 2013; [50] Zou et al. 2017; [45] Kim et al. 2014; [37] Hill et al. 2011; [55] Almeida et al. 2019; [07] Enrigth et al. 2003; [15] Masmoudi et al. 2008; [42] Britto et al. 2013; [48] Fernandes et al. 2016; [28] Ben Saad et al. 2009; [43] Rao et al. 2013; [34] Dourado, Vidotto, Guerra 2011; [02] Enright & Sherrill 1998; [18] Iwama et al. 2009; [32] Soares, Pereira 2011; [26] Jenkins et al. 2009; [10] Camarri et al. 2006; [30] Osses et al. 2010; [58] Delbressine et al. 2023","0.5481;0.1606;-0.6017;0.3552;0.1214;-0.4519;-0.2129;0.273;0.0745;0.1059;-0.024;-0.1232;0.2369;0.0951;0.5614;-0.2115;0.0654;0.6984;0.1364;-0.2362;-0.0314;-0.4513;-0.0366;-0.0515",677.678947368421,660.757120806755,1572.41397759051,0.307236315478592,-16.9218265616656,-132.651155489033,83.0304657713979,47.6931060840427,62.4822404006389
490,"natalia_oliveira_2023",25,"[47] Nusdwinuringtyas et al, 2014; [43] Rao et al. 2013; [55] Almeida et al. 2019; [20] Jenkins et al. 2009; [54] Almeida et al. 2019; [10] Camarri et al. 2006; [32] Soares, Pereira 2011; [58] Delbressine et al. 2023; [37] Hill et al. 2011; [50] Zou et al. 2017; [15] Masmoudi et al. 2008; [42] Britto et al. 2013; [09] Camarri et al. 2006; [28] Ben Saad et al. 2009; [30] Osses et al. 2010; [26] Jenkins et al. 2009; [34] Dourado, Vidotto, Guerra 2011; [13] Chetta et al. 2006; [06] Gibbons et al. 2001; [02] Enright & Sherrill 1998; [45] Kim et al. 2014; [07] Enrigth et al. 2003; [04] Troosters, Gosselink & Decramer 1999; [40] Britto et al. 2013; [48] Fernandes et al. 2016","0.4945;-0.0947;0.1263;-0.0308;-0.2874;-0.3971;-0.1957;-0.0598;0.16;-0.1468;-0.1437;0.2247;0.3932;0.7275;0.0028;-0.0249;0.0952;-0.5641;-0.4888;0.7331;0.4774;-0.0312;0.1042;-0.4146;0.3405",672.247368421053,641.982077321323,1868.90794139979,0.286942888212218,-30.26529109973,-143.868970878648,103.04094025907,55.8847728948758,71.8880712287939
491,"natalia_oliveira_2023",24,"[55] Almeida et al. 2019; [48] Fernandes et al. 2016; [47] Nusdwinuringtyas et al, 2014; [50] Zou et al. 2017; [20] Jenkins et al. 2009; [58] Delbressine et al. 2023; [18] Iwama et al. 2009; [28] Ben Saad et al. 2009; [26] Jenkins et al. 2009; [06] Gibbons et al. 2001; [10] Camarri et al. 2006; [04] Troosters, Gosselink & Decramer 1999; [45] Kim et al. 2014; [02] Enright & Sherrill 1998; [34] Dourado, Vidotto, Guerra 2011; [30] Osses et al. 2010; [40] Britto et al. 2013; [07] Enrigth et al. 2003; [43] Rao et al. 2013; [13] Chetta et al. 2006; [32] Soares, Pereira 2011; [54] Almeida et al. 2019; [42] Britto et al. 2013; [09] Camarri et al. 2006","0.1431;0.1229;0.4619;-0.2019;-0.0313;-0.0932;0.1971;0.5185;0.0071;-0.4472;-0.2958;0.2255;0.5516;0.6742;0.1255;-0.0456;-0.3812;-0.0909;-0.1822;-0.5466;-0.1439;-0.1525;0.2621;0.3228",677.81052631579,660.103982065173,2088.51821668463,0.354054277698792,-17.7065442506165,-136.57338890118,119.497722602832,52.7839714132914,67.4897652857604
492,"natalia_oliveira_2023",27,"[09] Camarri et al. 2006; [10] Camarri et al. 2006; [55] Almeida et al. 2019; [37] Hill et al. 2011; [48] Fernandes et al. 2016; [13] Chetta et al. 2006; [47] Nusdwinuringtyas et al, 2014; [04] Troosters, Gosselink & Decramer 1999; [20] Jenkins et al. 2009; [26] Jenkins et al. 2009; [15] Masmoudi et al. 2008; [30] Osses et al. 2010; [32] Soares, Pereira 2011; [07] Enrigth et al. 2003; [54] Almeida et al. 2019; [27] Alameri et al. 2009; [18] Iwama et al. 2009; [45] Kim et al. 2014; [43] Rao et al. 2013; [34] Dourado, Vidotto, Guerra 2011; [50] Zou et al. 2017; [28] Ben Saad et al. 2009; [06] Gibbons et al. 2001; [58] Delbressine et al. 2023; [42] Britto et al. 2013; [40] Britto et al. 2013; [02] Enright & Sherrill 1998","0.2892;-0.3781;0.1276;0.0275;0.1566;-0.5389;0.4408;0.1937;-0.0232;0.0184;-0.1183;-0.0057;-0.2909;-0.0619;-0.2419;0.5772;0.2097;0.2247;-0.2883;0.1416;-0.309;0.6123;-0.3941;-0.0643;0.2523;-0.3103;0.7532",672.036842105263,600.881968615435,1355.57485663517,0.205378301976428,-71.1548734898283,-184.860805110097,42.0120117291336,80.3495233746485,97.2239489894899
493,"natalia_oliveira_2023",20,"[48] Fernandes et al. 2016; [06] Gibbons et al. 2001; [37] Hill et al. 2011; [58] Delbressine et al. 2023; [45] Kim et al. 2014; [43] Rao et al. 2013; [09] Camarri et al. 2006; [50] Zou et al. 2017; [55] Almeida et al. 2019; [02] Enright & Sherrill 1998; [10] Camarri et al. 2006; [32] Soares, Pereira 2011; [13] Chetta et al. 2006; [20] Jenkins et al. 2009; [04] Troosters, Gosselink & Decramer 1999; [47] Nusdwinuringtyas et al, 2014; [18] Iwama et al. 2009; [28] Ben Saad et al. 2009; [07] Enrigth et al. 2003; [34] Dourado, Vidotto, Guerra 2011","0.1418;-0.6227;0.1913;-0.0967;0.6022;-0.1382;0.5458;-0.1155;0.0403;0.7528;-0.4536;-0.3268;-0.6143;-0.2195;0.1559;0.4945;0.1994;0.5984;-0.0123;-0.1227",666.331578947368,627.44770467102,1721.9800147342,0.241940557328199,-38.8838742763485,-161.049184087982,92.5573082575186,60.3803240090899,76.2052932288973
494,"natalia_oliveira_2023",21,"[07] Enrigth et al. 2003; [06] Gibbons et al. 2001; [37] Hill et al. 2011; [15] Masmoudi et al. 2008; [42] Britto et al. 2013; [10] Camarri et al. 2006; [55] Almeida et al. 2019; [32] Soares, Pereira 2011; [30] Osses et al. 2010; [27] Alameri et al. 2009; [28] Ben Saad et al. 2009; [50] Zou et al. 2017; [43] Rao et al. 2013; [54] Almeida et al. 2019; [58] Delbressine et al. 2023; [40] Britto et al. 2013; [04] Troosters, Gosselink & Decramer 1999; [18] Iwama et al. 2009; [02] Enright & Sherrill 1998; [47] Nusdwinuringtyas et al, 2014; [13] Chetta et al. 2006","-0.0138;-0.4759;0.1598;-0.1309;0.1511;-0.3839;0.0842;-0.1718;-0.0248;0.8259;0.824;-0.0834;-0.0566;-0.3381;-0.0534;-0.4145;0.1168;0.3442;0.7251;0.4226;-0.5064",685.126315789474,539.111984128221,1962.61287504615,0.220864638501181,-146.014331661253,-321.796884712335,-12.5064247390497,147.141528810229,163.521444948574
495,"natalia_oliveira_2023",5,"[18] Iwama et al. 2009; [50] Zou et al. 2017; [27] Alameri et al. 2009; [02] Enright & Sherrill 1998; [15] Masmoudi et al. 2008","-0.3147;-0.1848;0.9042;0.8605;-0.2653",676.352631578947,550.016083778899,936.438188408005,0.279545922166377,-126.336547800049,-252.692842038911,14.2908029212503,129.953480157906,144.257050174546
496,"natalia_oliveira_2023",19,"[07] Enrigth et al. 2003; [26] Jenkins et al. 2009; [47] Nusdwinuringtyas et al, 2014; [54] Almeida et al. 2019; [58] Delbressine et al. 2023; [55] Almeida et al. 2019; [37] Hill et al. 2011; [48] Fernandes et al. 2016; [34] Dourado, Vidotto, Guerra 2011; [45] Kim et al. 2014; [02] Enright & Sherrill 1998; [43] Rao et al. 2013; [30] Osses et al. 2010; [50] Zou et al. 2017; [18] Iwama et al. 2009; [04] Troosters, Gosselink & Decramer 1999; [32] Soares, Pereira 2011; [40] Britto et al. 2013; [06] Gibbons et al. 2001","-0.0256;-0.0512;1.0996;-0.2184;-0.1264;0.1405;0.0373;-0.0974;-0.041;0.7456;1.2349;-0.4344;-0.257;-0.3876;-0.002;0.5658;-0.4786;-0.3985;-0.3058",680.921052631579,732.406431141357,1176.24363095432,0.228434390285073,51.4853785097781,-88.1413157444496,181.288022680511,70.0856742164048,85.6185454576358
497,"natalia_oliveira_2023",23,"[20] Jenkins et al. 2009; [06] Gibbons et al. 2001; [02] Enright & Sherrill 1998; [48] Fernandes et al. 2016; [43] Rao et al. 2013; [18] Iwama et al. 2009; [34] Dourado, Vidotto, Guerra 2011; [47] Nusdwinuringtyas et al, 2014; [15] Masmoudi et al. 2008; [04] Troosters, Gosselink & Decramer 1999; [10] Camarri et al. 2006; [42] Britto et al. 2013; [30] Osses et al. 2010; [28] Ben Saad et al. 2009; [09] Camarri et al. 2006; [26] Jenkins et al. 2009; [55] Almeida et al. 2019; [45] Kim et al. 2014; [37] Hill et al. 2011; [58] Delbressine et al. 2023; [27] Alameri et al. 2009; [50] Zou et al. 2017; [13] Chetta et al. 2006","-0.1706;-0.5546;0.5953;0.1759;-0.1265;0.2173;-0.0844;0.1567;-0.1453;0.1462;-0.4299;0.182;-0.1046;0.728;0.266;-0.1747;0.028;0.2826;0.178;-0.0586;0.5502;-0.1437;-0.5132",668.936842105263,549.759954192764,2096.52926501607,0.26421565008357,-119.176887912499,-266.411079799406,23.5888203166868,124.489373127097,141.098692261886
498,"natalia_oliveira_2023",3,"[06] Gibbons et al. 2001; [07] Enrigth et al. 2003; [50] Zou et al. 2017","0.3434;0.3917;0.2649",678.594736842105,663.48865018066,1406.46365280896,0.118371671249463,-15.1060866614453,-176.691345877086,133.063358591943,62.3882662935142,83.130216888403
499,"natalia_oliveira_2023",3,"[40] Britto et al. 2013; [13] Chetta et al. 2006; [15] Masmoudi et al. 2008","0.2528;0.3778;0.3694",671.436842105263,631.847007612977,1680.10276549339,0.122993442158059,-39.5898344922859,-209.512518745648,91.8886755020549,71.8056098866771,94.4080088280582
500,"natalia_oliveira_2023",7,"[20] Jenkins et al. 2009; [58] Delbressine et al. 2023; [55] Almeida et al. 2019; [50] Zou et al. 2017; [45] Kim et al. 2014; [43] Rao et al. 2013; [02] Enright & Sherrill 1998","-0.351;-0.0749;0.1529;0.0311;0.706;-0.1997;0.7356",683.684210526316,675.940015844122,751.590868431821,0.190902723860777,-7.74419468219343,-130.453748571362,133.852288256531,55.6941773308119,74.1824937270013
501,"natalia_oliveira_2023",11,"[04] Troosters, Gosselink & Decramer 1999; [40] Britto et al. 2013; [18] Iwama et al. 2009; [47] Nusdwinuringtyas et al, 2014; [32] Soares, Pereira 2011; [13] Chetta et al. 2006; [27] Alameri et al. 2009; [48] Fernandes et al. 2016; [43] Rao et al. 2013; [37] Hill et al. 2011; [55] Almeida et al. 2019","0.7262;-0.0933;0.0441;0.6332;-0.5085;-0.6444;0.6616;-0.0122;-0.5717;0.5687;0.1963",667.21052631579,821.069782457713,946.694534279242,0.296406407815846,153.859256141924,32.2815634241369,290.743772545781,155.190534624724,167.952734149891
502,"natalia_oliveira_2023",19,"[54] Almeida et al. 2019; [48] Fernandes et al. 2016; [10] Camarri et al. 2006; [34] Dourado, Vidotto, Guerra 2011; [42] Britto et al. 2013; [40] Britto et al. 2013; [27] Alameri et al. 2009; [07] Enrigth et al. 2003; [58] Delbressine et al. 2023; [30] Osses et al. 2010; [32] Soares, Pereira 2011; [45] Kim et al. 2014; [28] Ben Saad et al. 2009; [50] Zou et al. 2017; [02] Enright & Sherrill 1998; [13] Chetta et al. 2006; [47] Nusdwinuringtyas et al, 2014; [37] Hill et al. 2011; [43] Rao et al. 2013","-0.3209;0.2349;-0.4481;0.0951;0.1486;-0.4133;0.707;-0.0187;-0.0529;-0.0192;-0.1885;0.3823;0.6864;-0.156;0.7035;-0.6323;0.2597;0.1556;-0.1231",676.652631578947,563.924099828797,1520.71376431997,0.262904438719293,-112.72853175015,-283.791552634018,17.795143859733,116.785297330836,134.255570799226
503,"natalia_oliveira_2023",25,"[06] Gibbons et al. 2001; [07] Enrigth et al. 2003; [28] Ben Saad et al. 2009; [10] Camarri et al. 2006; [32] Soares, Pereira 2011; [15] Masmoudi et al. 2008; [34] Dourado, Vidotto, Guerra 2011; [27] Alameri et al. 2009; [47] Nusdwinuringtyas et al, 2014; [45] Kim et al. 2014; [43] Rao et al. 2013; [55] Almeida et al. 2019; [50] Zou et al. 2017; [42] Britto et al. 2013; [58] Delbressine et al. 2023; [18] Iwama et al. 2009; [48] Fernandes et al. 2016; [30] Osses et al. 2010; [09] Camarri et al. 2006; [37] Hill et al. 2011; [40] Britto et al. 2013; [26] Jenkins et al. 2009; [04] Troosters, Gosselink & Decramer 1999; [20] Jenkins et al. 2009; [54] Almeida et al. 2019","-0.5396;0.0883;0.582;-0.5603;-0.2376;-0.023;0.2317;0.6065;0.4029;0.1847;-0.4092;0.0533;-0.4805;0.2258;0.0741;0.2282;0.1753;0.1061;0.1915;0.2128;-0.2934;0.1295;0.2593;0.098;-0.3065",669.163157894737,608.776963552884,1293.47788838159,0.183929928277008,-60.3861943418527,-181.786286473225,73.311540168928,73.3598034840633,88.0778938570262
504,"natalia_oliveira_2023",14,"[37] Hill et al. 2011; [18] Iwama et al. 2009; [28] Ben Saad et al. 2009; [54] Almeida et al. 2019; [27] Alameri et al. 2009; [47] Nusdwinuringtyas et al, 2014; [58] Delbressine et al. 2023; [20] Jenkins et al. 2009; [45] Kim et al. 2014; [43] Rao et al. 2013; [30] Osses et al. 2010; [07] Enrigth et al. 2003; [34] Dourado, Vidotto, Guerra 2011; [50] Zou et al. 2017","0.2065;0.1289;0.294;-0.3054;0.6556;0.1456;0.1073;0.0888;0.1896;-0.4277;0.0415;0.15;0.2065;-0.4813",676.452631578947,662.548343938863,1293.05709491677,0.167738871791025,-13.9042876400843,-137.004535270015,116.237527114132,54.2967887854266,70.3834755876182
505,"natalia_oliveira_2023",16,"[20] Jenkins et al. 2009; [50] Zou et al. 2017; [34] Dourado, Vidotto, Guerra 2011; [27] Alameri et al. 2009; [32] Soares, Pereira 2011; [54] Almeida et al. 2019; [55] Almeida et al. 2019; [43] Rao et al. 2013; [42] Britto et al. 2013; [13] Chetta et al. 2006; [06] Gibbons et al. 2001; [48] Fernandes et al. 2016; [10] Camarri et al. 2006; [07] Enrigth et al. 2003; [40] Britto et al. 2013; [18] Iwama et al. 2009","0.0133;-0.371;0.0732;1.0123;-0.3654;-0.1352;0.2183;-0.428;0.2097;-0.314;0.3081;-0.0711;0.0088;0.7835;0.0744;-0.017",669.78947368421,618.643712741678,989.07860878397,0.321658458037673,-51.145760942533,-200.923764799954,85.3807312145046,68.2608159798799,87.3921282557729
506,"natalia_oliveira_2023",23,"[27] Alameri et al. 2009; [04] Troosters, Gosselink & Decramer 1999; [30] Osses et al. 2010; [06] Gibbons et al. 2001; [43] Rao et al. 2013; [20] Jenkins et al. 2009; [32] Soares, Pereira 2011; [55] Almeida et al. 2019; [37] Hill et al. 2011; [45] Kim et al. 2014; [48] Fernandes et al. 2016; [34] Dourado, Vidotto, Guerra 2011; [54] Almeida et al. 2019; [02] Enright & Sherrill 1998; [18] Iwama et al. 2009; [26] Jenkins et al. 2009; [47] Nusdwinuringtyas et al, 2014; [10] Camarri et al. 2006; [50] Zou et al. 2017; [07] Enrigth et al. 2003; [42] Britto et al. 2013; [40] Britto et al. 2013; [58] Delbressine et al. 2023","0.7287;0.5842;-0.2309;-0.1164;-0.4516;-0.1672;-0.4111;0.1733;0.0403;0.2973;-0.118;-0.0677;-0.2102;1.0562;-0.0513;-0.0338;0.7288;-0.1328;-0.4183;-0.0053;0.1266;-0.2423;-0.0787",682.068421052632,655.50362243346,1167.98908879432,0.198340248218702,-26.5647986191721,-145.248310798499,100.580178191879,57.0858310703844,73.9445677912071
507,"natalia_oliveira_2023",2,"[09] Camarri et al. 2006; [27] Alameri et al. 2009","0.5;0.5",681.368421052632,560.320503947369,1114.06520716592,0.177466770330312,-121.047917105263,-283.08832625,6.16845875000023,122.288447105263,142.018856920344
508,"natalia_oliveira_2023",6,"[37] Hill et al. 2011; [32] Soares, Pereira 2011; [06] Gibbons et al. 2001; [42] Britto et al. 2013; [43] Rao et al. 2013; [18] Iwama et al. 2009","0.1183;0.2094;0.318;0.318;-0.1958;0.232",681.331578947368,706.776143656476,894.385979715022,0.119353179652919,25.4445647091075,-96.9312989919811,157.215866425812,56.6433061629819,70.8123250057419
509,"natalia_oliveira_2023",12,"[58] Delbressine et al. 2023; [45] Kim et al. 2014; [10] Camarri et al. 2006; [32] Soares, Pereira 2011; [28] Ben Saad et al. 2009; [48] Fernandes et al. 2016; [43] Rao et al. 2013; [50] Zou et al. 2017; [42] Britto et al. 2013; [54] Almeida et al. 2019; [02] Enright & Sherrill 1998; [07] Enrigth et al. 2003","-0.2298;0.7542;-0.349;0.0315;0.4877;0.2414;-0.1184;-0.1552;0.2331;-0.1464;0.5871;-0.3362",670.768421052632,624.157553024424,1952.82794208454,0.240743406404271,-46.6108680282074,-172.268885430413,80.5722822678876,64.3794461548405,83.0972002965993
510,"natalia_oliveira_2023",9,"[30] Osses et al. 2010; [26] Jenkins et al. 2009; [34] Dourado, Vidotto, Guerra 2011; [47] Nusdwinuringtyas et al, 2014; [18] Iwama et al. 2009; [04] Troosters, Gosselink & Decramer 1999; [48] Fernandes et al. 2016; [40] Britto et al. 2013; [50] Zou et al. 2017","-0.0128;0.0404;0.1349;0.6287;0.1866;0.6649;0.1;-0.2428;-0.5001",660.757894736842,669.966207797463,1518.57561232422,0.164930970221492,9.2083130606211,-139.432912401527,134.465676445,54.9319550246482,75.1712380006866
511,"natalia_oliveira_2023",7,"[37] Hill et al. 2011; [27] Alameri et al. 2009; [55] Almeida et al. 2019; [58] Delbressine et al. 2023; [50] Zou et al. 2017; [34] Dourado, Vidotto, Guerra 2011; [28] Ben Saad et al. 2009","0.0706;0.405;0.1938;0.0766;-0.2001;0.2027;0.2514",683.952631578947,644.599347323187,1614.29014236951,0.251371679398402,-39.3532842557604,-155.724030714989,78.7712651654151,59.5558003602648,77.6729060985225
512,"natalia_oliveira_2023",6,"[09] Camarri et al. 2006; [13] Chetta et al. 2006; [06] Gibbons et al. 2001; [27] Alameri et al. 2009; [32] Soares, Pereira 2011; [20] Jenkins et al. 2009","0.2283;-0.2043;0.3694;0.2531;-0.2181;0.5716",680.631578947368,686.22572137675,1032.89053258956,0.273756320747253,5.59414242938185,-127.547391995657,142.047383205881,52.4198137920732,69.5728767848812
513,"natalia_oliveira_2023",2,"[42] Britto et al. 2013; [54] Almeida et al. 2019","0.5;0.5",672.915789473684,653.078819392402,1156.82638240554,0.194945620720649,-19.8369700812825,-147.111831816875,115.655043398364,54.1760253976646,69.0714221948968
514,"natalia_oliveira_2023",16,"[02] Enright & Sherrill 1998; [27] Alameri et al. 2009; [10] Camarri et al. 2006; [47] Nusdwinuringtyas et al, 2014; [37] Hill et al. 2011; [04] Troosters, Gosselink & Decramer 1999; [45] Kim et al. 2014; [34] Dourado, Vidotto, Guerra 2011; [15] Masmoudi et al. 2008; [43] Rao et al. 2013; [48] Fernandes et al. 2016; [28] Ben Saad et al. 2009; [42] Britto et al. 2013; [40] Britto et al. 2013; [55] Almeida et al. 2019; [13] Chetta et al. 2006","0.6809;0.637;-0.4654;0.3419;0.0297;0.1845;0.2894;-0.0303;-0.1582;-0.3043;0.01;0.4832;0.2778;-0.4294;0.0573;-0.6041",676.052631578947,632.813802250405,1604.97771809009,0.248093439945233,-43.2388293285424,-160.38998063496,95.4741115610263,63.7776876380443,79.7591646054936
515,"natalia_oliveira_2023",3,"[26] Jenkins et al. 2009; [58] Delbressine et al. 2023; [07] Enrigth et al. 2003","0.4201;0.1974;0.3825",678.273684210526,698.281895855754,2578.96557631738,0.256527977503768,20.0082116452279,-133.799811115355,173.181183486371,58.5051783453256,75.3247741939657
516,"natalia_oliveira_2023",20,"[32] Soares, Pereira 2011; [09] Camarri et al. 2006; [26] Jenkins et al. 2009; [13] Chetta et al. 2006; [47] Nusdwinuringtyas et al, 2014; [42] Britto et al. 2013; [54] Almeida et al. 2019; [28] Ben Saad et al. 2009; [04] Troosters, Gosselink & Decramer 1999; [02] Enright & Sherrill 1998; [27] Alameri et al. 2009; [15] Masmoudi et al. 2008; [45] Kim et al. 2014; [18] Iwama et al. 2009; [06] Gibbons et al. 2001; [55] Almeida et al. 2019; [07] Enrigth et al. 2003; [58] Delbressine et al. 2023; [20] Jenkins et al. 2009; [30] Osses et al. 2010","-0.339;0.1061;-0.1927;-0.6024;0.3472;0.121;-0.4132;0.682;0.0831;0.9051;0.577;-0.1751;0.22;0.3337;-0.5518;0.0993;0.057;-0.0275;-0.1591;-0.0706",660.984210526316,528.427350686027,1997.74723148059,0.22248325379167,-132.556859840289,-270.303520181433,19.5568640016843,136.299246643837,151.181004477906
517,"natalia_oliveira_2023",11,"[34] Dourado, Vidotto, Guerra 2011; [26] Jenkins et al. 2009; [54] Almeida et al. 2019; [43] Rao et al. 2013; [02] Enright & Sherrill 1998; [15] Masmoudi et al. 2008; [40] Britto et al. 2013; [28] Ben Saad et al. 2009; [27] Alameri et al. 2009; [42] Britto et al. 2013; [30] Osses et al. 2010","0.1464;-0.0196;-0.0316;-0.2906;0.5402;-0.2814;-0.2752;0.3712;0.6571;0.2303;-0.0468",669.284210526316,648.687666930209,2307.25256888684,0.317935535065066,-20.5965435961065,-137.623710974179,132.449963976163,56.1791249330617,71.0436275771287
518,"natalia_oliveira_2023",16,"[18] Iwama et al. 2009; [55] Almeida et al. 2019; [50] Zou et al. 2017; [37] Hill et al. 2011; [40] Britto et al. 2013; [10] Camarri et al. 2006; [02] Enright & Sherrill 1998; [28] Ben Saad et al. 2009; [43] Rao et al. 2013; [26] Jenkins et al. 2009; [30] Osses et al. 2010; [04] Troosters, Gosselink & Decramer 1999; [06] Gibbons et al. 2001; [32] Soares, Pereira 2011; [34] Dourado, Vidotto, Guerra 2011; [48] Fernandes et al. 2016","0.3991;0.1824;0.1601;-0.176;-0.4808;0.0384;0.3282;0.3779;0.1232;0.006;-0.1524;0.1802;-0.3027;3e-04;0.0233;0.293",672.873684210526,584.871688903192,1929.85743483171,0.229161019756157,-88.0019953073342,-251.027721428665,52.8290028798259,95.6877795707293,113.060295009954
519,"natalia_oliveira_2023",26,"[06] Gibbons et al. 2001; [40] Britto et al. 2013; [58] Delbressine et al. 2023; [45] Kim et al. 2014; [04] Troosters, Gosselink & Decramer 1999; [15] Masmoudi et al. 2008; [13] Chetta et al. 2006; [43] Rao et al. 2013; [54] Almeida et al. 2019; [32] Soares, Pereira 2011; [47] Nusdwinuringtyas et al, 2014; [28] Ben Saad et al. 2009; [34] Dourado, Vidotto, Guerra 2011; [55] Almeida et al. 2019; [27] Alameri et al. 2009; [10] Camarri et al. 2006; [09] Camarri et al. 2006; [18] Iwama et al. 2009; [26] Jenkins et al. 2009; [42] Britto et al. 2013; [20] Jenkins et al. 2009; [37] Hill et al. 2011; [02] Enright & Sherrill 1998; [30] Osses et al. 2010; [50] Zou et al. 2017; [07] Enrigth et al. 2003","-0.4005;-0.3132;0.0048;0.3001;0.2291;-0.0734;-0.5299;-0.2379;-0.2744;-0.2668;0.4751;0.6453;0.06;0.1048;0.6843;-0.4699;0.227;0.1822;-0.0537;0.1598;-0.0635;0.1048;0.7634;-0.0225;-0.2754;0.0405",670.08947368421,589.972376651705,1849.73472496089,0.184691375764379,-80.1170970325058,-210.339081782302,61.9612530625867,89.6553682323225,107.821549250154
520,"natalia_oliveira_2023",2,"[32] Soares, Pereira 2011; [50] Zou et al. 2017","0.5;0.5",673.652631578947,624.56876390149,716.190659443639,0.299985234656656,-49.0838676774578,-158.375092600622,62.8738094476179,62.8539157168455,79.7738205475198
521,"natalia_oliveira_2023",26,"[07] Enrigth et al. 2003; [50] Zou et al. 2017; [43] Rao et al. 2013; [40] Britto et al. 2013; [26] Jenkins et al. 2009; [37] Hill et al. 2011; [18] Iwama et al. 2009; [27] Alameri et al. 2009; [20] Jenkins et al. 2009; [45] Kim et al. 2014; [28] Ben Saad et al. 2009; [42] Britto et al. 2013; [04] Troosters, Gosselink & Decramer 1999; [47] Nusdwinuringtyas et al, 2014; [10] Camarri et al. 2006; [09] Camarri et al. 2006; [54] Almeida et al. 2019; [06] Gibbons et al. 2001; [55] Almeida et al. 2019; [34] Dourado, Vidotto, Guerra 2011; [30] Osses et al. 2010; [13] Chetta et al. 2006; [48] Fernandes et al. 2016; [32] Soares, Pereira 2011; [02] Enright & Sherrill 1998; [58] Delbressine et al. 2023","0.0201;-0.1714;-0.1317;-0.3517;-0.0883;0.2071;0.2656;0.6239;-0.0736;0.3293;0.779;0.103;0.0766;0.3004;-0.4296;0.2056;-0.2549;-0.5349;0.0793;0.0105;-0.0342;-0.5551;0.2201;-0.222;0.6638;-0.0367",687.942105263158,545.242529301988,1844.88305790692,0.353190095302259,-142.69957596117,-271.660848856887,-11.7511067915026,143.333753646543,157.399521430417
522,"natalia_oliveira_2023",16,"[54] Almeida et al. 2019; [28] Ben Saad et al. 2009; [15] Masmoudi et al. 2008; [07] Enrigth et al. 2003; [04] Troosters, Gosselink & Decramer 1999; [40] Britto et al. 2013; [30] Osses et al. 2010; [48] Fernandes et al. 2016; [55] Almeida et al. 2019; [47] Nusdwinuringtyas et al, 2014; [43] Rao et al. 2013; [37] Hill et al. 2011; [09] Camarri et al. 2006; [45] Kim et al. 2014; [10] Camarri et al. 2006; [27] Alameri et al. 2009","-0.1981;0.6273;-0.0403;0.0697;0.2467;-0.3445;0.1697;0.2302;0.195;-0.0485;-0.3664;0.1864;-0.0095;0.2491;-0.7241;0.7573",667.405263157895,617.524835645483,2170.65280792461,0.190129617593511,-49.8804275124113,-211.678970346254,83.8160492562313,73.0264478586858,93.7653194557639
523,"natalia_oliveira_2023",14,"[48] Fernandes et al. 2016; [40] Britto et al. 2013; [55] Almeida et al. 2019; [28] Ben Saad et al. 2009; [15] Masmoudi et al. 2008; [32] Soares, Pereira 2011; [09] Camarri et al. 2006; [10] Camarri et al. 2006; [07] Enrigth et al. 2003; [18] Iwama et al. 2009; [58] Delbressine et al. 2023; [43] Rao et al. 2013; [54] Almeida et al. 2019; [26] Jenkins et al. 2009","0.2182;-0.1867;0.2349;0.3;0.0331;-0.0323;0.3946;-0.2974;-0.0172;0.2828;0.0598;-0.2529;-0.0844;0.3474",689.726315789474,710.023665910527,1258.68302191691,0.160443440440448,20.2973501210529,-94.4244439715392,161.633085179564,54.30881058171,69.46302180067
524,"natalia_oliveira_2023",25,"[07] Enrigth et al. 2003; [45] Kim et al. 2014; [04] Troosters, Gosselink & Decramer 1999; [37] Hill et al. 2011; [26] Jenkins et al. 2009; [13] Chetta et al. 2006; [48] Fernandes et al. 2016; [15] Masmoudi et al. 2008; [34] Dourado, Vidotto, Guerra 2011; [55] Almeida et al. 2019; [32] Soares, Pereira 2011; [27] Alameri et al. 2009; [58] Delbressine et al. 2023; [40] Britto et al. 2013; [02] Enright & Sherrill 1998; [54] Almeida et al. 2019; [42] Britto et al. 2013; [43] Rao et al. 2013; [30] Osses et al. 2010; [20] Jenkins et al. 2009; [50] Zou et al. 2017; [06] Gibbons et al. 2001; [10] Camarri et al. 2006; [28] Ben Saad et al. 2009; [18] Iwama et al. 2009","-0.0088;0.3833;0.0589;0.1671;-0.0547;-0.4377;0.2254;-0.1401;0.0433;0.1011;-0.2006;0.6807;-0.0558;-0.3622;0.6292;-0.265;0.1315;-0.0963;-0.035;-0.0563;-0.1249;-0.3615;-0.3273;0.8303;0.2754",663.678947368421,565.709409162118,2002.74605853938,0.274293182847494,-97.9695382063032,-237.187976462509,3.39286437070254,100.058406011842,116.213728972199
525,"natalia_oliveira_2023",27,"[09] Camarri et al. 2006; [28] Ben Saad et al. 2009; [58] Delbressine et al. 2023; [48] Fernandes et al. 2016; [26] Jenkins et al. 2009; [42] Britto et al. 2013; [13] Chetta et al. 2006; [04] Troosters, Gosselink & Decramer 1999; [32] Soares, Pereira 2011; [55] Almeida et al. 2019; [47] Nusdwinuringtyas et al, 2014; [20] Jenkins et al. 2009; [54] Almeida et al. 2019; [43] Rao et al. 2013; [40] Britto et al. 2013; [15] Masmoudi et al. 2008; [27] Alameri et al. 2009; [45] Kim et al. 2014; [50] Zou et al. 2017; [18] Iwama et al. 2009; [37] Hill et al. 2011; [30] Osses et al. 2010; [07] Enrigth et al. 2003; [10] Camarri et al. 2006; [06] Gibbons et al. 2001; [02] Enright & Sherrill 1998; [34] Dourado, Vidotto, Guerra 2011","0.213;0.812;-0.0474;0.2504;-0.0521;0.1348;-0.4784;0.0397;-0.1879;0.111;0.2113;-0.0419;-0.2852;-0.123;-0.3374;-0.127;0.534;0.2551;-0.1676;0.2943;0.1764;-0.0027;-0.0115;-0.3912;-0.4658;0.6252;0.0622",682.815789473684,572.211129048412,1988.2340205618,0.229660693020228,-110.604660425272,-242.04750621003,79.3069183210059,118.109662903008,135.277751703995
526,"natalia_oliveira_2023",6,"[20] Jenkins et al. 2009; [10] Camarri et al. 2006; [47] Nusdwinuringtyas et al, 2014; [07] Enrigth et al. 2003; [45] Kim et al. 2014; [09] Camarri et al. 2006","0.1859;-0.2104;0.3321;0.3717;-0.0949;0.4156",679.742105263158,615.197199648796,671.747815538244,0.160486700170055,-64.5449056143621,-217.560763037554,38.1302658948231,72.6186952318034,92.9578705102184
527,"natalia_oliveira_2023",3,"[20] Jenkins et al. 2009; [50] Zou et al. 2017; [09] Camarri et al. 2006","0.5233;-0.0631;0.5398",674.81052631579,695.634806313024,1506.73798924075,0.235903754189191,20.8242799972346,-129.103518062568,149.84700278586,58.8134199432481,77.9669047928137
528,"natalia_oliveira_2023",23,"[27] Alameri et al. 2009; [37] Hill et al. 2011; [28] Ben Saad et al. 2009; [32] Soares, Pereira 2011; [06] Gibbons et al. 2001; [04] Troosters, Gosselink & Decramer 1999; [30] Osses et al. 2010; [13] Chetta et al. 2006; [07] Enrigth et al. 2003; [55] Almeida et al. 2019; [26] Jenkins et al. 2009; [09] Camarri et al. 2006; [58] Delbressine et al. 2023; [20] Jenkins et al. 2009; [15] Masmoudi et al. 2008; [50] Zou et al. 2017; [10] Camarri et al. 2006; [34] Dourado, Vidotto, Guerra 2011; [40] Britto et al. 2013; [42] Britto et al. 2013; [43] Rao et al. 2013; [48] Fernandes et al. 2016; [18] Iwama et al. 2009","0.6285;0.0034;0.5396;-0.0971;-0.3204;0.177;0.0399;-0.4467;-0.0131;0.1824;0.0851;0.2106;0.001;0.0513;-0.0303;-0.2264;-0.3589;0.1465;-0.1594;0.276;-0.1767;0.2141;0.2737",673.821052631579,587.903457225829,1439.21925299752,0.209867052438208,-85.9175954057502,-224.406168778987,26.9427804074821,90.9625846677599,108.270768750537
529,"natalia_oliveira_2023",8,"[07] Enrigth et al. 2003; [04] Troosters, Gosselink & Decramer 1999; [45] Kim et al. 2014; [34] Dourado, Vidotto, Guerra 2011; [20] Jenkins et al. 2009; [13] Chetta et al. 2006; [47] Nusdwinuringtyas et al, 2014; [48] Fernandes et al. 2016","0.3147;0.6366;0.1479;0.0125;-0.2038;-0.7554;0.756;0.0915",676.457894736842,647.085273553957,1207.82152268144,0.258367413552892,-29.3726211828854,-185.673605245664,106.405186688091,62.0881921492101,81.1861003389938
530,"natalia_oliveira_2023",3,"[06] Gibbons et al. 2001; [20] Jenkins et al. 2009; [50] Zou et al. 2017","0.3791;0.379;0.2419",676.236842105263,697.784597130329,1433.84083420673,0.264619893798835,21.5477550250653,-189.133517870482,163.472277570224,60.0242175679962,81.7606829814039
531,"natalia_oliveira_2023",6,"[26] Jenkins et al. 2009; [43] Rao et al. 2013; [34] Dourado, Vidotto, Guerra 2011; [09] Camarri et al. 2006; [45] Kim et al. 2014; [04] Troosters, Gosselink & Decramer 1999","-0.0961;-0.0939;0.2685;0.2844;0.2643;0.3728",687.4,717.730941405225,1438.18053009604,0.197581647934732,30.3309414052249,-177.569963660132,147.195785425322,60.8250058383596,77.7534681495667
532,"natalia_oliveira_2023",1,"[13] Chetta et al. 2006","1",662.773684210526,610.685189473684,1789.57588059883,0.262495772875094,-52.0884947368422,-188.3842,84.8749999999999,68.971052631579,87.0266005767626
533,"natalia_oliveira_2023",10,"[47] Nusdwinuringtyas et al, 2014; [48] Fernandes et al. 2016; [26] Jenkins et al. 2009; [27] Alameri et al. 2009; [04] Troosters, Gosselink & Decramer 1999; [32] Soares, Pereira 2011; [28] Ben Saad et al. 2009; [02] Enright & Sherrill 1998; [09] Camarri et al. 2006; [50] Zou et al. 2017","0.0026;-0.0601;-0.0206;0.5118;0.0857;-0.2067;0.1447;0.4942;0.3504;-0.302",669.821052631579,629.637438973671,1438.10103167348,0.308140638281484,-40.1836136579082,-158.911146724631,77.4602628517862,55.3101900682312,71.9481592949213
534,"natalia_oliveira_2023",5,"[06] Gibbons et al. 2001; [28] Ben Saad et al. 2009; [04] Troosters, Gosselink & Decramer 1999; [42] Britto et al. 2013; [47] Nusdwinuringtyas et al, 2014","-0.5746;0.44;0.2861;0.3217;0.5268",668.815789473684,631.548912095759,2212.48362957556,0.284705686339601,-37.2668773779257,-157.646709057373,79.8064238034227,58.5444975175539,74.1885456572714
535,"natalia_oliveira_2023",24,"[43] Rao et al. 2013; [13] Chetta et al. 2006; [50] Zou et al. 2017; [42] Britto et al. 2013; [55] Almeida et al. 2019; [27] Alameri et al. 2009; [40] Britto et al. 2013; [10] Camarri et al. 2006; [15] Masmoudi et al. 2008; [18] Iwama et al. 2009; [47] Nusdwinuringtyas et al, 2014; [02] Enright & Sherrill 1998; [58] Delbressine et al. 2023; [06] Gibbons et al. 2001; [48] Fernandes et al. 2016; [26] Jenkins et al. 2009; [04] Troosters, Gosselink & Decramer 1999; [07] Enrigth et al. 2003; [30] Osses et al. 2010; [45] Kim et al. 2014; [54] Almeida et al. 2019; [32] Soares, Pereira 2011; [28] Ben Saad et al. 2009; [09] Camarri et al. 2006","-0.113;-0.4425;-0.1383;0.1239;0.0654;0.5589;-0.3396;-0.3578;-0.141;0.2201;0.3276;0.7834;-0.021;-0.42;0.1787;-0.1344;0.0968;0.0591;-0.0449;0.3181;-0.2348;-0.2333;0.6622;0.2265",674.084210526316,530.354498280937,1560.46696664485,0.446411208323247,-143.729712245379,-270.499443785816,-10.7943298316539,144.748163389637,157.397425038616
536,"natalia_oliveira_2023",22,"[50] Zou et al. 2017; [30] Osses et al. 2010; [40] Britto et al. 2013; [48] Fernandes et al. 2016; [27] Alameri et al. 2009; [43] Rao et al. 2013; [07] Enrigth et al. 2003; [42] Britto et al. 2013; [04] Troosters, Gosselink & Decramer 1999; [02] Enright & Sherrill 1998; [09] Camarri et al. 2006; [15] Masmoudi et al. 2008; [18] Iwama et al. 2009; [32] Soares, Pereira 2011; [13] Chetta et al. 2006; [10] Camarri et al. 2006; [34] Dourado, Vidotto, Guerra 2011; [45] Kim et al. 2014; [55] Almeida et al. 2019; [20] Jenkins et al. 2009; [26] Jenkins et al. 2009; [37] Hill et al. 2011","-0.4301;-0.3027;-0.0018;-0.0394;0.8144;-0.4613;-0.0076;0.1321;0.4678;1.1615;0.5131;-0.2236;0.0271;-0.5217;-0.2331;-0.0356;-0.2015;0.3564;0.1948;-0.2599;-0.1434;0.1945",674.936842105263,733.772527181741,1305.35838573535,0.157493212642144,58.8356850764782,-77.7834357655427,186.751370014878,73.05890477673,88.6116996109935
537,"natalia_oliveira_2023",14,"[42] Britto et al. 2013; [30] Osses et al. 2010; [13] Chetta et al. 2006; [04] Troosters, Gosselink & Decramer 1999; [55] Almeida et al. 2019; [20] Jenkins et al. 2009; [02] Enright & Sherrill 1998; [32] Soares, Pereira 2011; [26] Jenkins et al. 2009; [28] Ben Saad et al. 2009; [54] Almeida et al. 2019; [15] Masmoudi et al. 2008; [09] Camarri et al. 2006; [34] Dourado, Vidotto, Guerra 2011","0.2812;-0.0324;-0.4913;-0.0575;0.1945;-0.0117;0.4826;-0.0402;-0.0036;0.2467;-0.057;-0.2105;0.5823;0.1169",663.952631578947,712.597106711558,2039.31163468611,0.274216085015278,48.6444751326106,-80.0463239247598,182.314766064775,66.8659995330011,83.2555771075126
538,"natalia_oliveira_2023",13,"[40] Britto et al. 2013; [28] Ben Saad et al. 2009; [42] Britto et al. 2013; [02] Enright & Sherrill 1998; [45] Kim et al. 2014; [10] Camarri et al. 2006; [50] Zou et al. 2017; [32] Soares, Pereira 2011; [43] Rao et al. 2013; [15] Masmoudi et al. 2008; [55] Almeida et al. 2019; [18] Iwama et al. 2009; [07] Enrigth et al. 2003","-0.7741;0.5959;0.1887;0.8817;0.8063;-0.3357;-0.1157;-0.0635;-0.1465;-0.1803;0.1318;0.2157;-0.2044",665.657894736842,715.910725239446,1770.32938505534,0.300770737799014,50.2528305026037,-75.0218412432912,159.428607842641,67.8794806180424,83.6898373135047
539,"natalia_oliveira_2023",23,"[37] Hill et al. 2011; [32] Soares, Pereira 2011; [04] Troosters, Gosselink & Decramer 1999; [27] Alameri et al. 2009; [47] Nusdwinuringtyas et al, 2014; [13] Chetta et al. 2006; [10] Camarri et al. 2006; [40] Britto et al. 2013; [58] Delbressine et al. 2023; [34] Dourado, Vidotto, Guerra 2011; [28] Ben Saad et al. 2009; [45] Kim et al. 2014; [48] Fernandes et al. 2016; [18] Iwama et al. 2009; [06] Gibbons et al. 2001; [42] Britto et al. 2013; [07] Enrigth et al. 2003; [43] Rao et al. 2013; [54] Almeida et al. 2019; [30] Osses et al. 2010; [50] Zou et al. 2017; [55] Almeida et al. 2019; [02] Enright & Sherrill 1998","0.1519;-0.2404;0.1164;0.5889;0.3197;-0.4746;-0.3575;-0.4031;-0.0903;-0.0093;0.7852;0.3193;0.1791;0.2236;-0.4357;0.1984;-0.0378;-0.1244;-0.2898;-0.0857;-0.1299;0.1288;0.6671",678.021052631579,572.049469079965,1675.69658327038,0.228704629539547,-105.971583551614,-257.63564899774,34.6382851855284,112.106599556653,130.965851699501
540,"natalia_oliveira_2023",17,"[40] Britto et al. 2013; [45] Kim et al. 2014; [13] Chetta et al. 2006; [07] Enrigth et al. 2003; [54] Almeida et al. 2019; [43] Rao et al. 2013; [26] Jenkins et al. 2009; [48] Fernandes et al. 2016; [06] Gibbons et al. 2001; [18] Iwama et al. 2009; [55] Almeida et al. 2019; [04] Troosters, Gosselink & Decramer 1999; [20] Jenkins et al. 2009; [58] Delbressine et al. 2023; [15] Masmoudi et al. 2008; [27] Alameri et al. 2009; [02] Enright & Sherrill 1998","-0.0998;0.2809;-0.1362;0.0059;-0.1878;-0.3049;-0.174;-0.0914;0.3054;-0.0546;0.2091;0.3317;-0.2321;-0.0879;-0.1799;0.5794;0.8361",678.21052631579,701.536181146001,1007.70599082353,0.169913928662743,23.3256548302113,-114.092859614543,149.228083872408,55.6796565152696,75.0971991449038
541,"natalia_oliveira_2023",5,"[13] Chetta et al. 2006; [10] Camarri et al. 2006; [48] Fernandes et al. 2016; [18] Iwama et al. 2009; [37] Hill et al. 2011","-0.0281;0.4123;0.1215;0.1684;0.3259",674.926315789474,715.424749272151,768.766684904252,0.136181778539718,40.4984334826773,-113.958851044073,168.825351383952,67.7300972354891,86.3119505298332
542,"natalia_oliveira_2023",4,"[28] Ben Saad et al. 2009; [54] Almeida et al. 2019; [30] Osses et al. 2010; [26] Jenkins et al. 2009","0.3015;0.224;0.1698;0.3047",676.257894736842,722.568718568395,3048.04312144806,0.344650069356511,46.3108238315528,-99.9124075987953,166.917010701182,67.0117504063588,83.8459858979393
543,"natalia_oliveira_2023",7,"[48] Fernandes et al. 2016; [50] Zou et al. 2017; [37] Hill et al. 2011; [18] Iwama et al. 2009; [27] Alameri et al. 2009; [09] Camarri et al. 2006; [04] Troosters, Gosselink & Decramer 1999","0.0156;-0.7117;0.4029;0.0691;0.5204;0.3798;0.3239",675.58947368421,681.326083619501,994.617161479236,0.179524658134548,5.73660993529044,-145.148128420068,170.077957864074,59.4470958945388,79.8822285802599
544,"natalia_oliveira_2023",18,"[30] Osses et al. 2010; [32] Soares, Pereira 2011; [54] Almeida et al. 2019; [10] Camarri et al. 2006; [55] Almeida et al. 2019; [04] Troosters, Gosselink & Decramer 1999; [20] Jenkins et al. 2009; [09] Camarri et al. 2006; [58] Delbressine et al. 2023; [50] Zou et al. 2017; [28] Ben Saad et al. 2009; [15] Masmoudi et al. 2008; [42] Britto et al. 2013; [13] Chetta et al. 2006; [45] Kim et al. 2014; [18] Iwama et al. 2009; [07] Enrigth et al. 2003; [47] Nusdwinuringtyas et al, 2014","0.1644;-0.1968;-0.323;-0.5874;0.1543;0.2818;0.1356;0.2919;0.0788;-0.2325;0.5663;-0.0246;0.1868;-0.8242;0.4559;0.4142;0.0969;0.3616",664.252631578947,654.88471444848,1956.69199787758,0.28773696445743,-9.36791713046708,-143.03944982703,108.659743716501,49.7423972300476,68.9757890347064
545,"natalia_oliveira_2023",12,"[02] Enright & Sherrill 1998; [54] Almeida et al. 2019; [43] Rao et al. 2013; [10] Camarri et al. 2006; [48] Fernandes et al. 2016; [13] Chetta et al. 2006; [26] Jenkins et al. 2009; [07] Enrigth et al. 2003; [34] Dourado, Vidotto, Guerra 2011; [32] Soares, Pereira 2011; [50] Zou et al. 2017; [58] Delbressine et al. 2023","0.6923;-0.041;0.0624;0.4602;0.1932;0.0472;-0.0261;-0.1061;-0.1086;-0.2133;0.2216;-0.1816",677.557894736842,662.992721185376,1204.44687082994,0.183986598064934,-14.5651735514663,-177.591861473226,104.754475764889,51.1524035024906,71.4494024782312
546,"natalia_oliveira_2023",12,"[42] Britto et al. 2013; [54] Almeida et al. 2019; [48] Fernandes et al. 2016; [43] Rao et al. 2013; [13] Chetta et al. 2006; [26] Jenkins et al. 2009; [45] Kim et al. 2014; [50] Zou et al. 2017; [58] Delbressine et al. 2023; [04] Troosters, Gosselink & Decramer 1999; [37] Hill et al. 2011; [27] Alameri et al. 2009","0.1709;0.1377;0.0531;-0.4866;-0.1628;-0.2943;0.3069;-0.465;-0.0717;0.6011;0.4587;0.7519",682.936842105263,743.951536009445,1142.28186711565,0.309893859638455,61.0146939041814,-67.3585395193184,201.25599977464,75.6298857068771,93.7707599729054
547,"natalia_oliveira_2023",12,"[18] Iwama et al. 2009; [07] Enrigth et al. 2003; [47] Nusdwinuringtyas et al, 2014; [37] Hill et al. 2011; [55] Almeida et al. 2019; [28] Ben Saad et al. 2009; [13] Chetta et al. 2006; [15] Masmoudi et al. 2008; [26] Jenkins et al. 2009; [34] Dourado, Vidotto, Guerra 2011; [40] Britto et al. 2013; [48] Fernandes et al. 2016","0.3917;0.1208;0.3102;0.2495;0.1237;0.6557;-0.8014;-0.0496;0.0763;0.2266;-0.6129;0.3095",674.721052631579,696.299369105705,2170.3447050835,0.268601012174296,21.5783164741261,-143.107408320193,144.261244731775,64.7712879633489,80.062680239008
548,"natalia_oliveira_2023",18,"[04] Troosters, Gosselink & Decramer 1999; [43] Rao et al. 2013; [13] Chetta et al. 2006; [18] Iwama et al. 2009; [45] Kim et al. 2014; [26] Jenkins et al. 2009; [48] Fernandes et al. 2016; [58] Delbressine et al. 2023; [32] Soares, Pereira 2011; [09] Camarri et al. 2006; [06] Gibbons et al. 2001; [37] Hill et al. 2011; [47] Nusdwinuringtyas et al, 2014; [34] Dourado, Vidotto, Guerra 2011; [07] Enrigth et al. 2003; [15] Masmoudi et al. 2008; [50] Zou et al. 2017; [54] Almeida et al. 2019","0.5632;-0.3813;-0.5027;0.1304;0.3051;0.0114;0.0674;0.1193;-0.3898;0.3313;-0.1391;0.2804;0.7822;0.1317;0.2005;-0.0232;-0.4094;-0.0775",688.636842105263,779.394088582759,1077.70399403525,0.211366523951275,90.7572464774957,-69.7887048946613,221.318084663736,102.075134184018,117.791093486762
549,"natalia_oliveira_2023",10,"[18] Iwama et al. 2009; [55] Almeida et al. 2019; [45] Kim et al. 2014; [43] Rao et al. 2013; [30] Osses et al. 2010; [15] Masmoudi et al. 2008; [54] Almeida et al. 2019; [58] Delbressine et al. 2023; [27] Alameri et al. 2009; [40] Britto et al. 2013","-0.0273;0.2005;0.1549;-0.4215;-0.0768;0.1848;-0.1633;0.438;0.54;0.1706",675.421052631579,664.472678693537,936.645992414058,0.33007709228902,-10.948373938042,-222.081943850493,98.9344235437396,53.4932637228821,75.173851838817
550,"natalia_oliveira_2023",23,"[20] Jenkins et al. 2009; [48] Fernandes et al. 2016; [50] Zou et al. 2017; [55] Almeida et al. 2019; [40] Britto et al. 2013; [04] Troosters, Gosselink & Decramer 1999; [18] Iwama et al. 2009; [02] Enright & Sherrill 1998; [09] Camarri et al. 2006; [43] Rao et al. 2013; [13] Chetta et al. 2006; [42] Britto et al. 2013; [32] Soares, Pereira 2011; [45] Kim et al. 2014; [06] Gibbons et al. 2001; [15] Masmoudi et al. 2008; [54] Almeida et al. 2019; [58] Delbressine et al. 2023; [28] Ben Saad et al. 2009; [37] Hill et al. 2011; [07] Enrigth et al. 2003; [27] Alameri et al. 2009; [30] Osses et al. 2010","-0.1275;0.2928;-0.2594;0.1017;-0.3598;-0.0255;0.3396;0.7759;0.2259;-0.1969;-0.5281;0.1119;-0.3287;0.2975;-0.4005;-0.1932;-0.3225;-0.0565;0.7617;0.2787;0.0064;0.6409;-0.0342",679.594736842105,630.217619321243,1741.37461658621,0.255681704184882,-49.3771175208619,-172.862279719307,71.1651576746027,63.5386925920005,81.2332443597693
551,"natalia_oliveira_2023",13,"[43] Rao et al. 2013; [13] Chetta et al. 2006; [09] Camarri et al. 2006; [10] Camarri et al. 2006; [55] Almeida et al. 2019; [34] Dourado, Vidotto, Guerra 2011; [27] Alameri et al. 2009; [06] Gibbons et al. 2001; [15] Masmoudi et al. 2008; [40] Britto et al. 2013; [18] Iwama et al. 2009; [54] Almeida et al. 2019; [02] Enright & Sherrill 1998","-0.5197;-0.2513;0.4966;-0.1591;0.1381;-0.256;0.7385;0.4235;-0.1866;-0.1396;-0.137;-0.2328;1.0854",668.315789473684,707.347652764204,1203.622364313,0.240963732458605,39.03186329052,-76.0156946577315,176.722093223234,62.3312540410719,80.0781226157533
552,"natalia_oliveira_2023",24,"[43] Rao et al. 2013; [20] Jenkins et al. 2009; [55] Almeida et al. 2019; [04] Troosters, Gosselink & Decramer 1999; [06] Gibbons et al. 2001; [09] Camarri et al. 2006; [15] Masmoudi et al. 2008; [32] Soares, Pereira 2011; [28] Ben Saad et al. 2009; [18] Iwama et al. 2009; [54] Almeida et al. 2019; [42] Britto et al. 2013; [45] Kim et al. 2014; [07] Enrigth et al. 2003; [58] Delbressine et al. 2023; [40] Britto et al. 2013; [13] Chetta et al. 2006; [47] Nusdwinuringtyas et al, 2014; [48] Fernandes et al. 2016; [27] Alameri et al. 2009; [02] Enright & Sherrill 1998; [50] Zou et al. 2017; [30] Osses et al. 2010; [10] Camarri et al. 2006","-0.2394;-0.0593;0.1654;0.1596;-0.4995;0.3584;-0.1077;-0.2425;0.7666;0.2408;-0.3117;0.2563;0.3057;0.0335;-0.0097;-0.3047;-0.6083;0.3541;0.1888;0.6955;0.719;-0.289;-0.0283;-0.5435",672.026315789474,541.131970796893,1770.80105584423,0.250985672153714,-130.894344992581,-253.984943879859,1.20763309325369,132.90413835332,147.654951537067
553,"natalia_oliveira_2023",7,"[37] Hill et al. 2011; [26] Jenkins et al. 2009; [42] Britto et al. 2013; [50] Zou et al. 2017; [15] Masmoudi et al. 2008; [13] Chetta et al. 2006; [04] Troosters, Gosselink & Decramer 1999","0.2912;0.1688;0.2801;0.1705;-0.4514;0.0823;0.4585",672.652631578947,761.198064807921,1625.42082978926,0.373352093684015,88.545433228974,-24.7374693054009,212.373017605024,93.8520805543427,107.120941790176
554,"natalia_oliveira_2023",6,"[07] Enrigth et al. 2003; [55] Almeida et al. 2019; [02] Enright & Sherrill 1998; [42] Britto et al. 2013; [04] Troosters, Gosselink & Decramer 1999; [32] Soares, Pereira 2011","-0.2882;0.3385;0.302;0.3487;0.3692;-0.0702",670.684210526316,732.191022224002,1462.8859035408,0.189841374215718,61.506811697686,-58.8194443211814,190.515123146023,75.7172829465101,92.3910038546103
555,"natalia_oliveira_2023",9,"[45] Kim et al. 2014; [07] Enrigth et al. 2003; [43] Rao et al. 2013; [04] Troosters, Gosselink & Decramer 1999; [09] Camarri et al. 2006; [06] Gibbons et al. 2001; [15] Masmoudi et al. 2008; [28] Ben Saad et al. 2009; [34] Dourado, Vidotto, Guerra 2011","0.4188;0.2496;-0.0369;0.0291;0.1302;-0.3215;-0.0868;0.372;0.2454",681.41052631579,663.413538203421,2279.22612489014,0.333196538474915,-17.9969881123682,-139.018642281451,99.0573486297955,50.6861438486867,67.0726830004268
556,"natalia_oliveira_2023",16,"[20] Jenkins et al. 2009; [28] Ben Saad et al. 2009; [34] Dourado, Vidotto, Guerra 2011; [18] Iwama et al. 2009; [13] Chetta et al. 2006; [07] Enrigth et al. 2003; [04] Troosters, Gosselink & Decramer 1999; [43] Rao et al. 2013; [06] Gibbons et al. 2001; [10] Camarri et al. 2006; [50] Zou et al. 2017; [40] Britto et al. 2013; [47] Nusdwinuringtyas et al, 2014; [30] Osses et al. 2010; [45] Kim et al. 2014; [02] Enright & Sherrill 1998","-0.0141;0.4773;0.0505;0.3619;-0.4343;-0.055;0.1802;-0.0697;-0.3823;-0.1353;-0.0538;-0.3877;0.4831;-0.0362;0.5122;0.5031",673.457894736842,637.22359878076,1246.9008961641,0.234646499145834,-36.234295956082,-170.003142568396,78.5888282870711,57.5910612001719,69.6025873626802
557,"natalia_oliveira_2023",20,"[45] Kim et al. 2014; [55] Almeida et al. 2019; [09] Camarri et al. 2006; [26] Jenkins et al. 2009; [42] Britto et al. 2013; [32] Soares, Pereira 2011; [34] Dourado, Vidotto, Guerra 2011; [40] Britto et al. 2013; [54] Almeida et al. 2019; [13] Chetta et al. 2006; [43] Rao et al. 2013; [28] Ben Saad et al. 2009; [10] Camarri et al. 2006; [18] Iwama et al. 2009; [06] Gibbons et al. 2001; [04] Troosters, Gosselink & Decramer 1999; [58] Delbressine et al. 2023; [47] Nusdwinuringtyas et al, 2014; [27] Alameri et al. 2009; [37] Hill et al. 2011","0.1829;0.1628;0.2037;-0.0057;0.1692;-0.1857;0.1685;-0.1962;-0.1331;-0.6034;-0.2623;0.7015;-0.5128;0.3531;-0.4505;0.1895;0.108;0.2362;0.5369;0.3374",677.805263157895,658.301479624407,1746.21707514344,0.204057680782285,-19.5037835334874,-132.184412021866,126.858911344403,54.3172049353771,70.821035146173
558,"natalia_oliveira_2023",27,"[30] Osses et al. 2010; [50] Zou et al. 2017; [58] Delbressine et al. 2023; [09] Camarri et al. 2006; [42] Britto et al. 2013; [32] Soares, Pereira 2011; [37] Hill et al. 2011; [15] Masmoudi et al. 2008; [02] Enright & Sherrill 1998; [27] Alameri et al. 2009; [04] Troosters, Gosselink & Decramer 1999; [13] Chetta et al. 2006; [40] Britto et al. 2013; [48] Fernandes et al. 2016; [06] Gibbons et al. 2001; [47] Nusdwinuringtyas et al, 2014; [10] Camarri et al. 2006; [54] Almeida et al. 2019; [28] Ben Saad et al. 2009; [43] Rao et al. 2013; [26] Jenkins et al. 2009; [18] Iwama et al. 2009; [07] Enrigth et al. 2003; [34] Dourado, Vidotto, Guerra 2011; [20] Jenkins et al. 2009; [45] Kim et al. 2014; [55] Almeida et al. 2019","-0.0731;-0.2879;-0.0282;0.2479;0.1161;-0.3175;0.1564;-0.116;0.8693;0.7259;0.2707;-0.5845;-0.3653;0.1421;-0.4583;0.482;-0.4833;-0.3182;0.7153;-0.2496;-0.0391;0.1973;0.0223;0.0227;-0.0843;0.3323;0.105",677.615789473684,578.166610156632,1689.94810747249,0.201123953147736,-99.4491793170523,-226.237515817311,36.6567180571134,106.388300039089,123.159945947215
559,"natalia_oliveira_2023",25,"[27] Alameri et al. 2009; [42] Britto et al. 2013; [37] Hill et al. 2011; [07] Enrigth et al. 2003; [04] Troosters, Gosselink & Decramer 1999; [58] Delbressine et al. 2023; [32] Soares, Pereira 2011; [15] Masmoudi et al. 2008; [02] Enright & Sherrill 1998; [40] Britto et al. 2013; [55] Almeida et al. 2019; [43] Rao et al. 2013; [54] Almeida et al. 2019; [26] Jenkins et al. 2009; [06] Gibbons et al. 2001; [10] Camarri et al. 2006; [28] Ben Saad et al. 2009; [30] Osses et al. 2010; [45] Kim et al. 2014; [13] Chetta et al. 2006; [20] Jenkins et al. 2009; [34] Dourado, Vidotto, Guerra 2011; [18] Iwama et al. 2009; [50] Zou et al. 2017; [09] Camarri et al. 2006","0.7594;0.1242;0.2865;0.0034;0.0404;-0.0651;-0.2919;-0.1945;0.8868;-0.2969;0.1054;-0.1681;-0.2092;-0.1335;-0.3996;-0.4059;0.7895;-0.0519;0.4055;-0.5143;-0.1181;0.0025;0.3103;-0.1991;0.3341",679.084210526316,609.825985550537,1704.59783633194,0.232068549652416,-69.2582249757787,-201.105173694127,57.4627194743523,81.2890864317517,99.7926207222123
560,"natalia_oliveira_2023",20,"[20] Jenkins et al. 2009; [30] Osses et al. 2010; [43] Rao et al. 2013; [09] Camarri et al. 2006; [27] Alameri et al. 2009; [10] Camarri et al. 2006; [07] Enrigth et al. 2003; [26] Jenkins et al. 2009; [55] Almeida et al. 2019; [18] Iwama et al. 2009; [58] Delbressine et al. 2023; [42] Britto et al. 2013; [02] Enright & Sherrill 1998; [13] Chetta et al. 2006; [34] Dourado, Vidotto, Guerra 2011; [47] Nusdwinuringtyas et al, 2014; [28] Ben Saad et al. 2009; [15] Masmoudi et al. 2008; [06] Gibbons et al. 2001; [48] Fernandes et al. 2016","-0.1839;-0.1157;-0.1634;0.3043;0.7344;-0.458;0.1443;-0.1804;0.0453;0.1881;0.0326;0.1358;0.7027;-0.5289;-0.1061;0.2209;0.7492;-0.0795;-0.5803;0.1387",668.242105263158,485.717867075604,2549.30224376935,0.220960257332664,-182.524238187554,-345.266153057927,-32.8596088065786,183.959518835384,198.926359884571
561,"natalia_oliveira_2023",16,"[54] Almeida et al. 2019; [47] Nusdwinuringtyas et al, 2014; [37] Hill et al. 2011; [30] Osses et al. 2010; [34] Dourado, Vidotto, Guerra 2011; [18] Iwama et al. 2009; [27] Alameri et al. 2009; [28] Ben Saad et al. 2009; [48] Fernandes et al. 2016; [02] Enright & Sherrill 1998; [10] Camarri et al. 2006; [15] Masmoudi et al. 2008; [07] Enrigth et al. 2003; [43] Rao et al. 2013; [50] Zou et al. 2017; [06] Gibbons et al. 2001","-0.4626;0.4868;0.032;-0.0862;0.0393;0.1339;0.9259;0.6452;0.066;0.7321;-0.4097;-0.0694;0.021;-0.2194;-0.2062;-0.6288",674.178947368421,450.516730749156,1844.97308550715,0.187999114338803,-223.662216619265,-361.094413073333,-98.6803930279834,223.828975908429,235.938935059796
562,"natalia_oliveira_2023",1,"[47] Nusdwinuringtyas et al, 2014","1",679.042105263158,538.407768421053,961.557154538679,0.03193388307835,-140.634336842105,-302.1606,-13.0069999999999,142.995231578947,160.733755117193
563,"natalia_oliveira_2023",14,"[06] Gibbons et al. 2001; [15] Masmoudi et al. 2008; [30] Osses et al. 2010; [37] Hill et al. 2011; [43] Rao et al. 2013; [13] Chetta et al. 2006; [02] Enright & Sherrill 1998; [28] Ben Saad et al. 2009; [47] Nusdwinuringtyas et al, 2014; [55] Almeida et al. 2019; [50] Zou et al. 2017; [54] Almeida et al. 2019; [26] Jenkins et al. 2009; [48] Fernandes et al. 2016","-0.6085;-0.1562;-0.1037;0.0768;0.0751;-0.507;0.6678;0.5769;0.8655;0.1256;0.1211;-0.4152;-6e-04;0.2822",669.778947368421,546.644381886352,2115.9810096836,0.197861625415458,-123.134565482069,-277.261570546961,3.87666122071391,125.122992076733,145.505376572853
564,"natalia_oliveira_2023",14,"[45] Kim et al. 2014; [40] Britto et al. 2013; [10] Camarri et al. 2006; [02] Enright & Sherrill 1998; [06] Gibbons et al. 2001; [04] Troosters, Gosselink & Decramer 1999; [27] Alameri et al. 2009; [55] Almeida et al. 2019; [13] Chetta et al. 2006; [09] Camarri et al. 2006; [37] Hill et al. 2011; [50] Zou et al. 2017; [20] Jenkins et al. 2009; [54] Almeida et al. 2019","0.1465;-0.1365;-0.1262;0.7624;0.3573;0.2983;0.5611;0.1585;-0.2994;0.4453;0.0213;-0.5678;-0.4157;-0.205",667.026315789474,638.783137530744,1219.31479266897,0.195200111094737,-28.2431782587298,-148.865822982295,101.884426777065,51.2695283230404,69.6988387996945
565,"natalia_oliveira_2023",22,"[02] Enright & Sherrill 1998; [37] Hill et al. 2011; [48] Fernandes et al. 2016; [55] Almeida et al. 2019; [20] Jenkins et al. 2009; [42] Britto et al. 2013; [50] Zou et al. 2017; [07] Enrigth et al. 2003; [40] Britto et al. 2013; [27] Alameri et al. 2009; [58] Delbressine et al. 2023; [54] Almeida et al. 2019; [47] Nusdwinuringtyas et al, 2014; [34] Dourado, Vidotto, Guerra 2011; [04] Troosters, Gosselink & Decramer 1999; [18] Iwama et al. 2009; [15] Masmoudi et al. 2008; [32] Soares, Pereira 2011; [28] Ben Saad et al. 2009; [13] Chetta et al. 2006; [26] Jenkins et al. 2009; [06] Gibbons et al. 2001","0.5763;0.1858;0.1909;0.1063;-0.0737;0.1232;-0.1775;0.0335;-0.3589;0.6455;-0.0311;-0.2399;0.3327;0.0073;0.1306;0.2408;-0.1179;-0.1949;0.6659;-0.5024;-0.0802;-0.4623",673.457894736842,561.230349717081,1795.84708370674,0.277972016782494,-112.227545019761,-257.272136152243,7.13525937980444,115.109099730552,134.974021201196
566,"natalia_oliveira_2023",1,"[28] Ben Saad et al. 2009","1",668.963157894737,742.947710526316,8553.83561325438,0.192044111487698,73.984552631579,-104.2375,278.37425,95.6060263157895,120.587650332183
567,"natalia_oliveira_2023",21,"[55] Almeida et al. 2019; [32] Soares, Pereira 2011; [58] Delbressine et al. 2023; [10] Camarri et al. 2006; [27] Alameri et al. 2009; [15] Masmoudi et al. 2008; [02] Enright & Sherrill 1998; [28] Ben Saad et al. 2009; [48] Fernandes et al. 2016; [20] Jenkins et al. 2009; [43] Rao et al. 2013; [26] Jenkins et al. 2009; [37] Hill et al. 2011; [42] Britto et al. 2013; [13] Chetta et al. 2006; [07] Enrigth et al. 2003; [45] Kim et al. 2014; [30] Osses et al. 2010; [54] Almeida et al. 2019; [47] Nusdwinuringtyas et al, 2014; [34] Dourado, Vidotto, Guerra 2011","0.0886;-0.1711;-0.1065;-0.4261;0.7108;-0.1704;0.7651;0.6606;0.1665;-0.0407;-0.1264;-0.0082;0.0934;0.1577;-0.6559;-0.0746;0.4129;-0.0395;-0.5247;0.174;0.1146",684.431578947368,562.322889837387,1674.38546374376,0.324521869950199,-122.108689109981,-295.234104296823,-4.02185742587187,123.685769632468,140.242342692453
568,"natalia_oliveira_2023",15,"[07] Enrigth et al. 2003; [20] Jenkins et al. 2009; [54] Almeida et al. 2019; [47] Nusdwinuringtyas et al, 2014; [06] Gibbons et al. 2001; [09] Camarri et al. 2006; [18] Iwama et al. 2009; [40] Britto et al. 2013; [15] Masmoudi et al. 2008; [48] Fernandes et al. 2016; [13] Chetta et al. 2006; [02] Enright & Sherrill 1998; [26] Jenkins et al. 2009; [42] Britto et al. 2013; [50] Zou et al. 2017","-0.0688;-0.0869;-0.0526;0.5578;-0.1382;0.6497;-0.1276;-0.2374;-0.1289;-0.2022;-0.3628;1.0452;0.0805;0.306;-0.2339",677.073684210526,686.026835644233,1478.20530560387,0.353331933704016,8.95315143370667,-122.404334368199,142.194071243274,52.3314459928227,66.9140532851747
569,"natalia_oliveira_2023",5,"[42] Britto et al. 2013; [06] Gibbons et al. 2001; [20] Jenkins et al. 2009; [48] Fernandes et al. 2016; [07] Enrigth et al. 2003","0.2733;0.2344;0.1388;0.1438;0.2097",677.857894736842,644.727010213479,1374.37069521515,0.234955861661553,-33.1308845233633,-156.50013015651,68.0310422945517,53.6843710590887,73.2338832514037
570,"natalia_oliveira_2023",16,"[43] Rao et al. 2013; [47] Nusdwinuringtyas et al, 2014; [02] Enright & Sherrill 1998; [10] Camarri et al. 2006; [28] Ben Saad et al. 2009; [06] Gibbons et al. 2001; [40] Britto et al. 2013; [09] Camarri et al. 2006; [07] Enrigth et al. 2003; [13] Chetta et al. 2006; [45] Kim et al. 2014; [48] Fernandes et al. 2016; [27] Alameri et al. 2009; [55] Almeida et al. 2019; [26] Jenkins et al. 2009; [18] Iwama et al. 2009","-0.21;0.3101;0.7006;-0.5531;0.6983;-0.4307;-0.3395;0.3519;0.0758;-0.5114;0.2544;0.0983;0.5374;0.0727;-0.1862;0.1313",686.489473684211,550.474595336238,1487.76973044619,0.222363942496571,-136.014878347972,-257.506775961649,-15.0107688434086,136.744588387611,151.270834276687
571,"natalia_oliveira_2023",20,"[04] Troosters, Gosselink & Decramer 1999; [40] Britto et al. 2013; [30] Osses et al. 2010; [13] Chetta et al. 2006; [06] Gibbons et al. 2001; [07] Enrigth et al. 2003; [47] Nusdwinuringtyas et al, 2014; [10] Camarri et al. 2006; [20] Jenkins et al. 2009; [58] Delbressine et al. 2023; [28] Ben Saad et al. 2009; [15] Masmoudi et al. 2008; [37] Hill et al. 2011; [32] Soares, Pereira 2011; [55] Almeida et al. 2019; [26] Jenkins et al. 2009; [48] Fernandes et al. 2016; [09] Camarri et al. 2006; [54] Almeida et al. 2019; [02] Enright & Sherrill 1998","0.1358;-0.1072;0.0223;-0.3569;-0.2783;-0.0513;0.4299;-0.1409;0.051;-0.0265;0.1692;-0.0325;-0.0762;-0.0368;0.2014;0.0977;0.1643;0.3652;0.0295;0.4404",679.3,629.512024736745,1456.13009447057,0.173282499103465,-49.7879752632549,-188.108615167478,74.184474659376,67.1595011743194,84.9322184135925
572,"natalia_oliveira_2023",26,"[58] Delbressine et al. 2023; [20] Jenkins et al. 2009; [13] Chetta et al. 2006; [32] Soares, Pereira 2011; [54] Almeida et al. 2019; [30] Osses et al. 2010; [50] Zou et al. 2017; [43] Rao et al. 2013; [04] Troosters, Gosselink & Decramer 1999; [28] Ben Saad et al. 2009; [06] Gibbons et al. 2001; [26] Jenkins et al. 2009; [09] Camarri et al. 2006; [55] Almeida et al. 2019; [10] Camarri et al. 2006; [42] Britto et al. 2013; [45] Kim et al. 2014; [18] Iwama et al. 2009; [07] Enrigth et al. 2003; [40] Britto et al. 2013; [47] Nusdwinuringtyas et al, 2014; [15] Masmoudi et al. 2008; [27] Alameri et al. 2009; [34] Dourado, Vidotto, Guerra 2011; [48] Fernandes et al. 2016; [37] Hill et al. 2011","0.0448;0.0246;-0.5412;-0.2255;-0.2305;0.0741;-0.268;-0.2058;0.2399;0.7297;-0.433;0.0332;0.1624;0.1155;-0.3946;0.1891;0.1894;0.332;0.0695;-0.246;0.2416;-0.0487;0.4852;0.142;0.289;0.2312",675.31052631579,618.39487927747,1767.37469104363,0.23214137248256,-56.9156470383194,-180.954401947646,48.1260676603203,66.0794899522832,86.2391476244917
573,"natalia_oliveira_2023",4,"[45] Kim et al. 2014; [58] Delbressine et al. 2023; [13] Chetta et al. 2006; [18] Iwama et al. 2009","0.4791;0.483;-0.0362;0.074",674.463157894737,648.854980299141,1132.72813956756,0.151583213321636,-25.6081775955959,-174.327581850726,122.367563585772,63.3436031525467,84.0796439863805
574,"natalia_oliveira_2023",9,"[48] Fernandes et al. 2016; [42] Britto et al. 2013; [18] Iwama et al. 2009; [26] Jenkins et al. 2009; [28] Ben Saad et al. 2009; [32] Soares, Pereira 2011; [07] Enrigth et al. 2003; [20] Jenkins et al. 2009; [09] Camarri et al. 2006","0.0405;0.3128;0.0963;0.2202;0.1059;0.0905;-0.1325;0.177;0.0894",674.273684210526,670.578202900482,1401.59736568793,0.253041274332682,-3.69548131004416,-129.721562738366,119.294380732052,49.4748133241818,63.8654181397179
575,"natalia_oliveira_2023",6,"[48] Fernandes et al. 2016; [04] Troosters, Gosselink & Decramer 1999; [58] Delbressine et al. 2023; [27] Alameri et al. 2009; [42] Britto et al. 2013; [28] Ben Saad et al. 2009","0.0494;0.1721;-0.0149;0.3502;0.1493;0.294",672.494736842105,629.121873075917,2334.85441576785,0.271781953842716,-43.3728637661883,-191.128108886375,74.8946799091457,61.2813344435235,82.1985238428703
576,"natalia_oliveira_2023",14,"[34] Dourado, Vidotto, Guerra 2011; [13] Chetta et al. 2006; [10] Camarri et al. 2006; [20] Jenkins et al. 2009; [45] Kim et al. 2014; [48] Fernandes et al. 2016; [28] Ben Saad et al. 2009; [27] Alameri et al. 2009; [47] Nusdwinuringtyas et al, 2014; [15] Masmoudi et al. 2008; [58] Delbressine et al. 2023; [18] Iwama et al. 2009; [26] Jenkins et al. 2009; [30] Osses et al. 2010","0.0702;-0.6744;-0.6174;-0.0309;0.3481;0.1898;0.7392;0.6156;-0.1106;0.0506;0.1758;0.2165;-0.0308;0.0584",682.263157894737,533.994101728827,1768.52905356941,0.247154755106556,-148.26905616591,-298.02299687401,-27.5988601545266,150.11418242898,165.134749013894
577,"natalia_oliveira_2023",21,"[20] Jenkins et al. 2009; [27] Alameri et al. 2009; [32] Soares, Pereira 2011; [58] Delbressine et al. 2023; [54] Almeida et al. 2019; [42] Britto et al. 2013; [26] Jenkins et al. 2009; [07] Enrigth et al. 2003; [10] Camarri et al. 2006; [18] Iwama et al. 2009; [30] Osses et al. 2010; [48] Fernandes et al. 2016; [55] Almeida et al. 2019; [50] Zou et al. 2017; [47] Nusdwinuringtyas et al, 2014; [02] Enright & Sherrill 1998; [28] Ben Saad et al. 2009; [34] Dourado, Vidotto, Guerra 2011; [45] Kim et al. 2014; [40] Britto et al. 2013; [04] Troosters, Gosselink & Decramer 1999","0.0067;0.6572;-0.244;-0.1313;-0.3296;0.1493;0.0603;-0.1374;-0.4117;0.0911;-0.0367;0.0307;0.1167;-0.3558;0.1229;0.7616;0.5053;0.1578;0.2965;-0.4492;0.1395",676.91052631579,566.741278508226,1508.26210414074,0.242527710144272,-110.169247807564,-248.392239497735,-7.4236196836204,111.723452808932,126.949005757253
578,"natalia_oliveira_2023",21,"[37] Hill et al. 2011; [06] Gibbons et al. 2001; [32] Soares, Pereira 2011; [15] Masmoudi et al. 2008; [47] Nusdwinuringtyas et al, 2014; [45] Kim et al. 2014; [02] Enright & Sherrill 1998; [18] Iwama et al. 2009; [58] Delbressine et al. 2023; [04] Troosters, Gosselink & Decramer 1999; [27] Alameri et al. 2009; [07] Enrigth et al. 2003; [48] Fernandes et al. 2016; [50] Zou et al. 2017; [42] Britto et al. 2013; [55] Almeida et al. 2019; [43] Rao et al. 2013; [26] Jenkins et al. 2009; [13] Chetta et al. 2006; [10] Camarri et al. 2006; [34] Dourado, Vidotto, Guerra 2011","0.1228;-0.0425;-0.3704;-0.0752;0.6595;0.2512;0.664;-0.0991;-0.0256;0.6212;0.5961;0.0672;-0.1407;-0.3041;0.162;0.0989;-0.3573;-0.0856;-0.3972;-0.1761;-0.1693",677.41052631579,703.949833306227,1154.24538731445,0.176529520550834,26.5393069904376,-85.2466543705217,153.652365331074,56.7547032094382,73.8798157322999
579,"natalia_oliveira_2023",7,"[45] Kim et al. 2014; [43] Rao et al. 2013; [06] Gibbons et al. 2001; [13] Chetta et al. 2006; [37] Hill et al. 2011; [30] Osses et al. 2010; [27] Alameri et al. 2009","0.1941;-0.4802;0.2729;-0.1946;0.5312;0.1313;0.5453",674.510526315789,759.251935602198,813.709594786218,0.231270108404361,84.7414092864088,-48.423450117823,228.948153183415,98.1580559940134,113.750247922431
580,"natalia_oliveira_2023",25,"[06] Gibbons et al. 2001; [15] Masmoudi et al. 2008; [32] Soares, Pereira 2011; [27] Alameri et al. 2009; [40] Britto et al. 2013; [10] Camarri et al. 2006; [58] Delbressine et al. 2023; [09] Camarri et al. 2006; [54] Almeida et al. 2019; [20] Jenkins et al. 2009; [48] Fernandes et al. 2016; [28] Ben Saad et al. 2009; [55] Almeida et al. 2019; [43] Rao et al. 2013; [02] Enright & Sherrill 1998; [13] Chetta et al. 2006; [30] Osses et al. 2010; [26] Jenkins et al. 2009; [07] Enrigth et al. 2003; [18] Iwama et al. 2009; [42] Britto et al. 2013; [47] Nusdwinuringtyas et al, 2014; [50] Zou et al. 2017; [04] Troosters, Gosselink & Decramer 1999; [34] Dourado, Vidotto, Guerra 2011","-0.5391;-0.0979;-0.2261;0.7525;-0.3455;-0.4489;0.0037;0.2379;-0.3099;-0.0746;0.2626;0.7912;0.0708;-0.1137;0.7621;-0.5303;-0.0305;-0.0807;0.0693;0.3184;0.0857;0.424;-0.1557;0.1632;0.0113",674.378947368421,482.413693158493,2109.17614004593,0.232554781938867,-191.965254209928,-344.778225148915,-30.9819176324803,192.484589269398,206.009883244557
581,"natalia_oliveira_2023",9,"[06] Gibbons et al. 2001; [40] Britto et al. 2013; [34] Dourado, Vidotto, Guerra 2011; [55] Almeida et al. 2019; [20] Jenkins et al. 2009; [32] Soares, Pereira 2011; [13] Chetta et al. 2006; [58] Delbressine et al. 2023; [27] Alameri et al. 2009","0.4229;-0.0711;0.1936;0.1974;0.1039;-0.4776;-0.3625;0.5177;0.4758",668.721052631579,681.298260540172,756.114605630501,0.189993727532692,12.5772079085928,-117.849000890672,152.94833958305,52.706345032795,69.5770878552661
582,"natalia_oliveira_2023",4,"[09] Camarri et al. 2006; [30] Osses et al. 2010; [10] Camarri et al. 2006; [47] Nusdwinuringtyas et al, 2014","0.2545;0.4677;-0.0942;0.3721",679.563157894737,618.733515091653,647.46219632543,0.158609404336399,-60.8296428030838,-215.029969806284,77.7655363031179,74.6571760502646,94.7465610158996
583,"natalia_oliveira_2023",5,"[54] Almeida et al. 2019; [37] Hill et al. 2011; [32] Soares, Pereira 2011; [09] Camarri et al. 2006; [04] Troosters, Gosselink & Decramer 1999","0.3533;0.1467;-0.199;0.3865;0.3125",674.173684210526,738.276035461747,1673.82732948097,0.179001958973966,64.1023512512205,-49.0185350805664,198.23764873417,75.813265885793,93.8945695285086
584,"natalia_oliveira_2023",13,"[28] Ben Saad et al. 2009; [18] Iwama et al. 2009; [13] Chetta et al. 2006; [32] Soares, Pereira 2011; [34] Dourado, Vidotto, Guerra 2011; [26] Jenkins et al. 2009; [43] Rao et al. 2013; [37] Hill et al. 2011; [47] Nusdwinuringtyas et al, 2014; [02] Enright & Sherrill 1998; [50] Zou et al. 2017; [40] Britto et al. 2013; [09] Camarri et al. 2006","0.4675;0.3875;-0.6735;-0.2232;0.0827;-0.0348;-0.0476;0.0887;0.4687;0.7038;-0.0761;-0.5748;0.4311",675.284210526316,713.238452906777,2077.21023428073,0.250530321618646,37.9542423804608,-106.965415580587,164.491831265053,62.9372126539898,81.1496343563812
585,"natalia_oliveira_2023",26,"[04] Troosters, Gosselink & Decramer 1999; [26] Jenkins et al. 2009; [06] Gibbons et al. 2001; [50] Zou et al. 2017; [13] Chetta et al. 2006; [42] Britto et al. 2013; [28] Ben Saad et al. 2009; [47] Nusdwinuringtyas et al, 2014; [07] Enrigth et al. 2003; [58] Delbressine et al. 2023; [40] Britto et al. 2013; [37] Hill et al. 2011; [02] Enright & Sherrill 1998; [10] Camarri et al. 2006; [45] Kim et al. 2014; [09] Camarri et al. 2006; [55] Almeida et al. 2019; [43] Rao et al. 2013; [30] Osses et al. 2010; [54] Almeida et al. 2019; [27] Alameri et al. 2009; [34] Dourado, Vidotto, Guerra 2011; [48] Fernandes et al. 2016; [15] Masmoudi et al. 2008; [32] Soares, Pereira 2011; [20] Jenkins et al. 2009","-0.0535;-0.0513;-0.5149;-0.1443;-0.564;0.1535;0.864;0.2738;-0.049;-0.0863;-0.4236;0.2569;0.8998;-0.4928;0.3308;0.3299;0.1118;-0.1105;0.0116;-0.3498;0.6072;0.1011;0.3233;-0.1928;-0.1991;-0.0317",680.357894736842,562.974404276588,1454.20705153883,0.267401141987626,-117.383490460254,-274.466095517885,23.1172985848307,122.22883334868,139.079261343054
586,"natalia_oliveira_2023",24,"[10] Camarri et al. 2006; [55] Almeida et al. 2019; [06] Gibbons et al. 2001; [32] Soares, Pereira 2011; [54] Almeida et al. 2019; [02] Enright & Sherrill 1998; [15] Masmoudi et al. 2008; [18] Iwama et al. 2009; [58] Delbressine et al. 2023; [34] Dourado, Vidotto, Guerra 2011; [27] Alameri et al. 2009; [09] Camarri et al. 2006; [48] Fernandes et al. 2016; [47] Nusdwinuringtyas et al, 2014; [30] Osses et al. 2010; [13] Chetta et al. 2006; [26] Jenkins et al. 2009; [50] Zou et al. 2017; [07] Enrigth et al. 2003; [42] Britto et al. 2013; [28] Ben Saad et al. 2009; [43] Rao et al. 2013; [20] Jenkins et al. 2009; [04] Troosters, Gosselink & Decramer 1999","-0.3678;0.1119;-0.4518;-0.2583;-0.3918;0.8415;-0.1485;0.1953;-0.0496;0.0084;0.7392;0.3816;0.1462;0.365;-0.0806;-0.5184;-0.0755;-0.1588;0.0127;0.1725;0.5964;-0.1592;-0.1029;0.1922",674.88947368421,524.886544968506,1573.92900765665,0.257157273010212,-150.002928715705,-277.365372169558,-26.0372633701793,150.427079183973,164.470986565709
587,"natalia_oliveira_2023",1,"[45] Kim et al. 2014","1",679.557894736842,601.693789473684,621.145500907827,0.112936226801641,-77.8641052631578,-323.01,43.3345,88.1871578947368,112.69760364986
588,"natalia_oliveira_2023",15,"[43] Rao et al. 2013; [55] Almeida et al. 2019; [34] Dourado, Vidotto, Guerra 2011; [04] Troosters, Gosselink & Decramer 1999; [20] Jenkins et al. 2009; [28] Ben Saad et al. 2009; [09] Camarri et al. 2006; [45] Kim et al. 2014; [06] Gibbons et al. 2001; [48] Fernandes et al. 2016; [26] Jenkins et al. 2009; [10] Camarri et al. 2006; [13] Chetta et al. 2006; [32] Soares, Pereira 2011; [18] Iwama et al. 2009","-0.0967;0.1299;0.1389;0.1977;-0.0281;0.7709;0.3368;0.4306;-0.445;0.3819;-0.0419;-0.5094;-0.5037;-0.2002;0.4384",666.594736842105,609.988795075876,1953.05815031701,0.176073473728937,-56.6059417662293,-184.733901106564,64.7550729958653,74.0133130091897,94.0501986414044
589,"natalia_oliveira_2023",4,"[04] Troosters, Gosselink & Decramer 1999; [18] Iwama et al. 2009; [13] Chetta et al. 2006; [34] Dourado, Vidotto, Guerra 2011","0.5198;0.5259;0.0736;-0.1192",679.473684210526,679.64625966341,1584.95466451412,0.241501657025053,0.172575452884097,-129.567148433581,128.027296433549,56.1929130961152,73.0373591458613
590,"natalia_oliveira_2023",5,"[10] Camarri et al. 2006; [30] Osses et al. 2010; [50] Zou et al. 2017; [55] Almeida et al. 2019; [20] Jenkins et al. 2009","0.2122;0.2446;0.1598;0.3119;0.0714",669.368421052632,701.615437556783,1261.37128848961,0.243776964402968,32.247016504151,-101.428594117306,185.49994221974,63.104185102171,79.9442399694346
591,"natalia_oliveira_2023",6,"[47] Nusdwinuringtyas et al, 2014; [07] Enrigth et al. 2003; [15] Masmoudi et al. 2008; [27] Alameri et al. 2009; [42] Britto et al. 2013; [40] Britto et al. 2013","0.3057;0.3627;0.1441;0.1642;0.1156;-0.0923",677.878947368421,580.190195380563,982.570857504072,0.192409290632864,-97.6887519878582,-231.159996329784,45.350167079292,106.288381336006,125.416216930024
592,"natalia_oliveira_2023",21,"[43] Rao et al. 2013; [47] Nusdwinuringtyas et al, 2014; [40] Britto et al. 2013; [18] Iwama et al. 2009; [26] Jenkins et al. 2009; [27] Alameri et al. 2009; [42] Britto et al. 2013; [15] Masmoudi et al. 2008; [54] Almeida et al. 2019; [13] Chetta et al. 2006; [06] Gibbons et al. 2001; [09] Camarri et al. 2006; [20] Jenkins et al. 2009; [34] Dourado, Vidotto, Guerra 2011; [07] Enrigth et al. 2003; [30] Osses et al. 2010; [10] Camarri et al. 2006; [48] Fernandes et al. 2016; [28] Ben Saad et al. 2009; [04] Troosters, Gosselink & Decramer 1999; [50] Zou et al. 2017","-0.169;0.15;-0.1448;0.23;0.0075;0.5041;0.3352;-0.0171;-0.1259;-0.4935;-0.4107;0.2781;0.0318;0.1894;0.1229;0.1087;-0.3923;0.1877;0.5602;0.2713;-0.2236",675.489473684211,580.192153915902,1898.21223845981,0.40565944618477,-95.2973197683084,-218.714750751294,16.3780066153591,97.7852674575764,112.815942757989
593,"natalia_oliveira_2023",7,"[42] Britto et al. 2013; [47] Nusdwinuringtyas et al, 2014; [55] Almeida et al. 2019; [06] Gibbons et al. 2001; [54] Almeida et al. 2019; [28] Ben Saad et al. 2009; [09] Camarri et al. 2006","0.3218;0.1448;0.2592;-0.3437;0.1667;0.242;0.2092",672.957894736842,648.957518438715,1512.08779882579,0.221815573228962,-24.0003762981276,-142.938666193969,95.5714975539296,53.6395727674674,71.5051187542534
594,"natalia_oliveira_2023",17,"[43] Rao et al. 2013; [45] Kim et al. 2014; [30] Osses et al. 2010; [34] Dourado, Vidotto, Guerra 2011; [54] Almeida et al. 2019; [07] Enrigth et al. 2003; [42] Britto et al. 2013; [04] Troosters, Gosselink & Decramer 1999; [37] Hill et al. 2011; [47] Nusdwinuringtyas et al, 2014; [10] Camarri et al. 2006; [20] Jenkins et al. 2009; [50] Zou et al. 2017; [58] Delbressine et al. 2023; [13] Chetta et al. 2006; [28] Ben Saad et al. 2009; [55] Almeida et al. 2019","-0.0254;0.7601;0.0891;0.2627;-0.4209;0.0331;0.1398;0.1724;0.2986;0.497;-0.6183;0.0835;-0.0999;-0.0105;-0.8847;0.604;0.1193",671.121052631579,678.456161404899,2224.18958593942,0.282772425660233,7.33510877332041,-169.680733532836,126.84816498881,56.2290324123158,71.3653788272252
595,"natalia_oliveira_2023",5,"[13] Chetta et al. 2006; [28] Ben Saad et al. 2009; [10] Camarri et al. 2006; [45] Kim et al. 2014; [02] Enright & Sherrill 1998","-0.2101;0.2361;0.1059;0.606;0.262",670.142105263158,676.671940656818,1258.15122766048,0.120263382712621,6.52983539365967,-118.986987508796,148.37262407757,56.0609166964249,73.3948560152812
596,"natalia_oliveira_2023",18,"[27] Alameri et al. 2009; [54] Almeida et al. 2019; [37] Hill et al. 2011; [50] Zou et al. 2017; [28] Ben Saad et al. 2009; [18] Iwama et al. 2009; [48] Fernandes et al. 2016; [34] Dourado, Vidotto, Guerra 2011; [30] Osses et al. 2010; [02] Enright & Sherrill 1998; [06] Gibbons et al. 2001; [04] Troosters, Gosselink & Decramer 1999; [47] Nusdwinuringtyas et al, 2014; [45] Kim et al. 2014; [20] Jenkins et al. 2009; [42] Britto et al. 2013; [40] Britto et al. 2013; [07] Enrigth et al. 2003","0.4703;-0.3293;0.0707;-0.3764;0.6709;0.2358;0.1823;0.0295;-0.072;0.7623;-0.5275;-0.0703;0.3041;0.142;-0.1174;0.1499;-0.3901;-0.1349",686.157894736842,534.809073415927,2028.84308255454,0.242791027120209,-151.348821320915,-298.78491761401,-42.835372752077,151.77874591643,166.85617319517
597,"natalia_oliveira_2023",12,"[58] Delbressine et al. 2023; [30] Osses et al. 2010; [18] Iwama et al. 2009; [37] Hill et al. 2011; [32] Soares, Pereira 2011; [47] Nusdwinuringtyas et al, 2014; [06] Gibbons et al. 2001; [26] Jenkins et al. 2009; [04] Troosters, Gosselink & Decramer 1999; [34] Dourado, Vidotto, Guerra 2011; [13] Chetta et al. 2006; [54] Almeida et al. 2019","0.0423;-0.0482;0.0888;0.3589;-0.5955;1.1297;-0.2213;0.1036;0.814;0.2118;-0.7878;-0.0963",675.636842105263,731.61560248093,1068.83996984998,0.140588647571699,55.978760375667,-87.164375607508,204.650813879141,75.7296280332397,91.3008016892843
598,"natalia_oliveira_2023",23,"[37] Hill et al. 2011; [28] Ben Saad et al. 2009; [04] Troosters, Gosselink & Decramer 1999; [45] Kim et al. 2014; [02] Enright & Sherrill 1998; [27] Alameri et al. 2009; [10] Camarri et al. 2006; [40] Britto et al. 2013; [54] Almeida et al. 2019; [50] Zou et al. 2017; [55] Almeida et al. 2019; [26] Jenkins et al. 2009; [30] Osses et al. 2010; [43] Rao et al. 2013; [13] Chetta et al. 2006; [15] Masmoudi et al. 2008; [42] Britto et al. 2013; [18] Iwama et al. 2009; [20] Jenkins et al. 2009; [48] Fernandes et al. 2016; [34] Dourado, Vidotto, Guerra 2011; [07] Enrigth et al. 2003; [06] Gibbons et al. 2001","0.1746;0.8109;0.1337;0.4853;0.7865;0.9007;-0.3908;-0.3137;-0.2103;-0.1984;0.1033;-0.1855;-0.12;-0.1707;-0.4928;-0.1781;0.1063;0.2361;-0.1737;0.1707;-0.0718;0.0177;-0.4204",672.778947368421,529.104827635684,2156.51542737851,0.233743611330189,-143.674119732737,-274.384476248408,12.8267385809863,147.883819462905,163.216141806455
599,"natalia_oliveira_2023",24,"[34] Dourado, Vidotto, Guerra 2011; [02] Enright & Sherrill 1998; [30] Osses et al. 2010; [58] Delbressine et al. 2023; [40] Britto et al. 2013; [15] Masmoudi et al. 2008; [32] Soares, Pereira 2011; [13] Chetta et al. 2006; [28] Ben Saad et al. 2009; [07] Enrigth et al. 2003; [54] Almeida et al. 2019; [27] Alameri et al. 2009; [18] Iwama et al. 2009; [47] Nusdwinuringtyas et al, 2014; [48] Fernandes et al. 2016; [37] Hill et al. 2011; [50] Zou et al. 2017; [06] Gibbons et al. 2001; [42] Britto et al. 2013; [04] Troosters, Gosselink & Decramer 1999; [45] Kim et al. 2014; [09] Camarri et al. 2006; [55] Almeida et al. 2019; [10] Camarri et al. 2006","-0.0123;0.7219;-0.1079;-0.0452;-0.2587;-0.1392;-0.217;-0.4543;0.4702;0.0137;-0.184;0.581;0.0599;0.1973;0.0131;0.0928;-0.2647;-0.3436;0.2763;0.1963;0.2842;0.27;0.1739;-0.3235",665.063157894737,588.162255977782,1604.98508681513,0.283660840417109,-76.9009019169544,-205.267634259423,53.4703636341652,85.5973228445595,101.33662249765
600,"natalia_oliveira_2023",13,"[32] Soares, Pereira 2011; [06] Gibbons et al. 2001; [47] Nusdwinuringtyas et al, 2014; [43] Rao et al. 2013; [28] Ben Saad et al. 2009; [04] Troosters, Gosselink & Decramer 1999; [34] Dourado, Vidotto, Guerra 2011; [20] Jenkins et al. 2009; [54] Almeida et al. 2019; [09] Camarri et al. 2006; [55] Almeida et al. 2019; [15] Masmoudi et al. 2008; [37] Hill et al. 2011","-0.0846;-0.4643;0.4722;-0.0822;0.2162;0.1763;0.2555;0.089;-0.0746;0.1683;0.1646;-0.0296;0.1933",667.484210526316,682.172503143125,1669.09518081239,0.203016718360722,14.6882926168089,-116.989069464058,132.450830368533,55.4645469700951,70.3924396330828
601,"natalia_oliveira_2023",10,"[15] Masmoudi et al. 2008; [18] Iwama et al. 2009; [40] Britto et al. 2013; [34] Dourado, Vidotto, Guerra 2011; [50] Zou et al. 2017; [32] Soares, Pereira 2011; [09] Camarri et al. 2006; [02] Enright & Sherrill 1998; [10] Camarri et al. 2006; [42] Britto et al. 2013","-0.2124;0.0576;0.0191;0.0426;-0.2989;-0.3214;0.8235;0.6918;0.0605;0.1376",675.663157894737,700.496097549588,1510.14823322313,0.231664251772883,24.8329396548514,-97.9472263263548,125.958119265308,56.8661806166471,70.207382843814
602,"natalia_oliveira_2023",16,"[20] Jenkins et al. 2009; [42] Britto et al. 2013; [47] Nusdwinuringtyas et al, 2014; [06] Gibbons et al. 2001; [34] Dourado, Vidotto, Guerra 2011; [27] Alameri et al. 2009; [02] Enright & Sherrill 1998; [07] Enrigth et al. 2003; [15] Masmoudi et al. 2008; [50] Zou et al. 2017; [37] Hill et al. 2011; [40] Britto et al. 2013; [09] Camarri et al. 2006; [28] Ben Saad et al. 2009; [55] Almeida et al. 2019; [18] Iwama et al. 2009","-0.172;0.1543;0.2127;-0.566;-0.0442;0.4909;0.7756;-0.0659;-0.26;-0.3318;0.2265;-0.4597;0.1822;0.6047;0.0566;0.1961",672.263157894737,614.963358224672,1530.8858787311,0.177130737548768,-57.2997996700645,-225.153352754595,79.8226924955171,73.4297912466632,93.8322555951151
603,"natalia_oliveira_2023",19,"[18] Iwama et al. 2009; [26] Jenkins et al. 2009; [13] Chetta et al. 2006; [37] Hill et al. 2011; [55] Almeida et al. 2019; [48] Fernandes et al. 2016; [43] Rao et al. 2013; [50] Zou et al. 2017; [58] Delbressine et al. 2023; [40] Britto et al. 2013; [02] Enright & Sherrill 1998; [20] Jenkins et al. 2009; [28] Ben Saad et al. 2009; [42] Britto et al. 2013; [15] Masmoudi et al. 2008; [06] Gibbons et al. 2001; [34] Dourado, Vidotto, Guerra 2011; [27] Alameri et al. 2009; [32] Soares, Pereira 2011","0.3349;-0.1214;-0.489;0.2335;0.0805;0.2815;-0.0689;-0.0771;-0.0768;-0.4819;0.654;-0.1348;0.8254;0.1781;-0.1641;-0.5061;-0.0429;0.7955;-0.2204",681.026315789474,562.523734477833,2065.4491068295,0.254424191296132,-118.502581311641,-292.967453503391,21.751803465218,122.014852396152,140.066079495162
604,"natalia_oliveira_2023",24,"[20] Jenkins et al. 2009; [47] Nusdwinuringtyas et al, 2014; [30] Osses et al. 2010; [18] Iwama et al. 2009; [26] Jenkins et al. 2009; [55] Almeida et al. 2019; [07] Enrigth et al. 2003; [32] Soares, Pereira 2011; [02] Enright & Sherrill 1998; [13] Chetta et al. 2006; [37] Hill et al. 2011; [58] Delbressine et al. 2023; [48] Fernandes et al. 2016; [10] Camarri et al. 2006; [42] Britto et al. 2013; [45] Kim et al. 2014; [34] Dourado, Vidotto, Guerra 2011; [54] Almeida et al. 2019; [27] Alameri et al. 2009; [09] Camarri et al. 2006; [43] Rao et al. 2013; [06] Gibbons et al. 2001; [40] Britto et al. 2013; [15] Masmoudi et al. 2008","-0.105;0.5347;-0.1535;-0.1968;-8e-04;0.1737;0.1443;-0.3581;1.0295;-0.3485;0.1579;0.0499;-0.232;-0.0729;0.1443;0.1588;-0.0506;-0.154;0.4692;0.377;-0.4393;0.0187;-0.1133;-0.0332",671.147368421053,724.781674350877,1169.65637408637,0.301313641685126,53.6343059298245,-77.4931582025566,193.435337607558,68.9722891039637,87.3614215136942
605,"natalia_oliveira_2023",11,"[07] Enrigth et al. 2003; [26] Jenkins et al. 2009; [54] Almeida et al. 2019; [40] Britto et al. 2013; [27] Alameri et al. 2009; [09] Camarri et al. 2006; [28] Ben Saad et al. 2009; [20] Jenkins et al. 2009; [34] Dourado, Vidotto, Guerra 2011; [18] Iwama et al. 2009; [13] Chetta et al. 2006","0.3095;-0.0558;-0.2822;-0.2644;0.5975;-0.023;0.6725;0.0286;0.1799;0.6036;-0.7661",666.215789473684,575.017556265177,2005.39890590812,0.225933583340239,-91.1982332085068,-228.299405017333,39.490643531311,97.3150026144285,115.166556186131
606,"natalia_oliveira_2023",25,"[15] Masmoudi et al. 2008; [26] Jenkins et al. 2009; [09] Camarri et al. 2006; [32] Soares, Pereira 2011; [06] Gibbons et al. 2001; [04] Troosters, Gosselink & Decramer 1999; [34] Dourado, Vidotto, Guerra 2011; [37] Hill et al. 2011; [55] Almeida et al. 2019; [07] Enrigth et al. 2003; [02] Enright & Sherrill 1998; [58] Delbressine et al. 2023; [45] Kim et al. 2014; [43] Rao et al. 2013; [30] Osses et al. 2010; [40] Britto et al. 2013; [50] Zou et al. 2017; [27] Alameri et al. 2009; [48] Fernandes et al. 2016; [47] Nusdwinuringtyas et al, 2014; [42] Britto et al. 2013; [10] Camarri et al. 2006; [54] Almeida et al. 2019; [18] Iwama et al. 2009; [20] Jenkins et al. 2009","-0.1469;-0.0722;0.3429;-0.3437;-0.1342;0.4189;-0.0415;0.1594;0.1815;0.0515;0.9095;-0.0489;0.206;-0.4048;-0.1667;-0.1833;-0.3813;0.5432;-0.105;0.4724;0.1233;-0.0915;-0.0914;-0.0561;-0.141",674.347368421053,707.148705657651,1217.98665188942,0.329007656878421,32.8013372365984,-74.8051280882289,148.841093991702,56.6079533842506,73.5396280383512
607,"natalia_oliveira_2023",23,"[47] Nusdwinuringtyas et al, 2014; [18] Iwama et al. 2009; [26] Jenkins et al. 2009; [20] Jenkins et al. 2009; [27] Alameri et al. 2009; [54] Almeida et al. 2019; [32] Soares, Pereira 2011; [34] Dourado, Vidotto, Guerra 2011; [13] Chetta et al. 2006; [28] Ben Saad et al. 2009; [40] Britto et al. 2013; [07] Enrigth et al. 2003; [10] Camarri et al. 2006; [42] Britto et al. 2013; [37] Hill et al. 2011; [50] Zou et al. 2017; [45] Kim et al. 2014; [09] Camarri et al. 2006; [30] Osses et al. 2010; [43] Rao et al. 2013; [06] Gibbons et al. 2001; [55] Almeida et al. 2019; [02] Enright & Sherrill 1998","0.2168;0.1453;-0.0652;-0.0784;0.6388;-0.1858;-0.219;0.0476;-0.4968;0.6058;-0.2411;0.0194;-0.3008;0.2619;0.0875;-0.2343;0.3195;0.2883;-0.0328;-0.2197;-0.4233;0.1284;0.7379",677.215789473684,591.092727469166,1550.63002277637,0.270057942452541,-86.1230620045177,-203.980918266194,54.0871831015476,92.9758894521616,107.518062059819
608,"natalia_oliveira_2023",18,"[47] Nusdwinuringtyas et al, 2014; [45] Kim et al. 2014; [13] Chetta et al. 2006; [48] Fernandes et al. 2016; [58] Delbressine et al. 2023; [55] Almeida et al. 2019; [50] Zou et al. 2017; [27] Alameri et al. 2009; [28] Ben Saad et al. 2009; [26] Jenkins et al. 2009; [15] Masmoudi et al. 2008; [20] Jenkins et al. 2009; [09] Camarri et al. 2006; [02] Enright & Sherrill 1998; [10] Camarri et al. 2006; [07] Enrigth et al. 2003; [18] Iwama et al. 2009; [30] Osses et al. 2010","0.0124;0.2785;-0.5511;0.0054;4e-04;0.1125;-0.1826;0.5114;0.3666;-0.0366;-0.0649;-0.0689;0.3495;0.5636;-0.3216;0.0356;0.0363;-0.0466",671.678947368421,595.323447433106,1177.54633992952,0.286286025772116,-76.3554999353149,-193.600521510111,24.9142404017222,78.9903441072305,94.1202590735315
609,"natalia_oliveira_2023",17,"[10] Camarri et al. 2006; [20] Jenkins et al. 2009; [28] Ben Saad et al. 2009; [30] Osses et al. 2010; [09] Camarri et al. 2006; [27] Alameri et al. 2009; [18] Iwama et al. 2009; [07] Enrigth et al. 2003; [48] Fernandes et al. 2016; [04] Troosters, Gosselink & Decramer 1999; [55] Almeida et al. 2019; [40] Britto et al. 2013; [50] Zou et al. 2017; [54] Almeida et al. 2019; [02] Enright & Sherrill 1998; [32] Soares, Pereira 2011; [06] Gibbons et al. 2001","-0.3673;-0.1111;0.7248;-0.0833;0.3006;0.7213;0.298;-0.1025;0.2419;0.0261;0.0791;-0.3388;-0.207;-0.2559;0.7871;-0.2898;-0.4233",679.094736842105,505.15956294679,1928.58685655551,0.194867789004875,-173.935173895315,-318.483816948703,-50.8396324148096,174.647254878196,188.24695965754
610,"natalia_oliveira_2023",6,"[54] Almeida et al. 2019; [45] Kim et al. 2014; [58] Delbressine et al. 2023; [42] Britto et al. 2013; [47] Nusdwinuringtyas et al, 2014; [30] Osses et al. 2010","-0.0898;0.0477;0.335;0.2232;0.3902;0.0938",669.152631578947,618.967599377096,811.944356510795,0.268294421070215,-50.1850322018513,-176.383660479138,94.8677106164082,68.1422381567867,87.2274247824795
611,"natalia_oliveira_2023",10,"[02] Enright & Sherrill 1998; [43] Rao et al. 2013; [26] Jenkins et al. 2009; [20] Jenkins et al. 2009; [28] Ben Saad et al. 2009; [58] Delbressine et al. 2023; [34] Dourado, Vidotto, Guerra 2011; [45] Kim et al. 2014; [27] Alameri et al. 2009; [48] Fernandes et al. 2016","0.914;-0.4405;-0.2156;-0.2676;0.3373;-0.1673;-0.1322;0.2883;0.7131;-0.0295",676.747368421053,627.287441255749,1589.32797897476,0.241488706126134,-49.4599271653038,-186.882199328697,85.6863005858592,69.9587750330245,88.5201802333377
612,"natalia_oliveira_2023",7,"[54] Almeida et al. 2019; [40] Britto et al. 2013; [47] Nusdwinuringtyas et al, 2014; [07] Enrigth et al. 2003; [04] Troosters, Gosselink & Decramer 1999; [09] Camarri et al. 2006; [43] Rao et al. 2013","0.0321;-0.015;0.4974;0.2402;0.3771;0.1133;-0.245",681.21052631579,707.574329597203,1474.90444799552,0.149876681487898,26.3638032814134,-180.201061239274,166.909596752775,64.6121906314958,83.1330744378235
613,"natalia_oliveira_2023",21,"[37] Hill et al. 2011; [06] Gibbons et al. 2001; [20] Jenkins et al. 2009; [10] Camarri et al. 2006; [13] Chetta et al. 2006; [30] Osses et al. 2010; [42] Britto et al. 2013; [02] Enright & Sherrill 1998; [43] Rao et al. 2013; [45] Kim et al. 2014; [32] Soares, Pereira 2011; [50] Zou et al. 2017; [54] Almeida et al. 2019; [47] Nusdwinuringtyas et al, 2014; [09] Camarri et al. 2006; [48] Fernandes et al. 2016; [15] Masmoudi et al. 2008; [40] Britto et al. 2013; [04] Troosters, Gosselink & Decramer 1999; [28] Ben Saad et al. 2009; [34] Dourado, Vidotto, Guerra 2011","0.2237;-0.5463;-0.0457;-0.4228;-0.6388;-0.0131;0.1441;0.7137;-0.1054;0.5735;-0.2079;-0.1651;-0.1987;0.6203;0.3929;0.3695;-0.1712;-0.4296;0.1191;0.6955;0.0925",671.331578947368,621.998120426509,1981.0536110677,0.366491805579017,-49.3334585208597,-172.034864118667,70.7178486963531,61.805778442219,76.9347206935005
614,"natalia_oliveira_2023",11,"[06] Gibbons et al. 2001; [47] Nusdwinuringtyas et al, 2014; [04] Troosters, Gosselink & Decramer 1999; [10] Camarri et al. 2006; [20] Jenkins et al. 2009; [15] Masmoudi et al. 2008; [42] Britto et al. 2013; [50] Zou et al. 2017; [58] Delbressine et al. 2023; [48] Fernandes et al. 2016; [26] Jenkins et al. 2009","-0.4926;1.2022;0.9563;-0.385;-0.0697;-0.0413;0.1583;-0.5302;0.1224;0.0151;0.0646",674.4,598.475715373675,1275.98085385561,0.20788498499025,-75.9242846263248,-201.261898991491,65.1109498601354,84.3217198939069,101.532766621354
615,"natalia_oliveira_2023",9,"[13] Chetta et al. 2006; [04] Troosters, Gosselink & Decramer 1999; [50] Zou et al. 2017; [55] Almeida et al. 2019; [58] Delbressine et al. 2023; [09] Camarri et al. 2006; [07] Enrigth et al. 2003; [06] Gibbons et al. 2001; [34] Dourado, Vidotto, Guerra 2011","-0.31;0.2634;-0.1751;0.3096;0.0474;0.4369;0.2037;0.2111;0.0129",681.226315789474,749.151003455615,1531.08863406549,0.280834818857286,67.9246876661413,-61.2061114663724,201.311104801349,80.1383542504602,98.5486826320296
616,"natalia_oliveira_2023",24,"[37] Hill et al. 2011; [32] Soares, Pereira 2011; [55] Almeida et al. 2019; [15] Masmoudi et al. 2008; [42] Britto et al. 2013; [20] Jenkins et al. 2009; [10] Camarri et al. 2006; [26] Jenkins et al. 2009; [30] Osses et al. 2010; [13] Chetta et al. 2006; [50] Zou et al. 2017; [18] Iwama et al. 2009; [43] Rao et al. 2013; [58] Delbressine et al. 2023; [04] Troosters, Gosselink & Decramer 1999; [48] Fernandes et al. 2016; [34] Dourado, Vidotto, Guerra 2011; [54] Almeida et al. 2019; [45] Kim et al. 2014; [07] Enrigth et al. 2003; [06] Gibbons et al. 2001; [40] Britto et al. 2013; [02] Enright & Sherrill 1998; [09] Camarri et al. 2006","0.1084;-0.3697;0.1853;-0.2293;0.1487;-0.1888;0.0078;-0.1066;-0.2257;-0.3386;-0.3296;0.1588;-0.3669;-0.1349;0.421;0.0669;-0.0572;0.0604;0.6089;-0.0411;0.1781;-0.1566;1.0099;0.5909",676.926315789474,826.94915754974,1556.37707698323,0.180284121890609,150.022841760266,28.5439810861809,286.500769231058,152.046483993302,164.178292604263
617,"natalia_oliveira_2023",17,"[27] Alameri et al. 2009; [06] Gibbons et al. 2001; [58] Delbressine et al. 2023; [42] Britto et al. 2013; [15] Masmoudi et al. 2008; [55] Almeida et al. 2019; [26] Jenkins et al. 2009; [28] Ben Saad et al. 2009; [54] Almeida et al. 2019; [20] Jenkins et al. 2009; [04] Troosters, Gosselink & Decramer 1999; [13] Chetta et al. 2006; [50] Zou et al. 2017; [02] Enright & Sherrill 1998; [18] Iwama et al. 2009; [47] Nusdwinuringtyas et al, 2014; [30] Osses et al. 2010","0.5141;-0.2588;-0.0173;0.31;-0.0331;0.2135;0.0018;0.2607;-0.1822;-0.0449;0.2057;-0.3577;-0.218;0.3517;0.0081;0.2962;-0.0499",677.078947368421,585.455076915921,1462.14535429575,0.255271808261264,-91.6238704525005,-189.969300709602,27.4105555276428,95.8234820019705,110.744882721737
618,"natalia_oliveira_2023",21,"[07] Enrigth et al. 2003; [50] Zou et al. 2017; [09] Camarri et al. 2006; [06] Gibbons et al. 2001; [47] Nusdwinuringtyas et al, 2014; [40] Britto et al. 2013; [45] Kim et al. 2014; [10] Camarri et al. 2006; [43] Rao et al. 2013; [30] Osses et al. 2010; [48] Fernandes et al. 2016; [58] Delbressine et al. 2023; [32] Soares, Pereira 2011; [34] Dourado, Vidotto, Guerra 2011; [26] Jenkins et al. 2009; [54] Almeida et al. 2019; [27] Alameri et al. 2009; [55] Almeida et al. 2019; [28] Ben Saad et al. 2009; [42] Britto et al. 2013; [37] Hill et al. 2011","0.1602;-0.3908;0.2097;-0.6262;0.2515;-0.2635;0.2171;-0.5771;-0.3157;0.1088;0.2671;0.1054;-0.2292;0.2234;0.0645;-0.2156;0.6426;0.123;0.7549;0.1495;0.3403",672.3,584.211078343683,1967.97174181017,0.222248907700436,-88.0889216563172,-238.941703931367,24.4388958969144,91.4946743488111,110.185446465735
619,"natalia_oliveira_2023",23,"[26] Jenkins et al. 2009; [40] Britto et al. 2013; [27] Alameri et al. 2009; [54] Almeida et al. 2019; [45] Kim et al. 2014; [28] Ben Saad et al. 2009; [13] Chetta et al. 2006; [34] Dourado, Vidotto, Guerra 2011; [20] Jenkins et al. 2009; [04] Troosters, Gosselink & Decramer 1999; [07] Enrigth et al. 2003; [10] Camarri et al. 2006; [58] Delbressine et al. 2023; [47] Nusdwinuringtyas et al, 2014; [02] Enright & Sherrill 1998; [37] Hill et al. 2011; [42] Britto et al. 2013; [06] Gibbons et al. 2001; [30] Osses et al. 2010; [15] Masmoudi et al. 2008; [50] Zou et al. 2017; [48] Fernandes et al. 2016; [43] Rao et al. 2013","-0.1179;-0.2925;0.7568;-0.1964;0.4074;0.7102;-0.5163;-0.0379;-0.116;0.1924;0.0509;-0.4179;-0.0243;0.4285;0.7318;0.186;0.0931;-0.5092;-0.0839;-0.1287;-0.1813;0.2023;-0.1371",664.88947368421,508.071695561743,2229.55344167196,0.333484273563373,-156.817778122468,-295.634090611186,-24.5126404292866,157.390080460144,171.877916921495
620,"natalia_oliveira_2023",13,"[55] Almeida et al. 2019; [47] Nusdwinuringtyas et al, 2014; [28] Ben Saad et al. 2009; [18] Iwama et al. 2009; [37] Hill et al. 2011; [20] Jenkins et al. 2009; [43] Rao et al. 2013; [50] Zou et al. 2017; [07] Enrigth et al. 2003; [40] Britto et al. 2013; [30] Osses et al. 2010; [32] Soares, Pereira 2011; [42] Britto et al. 2013","0.1251;0.0478;0.5381;0.5667;0.1395;0.223;-0.0964;-0.1899;-0.0485;-0.6661;0.196;-0.0501;0.215",686.2,744.496625308391,2204.64004810047,0.286139479947724,58.2966253083909,-114.449403139138,197.217327165266,78.9074499585251,96.6403774822403
621,"natalia_oliveira_2023",2,"[48] Fernandes et al. 2016; [50] Zou et al. 2017","0.5;0.5",680.852631578947,556.450821052632,503.217523364634,0.214844210537409,-124.401810526316,-364.4975,25.6333500000002,128.455805263158,150.731850481925
622,"natalia_oliveira_2023",6,"[26] Jenkins et al. 2009; [27] Alameri et al. 2009; [15] Masmoudi et al. 2008; [04] Troosters, Gosselink & Decramer 1999; [50] Zou et al. 2017; [47] Nusdwinuringtyas et al, 2014","-0.0078;0.5141;0.0562;0.7318;-0.831;0.5366",683.5,628.662970308136,1181.12349028102,0.181041260636175,-54.8370296918638,-178.106192151728,61.5140072842352,66.4614163064766,84.6662070443011
623,"natalia_oliveira_2023",8,"[55] Almeida et al. 2019; [13] Chetta et al. 2006; [28] Ben Saad et al. 2009; [30] Osses et al. 2010; [18] Iwama et al. 2009; [42] Britto et al. 2013; [40] Britto et al. 2013; [02] Enright & Sherrill 1998","0.3443;-0.3067;0.3491;0.1876;0.3057;0.356;-0.296;0.06",676.068421052632,700.796907901796,1856.38434850041,0.29062346841071,24.728486849164,-93.9880586058792,149.659199160674,54.6470390394447,69.8572041780843
624,"natalia_oliveira_2023",14,"[30] Osses et al. 2010; [04] Troosters, Gosselink & Decramer 1999; [47] Nusdwinuringtyas et al, 2014; [50] Zou et al. 2017; [06] Gibbons et al. 2001; [13] Chetta et al. 2006; [45] Kim et al. 2014; [34] Dourado, Vidotto, Guerra 2011; [02] Enright & Sherrill 1998; [27] Alameri et al. 2009; [20] Jenkins et al. 2009; [18] Iwama et al. 2009; [26] Jenkins et al. 2009; [58] Delbressine et al. 2023","-0.2119;0.514;0.5899;-0.3206;-0.0332;-0.3821;0.2008;-0.1636;0.8495;0.4925;-0.2282;-0.1222;-0.1571;-0.0277",677.621052631579,586.16143867411,939.117257523466,0.206348244247747,-91.4596139574685,-234.469589057569,23.4523806179375,95.9252774031653,116.311218223025
625,"natalia_oliveira_2023",9,"[13] Chetta et al. 2006; [15] Masmoudi et al. 2008; [54] Almeida et al. 2019; [32] Soares, Pereira 2011; [26] Jenkins et al. 2009; [30] Osses et al. 2010; [07] Enrigth et al. 2003; [09] Camarri et al. 2006; [40] Britto et al. 2013","-0.4903;0.0537;0.2299;-0.4874;-0.0997;0.1324;0.636;0.76;0.2655",674.336842105263,679.919022520058,1420.47772726851,0.229936441998146,5.5821804147945,-128.254794019369,143.269134793329,57.1751226213901,73.6677659271871
626,"natalia_oliveira_2023",11,"[07] Enrigth et al. 2003; [43] Rao et al. 2013; [54] Almeida et al. 2019; [13] Chetta et al. 2006; [09] Camarri et al. 2006; [37] Hill et al. 2011; [02] Enright & Sherrill 1998; [30] Osses et al. 2010; [28] Ben Saad et al. 2009; [40] Britto et al. 2013; [27] Alameri et al. 2009","-0.1864;-0.1491;-0.1219;-0.5833;0.1452;0.3505;0.7234;-0.1918;0.4992;-0.3407;0.8549",680.347368421053,676.464386306721,2052.84222617249,0.255186267559766,-3.88298211433199,-142.230840209396,119.873789811458,54.0625157579284,68.7007561959839
627,"natalia_oliveira_2023",1,"[04] Troosters, Gosselink & Decramer 1999","1",677.273684210526,805.395263157895,3215.21141659705,0.0884879034676091,128.121578947368,-75.3,299.8565,135.298631578947,154.539590601107
628,"natalia_oliveira_2023",1,"[47] Nusdwinuringtyas et al, 2014","1",690.052631578947,545.127033684211,1134.3811233415,0.0307345044217447,-144.925597894737,-340.385075,-12.0946249999999,145.415166315789,169.54516837157
629,"natalia_oliveira_2023",5,"[34] Dourado, Vidotto, Guerra 2011; [07] Enrigth et al. 2003; [32] Soares, Pereira 2011; [02] Enright & Sherrill 1998; [55] Almeida et al. 2019","-0.0619;0.0885;0.2976;0.3127;0.3632",678.61052631579,683.37912854124,1332.90142327478,0.139114701758301,4.76860222545054,-135.40682754531,119.524473776629,52.8460894876965,68.3829196690141
630,"natalia_oliveira_2023",24,"[54] Almeida et al. 2019; [18] Iwama et al. 2009; [42] Britto et al. 2013; [20] Jenkins et al. 2009; [30] Osses et al. 2010; [43] Rao et al. 2013; [10] Camarri et al. 2006; [40] Britto et al. 2013; [32] Soares, Pereira 2011; [07] Enrigth et al. 2003; [15] Masmoudi et al. 2008; [47] Nusdwinuringtyas et al, 2014; [50] Zou et al. 2017; [55] Almeida et al. 2019; [26] Jenkins et al. 2009; [48] Fernandes et al. 2016; [04] Troosters, Gosselink & Decramer 1999; [37] Hill et al. 2011; [58] Delbressine et al. 2023; [06] Gibbons et al. 2001; [28] Ben Saad et al. 2009; [34] Dourado, Vidotto, Guerra 2011; [45] Kim et al. 2014; [13] Chetta et al. 2006","-0.264;0.3529;0.1165;0.0372;0.0592;-0.1828;-0.4516;-0.4132;-0.2403;0.1215;-0.0573;0.6339;-0.2171;0.1459;0.0629;0.2754;0.3184;0.288;0.0584;-0.6162;0.8091;0.2187;0.6173;-0.6728",667.68947368421,661.094105032619,1866.11294084669,0.169890150237652,-6.59536865159139,-142.321914197015,135.760658486327,53.6388951305634,72.1542992254738
631,"natalia_oliveira_2023",5,"[48] Fernandes et al. 2016; [34] Dourado, Vidotto, Guerra 2011; [02] Enright & Sherrill 1998; [37] Hill et al. 2011; [58] Delbressine et al. 2023","0.4018;0.1192;0.3931;0.0026;0.0833",671.031578947368,612.720036436725,1520.03255067763,0.177170338575938,-58.3115425106432,-201.491838880387,84.9518338313536,78.5357916194622,95.9479039631328
632,"natalia_oliveira_2023",18,"[15] Masmoudi et al. 2008; [20] Jenkins et al. 2009; [02] Enright & Sherrill 1998; [37] Hill et al. 2011; [40] Britto et al. 2013; [48] Fernandes et al. 2016; [13] Chetta et al. 2006; [27] Alameri et al. 2009; [45] Kim et al. 2014; [42] Britto et al. 2013; [09] Camarri et al. 2006; [54] Almeida et al. 2019; [07] Enrigth et al. 2003; [30] Osses et al. 2010; [28] Ben Saad et al. 2009; [50] Zou et al. 2017; [10] Camarri et al. 2006; [55] Almeida et al. 2019","-0.1586;-0.1082;0.7541;0.1326;-0.3404;0.1723;-0.6054;0.7065;0.3184;0.1446;0.2345;-0.2536;-0.0072;-0.0727;0.659;-0.2755;-0.4564;0.1561",681.778947368421,574.461604019921,2109.0674123624,0.200334585158562,-107.3173433485,-272.335446103091,19.0572504698669,112.296596446507,131.955020933588
633,"natalia_oliveira_2023",8,"[07] Enrigth et al. 2003; [50] Zou et al. 2017; [09] Camarri et al. 2006; [42] Britto et al. 2013; [27] Alameri et al. 2009; [15] Masmoudi et al. 2008; [26] Jenkins et al. 2009; [28] Ben Saad et al. 2009","0.1082;-0.3441;0.1216;0.3168;0.3335;0.0516;0.1903;0.2221",682.584210526316,630.666736029285,1287.75980225489,0.277515279370248,-51.9174744970311,-158.276748010078,45.3243846681154,61.5874973439831,79.3542097759382
634,"natalia_oliveira_2023",17,"[58] Delbressine et al. 2023; [47] Nusdwinuringtyas et al, 2014; [30] Osses et al. 2010; [26] Jenkins et al. 2009; [27] Alameri et al. 2009; [10] Camarri et al. 2006; [09] Camarri et al. 2006; [15] Masmoudi et al. 2008; [42] Britto et al. 2013; [40] Britto et al. 2013; [34] Dourado, Vidotto, Guerra 2011; [54] Almeida et al. 2019; [48] Fernandes et al. 2016; [43] Rao et al. 2013; [13] Chetta et al. 2006; [55] Almeida et al. 2019; [02] Enright & Sherrill 1998","0.0654;0.677;-0.2412;-0.0521;0.4466;-0.0906;0.3956;-0.0167;0.1441;-0.1232;-0.128;-0.2202;-0.3029;-0.5001;-0.3163;0.1075;1.1551",672.847368421053,688.071754869075,977.862831473991,0.237101731590034,15.2243864480224,-116.4718257,153.72657165974,54.4605556608034,73.1033561623112
635,"natalia_oliveira_2023",18,"[09] Camarri et al. 2006; [37] Hill et al. 2011; [58] Delbressine et al. 2023; [15] Masmoudi et al. 2008; [47] Nusdwinuringtyas et al, 2014; [28] Ben Saad et al. 2009; [04] Troosters, Gosselink & Decramer 1999; [10] Camarri et al. 2006; [45] Kim et al. 2014; [26] Jenkins et al. 2009; [30] Osses et al. 2010; [54] Almeida et al. 2019; [18] Iwama et al. 2009; [48] Fernandes et al. 2016; [42] Britto et al. 2013; [27] Alameri et al. 2009; [55] Almeida et al. 2019; [43] Rao et al. 2013","0.1822;0.1504;0.0108;-0.089;-0.0327;0.5813;0.1172;-0.6745;0.1375;0.1698;0.1629;-0.4053;0.2356;0.1856;0.1322;0.4916;0.053;-0.4086",674.673684210526,643.100328489654,1497.69143752713,0.174084856729337,-31.573355720872,-179.041279830548,103.743055899036,57.0491470990536,75.7166623553382
636,"natalia_oliveira_2023",11,"[20] Jenkins et al. 2009; [54] Almeida et al. 2019; [10] Camarri et al. 2006; [40] Britto et al. 2013; [26] Jenkins et al. 2009; [15] Masmoudi et al. 2008; [02] Enright & Sherrill 1998; [42] Britto et al. 2013; [48] Fernandes et al. 2016; [30] Osses et al. 2010; [27] Alameri et al. 2009","-0.2792;-0.0696;0.1721;6e-04;-0.1193;-0.0723;1.0485;0.1593;-0.2754;-0.3472;0.7825",670.494736842105,559.254708291052,1282.49503934751,0.287393960984041,-111.240028551053,-321.670318328587,31.0957390168149,114.746564012395,137.879710550449
637,"natalia_oliveira_2023",16,"[37] Hill et al. 2011; [50] Zou et al. 2017; [42] Britto et al. 2013; [02] Enright & Sherrill 1998; [18] Iwama et al. 2009; [43] Rao et al. 2013; [27] Alameri et al. 2009; [15] Masmoudi et al. 2008; [09] Camarri et al. 2006; [13] Chetta et al. 2006; [54] Almeida et al. 2019; [26] Jenkins et al. 2009; [30] Osses et al. 2010; [58] Delbressine et al. 2023; [06] Gibbons et al. 2001; [47] Nusdwinuringtyas et al, 2014","0.1713;-0.3421;0.1251;1.0399;-0.2192;-0.4179;0.5075;-0.0594;0.4989;-0.3439;-0.3136;-0.1046;-0.2084;0.0264;-0.0029;0.6428",683.742105263158,665.853018675747,1039.22395155041,0.253142738036706,-17.889086587411,-153.030480438538,105.583198988709,53.237266873296,74.4714910011396
638,"natalia_oliveira_2023",5,"[06] Gibbons et al. 2001; [40] Britto et al. 2013; [26] Jenkins et al. 2009; [18] Iwama et al. 2009; [55] Almeida et al. 2019","0.3147;-0.0621;0.3383;0.1721;0.2369",677.563157894737,705.450529198294,1377.26357656584,0.268717035625264,27.8873713035571,-169.831406314203,167.115856513956,66.2151149177759,84.5678331309102
639,"natalia_oliveira_2023",15,"[47] Nusdwinuringtyas et al, 2014; [27] Alameri et al. 2009; [58] Delbressine et al. 2023; [06] Gibbons et al. 2001; [07] Enrigth et al. 2003; [55] Almeida et al. 2019; [09] Camarri et al. 2006; [04] Troosters, Gosselink & Decramer 1999; [10] Camarri et al. 2006; [20] Jenkins et al. 2009; [42] Britto et al. 2013; [18] Iwama et al. 2009; [28] Ben Saad et al. 2009; [26] Jenkins et al. 2009; [13] Chetta et al. 2006","0.3613;0.6429;0.1032;-0.5732;0.2207;0.1256;0.0962;0.3287;-0.6418;-0.1221;0.1786;0.3094;0.7388;-0.1466;-0.6218",668.852631578947,488.916925112318,2093.29076523863,0.242642539517786,-179.93570646663,-319.060418297976,0.935880396120297,181.013180492148,194.593810456083
640,"natalia_oliveira_2023",23,"[15] Masmoudi et al. 2008; [09] Camarri et al. 2006; [02] Enright & Sherrill 1998; [47] Nusdwinuringtyas et al, 2014; [34] Dourado, Vidotto, Guerra 2011; [27] Alameri et al. 2009; [28] Ben Saad et al. 2009; [30] Osses et al. 2010; [13] Chetta et al. 2006; [40] Britto et al. 2013; [20] Jenkins et al. 2009; [10] Camarri et al. 2006; [43] Rao et al. 2013; [42] Britto et al. 2013; [37] Hill et al. 2011; [58] Delbressine et al. 2023; [18] Iwama et al. 2009; [45] Kim et al. 2014; [07] Enrigth et al. 2003; [06] Gibbons et al. 2001; [26] Jenkins et al. 2009; [04] Troosters, Gosselink & Decramer 1999; [54] Almeida et al. 2019","-0.1535;0.206;0.8388;0.4114;0.0658;0.6464;0.7147;-0.0403;-0.6379;-0.2921;-0.0968;-0.5024;-0.2952;0.2704;0.0657;-0.0672;0.2617;0.262;-0.0434;-0.4489;-0.0943;0.1357;-0.2066",681.594736842105,569.104811212598,1784.15582749399,0.253690604984395,-112.489925629507,-229.173299296272,10.4880502836486,115.036153712313,130.631772642296
641,"natalia_oliveira_2023",20,"[20] Jenkins et al. 2009; [13] Chetta et al. 2006; [43] Rao et al. 2013; [50] Zou et al. 2017; [18] Iwama et al. 2009; [32] Soares, Pereira 2011; [09] Camarri et al. 2006; [26] Jenkins et al. 2009; [15] Masmoudi et al. 2008; [06] Gibbons et al. 2001; [45] Kim et al. 2014; [30] Osses et al. 2010; [28] Ben Saad et al. 2009; [37] Hill et al. 2011; [58] Delbressine et al. 2023; [02] Enright & Sherrill 1998; [48] Fernandes et al. 2016; [10] Camarri et al. 2006; [55] Almeida et al. 2019; [04] Troosters, Gosselink & Decramer 1999","-0.1345;-0.5649;-0.0262;-0.0346;0.3454;-0.1903;0.5157;-0.1306;-0.1793;-0.5692;0.6291;-0.091;0.7878;0.1562;-0.1011;0.6059;0.282;-0.4584;0.08;0.0781",683.373684210526,620.612338075723,2003.34436319805,0.154665178417185,-62.7613461348039,-250.444278067221,103.208991404648,82.1450808703007,107.560455949028
642,"natalia_oliveira_2023",20,"[58] Delbressine et al. 2023; [55] Almeida et al. 2019; [10] Camarri et al. 2006; [15] Masmoudi et al. 2008; [48] Fernandes et al. 2016; [28] Ben Saad et al. 2009; [06] Gibbons et al. 2001; [42] Britto et al. 2013; [02] Enright & Sherrill 1998; [09] Camarri et al. 2006; [37] Hill et al. 2011; [43] Rao et al. 2013; [07] Enrigth et al. 2003; [20] Jenkins et al. 2009; [45] Kim et al. 2014; [32] Soares, Pereira 2011; [13] Chetta et al. 2006; [04] Troosters, Gosselink & Decramer 1999; [30] Osses et al. 2010; [50] Zou et al. 2017","-0.1237;0.1357;-0.5049;-0.2222;0.3821;0.6889;-0.5057;0.1996;0.6606;0.488;0.1066;-0.033;-0.066;-0.1333;0.7325;-0.1729;-0.5589;0.0925;-0.0932;-0.0726",669.784210526316,620.396544849912,2164.40081244373,0.273559064778295,-49.3876656764037,-176.579817638887,86.656380830035,69.2198971739185,84.3818590815496
643,"natalia_oliveira_2023",10,"[50] Zou et al. 2017; [04] Troosters, Gosselink & Decramer 1999; [07] Enrigth et al. 2003; [15] Masmoudi et al. 2008; [28] Ben Saad et al. 2009; [54] Almeida et al. 2019; [02] Enright & Sherrill 1998; [27] Alameri et al. 2009; [09] Camarri et al. 2006; [43] Rao et al. 2013","-0.1847;0.1107;-0.0861;-0.1151;0.1641;-0.1847;0.6337;0.5657;0.2763;-0.1798",684.563157894737,647.405242810108,1511.03397253821,0.277932801713052,-37.1579150846293,-149.532418655888,96.3392575807916,58.0922442267818,72.5623930291443
644,"natalia_oliveira_2023",9,"[18] Iwama et al. 2009; [27] Alameri et al. 2009; [58] Delbressine et al. 2023; [09] Camarri et al. 2006; [20] Jenkins et al. 2009; [15] Masmoudi et al. 2008; [28] Ben Saad et al. 2009; [40] Britto et al. 2013; [07] Enrigth et al. 2003","0.271;0.6862;0.1637;-0.3678;0.0861;-0.079;0.5656;-0.5937;0.268",667.894736842105,569.079350804367,2275.98657391719,0.214264948977088,-98.8153860377383,-271.198128277897,29.9542128201523,106.438899298162,127.752693262447
645,"natalia_oliveira_2023",2,"[10] Camarri et al. 2006; [34] Dourado, Vidotto, Guerra 2011","0.5;0.5",670.484210526316,717.419178763158,1283.85374995503,0.217640837527098,46.9349682368421,-89.670305,208.93994075,68.4968017105263,90.0710982367831
646,"natalia_oliveira_2023",23,"[27] Alameri et al. 2009; [47] Nusdwinuringtyas et al, 2014; [18] Iwama et al. 2009; [10] Camarri et al. 2006; [42] Britto et al. 2013; [09] Camarri et al. 2006; [54] Almeida et al. 2019; [37] Hill et al. 2011; [06] Gibbons et al. 2001; [32] Soares, Pereira 2011; [15] Masmoudi et al. 2008; [07] Enrigth et al. 2003; [02] Enright & Sherrill 1998; [48] Fernandes et al. 2016; [13] Chetta et al. 2006; [43] Rao et al. 2013; [40] Britto et al. 2013; [55] Almeida et al. 2019; [04] Troosters, Gosselink & Decramer 1999; [26] Jenkins et al. 2009; [50] Zou et al. 2017; [58] Delbressine et al. 2023; [34] Dourado, Vidotto, Guerra 2011","0.7607;0.9557;-0.1113;-0.1959;0.0779;0.381;-0.2779;0.2037;-0.0657;-0.4709;-0.0951;0.1053;1.0515;-0.1678;-0.5082;-0.5035;-0.1314;0.0861;0.5891;-0.0596;-0.4724;-4e-04;-0.1509",669.41052631579,719.189958651601,1394.39362099309,0.101185436566098,49.7794323358118,-79.1901574456539,186.096767787162,74.0125418203582,90.3570656667938
647,"natalia_oliveira_2023",1,"[02] Enright & Sherrill 1998","1",668.047368421053,683.743378947368,4907.96451378156,0.164312483273893,15.6960105263158,-148.3775,143.76,62.542747368421,81.5030319563247
648,"natalia_oliveira_2023",26,"[06] Gibbons et al. 2001; [34] Dourado, Vidotto, Guerra 2011; [45] Kim et al. 2014; [27] Alameri et al. 2009; [30] Osses et al. 2010; [42] Britto et al. 2013; [09] Camarri et al. 2006; [04] Troosters, Gosselink & Decramer 1999; [40] Britto et al. 2013; [58] Delbressine et al. 2023; [02] Enright & Sherrill 1998; [20] Jenkins et al. 2009; [50] Zou et al. 2017; [54] Almeida et al. 2019; [32] Soares, Pereira 2011; [55] Almeida et al. 2019; [07] Enrigth et al. 2003; [28] Ben Saad et al. 2009; [13] Chetta et al. 2006; [15] Masmoudi et al. 2008; [48] Fernandes et al. 2016; [37] Hill et al. 2011; [26] Jenkins et al. 2009; [10] Camarri et al. 2006; [18] Iwama et al. 2009; [47] Nusdwinuringtyas et al, 2014","-0.5921;-0.0177;0.3822;0.7946;-0.0851;0.1084;0.2088;0.1981;-0.349;-0.0388;0.8505;-0.1089;-0.2617;-0.2892;-0.2937;0.11;0.0286;0.8816;-0.6521;-0.1472;0.1785;0.1708;-0.1027;-0.5398;0.241;0.3248",675.073684210526,501.026540494645,1941.07381615755,0.220556899971694,-174.047143715881,-299.316806756385,-33.2549603344615,175.589400226465,189.246275699562
649,"natalia_oliveira_2023",7,"[47] Nusdwinuringtyas et al, 2014; [28] Ben Saad et al. 2009; [37] Hill et al. 2011; [40] Britto et al. 2013; [32] Soares, Pereira 2011; [43] Rao et al. 2013; [15] Masmoudi et al. 2008","0.2041;0.1945;-0.0227;-0.031;0.372;0.0109;0.2722",674.48947368421,631.427290314524,1677.15944800084,0.213850222928938,-43.062183369687,-165.797690234385,95.0152507810522,66.3088831157366,84.6792949584676
650,"natalia_oliveira_2023",18,"[58] Delbressine et al. 2023; [04] Troosters, Gosselink & Decramer 1999; [10] Camarri et al. 2006; [30] Osses et al. 2010; [09] Camarri et al. 2006; [50] Zou et al. 2017; [27] Alameri et al. 2009; [18] Iwama et al. 2009; [42] Britto et al. 2013; [55] Almeida et al. 2019; [06] Gibbons et al. 2001; [02] Enright & Sherrill 1998; [15] Masmoudi et al. 2008; [37] Hill et al. 2011; [26] Jenkins et al. 2009; [32] Soares, Pereira 2011; [48] Fernandes et al. 2016; [47] Nusdwinuringtyas et al, 2014","-0.1111;0.5955;-0.295;-0.3666;0.3879;-0.4471;0.6874;-0.1395;0.147;0.1286;-0.2909;1.0953;-0.2053;0.0737;-0.2207;-0.5252;-0.2057;0.6916",674.968421052632,580.819385431852,1225.17658572712,0.219405893519794,-94.14903562078,-267.170553743752,43.0281796920335,103.220963655166,121.819656167378
651,"natalia_oliveira_2023",10,"[55] Almeida et al. 2019; [02] Enright & Sherrill 1998; [06] Gibbons et al. 2001; [45] Kim et al. 2014; [10] Camarri et al. 2006; [58] Delbressine et al. 2023; [20] Jenkins et al. 2009; [07] Enrigth et al. 2003; [09] Camarri et al. 2006; [28] Ben Saad et al. 2009","0.1207;0.6893;-0.4907;0.726;-0.6558;-0.1591;-0.2377;-0.0546;0.4259;0.6362",668.578947368421,592.381435028174,2294.01397431941,0.316868147580924,-76.1975123402468,-185.120244469547,38.6512823872495,85.3405271611478,102.300482486429
652,"natalia_oliveira_2023",20,"[04] Troosters, Gosselink & Decramer 1999; [48] Fernandes et al. 2016; [43] Rao et al. 2013; [27] Alameri et al. 2009; [30] Osses et al. 2010; [02] Enright & Sherrill 1998; [50] Zou et al. 2017; [10] Camarri et al. 2006; [45] Kim et al. 2014; [34] Dourado, Vidotto, Guerra 2011; [32] Soares, Pereira 2011; [37] Hill et al. 2011; [47] Nusdwinuringtyas et al, 2014; [13] Chetta et al. 2006; [58] Delbressine et al. 2023; [55] Almeida et al. 2019; [15] Masmoudi et al. 2008; [18] Iwama et al. 2009; [28] Ben Saad et al. 2009; [26] Jenkins et al. 2009","0.3598;-0.0208;-0.1669;0.8088;-0.156;0.7012;-0.1403;-0.4911;0.4779;-0.0923;-0.2984;0.1072;0.2699;-0.6326;-0.0141;0.0077;-0.0896;0.0279;0.4516;-0.1097",677.068421052632,594.398021284582,1720.02701190388,0.313626940069568,-82.6703997680496,-197.535191587667,50.0493016659063,90.8856879188084,105.758986436332
653,"natalia_oliveira_2023",2,"[27] Alameri et al. 2009; [02] Enright & Sherrill 1998","0.5;0.5",672.657894736842,576.712886842105,983.465838062525,0.244626095963401,-95.9450078947369,-232.133,33.09075,100.217323684211,119.039983880854
654,"natalia_oliveira_2023",2,"[02] Enright & Sherrill 1998; [32] Soares, Pereira 2011","0.4143;0.5857",685.563157894737,655.416284360137,1278.31274831123,0.19554414325254,-30.1468735346001,-154.692566522788,99.9591459261018,60.9696387233654,80.4506538768662
655,"natalia_oliveira_2023",19,"[34] Dourado, Vidotto, Guerra 2011; [02] Enright & Sherrill 1998; [26] Jenkins et al. 2009; [28] Ben Saad et al. 2009; [54] Almeida et al. 2019; [47] Nusdwinuringtyas et al, 2014; [43] Rao et al. 2013; [04] Troosters, Gosselink & Decramer 1999; [45] Kim et al. 2014; [13] Chetta et al. 2006; [48] Fernandes et al. 2016; [09] Camarri et al. 2006; [42] Britto et al. 2013; [32] Soares, Pereira 2011; [27] Alameri et al. 2009; [15] Masmoudi et al. 2008; [18] Iwama et al. 2009; [10] Camarri et al. 2006; [30] Osses et al. 2010","0.0868;0.7125;-0.0149;0.4617;-0.2674;0.2546;-0.3642;0.0897;0.231;-0.6793;0.0656;0.3553;0.1647;-0.2432;0.6313;-0.1513;0.126;-0.42;-0.0388",669.152631578947,619.725432778466,1440.77310385172,0.178228645913081,-49.427198800481,-165.196429510492,99.273782425908,70.4000246987063,84.5514894977976
656,"natalia_oliveira_2023",10,"[42] Britto et al. 2013; [43] Rao et al. 2013; [58] Delbressine et al. 2023; [15] Masmoudi et al. 2008; [10] Camarri et al. 2006; [47] Nusdwinuringtyas et al, 2014; [04] Troosters, Gosselink & Decramer 1999; [32] Soares, Pereira 2011; [55] Almeida et al. 2019; [34] Dourado, Vidotto, Guerra 2011","0.1656;-0.3477;-0.0324;-0.1724;-0.4682;0.8858;0.9;-0.3736;0.1705;0.2724",673.38947368421,734.780135350332,1807.06740971858,0.340868356341875,61.3906616661211,-81.3652638979111,201.620221412958,77.8541437261827,92.7064047361976
657,"natalia_oliveira_2023",16,"[15] Masmoudi et al. 2008; [43] Rao et al. 2013; [50] Zou et al. 2017; [20] Jenkins et al. 2009; [30] Osses et al. 2010; [27] Alameri et al. 2009; [10] Camarri et al. 2006; [48] Fernandes et al. 2016; [18] Iwama et al. 2009; [09] Camarri et al. 2006; [04] Troosters, Gosselink & Decramer 1999; [26] Jenkins et al. 2009; [02] Enright & Sherrill 1998; [32] Soares, Pereira 2011; [37] Hill et al. 2011; [07] Enrigth et al. 2003","-0.163;-0.2956;-0.3001;-0.1665;-0.205;0.7771;-0.0709;-0.0011;0.0592;0.4331;0.3987;-0.0885;0.7619;-0.3303;0.1614;0.0297",672.078947368421,667.796426587127,1340.39211299696,0.182990966855263,-4.28252078129385,-178.512319736297,138.631927841471,59.5969119568359,82.1913221928794
658,"natalia_oliveira_2023",10,"[20] Jenkins et al. 2009; [34] Dourado, Vidotto, Guerra 2011; [02] Enright & Sherrill 1998; [26] Jenkins et al. 2009; [54] Almeida et al. 2019; [32] Soares, Pereira 2011; [45] Kim et al. 2014; [06] Gibbons et al. 2001; [04] Troosters, Gosselink & Decramer 1999; [40] Britto et al. 2013","-0.2363;-0.1113;0.7724;-0.0967;0.0843;-0.4161;0.769;0.1323;0.2846;-0.1822",682.684210526316,685.905184240276,1632.3108517416,0.194901636254039,3.22097371395976,-192.842488236549,158.806416732382,62.6351951678102,83.7283543101281
659,"natalia_oliveira_2023",18,"[47] Nusdwinuringtyas et al, 2014; [50] Zou et al. 2017; [02] Enright & Sherrill 1998; [18] Iwama et al. 2009; [06] Gibbons et al. 2001; [30] Osses et al. 2010; [55] Almeida et al. 2019; [45] Kim et al. 2014; [40] Britto et al. 2013; [13] Chetta et al. 2006; [26] Jenkins et al. 2009; [54] Almeida et al. 2019; [04] Troosters, Gosselink & Decramer 1999; [48] Fernandes et al. 2016; [58] Delbressine et al. 2023; [42] Britto et al. 2013; [07] Enrigth et al. 2003; [09] Camarri et al. 2006","0.8879;-0.4823;0.9952;-4e-04;-0.0419;-0.3577;0.1658;0.2547;-0.2233;-0.5379;-0.2266;-0.2293;0.5287;-0.0707;-0.15;0.1625;-0.0123;0.3377",673.405263157895,665.396297922379,1188.54529635526,0.273995830915805,-8.00896523551536,-146.60152781766,127.083134569023,54.7481777336648,72.6170952413763
660,"natalia_oliveira_2023",13,"[15] Masmoudi et al. 2008; [40] Britto et al. 2013; [34] Dourado, Vidotto, Guerra 2011; [09] Camarri et al. 2006; [06] Gibbons et al. 2001; [18] Iwama et al. 2009; [55] Almeida et al. 2019; [37] Hill et al. 2011; [50] Zou et al. 2017; [20] Jenkins et al. 2009; [48] Fernandes et al. 2016; [27] Alameri et al. 2009; [28] Ben Saad et al. 2009","-0.1039;-0.3747;0.0524;0.0484;-0.7574;0.3721;0.0936;0.4674;-0.4002;-0.0962;0.3206;0.5567;0.8212",670.968421052632,584.27610660051,2058.89459418952,0.194068195287738,-86.6923144521219,-214.620751342298,63.2064914385014,95.0469817201826,111.894320064913
661,"natalia_oliveira_2023",16,"[37] Hill et al. 2011; [13] Chetta et al. 2006; [07] Enrigth et al. 2003; [28] Ben Saad et al. 2009; [42] Britto et al. 2013; [06] Gibbons et al. 2001; [04] Troosters, Gosselink & Decramer 1999; [09] Camarri et al. 2006; [58] Delbressine et al. 2023; [34] Dourado, Vidotto, Guerra 2011; [43] Rao et al. 2013; [48] Fernandes et al. 2016; [02] Enright & Sherrill 1998; [20] Jenkins et al. 2009; [15] Masmoudi et al. 2008; [50] Zou et al. 2017","0.2188;-0.5574;-0.148;0.6991;0.2235;-0.5465;-0.0196;0.4907;-0.2078;-0.0346;0.1025;0.6562;0.5907;-0.1896;-0.3036;0.0257",671.678947368421,604.405035773457,2217.64517821408,0.239373083898977,-67.2739115949642,-240.02839360033,71.5427043874623,79.4733470553032,100.786316462991
662,"natalia_oliveira_2023",16,"[42] Britto et al. 2013; [20] Jenkins et al. 2009; [06] Gibbons et al. 2001; [50] Zou et al. 2017; [34] Dourado, Vidotto, Guerra 2011; [47] Nusdwinuringtyas et al, 2014; [26] Jenkins et al. 2009; [37] Hill et al. 2011; [10] Camarri et al. 2006; [54] Almeida et al. 2019; [02] Enright & Sherrill 1998; [15] Masmoudi et al. 2008; [28] Ben Saad et al. 2009; [18] Iwama et al. 2009; [09] Camarri et al. 2006; [58] Delbressine et al. 2023","0.2335;0.0738;-0.5131;-0.122;0.2129;0.4362;0.1297;-0.184;-0.3241;-0.2567;0.5542;-0.1737;0.4362;0.2107;0.4396;-0.1531",675.963157894737,561.907551170013,1553.30808134198,0.282933273395364,-114.055606724724,-239.411099266031,-3.25706464612591,114.682661607661,129.905538224926
663,"natalia_oliveira_2023",26,"[18] Iwama et al. 2009; [40] Britto et al. 2013; [13] Chetta et al. 2006; [04] Troosters, Gosselink & Decramer 1999; [32] Soares, Pereira 2011; [15] Masmoudi et al. 2008; [43] Rao et al. 2013; [07] Enrigth et al. 2003; [47] Nusdwinuringtyas et al, 2014; [54] Almeida et al. 2019; [50] Zou et al. 2017; [02] Enright & Sherrill 1998; [55] Almeida et al. 2019; [06] Gibbons et al. 2001; [58] Delbressine et al. 2023; [45] Kim et al. 2014; [27] Alameri et al. 2009; [30] Osses et al. 2010; [34] Dourado, Vidotto, Guerra 2011; [20] Jenkins et al. 2009; [42] Britto et al. 2013; [37] Hill et al. 2011; [48] Fernandes et al. 2016; [26] Jenkins et al. 2009; [09] Camarri et al. 2006; [28] Ben Saad et al. 2009","0.2519;-0.3308;-0.5401;0.1368;-0.2786;-0.1462;-0.2133;0.0421;0.3167;-0.2383;-0.2765;0.754;0.0913;-0.4588;-0.0295;0.2498;0.5873;-0.0533;6e-04;-0.1081;0.1201;0.2276;0.2022;-0.13;0.1776;0.6455",670.7,618.609370485897,2012.48308877035,0.307254961648934,-52.0906295141034,-182.281540974333,68.3664576875351,65.8174264483523,85.5632697004425
664,"natalia_oliveira_2023",19,"[13] Chetta et al. 2006; [45] Kim et al. 2014; [07] Enrigth et al. 2003; [18] Iwama et al. 2009; [26] Jenkins et al. 2009; [02] Enright & Sherrill 1998; [43] Rao et al. 2013; [55] Almeida et al. 2019; [34] Dourado, Vidotto, Guerra 2011; [09] Camarri et al. 2006; [54] Almeida et al. 2019; [04] Troosters, Gosselink & Decramer 1999; [50] Zou et al. 2017; [06] Gibbons et al. 2001; [20] Jenkins et al. 2009; [30] Osses et al. 2010; [28] Ben Saad et al. 2009; [58] Delbressine et al. 2023; [27] Alameri et al. 2009","-0.4619;0.323;0.0613;0.3685;-0.268;0.7884;-0.1152;0.1281;-0.1066;0.1833;-0.3046;0.0166;-0.1823;-0.3822;-0.2028;-0.0833;0.6212;-0.0356;0.6523",679.2,551.799238201333,2095.00101371774,0.292816189686276,-127.400761798667,-296.295713065975,-3.36667587609487,131.343413572743,146.900350868063
665,"natalia_oliveira_2023",18,"[10] Camarri et al. 2006; [48] Fernandes et al. 2016; [04] Troosters, Gosselink & Decramer 1999; [55] Almeida et al. 2019; [18] Iwama et al. 2009; [27] Alameri et al. 2009; [26] Jenkins et al. 2009; [07] Enrigth et al. 2003; [42] Britto et al. 2013; [15] Masmoudi et al. 2008; [06] Gibbons et al. 2001; [30] Osses et al. 2010; [58] Delbressine et al. 2023; [20] Jenkins et al. 2009; [47] Nusdwinuringtyas et al, 2014; [02] Enright & Sherrill 1998; [13] Chetta et al. 2006; [40] Britto et al. 2013","-0.2429;-0.2878;0.6623;0.1106;-0.2149;0.7993;-0.2491;0.1519;0.065;-0.1842;-0.0595;-0.4067;-0.0323;-0.367;0.7688;1.1549;-0.5346;-0.1337",660.726315789474,552.36423427726,1588.81795477056,0.244847607543028,-108.362081512214,-236.240679929459,21.7914674865561,112.562304434416,127.782092635621
666,"natalia_oliveira_2023",7,"[32] Soares, Pereira 2011; [09] Camarri et al. 2006; [42] Britto et al. 2013; [30] Osses et al. 2010; [50] Zou et al. 2017; [15] Masmoudi et al. 2008; [48] Fernandes et al. 2016","-0.3462;0.6895;0.2533;0.3014;-0.5529;0.3871;0.2677",670.515789473684,640.702865304624,1152.19541756077,0.259295482953411,-29.8129241690601,-158.798956497625,124.948928151841,63.5062747668882,79.2570962576265
667,"natalia_oliveira_2023",4,"[47] Nusdwinuringtyas et al, 2014; [43] Rao et al. 2013; [32] Soares, Pereira 2011; [37] Hill et al. 2011","0.5397;-0.2904;0.2688;0.482",672.342105263158,723.07894442383,843.740581098515,0.193870725486028,50.7368391606725,-94.9282958542474,203.11795027429,73.7822772716619,91.1652601360839
668,"natalia_oliveira_2023",19,"[32] Soares, Pereira 2011; [34] Dourado, Vidotto, Guerra 2011; [50] Zou et al. 2017; [43] Rao et al. 2013; [27] Alameri et al. 2009; [10] Camarri et al. 2006; [09] Camarri et al. 2006; [37] Hill et al. 2011; [02] Enright & Sherrill 1998; [55] Almeida et al. 2019; [54] Almeida et al. 2019; [45] Kim et al. 2014; [47] Nusdwinuringtyas et al, 2014; [58] Delbressine et al. 2023; [48] Fernandes et al. 2016; [26] Jenkins et al. 2009; [42] Britto et al. 2013; [18] Iwama et al. 2009; [20] Jenkins et al. 2009","-0.3665;0.0099;-0.4428;-0.4989;0.668;-0.214;0.3475;0.1072;1.0474;0.1361;-0.4158;0.2357;0.5891;0.1136;-0.2485;0.0718;0.1174;-0.1849;-0.0723",680.031578947368,679.039887397095,1389.73180743891,0.235136324675691,-0.991691550273484,-104.64085103122,126.852061391822,49.942141401193,65.7841281432961
669,"natalia_oliveira_2023",18,"[10] Camarri et al. 2006; [02] Enright & Sherrill 1998; [27] Alameri et al. 2009; [20] Jenkins et al. 2009; [15] Masmoudi et al. 2008; [34] Dourado, Vidotto, Guerra 2011; [42] Britto et al. 2013; [40] Britto et al. 2013; [18] Iwama et al. 2009; [45] Kim et al. 2014; [28] Ben Saad et al. 2009; [26] Jenkins et al. 2009; [09] Camarri et al. 2006; [07] Enrigth et al. 2003; [13] Chetta et al. 2006; [58] Delbressine et al. 2023; [06] Gibbons et al. 2001; [37] Hill et al. 2011","-0.5578;0.8356;0.7861;-0.1726;-0.1936;-0.0426;0.161;-0.4752;0.3364;0.3429;0.9594;-0.1785;0.2163;0.0125;-0.626;-0.0719;-0.5288;0.1968",669.826315789474,516.626854993539,2181.07412707675,0.259775073944643,-153.199460795935,-290.022590350684,-28.2265735260117,154.818096147963,168.436074351467
670,"natalia_oliveira_2023",4,"[15] Masmoudi et al. 2008; [09] Camarri et al. 2006; [18] Iwama et al. 2009; [27] Alameri et al. 2009","0.3992;0.2342;0.0769;0.2898",669.078947368421,588.573726741597,721.876078168745,0.22246783182828,-80.505220626824,-204.974520313087,68.3926505492151,90.1879516406596,106.140059880725
671,"natalia_oliveira_2023",25,"[50] Zou et al. 2017; [30] Osses et al. 2010; [45] Kim et al. 2014; [54] Almeida et al. 2019; [58] Delbressine et al. 2023; [02] Enright & Sherrill 1998; [27] Alameri et al. 2009; [06] Gibbons et al. 2001; [15] Masmoudi et al. 2008; [55] Almeida et al. 2019; [40] Britto et al. 2013; [09] Camarri et al. 2006; [28] Ben Saad et al. 2009; [42] Britto et al. 2013; [20] Jenkins et al. 2009; [10] Camarri et al. 2006; [13] Chetta et al. 2006; [47] Nusdwinuringtyas et al, 2014; [18] Iwama et al. 2009; [34] Dourado, Vidotto, Guerra 2011; [07] Enrigth et al. 2003; [43] Rao et al. 2013; [37] Hill et al. 2011; [32] Soares, Pereira 2011; [04] Troosters, Gosselink & Decramer 1999","-0.2587;-0.0473;0.2935;-0.2952;-0.0038;0.7674;0.6158;-0.3728;-0.1001;0.0925;-0.2773;0.281;0.5811;0.1232;-0.0877;-0.3676;-0.5054;0.4213;0.2114;-0.0077;0.0482;-0.2314;0.2049;-0.2701;0.1847",674.652631578947,619.146754144744,1712.33194694724,0.182486800643526,-55.5058774342034,-220.70651928126,57.3242498335248,66.5704555924537,87.8312559238195
672,"natalia_oliveira_2023",21,"[32] Soares, Pereira 2011; [48] Fernandes et al. 2016; [42] Britto et al. 2013; [20] Jenkins et al. 2009; [37] Hill et al. 2011; [34] Dourado, Vidotto, Guerra 2011; [43] Rao et al. 2013; [06] Gibbons et al. 2001; [13] Chetta et al. 2006; [18] Iwama et al. 2009; [15] Masmoudi et al. 2008; [09] Camarri et al. 2006; [55] Almeida et al. 2019; [50] Zou et al. 2017; [30] Osses et al. 2010; [47] Nusdwinuringtyas et al, 2014; [27] Alameri et al. 2009; [58] Delbressine et al. 2023; [02] Enright & Sherrill 1998; [07] Enrigth et al. 2003; [45] Kim et al. 2014","-0.3893;-0.22;0.1669;-0.1605;0.2334;-0.0504;-0.408;-0.0229;-0.4272;-0.2018;-0.1061;0.5447;0.098;-0.3178;-0.1464;0.5177;0.4822;-0.007;1.1135;0.0808;0.22",682.963157894737,742.045526120103,751.919145756075,0.25971040413948,59.0823682253661,-67.1178469732265,189.146951643488,73.5461079666983,91.4274606223197
673,"natalia_oliveira_2023",11,"[58] Delbressine et al. 2023; [47] Nusdwinuringtyas et al, 2014; [28] Ben Saad et al. 2009; [10] Camarri et al. 2006; [45] Kim et al. 2014; [54] Almeida et al. 2019; [30] Osses et al. 2010; [20] Jenkins et al. 2009; [34] Dourado, Vidotto, Guerra 2011; [02] Enright & Sherrill 1998; [37] Hill et al. 2011","-0.1455;0.3088;0.3583;-0.3211;0.5409;-0.3105;-0.091;-0.0189;0.1252;0.69;-0.1361",673.457894736842,580.002655542774,2116.21116066294,0.289173566517258,-93.4552391940684,-270.734007023896,33.3556622430393,99.9710762466606,118.30024401002
674,"natalia_oliveira_2023",22,"[28] Ben Saad et al. 2009; [55] Almeida et al. 2019; [30] Osses et al. 2010; [02] Enright & Sherrill 1998; [48] Fernandes et al. 2016; [45] Kim et al. 2014; [43] Rao et al. 2013; [13] Chetta et al. 2006; [54] Almeida et al. 2019; [07] Enrigth et al. 2003; [50] Zou et al. 2017; [06] Gibbons et al. 2001; [34] Dourado, Vidotto, Guerra 2011; [37] Hill et al. 2011; [18] Iwama et al. 2009; [20] Jenkins et al. 2009; [15] Masmoudi et al. 2008; [10] Camarri et al. 2006; [09] Camarri et al. 2006; [27] Alameri et al. 2009; [47] Nusdwinuringtyas et al, 2014; [40] Britto et al. 2013","0.7937;0.111;-0.0373;0.8255;0.1442;0.343;-0.1982;-0.5513;-0.3611;0.0269;-0.2259;-0.5011;0.014;0.1343;0.1897;-0.0851;-0.1166;-0.4603;0.2923;0.6864;0.3014;-0.3253",682.405263157895,555.111117544676,1642.7997558989,0.219866207689715,-127.294145613219,-288.697114793516,-2.74173615839828,128.165197615299,146.26378490745
675,"natalia_oliveira_2023",24,"[10] Camarri et al. 2006; [43] Rao et al. 2013; [32] Soares, Pereira 2011; [04] Troosters, Gosselink & Decramer 1999; [13] Chetta et al. 2006; [26] Jenkins et al. 2009; [07] Enrigth et al. 2003; [42] Britto et al. 2013; [27] Alameri et al. 2009; [55] Almeida et al. 2019; [45] Kim et al. 2014; [34] Dourado, Vidotto, Guerra 2011; [58] Delbressine et al. 2023; [40] Britto et al. 2013; [09] Camarri et al. 2006; [37] Hill et al. 2011; [28] Ben Saad et al. 2009; [48] Fernandes et al. 2016; [06] Gibbons et al. 2001; [02] Enright & Sherrill 1998; [30] Osses et al. 2010; [54] Almeida et al. 2019; [20] Jenkins et al. 2009; [18] Iwama et al. 2009","-0.5458;-0.1642;-0.2898;0.0863;-0.5983;-0.0665;-0.1252;0.2497;0.6884;0.1659;0.3551;0.0289;-0.14;-0.3276;0.2868;0.0276;0.8601;0.25;-0.4836;0.8182;-0.0758;-0.223;-0.0843;0.3071",674.521052631579,535.926575589737,1780.90096782991,0.373890741779164,-138.594477041842,-261.539860856154,-30.9447173302806,138.66909115372,151.826932930759
676,"natalia_oliveira_2023",2,"[37] Hill et al. 2011; [58] Delbressine et al. 2023","0.5;0.5",672.131578947368,764.611031578947,1786.2256870572,0.091524488094309,92.479452631579,-74.7,238.614,102.857978947368,118.358139852514
677,"natalia_oliveira_2023",21,"[40] Britto et al. 2013; [42] Britto et al. 2013; [06] Gibbons et al. 2001; [04] Troosters, Gosselink & Decramer 1999; [58] Delbressine et al. 2023; [45] Kim et al. 2014; [20] Jenkins et al. 2009; [27] Alameri et al. 2009; [47] Nusdwinuringtyas et al, 2014; [34] Dourado, Vidotto, Guerra 2011; [18] Iwama et al. 2009; [07] Enrigth et al. 2003; [30] Osses et al. 2010; [15] Masmoudi et al. 2008; [10] Camarri et al. 2006; [50] Zou et al. 2017; [09] Camarri et al. 2006; [48] Fernandes et al. 2016; [02] Enright & Sherrill 1998; [32] Soares, Pereira 2011; [43] Rao et al. 2013","-0.2062;0.085;-0.1226;0.5975;-0.0548;0.2474;-0.1682;0.6779;0.653;-0.0583;-0.0204;0.0464;-0.2214;-0.146;-0.295;-0.4574;0.3374;-0.0853;1.1095;-0.4469;-0.4716",675.936842105263,656.67160703589,1229.01906780916,0.252290417175246,-19.2652350693733,-136.439928701564,118.752709390485,52.4871400798736,68.5011750361484
678,"natalia_oliveira_2023",19,"[20] Jenkins et al. 2009; [48] Fernandes et al. 2016; [58] Delbressine et al. 2023; [06] Gibbons et al. 2001; [09] Camarri et al. 2006; [15] Masmoudi et al. 2008; [32] Soares, Pereira 2011; [40] Britto et al. 2013; [34] Dourado, Vidotto, Guerra 2011; [55] Almeida et al. 2019; [27] Alameri et al. 2009; [42] Britto et al. 2013; [30] Osses et al. 2010; [54] Almeida et al. 2019; [45] Kim et al. 2014; [10] Camarri et al. 2006; [13] Chetta et al. 2006; [50] Zou et al. 2017; [04] Troosters, Gosselink & Decramer 1999","-0.1194;0.2003;0.1988;0.2261;0.3572;0.0161;-0.4245;0.0726;-0.0072;0.2095;0.4907;0.1529;0.0062;0.0214;0.0805;-0.2533;-0.3491;-0.5012;0.6224",684.442105263158,662.30235440207,1153.35375817012,0.205306860146964,-22.1397508610884,-128.167389814168,92.9053000880987,54.3461090997691,72.2994313992386
679,"natalia_oliveira_2023",8,"[02] Enright & Sherrill 1998; [37] Hill et al. 2011; [15] Masmoudi et al. 2008; [30] Osses et al. 2010; [20] Jenkins et al. 2009; [10] Camarri et al. 2006; [26] Jenkins et al. 2009; [48] Fernandes et al. 2016","0.8167;-0.0747;-0.2934;-0.3206;-0.1995;0.7112;0.0123;0.3481",675.242105263158,666.857472903678,1475.23989806042,0.196510417823356,-8.38463235947981,-135.786567750123,110.498220492782,53.4207546545184,68.1589808210396
680,"natalia_oliveira_2023",3,"[07] Enrigth et al. 2003; [13] Chetta et al. 2006; [43] Rao et al. 2013","0.4154;0.2341;0.3505",670.315789473684,561.98139033542,1597.86605612353,0.244537760195022,-108.334399138264,-238.455935676414,15.5679836012988,112.903476586459,129.361211750936
681,"natalia_oliveira_2023",9,"[50] Zou et al. 2017; [18] Iwama et al. 2009; [10] Camarri et al. 2006; [58] Delbressine et al. 2023; [47] Nusdwinuringtyas et al, 2014; [48] Fernandes et al. 2016; [15] Masmoudi et al. 2008; [40] Britto et al. 2013; [42] Britto et al. 2013","-0.3444;0.0345;0.0278;0.3451;0.5451;-0.0245;0.3158;-0.1269;0.2276",681.521052631579,621.841157348,830.469252759639,0.148939899114597,-59.679895283579,-181.455945015669,73.5985959922154,73.0756785551855,89.0251289252399
682,"natalia_oliveira_2023",1,"[28] Ben Saad et al. 2009","1",683.715789473684,756.241689473684,7755.71885842687,0.141663505468775,72.5259000000001,-124.10975,212.63475,97.6093736842106,116.125531053457
683,"natalia_oliveira_2023",10,"[48] Fernandes et al. 2016; [34] Dourado, Vidotto, Guerra 2011; [32] Soares, Pereira 2011; [04] Troosters, Gosselink & Decramer 1999; [37] Hill et al. 2011; [18] Iwama et al. 2009; [54] Almeida et al. 2019; [58] Delbressine et al. 2023; [43] Rao et al. 2013; [09] Camarri et al. 2006","0.1628;0.1567;-0.3342;0.3564;0.2841;0.2483;0.0357;-0.0762;-0.3577;0.524",675.28947368421,791.85123558409,1313.50884861606,0.278526308989705,116.561761899879,-1.0223449548566,256.431590325264,121.713130379752,138.783522088294
684,"natalia_oliveira_2023",21,"[42] Britto et al. 2013; [20] Jenkins et al. 2009; [30] Osses et al. 2010; [50] Zou et al. 2017; [43] Rao et al. 2013; [48] Fernandes et al. 2016; [28] Ben Saad et al. 2009; [09] Camarri et al. 2006; [18] Iwama et al. 2009; [26] Jenkins et al. 2009; [32] Soares, Pereira 2011; [06] Gibbons et al. 2001; [45] Kim et al. 2014; [34] Dourado, Vidotto, Guerra 2011; [04] Troosters, Gosselink & Decramer 1999; [13] Chetta et al. 2006; [58] Delbressine et al. 2023; [07] Enrigth et al. 2003; [15] Masmoudi et al. 2008; [54] Almeida et al. 2019; [10] Camarri et al. 2006","0.2402;0.0266;0.0726;-0.1642;-0.0788;0.4862;0.905;0.3309;0.5654;0.0042;-0.1216;-0.6237;0.5184;0.2176;0.1334;-0.6735;-0.0152;0.044;-0.1522;-0.198;-0.5175",668.757894736842,563.195829762167,2199.46346723361,0.352211907450785,-105.562064974675,-237.078008042421,-0.648865875141212,106.574994030667,123.288949528024
685,"natalia_oliveira_2023",21,"[43] Rao et al. 2013; [30] Osses et al. 2010; [45] Kim et al. 2014; [04] Troosters, Gosselink & Decramer 1999; [06] Gibbons et al. 2001; [47] Nusdwinuringtyas et al, 2014; [26] Jenkins et al. 2009; [28] Ben Saad et al. 2009; [07] Enrigth et al. 2003; [34] Dourado, Vidotto, Guerra 2011; [54] Almeida et al. 2019; [13] Chetta et al. 2006; [20] Jenkins et al. 2009; [55] Almeida et al. 2019; [32] Soares, Pereira 2011; [15] Masmoudi et al. 2008; [40] Britto et al. 2013; [37] Hill et al. 2011; [48] Fernandes et al. 2016; [58] Delbressine et al. 2023; [18] Iwama et al. 2009","-0.2976;0.0766;0.5145;0.1863;-0.6505;0.546;-0.0498;0.758;0.1793;0.174;-0.2305;-0.7675;-0.0149;0.1226;-0.298;-0.093;-0.3364;0.4499;0.2863;0.0843;0.3603",681.1,725.295888891186,2051.2758803583,0.128970326013984,44.1958888911855,-121.123462685689,179.028224034131,71.1001818952438,89.3074997798201
686,"natalia_oliveira_2023",26,"[26] Jenkins et al. 2009; [27] Alameri et al. 2009; [30] Osses et al. 2010; [47] Nusdwinuringtyas et al, 2014; [42] Britto et al. 2013; [15] Masmoudi et al. 2008; [18] Iwama et al. 2009; [32] Soares, Pereira 2011; [55] Almeida et al. 2019; [28] Ben Saad et al. 2009; [10] Camarri et al. 2006; [54] Almeida et al. 2019; [20] Jenkins et al. 2009; [13] Chetta et al. 2006; [43] Rao et al. 2013; [07] Enrigth et al. 2003; [40] Britto et al. 2013; [58] Delbressine et al. 2023; [34] Dourado, Vidotto, Guerra 2011; [45] Kim et al. 2014; [04] Troosters, Gosselink & Decramer 1999; [02] Enright & Sherrill 1998; [06] Gibbons et al. 2001; [48] Fernandes et al. 2016; [37] Hill et al. 2011; [50] Zou et al. 2017","-0.0456;0.701;-0.0773;0.3698;0.1017;-0.1117;0.1949;-0.2319;0.0742;0.7222;-0.3797;-0.2734;-0.0749;-0.4836;-0.1337;0.0236;-0.3037;-0.0313;-0.0048;0.3824;0.1956;0.7118;-0.4608;0.1445;0.1493;-0.1585",669.984210526316,541.073249850657,1951.65155525051,0.270344107163102,-128.910960675659,-279.393689871074,-0.766934507596716,132.556716935199,147.489765802573
687,"natalia_oliveira_2023",14,"[30] Osses et al. 2010; [54] Almeida et al. 2019; [07] Enrigth et al. 2003; [20] Jenkins et al. 2009; [34] Dourado, Vidotto, Guerra 2011; [13] Chetta et al. 2006; [50] Zou et al. 2017; [42] Britto et al. 2013; [28] Ben Saad et al. 2009; [43] Rao et al. 2013; [15] Masmoudi et al. 2008; [37] Hill et al. 2011; [40] Britto et al. 2013; [18] Iwama et al. 2009","0.1411;-0.1514;-0.0682;0.1426;0.354;-0.6696;0.0823;0.2455;0.6559;0.0941;-0.1655;0.156;-0.4767;0.66",676.394736842105,708.994745093335,1742.65747601658,0.256775309152718,32.6000082512295,-93.6558302088815,154.138621498933,61.9011359880506,76.1961065804871
688,"natalia_oliveira_2023",12,"[09] Camarri et al. 2006; [32] Soares, Pereira 2011; [20] Jenkins et al. 2009; [13] Chetta et al. 2006; [30] Osses et al. 2010; [10] Camarri et al. 2006; [50] Zou et al. 2017; [34] Dourado, Vidotto, Guerra 2011; [18] Iwama et al. 2009; [04] Troosters, Gosselink & Decramer 1999; [47] Nusdwinuringtyas et al, 2014; [37] Hill et al. 2011","0.4273;-0.3383;0.0292;-0.615;0.0271;-0.2961;-0.4714;0.1927;0.175;0.7974;0.846;0.2261",677.38947368421,723.464498540446,1169.45797143526,0.195290506990921,46.0750248562359,-72.1999083030743,168.684572848765,66.8430170973256,82.4941081165444
689,"natalia_oliveira_2023",27,"[18] Iwama et al. 2009; [07] Enrigth et al. 2003; [15] Masmoudi et al. 2008; [13] Chetta et al. 2006; [58] Delbressine et al. 2023; [54] Almeida et al. 2019; [50] Zou et al. 2017; [55] Almeida et al. 2019; [20] Jenkins et al. 2009; [26] Jenkins et al. 2009; [43] Rao et al. 2013; [40] Britto et al. 2013; [06] Gibbons et al. 2001; [42] Britto et al. 2013; [27] Alameri et al. 2009; [47] Nusdwinuringtyas et al, 2014; [04] Troosters, Gosselink & Decramer 1999; [48] Fernandes et al. 2016; [30] Osses et al. 2010; [10] Camarri et al. 2006; [34] Dourado, Vidotto, Guerra 2011; [45] Kim et al. 2014; [37] Hill et al. 2011; [28] Ben Saad et al. 2009; [32] Soares, Pereira 2011; [02] Enright & Sherrill 1998; [09] Camarri et al. 2006","0.2296;-0.0031;-0.1321;-0.4908;-0.051;-0.2756;-0.1959;0.0962;-0.0485;-0.0413;-0.1603;-0.3472;-0.4439;0.1492;0.6154;0.2884;0.1052;0.1799;-0.0332;-0.4282;0.0691;0.2964;0.1608;0.7755;-0.1953;0.6942;0.1867",669.252631578947,569.9329584155,1855.19823939954,0.2240983264302,-99.3196731634475,-262.60866891741,32.7117362187659,104.240657671365,124.502809286218
690,"natalia_oliveira_2023",27,"[34] Dourado, Vidotto, Guerra 2011; [07] Enrigth et al. 2003; [48] Fernandes et al. 2016; [26] Jenkins et al. 2009; [40] Britto et al. 2013; [18] Iwama et al. 2009; [15] Masmoudi et al. 2008; [28] Ben Saad et al. 2009; [43] Rao et al. 2013; [20] Jenkins et al. 2009; [04] Troosters, Gosselink & Decramer 1999; [42] Britto et al. 2013; [06] Gibbons et al. 2001; [09] Camarri et al. 2006; [13] Chetta et al. 2006; [37] Hill et al. 2011; [27] Alameri et al. 2009; [58] Delbressine et al. 2023; [47] Nusdwinuringtyas et al, 2014; [55] Almeida et al. 2019; [02] Enright & Sherrill 1998; [30] Osses et al. 2010; [10] Camarri et al. 2006; [50] Zou et al. 2017; [54] Almeida et al. 2019; [45] Kim et al. 2014; [32] Soares, Pereira 2011","0.0775;-0.0087;0.2038;-0.0227;-0.448;0.2584;-0.1444;0.8785;-0.1429;-0.0382;0.1001;0.0771;-0.5194;0.1912;-0.5863;0.1634;0.7021;-0.052;0.4205;0.0451;0.8875;-0.034;-0.5264;-0.1817;-0.3965;0.3666;-0.2707",672.573684210526,533.138835494606,1706.84486340486,0.230100568524778,-139.434848715921,-272.739901713422,-17.2169682615409,141.276631908581,156.482778163729
691,"natalia_oliveira_2023",21,"[06] Gibbons et al. 2001; [15] Masmoudi et al. 2008; [30] Osses et al. 2010; [07] Enrigth et al. 2003; [04] Troosters, Gosselink & Decramer 1999; [32] Soares, Pereira 2011; [47] Nusdwinuringtyas et al, 2014; [10] Camarri et al. 2006; [40] Britto et al. 2013; [43] Rao et al. 2013; [58] Delbressine et al. 2023; [20] Jenkins et al. 2009; [54] Almeida et al. 2019; [27] Alameri et al. 2009; [02] Enright & Sherrill 1998; [50] Zou et al. 2017; [42] Britto et al. 2013; [37] Hill et al. 2011; [28] Ben Saad et al. 2009; [18] Iwama et al. 2009; [45] Kim et al. 2014","-0.6065;-0.1645;-0.0058;-0.0433;0.0374;-0.1764;0.2166;-0.418;-0.3552;-0.1366;-0.0796;-0.0153;-0.2275;0.6832;0.7046;-0.1922;0.1369;0.1658;0.7858;0.3366;0.354",674.668421052632,537.663024759122,1967.21798108107,0.334865594445257,-137.005396293509,-247.923013377822,-18.4511075852844,138.235705584006,151.413708716454
692,"natalia_oliveira_2023",20,"[04] Troosters, Gosselink & Decramer 1999; [07] Enrigth et al. 2003; [37] Hill et al. 2011; [45] Kim et al. 2014; [02] Enright & Sherrill 1998; [48] Fernandes et al. 2016; [40] Britto et al. 2013; [27] Alameri et al. 2009; [50] Zou et al. 2017; [30] Osses et al. 2010; [55] Almeida et al. 2019; [18] Iwama et al. 2009; [43] Rao et al. 2013; [09] Camarri et al. 2006; [20] Jenkins et al. 2009; [32] Soares, Pereira 2011; [58] Delbressine et al. 2023; [54] Almeida et al. 2019; [26] Jenkins et al. 2009; [06] Gibbons et al. 2001","0.2614;-0.0073;0.1644;0.3036;1.0504;-0.0503;-0.1355;0.7011;-0.398;-0.1897;0.1612;0.0063;-0.4206;0.4582;-0.2222;-0.4373;-0.1031;-0.0787;-0.1964;0.1326",677.447368421053,715.440600827264,1065.57902808279,0.213076542276332,37.993232406211,-120.097481680622,160.33263970322,64.2644493171526,79.6551011108859
693,"natalia_oliveira_2023",7,"[09] Camarri et al. 2006; [26] Jenkins et al. 2009; [47] Nusdwinuringtyas et al, 2014; [54] Almeida et al. 2019; [37] Hill et al. 2011; [07] Enrigth et al. 2003; [34] Dourado, Vidotto, Guerra 2011","0.098;0.1502;0.3991;-0.1844;0.1467;0.2356;0.1549",677.315789473684,637.472115466068,1090.45524848366,0.15754405102322,-39.8436740076163,-209.328289337671,115.335582047149,64.5538749754347,88.9538442224316
694,"natalia_oliveira_2023",19,"[30] Osses et al. 2010; [26] Jenkins et al. 2009; [34] Dourado, Vidotto, Guerra 2011; [09] Camarri et al. 2006; [04] Troosters, Gosselink & Decramer 1999; [55] Almeida et al. 2019; [58] Delbressine et al. 2023; [54] Almeida et al. 2019; [45] Kim et al. 2014; [18] Iwama et al. 2009; [07] Enrigth et al. 2003; [10] Camarri et al. 2006; [32] Soares, Pereira 2011; [37] Hill et al. 2011; [48] Fernandes et al. 2016; [28] Ben Saad et al. 2009; [06] Gibbons et al. 2001; [50] Zou et al. 2017; [42] Britto et al. 2013","0.0501;0.0719;0.2995;0.425;0.1727;0.1481;-0.1173;-0.433;0.5662;0.5298;-0.1191;-0.7505;-0.3402;0.1478;0.4361;0.9278;-0.8192;-0.3644;0.1686",673.205263157895,545.41299420329,1836.47866053374,0.278967113008655,-127.792268954605,-274.138114407887,-3.63971463696832,128.090093236313,145.066376463247
695,"natalia_oliveira_2023",21,"[02] Enright & Sherrill 1998; [40] Britto et al. 2013; [30] Osses et al. 2010; [04] Troosters, Gosselink & Decramer 1999; [20] Jenkins et al. 2009; [58] Delbressine et al. 2023; [09] Camarri et al. 2006; [15] Masmoudi et al. 2008; [28] Ben Saad et al. 2009; [07] Enrigth et al. 2003; [45] Kim et al. 2014; [43] Rao et al. 2013; [13] Chetta et al. 2006; [48] Fernandes et al. 2016; [06] Gibbons et al. 2001; [37] Hill et al. 2011; [27] Alameri et al. 2009; [50] Zou et al. 2017; [42] Britto et al. 2013; [18] Iwama et al. 2009; [54] Almeida et al. 2019","0.663;-0.3467;-0.0822;-0.0921;-0.158;-0.0886;0.127;-0.2226;0.7935;-0.0117;0.3001;-0.0998;-0.5212;0.2944;-0.4895;0.2708;0.6007;-0.1754;0.1679;0.3391;-0.2688",671.726315789474,569.424141464452,1784.68603991422,0.397978557103862,-102.302174325022,-260.199366198576,20.0659066525032,105.895557537084,124.885612368742
696,"natalia_oliveira_2023",27,"[18] Iwama et al. 2009; [42] Britto et al. 2013; [28] Ben Saad et al. 2009; [34] Dourado, Vidotto, Guerra 2011; [37] Hill et al. 2011; [45] Kim et al. 2014; [30] Osses et al. 2010; [26] Jenkins et al. 2009; [10] Camarri et al. 2006; [15] Masmoudi et al. 2008; [48] Fernandes et al. 2016; [54] Almeida et al. 2019; [27] Alameri et al. 2009; [07] Enrigth et al. 2003; [09] Camarri et al. 2006; [20] Jenkins et al. 2009; [40] Britto et al. 2013; [58] Delbressine et al. 2023; [47] Nusdwinuringtyas et al, 2014; [55] Almeida et al. 2019; [43] Rao et al. 2013; [13] Chetta et al. 2006; [32] Soares, Pereira 2011; [02] Enright & Sherrill 1998; [50] Zou et al. 2017; [06] Gibbons et al. 2001; [04] Troosters, Gosselink & Decramer 1999","0.213;0.2031;0.7447;0.0361;0.1712;0.3008;-0.0687;-0.0642;-0.3869;-0.1576;0.1633;-0.2601;0.6057;-0.0179;0.2898;-0.0864;-0.3387;-0.0712;0.229;0.1779;-0.1894;-0.5307;-0.2299;0.7833;-0.2034;-0.4297;0.1168",683.657894736842,599.168110170209,1709.77770734496,0.201549651771488,-84.4897845666331,-230.068527077472,22.2328986023107,89.9186881960875,108.716592614078
697,"natalia_oliveira_2023",11,"[42] Britto et al. 2013; [37] Hill et al. 2011; [20] Jenkins et al. 2009; [48] Fernandes et al. 2016; [34] Dourado, Vidotto, Guerra 2011; [26] Jenkins et al. 2009; [54] Almeida et al. 2019; [58] Delbressine et al. 2023; [40] Britto et al. 2013; [10] Camarri et al. 2006; [06] Gibbons et al. 2001","0.2071;0.2234;-0.127;0.0907;0.0549;0.0885;0.0799;0.0973;-0.0083;0.2165;0.077",674.336842105263,699.180899834597,1671.07945803718,0.209569255811479,24.8440577293339,-111.874175069691,165.114475925267,62.765596778015,79.6807674506189
698,"natalia_oliveira_2023",15,"[34] Dourado, Vidotto, Guerra 2011; [32] Soares, Pereira 2011; [13] Chetta et al. 2006; [06] Gibbons et al. 2001; [43] Rao et al. 2013; [42] Britto et al. 2013; [54] Almeida et al. 2019; [15] Masmoudi et al. 2008; [47] Nusdwinuringtyas et al, 2014; [27] Alameri et al. 2009; [30] Osses et al. 2010; [55] Almeida et al. 2019; [20] Jenkins et al. 2009; [45] Kim et al. 2014; [28] Ben Saad et al. 2009","0.1881;0.0504;-0.3724;-0.2442;-0.1402;0.2776;-0.2074;0.0552;0.2317;0.3301;0.1751;0.1469;0.1128;0.0807;0.3154",669.4,628.252027698512,1259.02650150257,0.242364176184955,-41.1479723014883,-159.797680048812,87.6299842726035,61.4886006271614,75.9579983471765
699,"natalia_oliveira_2023",3,"[48] Fernandes et al. 2016; [54] Almeida et al. 2019; [15] Masmoudi et al. 2008","0.3651;0.2389;0.3959",677.884210526316,596.353919992529,1264.51915021777,0.186269376616718,-81.5302905337872,-207.508533664032,59.0879766334468,89.4936010520377,110.422349449182
700,"natalia_oliveira_2023",11,"[18] Iwama et al. 2009; [20] Jenkins et al. 2009; [58] Delbressine et al. 2023; [13] Chetta et al. 2006; [54] Almeida et al. 2019; [34] Dourado, Vidotto, Guerra 2011; [50] Zou et al. 2017; [15] Masmoudi et al. 2008; [32] Soares, Pereira 2011; [27] Alameri et al. 2009; [28] Ben Saad et al. 2009","0.5939;0.0665;0.1513;-0.5713;-0.3608;0.2168;-0.1738;0.0115;-0.1407;0.5824;0.6242",679.947368421053,595.284929778314,2085.83932304106,0.275343978991503,-84.6624386427383,-256.104730755197,29.6616672247529,90.0625738501134,113.041981629118
701,"natalia_oliveira_2023",13,"[18] Iwama et al. 2009; [37] Hill et al. 2011; [04] Troosters, Gosselink & Decramer 1999; [55] Almeida et al. 2019; [58] Delbressine et al. 2023; [42] Britto et al. 2013; [50] Zou et al. 2017; [13] Chetta et al. 2006; [47] Nusdwinuringtyas et al, 2014; [26] Jenkins et al. 2009; [45] Kim et al. 2014; [32] Soares, Pereira 2011; [10] Camarri et al. 2006","-0.0242;0.1257;0.9634;0.1422;0.1045;0.1428;-0.4136;-0.6822;0.9279;0.0339;0.4519;-0.4019;-0.3706",681.61052631579,714.867835613283,1318.48263043872,0.201182294671722,33.2573092974938,-91.4221011618744,146.222723251673,61.4612773939143,74.80515249225
702,"natalia_oliveira_2023",16,"[55] Almeida et al. 2019; [30] Osses et al. 2010; [18] Iwama et al. 2009; [07] Enrigth et al. 2003; [42] Britto et al. 2013; [58] Delbressine et al. 2023; [40] Britto et al. 2013; [09] Camarri et al. 2006; [10] Camarri et al. 2006; [04] Troosters, Gosselink & Decramer 1999; [45] Kim et al. 2014; [13] Chetta et al. 2006; [15] Masmoudi et al. 2008; [26] Jenkins et al. 2009; [27] Alameri et al. 2009; [06] Gibbons et al. 2001","0.2681;-0.3075;-0.054;0.3193;0.1459;0.0802;0.1255;0.1295;-0.4654;0.7912;0.0312;-0.5962;-0.1866;-0.2596;0.6887;0.2897",682.678947368421,619.769443986463,1274.24194311501,0.170527852784344,-62.9095033819584,-196.956202727832,94.8394879101335,79.1567381772927,96.8197933618788
703,"natalia_oliveira_2023",17,"[54] Almeida et al. 2019; [47] Nusdwinuringtyas et al, 2014; [42] Britto et al. 2013; [18] Iwama et al. 2009; [07] Enrigth et al. 2003; [04] Troosters, Gosselink & Decramer 1999; [02] Enright & Sherrill 1998; [06] Gibbons et al. 2001; [09] Camarri et al. 2006; [34] Dourado, Vidotto, Guerra 2011; [15] Masmoudi et al. 2008; [13] Chetta et al. 2006; [55] Almeida et al. 2019; [32] Soares, Pereira 2011; [10] Camarri et al. 2006; [26] Jenkins et al. 2009; [30] Osses et al. 2010","-0.3014;0.9901;0.1424;-0.1383;-0.1271;0.5183;1.052;-0.0713;0.4496;0.0517;-0.2157;-0.6442;0.1416;-0.4287;-0.1974;0.0253;-0.2468",675.568421052632,683.215197553572,1117.33145052023,0.138909112020815,7.64677650093997,-131.334293037459,143.112158429893,52.6945172954249,67.5046228883465
704,"natalia_oliveira_2023",19,"[20] Jenkins et al. 2009; [54] Almeida et al. 2019; [40] Britto et al. 2013; [10] Camarri et al. 2006; [48] Fernandes et al. 2016; [13] Chetta et al. 2006; [09] Camarri et al. 2006; [45] Kim et al. 2014; [18] Iwama et al. 2009; [34] Dourado, Vidotto, Guerra 2011; [28] Ben Saad et al. 2009; [27] Alameri et al. 2009; [02] Enright & Sherrill 1998; [06] Gibbons et al. 2001; [58] Delbressine et al. 2023; [30] Osses et al. 2010; [26] Jenkins et al. 2009; [47] Nusdwinuringtyas et al, 2014; [37] Hill et al. 2011","-0.0474;-0.1724;-0.3288;-0.4635;0.1057;-0.5875;0.2569;0.2371;0.1667;0.0757;0.718;0.6229;0.8339;-0.5049;-0.0819;-0.054;-0.0212;0.3006;-0.0559",658.852631578947,481.829872554617,1589.57783174251,0.296042294835352,-177.02275902433,-303.82629712825,-60.7432596307752,177.847038599634,188.815984827063
705,"natalia_oliveira_2023",2,"[06] Gibbons et al. 2001; [40] Britto et al. 2013","0.5;0.5",679.078947368421,684.986794562529,1579.4521950904,0.192101240847432,5.90784719410775,-142.942851203797,144.858036477862,56.7347290993557,72.1008646128504
706,"natalia_oliveira_2023",4,"[47] Nusdwinuringtyas et al, 2014; [43] Rao et al. 2013; [13] Chetta et al. 2006; [50] Zou et al. 2017","0.3521;0.2225;0.2206;0.2047",673.373684210526,550.503415002314,723.485809612515,0.156663442171999,-122.870269208212,-307.260841343788,32.7720007779229,128.487209862024,147.732824845423
707,"natalia_oliveira_2023",1,"[58] Delbressine et al. 2023","1",683.178947368421,711.987010526316,2571.76263410571,0.187314762750686,28.8080631578948,-175.46,191.74,66.1084842105263,86.8634190434373
708,"natalia_oliveira_2023",1,"[54] Almeida et al. 2019","1",674.168421052632,685.206785507774,954.352075800725,0.223356327961415,11.038364455142,-103.552092746115,129.236413727934,48.3307536637202,61.9218282360447
709,"natalia_oliveira_2023",6,"[09] Camarri et al. 2006; [43] Rao et al. 2013; [26] Jenkins et al. 2009; [13] Chetta et al. 2006; [42] Britto et al. 2013; [32] Soares, Pereira 2011","0.4015;-0.1075;0.394;0.0792;0.3334;-0.1006",668.057894736842,704.27504433458,1441.60602960663,0.337434411678686,36.2171495977379,-95.3711496096465,161.729771305954,61.7244298208084,79.7557937393389
710,"natalia_oliveira_2023",18,"[54] Almeida et al. 2019; [47] Nusdwinuringtyas et al, 2014; [26] Jenkins et al. 2009; [43] Rao et al. 2013; [13] Chetta et al. 2006; [10] Camarri et al. 2006; [09] Camarri et al. 2006; [15] Masmoudi et al. 2008; [07] Enrigth et al. 2003; [30] Osses et al. 2010; [40] Britto et al. 2013; [34] Dourado, Vidotto, Guerra 2011; [02] Enright & Sherrill 1998; [27] Alameri et al. 2009; [04] Troosters, Gosselink & Decramer 1999; [20] Jenkins et al. 2009; [48] Fernandes et al. 2016; [37] Hill et al. 2011","-0.0629;0.6381;-0.1201;-0.4278;-0.4095;-0.1694;0.3454;-0.1196;0.055;-0.1688;-0.0983;-0.0998;0.8617;0.4482;0.4601;-0.1781;-0.0887;0.1344",678.826315789474,696.419529308711,1234.72443118668,0.202091941630064,17.593213519237,-148.932374939553,208.37978076072,61.3467626074525,84.264519041113
711,"natalia_oliveira_2023",7,"[50] Zou et al. 2017; [43] Rao et al. 2013; [26] Jenkins et al. 2009; [58] Delbressine et al. 2023; [04] Troosters, Gosselink & Decramer 1999; [48] Fernandes et al. 2016; [32] Soares, Pereira 2011","0.1169;0.0751;0.0339;-0.2785;0.7039;0.6097;-0.261",670.057894736842,627.027982610199,1877.66904929792,0.169518695805751,-43.0299121266434,-186.171650333502,103.594271040434,70.0754597747569,88.953537511285
712,"natalia_oliveira_2023",12,"[43] Rao et al. 2013; [42] Britto et al. 2013; [37] Hill et al. 2011; [09] Camarri et al. 2006; [04] Troosters, Gosselink & Decramer 1999; [15] Masmoudi et al. 2008; [20] Jenkins et al. 2009; [28] Ben Saad et al. 2009; [27] Alameri et al. 2009; [02] Enright & Sherrill 1998; [30] Osses et al. 2010; [07] Enrigth et al. 2003","-0.4067;0.1427;0.0437;0.1674;0.1435;-0.3346;-0.3509;0.2872;0.7463;0.9543;-0.2916;-0.1012",675.1,658.44007970046,2201.97960665856,0.279808913697288,-16.6599202995396,-146.505974654147,118.95703529375,57.7202993894168,77.1524765312351
713,"natalia_oliveira_2023",5,"[50] Zou et al. 2017; [20] Jenkins et al. 2009; [18] Iwama et al. 2009; [48] Fernandes et al. 2016; [07] Enrigth et al. 2003","0.2339;0.0659;0.2331;0.1101;0.357",662.473684210526,604.851597325784,1240.38365478295,0.173993495506931,-57.6220868847418,-181.924374788032,95.4104672715313,76.151626615665,96.2044211305503
714,"natalia_oliveira_2023",21,"[13] Chetta et al. 2006; [45] Kim et al. 2014; [27] Alameri et al. 2009; [26] Jenkins et al. 2009; [10] Camarri et al. 2006; [07] Enrigth et al. 2003; [15] Masmoudi et al. 2008; [32] Soares, Pereira 2011; [40] Britto et al. 2013; [58] Delbressine et al. 2023; [09] Camarri et al. 2006; [04] Troosters, Gosselink & Decramer 1999; [43] Rao et al. 2013; [18] Iwama et al. 2009; [06] Gibbons et al. 2001; [28] Ben Saad et al. 2009; [37] Hill et al. 2011; [48] Fernandes et al. 2016; [20] Jenkins et al. 2009; [55] Almeida et al. 2019; [42] Britto et al. 2013","-0.743;0.3335;0.739;-0.0279;-0.6198;0.1428;-0.1016;-0.2691;-0.2762;0.0648;0.1759;0.2557;-0.2706;0.3849;-0.609;0.9186;0.3798;0.3265;-0.0139;0.0818;0.1277",673.021052631579,592.418184520978,1674.49304299795,0.310929749611431,-80.6028681106014,-198.418757479254,24.4577451242255,83.1887962887403,99.8695973858602
715,"natalia_oliveira_2023",15,"[34] Dourado, Vidotto, Guerra 2011; [02] Enright & Sherrill 1998; [13] Chetta et al. 2006; [18] Iwama et al. 2009; [09] Camarri et al. 2006; [06] Gibbons et al. 2001; [28] Ben Saad et al. 2009; [50] Zou et al. 2017; [48] Fernandes et al. 2016; [54] Almeida et al. 2019; [45] Kim et al. 2014; [07] Enrigth et al. 2003; [30] Osses et al. 2010; [37] Hill et al. 2011; [20] Jenkins et al. 2009","-0.0626;0.5735;-0.5481;0.4724;0.3113;-0.4661;0.7357;-0.1268;0.4052;-0.3442;0.4921;-0.2248;-0.1696;0.1706;-0.2186",675.936842105263,612.014763802371,1880.5030651525,0.240192824598847,-63.9220783028919,-194.528233503548,56.8464966457599,77.4196079607608,96.632907671121
716,"natalia_oliveira_2023",23,"[30] Osses et al. 2010; [47] Nusdwinuringtyas et al, 2014; [28] Ben Saad et al. 2009; [20] Jenkins et al. 2009; [15] Masmoudi et al. 2008; [10] Camarri et al. 2006; [43] Rao et al. 2013; [37] Hill et al. 2011; [45] Kim et al. 2014; [34] Dourado, Vidotto, Guerra 2011; [40] Britto et al. 2013; [50] Zou et al. 2017; [13] Chetta et al. 2006; [55] Almeida et al. 2019; [07] Enrigth et al. 2003; [32] Soares, Pereira 2011; [04] Troosters, Gosselink & Decramer 1999; [18] Iwama et al. 2009; [54] Almeida et al. 2019; [02] Enright & Sherrill 1998; [09] Camarri et al. 2006; [06] Gibbons et al. 2001; [48] Fernandes et al. 2016","-0.0155;0.5314;0.7628;-0.0017;-0.1726;-0.4845;-0.142;0.0514;0.5793;0.1235;-0.4041;-0.1764;-0.6481;0.1373;-0.0642;-0.2273;0.1169;0.3246;-0.2315;0.7995;0.4995;-0.6157;0.2575",662.542105263158,618.892348035501,1666.04268436922,0.317309360358722,-43.6497572276573,-167.487330031663,79.1820731746701,64.3024689662377,78.5992456472168
717,"natalia_oliveira_2023",2,"[28] Ben Saad et al. 2009; [48] Fernandes et al. 2016","0.5;0.5",675.7,622.81157368421,2695.04033376967,0.255681604932599,-52.8884263157894,-211.5905,69.8775,69.0720947368421,90.0063389560921
718,"natalia_oliveira_2023",13,"[02] Enright & Sherrill 1998; [42] Britto et al. 2013; [07] Enrigth et al. 2003; [06] Gibbons et al. 2001; [27] Alameri et al. 2009; [55] Almeida et al. 2019; [47] Nusdwinuringtyas et al, 2014; [48] Fernandes et al. 2016; [09] Camarri et al. 2006; [54] Almeida et al. 2019; [43] Rao et al. 2013; [40] Britto et al. 2013; [13] Chetta et al. 2006","1.2643;0.0734;0.055;0.1249;0.4748;0.101;1.01;-0.2881;0.3396;-0.53;-0.8037;-0.2623;-0.5589",676.731578947368,745.535703333282,1036.67620944916,0.227497223621105,68.8041243859136,-54.4780969697686,195.114887483672,78.4743951252194,93.6267107318471
719,"natalia_oliveira_2023",16,"[30] Osses et al. 2010; [37] Hill et al. 2011; [07] Enrigth et al. 2003; [47] Nusdwinuringtyas et al, 2014; [04] Troosters, Gosselink & Decramer 1999; [45] Kim et al. 2014; [06] Gibbons et al. 2001; [40] Britto et al. 2013; [32] Soares, Pereira 2011; [48] Fernandes et al. 2016; [18] Iwama et al. 2009; [20] Jenkins et al. 2009; [58] Delbressine et al. 2023; [34] Dourado, Vidotto, Guerra 2011; [55] Almeida et al. 2019; [13] Chetta et al. 2006","-0.1229;0.351;0.1538;0.7346;0.664;0.3293;-0.1447;0.0395;-0.4948;-0.0551;0.0204;-0.0997;0.0285;0.1094;0.2037;-0.7169",675.547368421053,744.843194264474,991.735185834015,0.176498663091411,69.2958258434215,-56.3919600870765,196.813204845642,81.577637148494,99.6870108424595
720,"natalia_oliveira_2023",7,"[15] Masmoudi et al. 2008; [28] Ben Saad et al. 2009; [37] Hill et al. 2011; [10] Camarri et al. 2006; [50] Zou et al. 2017; [54] Almeida et al. 2019; [30] Osses et al. 2010","0.2105;0.1056;-0.0951;0.2125;0.1895;0.0682;0.3088",681.636842105263,673.308759547535,1377.63760479563,0.23091185698118,-8.32808255772814,-137.990989364615,119.4375862573,50.3947339293399,67.2364805852718
721,"natalia_oliveira_2023",1,"[28] Ben Saad et al. 2009","1",681.363157894737,754.572278947369,8991.73552064664,0.22396952422911,73.2091210526317,-124.57725,268.94725,96.1332263157895,118.237969656403
722,"natalia_oliveira_2023",18,"[50] Zou et al. 2017; [09] Camarri et al. 2006; [27] Alameri et al. 2009; [32] Soares, Pereira 2011; [58] Delbressine et al. 2023; [43] Rao et al. 2013; [10] Camarri et al. 2006; [54] Almeida et al. 2019; [15] Masmoudi et al. 2008; [30] Osses et al. 2010; [55] Almeida et al. 2019; [26] Jenkins et al. 2009; [40] Britto et al. 2013; [34] Dourado, Vidotto, Guerra 2011; [07] Enrigth et al. 2003; [13] Chetta et al. 2006; [28] Ben Saad et al. 2009; [04] Troosters, Gosselink & Decramer 1999","-0.1101;0.1621;0.9769;-0.1655;0.1719;0.0459;-0.74;-0.129;-0.026;0.2214;0.1439;-0.0449;-0.2485;0.2405;0.2604;-0.5404;0.6597;0.1216",676.852631578947,521.593089981526,2137.38011032057,0.369413681316347,-155.259541597422,-279.472270623004,-41.9876717411486,155.259541597422,168.910535105259
723,"natalia_oliveira_2023",14,"[54] Almeida et al. 2019; [48] Fernandes et al. 2016; [13] Chetta et al. 2006; [30] Osses et al. 2010; [09] Camarri et al. 2006; [26] Jenkins et al. 2009; [37] Hill et al. 2011; [58] Delbressine et al. 2023; [42] Britto et al. 2013; [20] Jenkins et al. 2009; [02] Enright & Sherrill 1998; [50] Zou et al. 2017; [15] Masmoudi et al. 2008; [07] Enrigth et al. 2003","0.1271;-0.0306;-0.1432;-0.2055;0.7339;-0.0275;0.1353;-0.124;0.2184;-0.142;0.8732;-0.1773;-0.1934;-0.0444",676.28947368421,703.619917859547,1208.68389783135,0.235685945001708,27.3304441753364,-136.309819172793,161.123355559892,62.1415542500831,82.0960352920874
724,"natalia_oliveira_2023",1,"[45] Kim et al. 2014","1",675.563157894737,605.769631578947,607.991778170426,0.166221523623206,-69.7935263157894,-193.01,41.8192500000001,79.8897368421052,98.0283210769107
725,"natalia_oliveira_2023",25,"[40] Britto et al. 2013; [37] Hill et al. 2011; [27] Alameri et al. 2009; [18] Iwama et al. 2009; [48] Fernandes et al. 2016; [32] Soares, Pereira 2011; [55] Almeida et al. 2019; [15] Masmoudi et al. 2008; [50] Zou et al. 2017; [45] Kim et al. 2014; [42] Britto et al. 2013; [06] Gibbons et al. 2001; [09] Camarri et al. 2006; [26] Jenkins et al. 2009; [04] Troosters, Gosselink & Decramer 1999; [43] Rao et al. 2013; [20] Jenkins et al. 2009; [54] Almeida et al. 2019; [34] Dourado, Vidotto, Guerra 2011; [30] Osses et al. 2010; [10] Camarri et al. 2006; [58] Delbressine et al. 2023; [02] Enright & Sherrill 1998; [47] Nusdwinuringtyas et al, 2014; [28] Ben Saad et al. 2009","-0.4073;0.0648;0.6358;0.2645;0.2073;-0.2129;0.0707;-0.165;-0.197;0.3165;0.1184;-0.6089;0.1554;-0.0462;0.0571;-0.1494;-0.0465;-0.313;0.0798;-0.0288;-0.486;-0.0889;0.7574;0.2131;0.8092",674.494736842105,507.65844771644,2039.76870437904,0.266873076357558,-166.836289125665,-308.525382146942,-7.95348937611467,169.61434647675,184.613391877562
726,"natalia_oliveira_2023",1,"[30] Osses et al. 2010","1",683.184210526316,683.573152631579,1378.56659445806,0.154453721906241,0.38894210526313,-122.83,114.59,48.1052578947369,65.4508928048551
727,"natalia_oliveira_2023",3,"[13] Chetta et al. 2006; [43] Rao et al. 2013; [02] Enright & Sherrill 1998","0.2931;0.2866;0.4203",673.047368421053,596.94165486444,1504.23306093888,0.157399405952083,-76.105713556613,-213.490326187456,63.1138288116353,89.011485676641,110.09713864209
728,"natalia_oliveira_2023",23,"[26] Jenkins et al. 2009; [15] Masmoudi et al. 2008; [10] Camarri et al. 2006; [54] Almeida et al. 2019; [28] Ben Saad et al. 2009; [45] Kim et al. 2014; [04] Troosters, Gosselink & Decramer 1999; [58] Delbressine et al. 2023; [06] Gibbons et al. 2001; [30] Osses et al. 2010; [07] Enrigth et al. 2003; [50] Zou et al. 2017; [37] Hill et al. 2011; [09] Camarri et al. 2006; [48] Fernandes et al. 2016; [20] Jenkins et al. 2009; [13] Chetta et al. 2006; [27] Alameri et al. 2009; [02] Enright & Sherrill 1998; [18] Iwama et al. 2009; [34] Dourado, Vidotto, Guerra 2011; [42] Britto et al. 2013; [55] Almeida et al. 2019","-0.144;-0.155;-0.4501;-0.2958;0.8039;0.3257;0.1204;-0.0566;-0.4746;-0.092;0.0109;-0.2294;0.1816;0.2023;0.2044;-0.1373;-0.5192;0.6844;0.5944;0.2585;-0.0493;0.1201;0.097",669.821052631579,513.901301863263,2221.52659826501,0.286376756774563,-155.919750768316,-287.15686093793,-31.5927901034623,156.774494912025,169.339860311104
729,"natalia_oliveira_2023",13,"[47] Nusdwinuringtyas et al, 2014; [40] Britto et al. 2013; [30] Osses et al. 2010; [55] Almeida et al. 2019; [10] Camarri et al. 2006; [09] Camarri et al. 2006; [18] Iwama et al. 2009; [43] Rao et al. 2013; [13] Chetta et al. 2006; [50] Zou et al. 2017; [48] Fernandes et al. 2016; [04] Troosters, Gosselink & Decramer 1999; [15] Masmoudi et al. 2008","0.7326;-0.0383;0.014;0.1525;-0.3906;0.4613;0.2188;-0.362;-0.4889;-0.3694;0.1751;0.7947;0.1001",680.142105263158,724.339746213178,1048.23561751938,0.161610405384472,44.1976409500197,-70.5239217995908,181.602244625196,67.1068652615001,85.3807835773599
730,"natalia_oliveira_2023",16,"[02] Enright & Sherrill 1998; [26] Jenkins et al. 2009; [13] Chetta et al. 2006; [18] Iwama et al. 2009; [48] Fernandes et al. 2016; [09] Camarri et al. 2006; [42] Britto et al. 2013; [55] Almeida et al. 2019; [20] Jenkins et al. 2009; [43] Rao et al. 2013; [28] Ben Saad et al. 2009; [34] Dourado, Vidotto, Guerra 2011; [58] Delbressine et al. 2023; [37] Hill et al. 2011; [07] Enrigth et al. 2003; [06] Gibbons et al. 2001","0.774;-0.2457;-0.5113;0.2925;0.2365;0.6997;0.1852;0.0877;-0.2291;-0.0467;0.5398;-0.0999;-0.2041;0.1332;-0.1482;-0.4638",670.194736842105,645.937184569054,1695.9938735196,0.275866465258293,-24.2575522730509,-177.391051934156,111.330082425113,53.1168741369566,73.8771691772142
731,"natalia_oliveira_2023",14,"[04] Troosters, Gosselink & Decramer 1999; [10] Camarri et al. 2006; [48] Fernandes et al. 2016; [30] Osses et al. 2010; [26] Jenkins et al. 2009; [13] Chetta et al. 2006; [09] Camarri et al. 2006; [27] Alameri et al. 2009; [42] Britto et al. 2013; [40] Britto et al. 2013; [06] Gibbons et al. 2001; [50] Zou et al. 2017; [18] Iwama et al. 2009; [15] Masmoudi et al. 2008","0.7074;-0.3436;0.0453;-0.052;-0.0756;-0.3416;0.2468;0.6637;0.1871;0.0365;0.3509;-0.5283;0.1031;2e-04",663.247368421053,622.341254839721,1211.43126209728,0.237076690749322,-40.9061135813318,-158.215450409134,106.176275569746,68.3044636305527,85.7694862951164
732,"natalia_oliveira_2023",5,"[20] Jenkins et al. 2009; [10] Camarri et al. 2006; [55] Almeida et al. 2019; [37] Hill et al. 2011; [26] Jenkins et al. 2009","-0.0364;0.2389;0.3308;0.3617;0.1051",673.58947368421,758.197289504723,1609.61693201379,0.234114947900132,84.6078158205124,-34.0929533576322,218.490851589246,92.7588198037823,109.689866742695
733,"natalia_oliveira_2023",13,"[32] Soares, Pereira 2011; [04] Troosters, Gosselink & Decramer 1999; [18] Iwama et al. 2009; [30] Osses et al. 2010; [54] Almeida et al. 2019; [47] Nusdwinuringtyas et al, 2014; [02] Enright & Sherrill 1998; [28] Ben Saad et al. 2009; [10] Camarri et al. 2006; [58] Delbressine et al. 2023; [37] Hill et al. 2011; [07] Enrigth et al. 2003; [09] Camarri et al. 2006","-0.1227;0.1064;0.2723;0.0098;-0.2293;0.3427;0.7397;0.285;-0.3718;-0.1451;-0.1698;-0.1716;0.4544",672.621052631579,593.016114140231,2078.61668699693,0.24233767708332,-79.6049384913483,-198.238054418432,52.73389467668,87.7095809084397,104.473413388429
734,"natalia_oliveira_2023",10,"[06] Gibbons et al. 2001; [47] Nusdwinuringtyas et al, 2014; [26] Jenkins et al. 2009; [55] Almeida et al. 2019; [45] Kim et al. 2014; [42] Britto et al. 2013; [58] Delbressine et al. 2023; [15] Masmoudi et al. 2008; [18] Iwama et al. 2009; [04] Troosters, Gosselink & Decramer 1999","-0.5006;0.7297;-0.3688;0.1903;-0.0269;0.0958;0.1989;-0.1263;0.0111;0.7969",670.321052631579,635.046226923123,1450.75574051258,0.25486975951208,-35.2748257084561,-153.766564888449,96.0261776705962,61.0489604939619,80.1721887173732
735,"natalia_oliveira_2023",5,"[02] Enright & Sherrill 1998; [47] Nusdwinuringtyas et al, 2014; [13] Chetta et al. 2006; [20] Jenkins et al. 2009; [43] Rao et al. 2013","0.4278;0.5519;-0.099;0.1914;-0.0722",672.836842105263,641.856903233729,1120.91381432646,0.217959172542393,-30.9799388715342,-150.99526531513,117.541734750331,59.4529611530444,74.0569863812191
736,"natalia_oliveira_2023",7,"[37] Hill et al. 2011; [43] Rao et al. 2013; [34] Dourado, Vidotto, Guerra 2011; [02] Enright & Sherrill 1998; [30] Osses et al. 2010; [45] Kim et al. 2014; [27] Alameri et al. 2009","0.1696;-0.3942;-0.223;0.8385;-0.3332;0.3119;0.6304",679.957894736842,648.212013287724,979.058588327709,0.191441353885481,-31.7458814491184,-185.184971003906,111.961252422503,63.7345675747758,84.1862895303343
737,"natalia_oliveira_2023",25,"[48] Fernandes et al. 2016; [15] Masmoudi et al. 2008; [27] Alameri et al. 2009; [10] Camarri et al. 2006; [42] Britto et al. 2013; [28] Ben Saad et al. 2009; [58] Delbressine et al. 2023; [18] Iwama et al. 2009; [02] Enright & Sherrill 1998; [43] Rao et al. 2013; [37] Hill et al. 2011; [06] Gibbons et al. 2001; [54] Almeida et al. 2019; [50] Zou et al. 2017; [26] Jenkins et al. 2009; [07] Enrigth et al. 2003; [09] Camarri et al. 2006; [55] Almeida et al. 2019; [30] Osses et al. 2010; [13] Chetta et al. 2006; [47] Nusdwinuringtyas et al, 2014; [20] Jenkins et al. 2009; [04] Troosters, Gosselink & Decramer 1999; [32] Soares, Pereira 2011; [45] Kim et al. 2014","0.2137;-0.1515;0.476;-0.3902;0.2059;0.7224;-0.0858;0.2489;0.5979;-0.1281;0.1677;-0.4497;-0.3528;-0.1551;-0.0257;-0.0557;0.3133;0.1123;-0.0257;-0.5012;0.1602;-0.0449;0.061;-0.1583;0.2451",684.026315789474,584.280084129861,1616.08689599597,0.307017233666632,-99.7462316596126,-271.381344978789,21.3273523232929,103.654305406959,123.715546065322
738,"natalia_oliveira_2023",23,"[32] Soares, Pereira 2011; [30] Osses et al. 2010; [06] Gibbons et al. 2001; [18] Iwama et al. 2009; [54] Almeida et al. 2019; [58] Delbressine et al. 2023; [09] Camarri et al. 2006; [47] Nusdwinuringtyas et al, 2014; [28] Ben Saad et al. 2009; [04] Troosters, Gosselink & Decramer 1999; [42] Britto et al. 2013; [15] Masmoudi et al. 2008; [27] Alameri et al. 2009; [20] Jenkins et al. 2009; [26] Jenkins et al. 2009; [37] Hill et al. 2011; [45] Kim et al. 2014; [48] Fernandes et al. 2016; [50] Zou et al. 2017; [55] Almeida et al. 2019; [10] Camarri et al. 2006; [07] Enrigth et al. 2003; [40] Britto et al. 2013","-0.197;0.1907;-0.6839;0.233;-0.1742;0.0518;0.1459;0.1246;0.7235;0.2082;0.1962;-0.0581;0.6078;0.1527;0.1541;0.072;0.2157;0.1736;-0.4432;0.1873;-0.6623;0.0269;-0.2454",673.626315789474,526.288635862089,1467.40673463072,0.301949139947314,-147.337679927384,-261.957946938994,-30.9463497404999,148.660347575341,159.335420078819
739,"natalia_oliveira_2023",11,"[37] Hill et al. 2011; [42] Britto et al. 2013; [27] Alameri et al. 2009; [32] Soares, Pereira 2011; [07] Enrigth et al. 2003; [30] Osses et al. 2010; [18] Iwama et al. 2009; [47] Nusdwinuringtyas et al, 2014; [40] Britto et al. 2013; [43] Rao et al. 2013; [45] Kim et al. 2014","0.3025;0.1546;0.5045;-0.2741;0.4416;0.1799;-0.1488;0.3442;-0.0211;-0.5798;0.0965",685.147368421053,703.913397496787,991.904841516043,0.202111287507154,18.7660290757346,-179.690410857331,160.148155812433,63.819666767947,82.8775452869567
740,"natalia_oliveira_2023",26,"[15] Masmoudi et al. 2008; [18] Iwama et al. 2009; [20] Jenkins et al. 2009; [26] Jenkins et al. 2009; [54] Almeida et al. 2019; [43] Rao et al. 2013; [13] Chetta et al. 2006; [28] Ben Saad et al. 2009; [09] Camarri et al. 2006; [04] Troosters, Gosselink & Decramer 1999; [42] Britto et al. 2013; [48] Fernandes et al. 2016; [37] Hill et al. 2011; [50] Zou et al. 2017; [58] Delbressine et al. 2023; [32] Soares, Pereira 2011; [30] Osses et al. 2010; [02] Enright & Sherrill 1998; [10] Camarri et al. 2006; [06] Gibbons et al. 2001; [27] Alameri et al. 2009; [55] Almeida et al. 2019; [07] Enrigth et al. 2003; [40] Britto et al. 2013; [34] Dourado, Vidotto, Guerra 2011; [45] Kim et al. 2014","-0.1924;0.2697;-0.0857;-0.0744;-0.2029;-0.1712;-0.511;0.743;0.3445;0.0921;0.2278;0.2111;0.1305;-0.2062;-0.0946;-0.2081;-0.0809;0.808;-0.3927;-0.389;0.6363;0.1689;-0.0422;-0.3374;0.0272;0.3297",673.178947368421,589.596444557092,1800.67514558086,0.320917463921184,-83.582502811329,-205.108596914442,42.9124223037894,89.7911308872814,103.650528674931
741,"natalia_oliveira_2023",17,"[34] Dourado, Vidotto, Guerra 2011; [45] Kim et al. 2014; [04] Troosters, Gosselink & Decramer 1999; [54] Almeida et al. 2019; [43] Rao et al. 2013; [55] Almeida et al. 2019; [07] Enrigth et al. 2003; [40] Britto et al. 2013; [50] Zou et al. 2017; [42] Britto et al. 2013; [18] Iwama et al. 2009; [37] Hill et al. 2011; [30] Osses et al. 2010; [27] Alameri et al. 2009; [10] Camarri et al. 2006; [26] Jenkins et al. 2009; [32] Soares, Pereira 2011","-0.0696;0.2842;0.795;0.0033;-0.4756;0.2344;0.1317;0.043;-0.5105;0.1851;0.1651;0.2147;-0.1593;0.8182;-0.1587;-0.0492;-0.4519",670.157894736842,732.898011238998,1461.67940264263,0.27474810354868,62.7401165021555,-67.1092378875203,199.556139328835,76.188712910627,91.8195093695821
742,"natalia_oliveira_2023",23,"[06] Gibbons et al. 2001; [47] Nusdwinuringtyas et al, 2014; [10] Camarri et al. 2006; [34] Dourado, Vidotto, Guerra 2011; [09] Camarri et al. 2006; [15] Masmoudi et al. 2008; [32] Soares, Pereira 2011; [27] Alameri et al. 2009; [18] Iwama et al. 2009; [55] Almeida et al. 2019; [58] Delbressine et al. 2023; [30] Osses et al. 2010; [40] Britto et al. 2013; [07] Enrigth et al. 2003; [50] Zou et al. 2017; [48] Fernandes et al. 2016; [43] Rao et al. 2013; [02] Enright & Sherrill 1998; [54] Almeida et al. 2019; [20] Jenkins et al. 2009; [45] Kim et al. 2014; [28] Ben Saad et al. 2009; [37] Hill et al. 2011","-0.682;0.3291;-0.5401;0.0751;0.2417;-0.1317;-0.2937;0.7452;0.2195;0.0901;-0.0328;-0.0479;-0.4166;0.0191;-0.2828;0.1534;-0.2457;0.886;-0.3062;-0.0661;0.3723;0.7846;0.1295",662.694736842105,512.113737711269,1997.05648742631,0.302993795987248,-150.580999130836,-275.70872423383,-26.3322192952773,151.142911966463,164.423764277786
743,"natalia_oliveira_2023",13,"[02] Enright & Sherrill 1998; [28] Ben Saad et al. 2009; [48] Fernandes et al. 2016; [18] Iwama et al. 2009; [32] Soares, Pereira 2011; [37] Hill et al. 2011; [06] Gibbons et al. 2001; [09] Camarri et al. 2006; [04] Troosters, Gosselink & Decramer 1999; [10] Camarri et al. 2006; [26] Jenkins et al. 2009; [50] Zou et al. 2017; [58] Delbressine et al. 2023","0.2526;0.3226;0.2238;0.287;-0.056;-0.0491;-0.2584;0.5879;0.0235;-0.176;-0.0052;-0.072;-0.0806",664.947368421053,595.970708055599,1481.22600603613,0.195039690779487,-68.9766603654538,-198.496637488067,59.9289732255634,79.8214950706443,96.7938847659723
744,"natalia_oliveira_2023",27,"[55] Almeida et al. 2019; [43] Rao et al. 2013; [13] Chetta et al. 2006; [50] Zou et al. 2017; [27] Alameri et al. 2009; [15] Masmoudi et al. 2008; [37] Hill et al. 2011; [07] Enrigth et al. 2003; [40] Britto et al. 2013; [32] Soares, Pereira 2011; [04] Troosters, Gosselink & Decramer 1999; [45] Kim et al. 2014; [30] Osses et al. 2010; [06] Gibbons et al. 2001; [18] Iwama et al. 2009; [58] Delbressine et al. 2023; [54] Almeida et al. 2019; [10] Camarri et al. 2006; [20] Jenkins et al. 2009; [47] Nusdwinuringtyas et al, 2014; [34] Dourado, Vidotto, Guerra 2011; [26] Jenkins et al. 2009; [09] Camarri et al. 2006; [42] Britto et al. 2013; [28] Ben Saad et al. 2009; [02] Enright & Sherrill 1998; [48] Fernandes et al. 2016","0.1033;-0.2358;-0.5435;-0.2693;0.7112;-0.0969;0.0857;0.0325;-0.3013;-0.2941;0.3058;0.3408;-0.0968;-0.4533;0.177;-0.0151;-0.2427;-0.437;-0.0948;0.4476;-0.0187;-0.0518;0.2408;0.1445;0.6136;0.8341;0.1141",670.742105263158,566.516134403159,2034.758167127,0.250787873012435,-104.225970859999,-242.376689466477,26.8564683738998,107.817010119072,126.012791285566
745,"natalia_oliveira_2023",14,"[07] Enrigth et al. 2003; [42] Britto et al. 2013; [55] Almeida et al. 2019; [58] Delbressine et al. 2023; [34] Dourado, Vidotto, Guerra 2011; [28] Ben Saad et al. 2009; [04] Troosters, Gosselink & Decramer 1999; [37] Hill et al. 2011; [06] Gibbons et al. 2001; [15] Masmoudi et al. 2008; [47] Nusdwinuringtyas et al, 2014; [32] Soares, Pereira 2011; [50] Zou et al. 2017; [54] Almeida et al. 2019","-0.0451;0.3411;0.2609;-0.0187;0.3411;0.3186;0.1851;0.101;-0.5679;-0.065;0.4663;0.029;-0.1099;-0.2365",664.468421052632,645.79530761352,1525.16429979154,0.241564392757648,-18.6731134391118,-146.791762240832,108.902486093876,55.7803501123507,69.6624372244385
746,"natalia_oliveira_2023",17,"[58] Delbressine et al. 2023; [20] Jenkins et al. 2009; [10] Camarri et al. 2006; [37] Hill et al. 2011; [09] Camarri et al. 2006; [02] Enright & Sherrill 1998; [15] Masmoudi et al. 2008; [47] Nusdwinuringtyas et al, 2014; [54] Almeida et al. 2019; [32] Soares, Pereira 2011; [45] Kim et al. 2014; [13] Chetta et al. 2006; [30] Osses et al. 2010; [50] Zou et al. 2017; [40] Britto et al. 2013; [18] Iwama et al. 2009; [07] Enrigth et al. 2003","0.0887;-0.0722;-0.0337;0.0892;0.5064;1.2212;0.0232;0.9311;-0.2178;-0.387;0.4053;-0.5497;-0.1661;-0.4522;-0.2545;-0.3155;0.1838",672.884210526316,655.636505556357,1326.0410373603,0.182489968752777,-17.2477049699586,-133.569096434686,120.022534263478,55.1480211291153,71.2732183890036
747,"natalia_oliveira_2023",19,"[30] Osses et al. 2010; [43] Rao et al. 2013; [09] Camarri et al. 2006; [58] Delbressine et al. 2023; [47] Nusdwinuringtyas et al, 2014; [27] Alameri et al. 2009; [50] Zou et al. 2017; [28] Ben Saad et al. 2009; [55] Almeida et al. 2019; [15] Masmoudi et al. 2008; [45] Kim et al. 2014; [18] Iwama et al. 2009; [40] Britto et al. 2013; [26] Jenkins et al. 2009; [37] Hill et al. 2011; [13] Chetta et al. 2006; [10] Camarri et al. 2006; [02] Enright & Sherrill 1998; [32] Soares, Pereira 2011","-0.0347;-0.1783;0.3562;0.0489;0.0804;0.6285;-0.1881;0.6244;0.1338;-0.0299;0.322;0.1858;-0.5549;-0.0232;0.2213;-0.6253;-0.4347;0.7114;-0.2438",675.378947368421,671.743360941299,1882.62110089363,0.315610955508434,-3.63558642712172,-145.344084201055,113.917327699827,48.699075567343,65.8813919454423
748,"natalia_oliveira_2023",23,"[34] Dourado, Vidotto, Guerra 2011; [30] Osses et al. 2010; [18] Iwama et al. 2009; [13] Chetta et al. 2006; [47] Nusdwinuringtyas et al, 2014; [26] Jenkins et al. 2009; [37] Hill et al. 2011; [32] Soares, Pereira 2011; [02] Enright & Sherrill 1998; [43] Rao et al. 2013; [42] Britto et al. 2013; [09] Camarri et al. 2006; [27] Alameri et al. 2009; [04] Troosters, Gosselink & Decramer 1999; [54] Almeida et al. 2019; [48] Fernandes et al. 2016; [20] Jenkins et al. 2009; [58] Delbressine et al. 2023; [10] Camarri et al. 2006; [06] Gibbons et al. 2001; [07] Enrigth et al. 2003; [28] Ben Saad et al. 2009; [45] Kim et al. 2014","-0.0102;-0.078;0.2253;-0.5976;0.2602;-0.1085;0.1485;-0.2511;0.6488;-0.2014;0.1405;0.1993;0.6956;0.1417;-0.2972;0.1697;-0.1064;-0.0538;-0.5046;-0.5365;0.0071;0.7846;0.3241",669.957894736842,525.527777777888,2007.52122835391,0.238904807680715,-144.430116958954,-279.605292927974,-25.2885182115922,145.45687040278,160.517295260145
749,"natalia_oliveira_2023",12,"[30] Osses et al. 2010; [34] Dourado, Vidotto, Guerra 2011; [09] Camarri et al. 2006; [40] Britto et al. 2013; [02] Enright & Sherrill 1998; [04] Troosters, Gosselink & Decramer 1999; [20] Jenkins et al. 2009; [28] Ben Saad et al. 2009; [07] Enrigth et al. 2003; [54] Almeida et al. 2019; [15] Masmoudi et al. 2008; [48] Fernandes et al. 2016","0.0229;0.1964;0.3225;-0.5393;0.8008;-0.1069;0.0168;0.556;-0.2347;-0.2894;-0.286;0.5411",686.015789473684,655.337673041031,2160.18401511541,0.201032556656209,-30.6781164326535,-212.094300033537,94.0689851479116,60.6076190645806,84.154893835891
750,"natalia_oliveira_2023",6,"[04] Troosters, Gosselink & Decramer 1999; [09] Camarri et al. 2006; [42] Britto et al. 2013; [13] Chetta et al. 2006; [47] Nusdwinuringtyas et al, 2014; [02] Enright & Sherrill 1998","0.3646;0.1795;0.1113;-0.7114;0.6742;0.3818",682.242105263158,670.243896973031,1168.55100457758,0.226185294529398,-11.9982082901269,-155.126105151678,109.661576520437,56.6350242899057,75.5996941683551
751,"natalia_oliveira_2023",2,"[43] Rao et al. 2013; [28] Ben Saad et al. 2009","0.713;0.287",682.084210526316,531.118743794186,1527.52284971794,0.120921501736622,-150.96546673213,-279.81748003862,-12.114498337252,153.395713870366,166.568144598395
752,"natalia_oliveira_2023",17,"[07] Enrigth et al. 2003; [37] Hill et al. 2011; [48] Fernandes et al. 2016; [20] Jenkins et al. 2009; [58] Delbressine et al. 2023; [55] Almeida et al. 2019; [34] Dourado, Vidotto, Guerra 2011; [09] Camarri et al. 2006; [28] Ben Saad et al. 2009; [47] Nusdwinuringtyas et al, 2014; [45] Kim et al. 2014; [15] Masmoudi et al. 2008; [50] Zou et al. 2017; [06] Gibbons et al. 2001; [54] Almeida et al. 2019; [26] Jenkins et al. 2009; [30] Osses et al. 2010","0.0304;0.4055;0.5399;-0.0125;-0.0237;0.1235;0.2344;0.1091;0.772;0.3047;0.4363;-0.2019;-0.3659;-0.9351;-0.4569;-0.0688;0.1091",672.68947368421,591.017916986942,2029.10965012014,0.17305251839611,-81.6715566972684,-232.063494757587,101.334226291614,93.6083517015947,111.417140749108
753,"natalia_oliveira_2023",5,"[54] Almeida et al. 2019; [50] Zou et al. 2017; [58] Delbressine et al. 2023; [07] Enrigth et al. 2003; [40] Britto et al. 2013","0.2673;0.2767;0.1532;0.3082;-0.0055",675.463157894737,656.803592291199,1395.30740400527,0.174601158876453,-18.6595656035376,-146.95576054944,118.79134790649,57.8009651140591,75.3448681441812
754,"natalia_oliveira_2023",20,"[34] Dourado, Vidotto, Guerra 2011; [15] Masmoudi et al. 2008; [13] Chetta et al. 2006; [42] Britto et al. 2013; [28] Ben Saad et al. 2009; [02] Enright & Sherrill 1998; [32] Soares, Pereira 2011; [27] Alameri et al. 2009; [58] Delbressine et al. 2023; [37] Hill et al. 2011; [48] Fernandes et al. 2016; [43] Rao et al. 2013; [40] Britto et al. 2013; [26] Jenkins et al. 2009; [50] Zou et al. 2017; [54] Almeida et al. 2019; [04] Troosters, Gosselink & Decramer 1999; [30] Osses et al. 2010; [45] Kim et al. 2014; [47] Nusdwinuringtyas et al, 2014","0.0559;-0.188;-0.663;0.1789;0.5976;0.8259;-0.2341;0.649;-0.1008;0.1833;0.3043;-0.1977;-0.4077;-0.0383;-0.2494;-0.3312;0.0874;-0.0426;0.3088;0.2618",676.88947368421,637.548548052429,1811.11031968097,0.198825845412416,-39.3409256317812,-177.254545621516,101.390341219042,64.5617325792553,82.9666179757777
755,"natalia_oliveira_2023",5,"[28] Ben Saad et al. 2009; [32] Soares, Pereira 2011; [13] Chetta et al. 2006; [20] Jenkins et al. 2009; [50] Zou et al. 2017","0.3161;0.2686;-0.1469;0.2134;0.3487",669.363157894737,686.243699345209,2305.22568081767,0.246083426400766,16.8805414504721,-135.942230937591,146.691754385391,55.4844776282065,74.0392810808037
756,"natalia_oliveira_2023",15,"[48] Fernandes et al. 2016; [50] Zou et al. 2017; [32] Soares, Pereira 2011; [07] Enrigth et al. 2003; [04] Troosters, Gosselink & Decramer 1999; [47] Nusdwinuringtyas et al, 2014; [42] Britto et al. 2013; [30] Osses et al. 2010; [09] Camarri et al. 2006; [27] Alameri et al. 2009; [40] Britto et al. 2013; [28] Ben Saad et al. 2009; [43] Rao et al. 2013; [37] Hill et al. 2011; [20] Jenkins et al. 2009","0.3816;-0.4505;-0.2366;0.0645;0.0777;-0.0805;0.111;0.2084;0.0591;0.7267;-0.4721;0.4905;-0.3321;0.3116;0.1409",680.936842105263,688.397936831773,1740.07642683594,0.217909872996359,7.46109472650986,-137.796737587077,122.283975200408,55.936314035282,73.567080163303
757,"natalia_oliveira_2023",15,"[58] Delbressine et al. 2023; [20] Jenkins et al. 2009; [27] Alameri et al. 2009; [26] Jenkins et al. 2009; [40] Britto et al. 2013; [34] Dourado, Vidotto, Guerra 2011; [07] Enrigth et al. 2003; [45] Kim et al. 2014; [02] Enright & Sherrill 1998; [37] Hill et al. 2011; [48] Fernandes et al. 2016; [04] Troosters, Gosselink & Decramer 1999; [10] Camarri et al. 2006; [09] Camarri et al. 2006; [30] Osses et al. 2010","-0.1843;-0.2079;0.4023;-0.1159;0.024;-0.1145;-0.1132;0.0871;0.8747;0.1123;-0.072;0.2606;-0.0584;0.3483;-0.2432",673.942105263158,630.765038066177,1022.75811605898,0.174093315457381,-43.1770671969806,-184.341853639045,108.297390716147,69.619657120459,90.0163927543151
758,"natalia_oliveira_2023",20,"[55] Almeida et al. 2019; [32] Soares, Pereira 2011; [37] Hill et al. 2011; [15] Masmoudi et al. 2008; [27] Alameri et al. 2009; [10] Camarri et al. 2006; [20] Jenkins et al. 2009; [06] Gibbons et al. 2001; [34] Dourado, Vidotto, Guerra 2011; [04] Troosters, Gosselink & Decramer 1999; [47] Nusdwinuringtyas et al, 2014; [07] Enrigth et al. 2003; [09] Camarri et al. 2006; [43] Rao et al. 2013; [58] Delbressine et al. 2023; [40] Britto et al. 2013; [13] Chetta et al. 2006; [26] Jenkins et al. 2009; [28] Ben Saad et al. 2009; [42] Britto et al. 2013","0.1253;-0.1423;0.3555;-0.0428;0.6895;-0.6048;0.0744;-0.4348;0.25;0.1178;0.2918;0.1285;0.1795;-0.1628;0.0855;-0.2556;-0.5668;0.0347;0.6911;0.1863",679.88947368421,628.456644951917,1671.30659659212,0.193080437765446,-51.4328287322931,-173.141565832745,63.8238028171562,67.8297319266279,85.6649644661939
759,"natalia_oliveira_2023",11,"[32] Soares, Pereira 2011; [40] Britto et al. 2013; [10] Camarri et al. 2006; [06] Gibbons et al. 2001; [48] Fernandes et al. 2016; [37] Hill et al. 2011; [07] Enrigth et al. 2003; [26] Jenkins et al. 2009; [42] Britto et al. 2013; [02] Enright & Sherrill 1998; [43] Rao et al. 2013","-0.2351;-0.4934;0.3548;0.4348;0.2422;-0.1098;-0.262;0.097;0.234;0.8001;-0.0627",679.18947368421,729.280054511052,1491.30049536776,0.206500888777439,50.0905808268418,-100.392541657949,174.948917214222,72.6635648989644,86.4425492361889
760,"natalia_oliveira_2023",3,"[13] Chetta et al. 2006; [37] Hill et al. 2011; [55] Almeida et al. 2019","0.224;0.3821;0.3939",678.073684210526,731.1521055315,1060.34282201607,0.158904939780147,53.0784213209739,-132.738123065324,182.230765184382,75.9091562677592,92.2613400374432
761,"natalia_oliveira_2023",8,"[48] Fernandes et al. 2016; [09] Camarri et al. 2006; [02] Enright & Sherrill 1998; [54] Almeida et al. 2019; [50] Zou et al. 2017; [28] Ben Saad et al. 2009; [27] Alameri et al. 2009; [07] Enrigth et al. 2003","0.2806;0.1668;0.6791;-0.5245;-0.4237;0.4465;0.6533;-0.2781",676.273684210526,561.386092186624,1914.24740219107,0.257592605969674,-114.887592023902,-292.367403164389,2.35190833636034,116.710595414533,134.990717580861
762,"natalia_oliveira_2023",7,"[04] Troosters, Gosselink & Decramer 1999; [32] Soares, Pereira 2011; [47] Nusdwinuringtyas et al, 2014; [07] Enrigth et al. 2003; [20] Jenkins et al. 2009; [18] Iwama et al. 2009; [13] Chetta et al. 2006","0.6081;-0.2828;0.727;0.208;0.0606;0.1861;-0.5069",678.563157894737,672.973424666033,1177.67434631324,0.257616030457769,-5.58973322870364,-209.636494705885,148.472384593929,57.8706493252732,79.5614196680642
763,"natalia_oliveira_2023",23,"[02] Enright & Sherrill 1998; [50] Zou et al. 2017; [54] Almeida et al. 2019; [55] Almeida et al. 2019; [06] Gibbons et al. 2001; [26] Jenkins et al. 2009; [40] Britto et al. 2013; [58] Delbressine et al. 2023; [37] Hill et al. 2011; [15] Masmoudi et al. 2008; [32] Soares, Pereira 2011; [28] Ben Saad et al. 2009; [47] Nusdwinuringtyas et al, 2014; [43] Rao et al. 2013; [04] Troosters, Gosselink & Decramer 1999; [30] Osses et al. 2010; [10] Camarri et al. 2006; [20] Jenkins et al. 2009; [07] Enrigth et al. 2003; [48] Fernandes et al. 2016; [34] Dourado, Vidotto, Guerra 2011; [13] Chetta et al. 2006; [27] Alameri et al. 2009","0.644;-0.0603;-0.2866;0.0825;-0.4559;-0.0155;-0.3888;-0.0265;0.175;-0.0963;-0.159;0.7105;0.4651;-0.0271;0.1471;-0.003;-0.357;-0.028;0.0122;0.2902;0.0737;-0.4533;0.757",670.705263157895,516.632886553483,1902.02919714188,0.277289589361206,-154.072376604411,-350.252592582458,-27.9083329474934,154.397393024994,171.870470058856
764,"natalia_oliveira_2023",4,"[04] Troosters, Gosselink & Decramer 1999; [55] Almeida et al. 2019; [30] Osses et al. 2010; [09] Camarri et al. 2006","0.3656;0.2923;0.0103;0.3318",665.994736842105,725.168111529996,1649.75857277187,0.187221578292925,59.1733746878906,-59.116070747933,188.045470295291,72.3188230263913,89.5982777639266
765,"natalia_oliveira_2023",14,"[55] Almeida et al. 2019; [32] Soares, Pereira 2011; [04] Troosters, Gosselink & Decramer 1999; [26] Jenkins et al. 2009; [28] Ben Saad et al. 2009; [40] Britto et al. 2013; [15] Masmoudi et al. 2008; [45] Kim et al. 2014; [13] Chetta et al. 2006; [27] Alameri et al. 2009; [20] Jenkins et al. 2009; [37] Hill et al. 2011; [06] Gibbons et al. 2001; [09] Camarri et al. 2006","0.1684;-0.2203;0.0699;-0.1192;0.7596;-0.1867;-0.0291;0.2832;-0.6388;0.7436;0.0326;0.7329;-0.5434;-0.0526",683.063157894737,697.719785917436,2477.16408680055,0.211848686868434,14.656628022699,-153.383119888654,147.362409744283,62.2389028500199,78.5473499691175
766,"natalia_oliveira_2023",18,"[50] Zou et al. 2017; [43] Rao et al. 2013; [28] Ben Saad et al. 2009; [18] Iwama et al. 2009; [13] Chetta et al. 2006; [54] Almeida et al. 2019; [04] Troosters, Gosselink & Decramer 1999; [47] Nusdwinuringtyas et al, 2014; [58] Delbressine et al. 2023; [42] Britto et al. 2013; [34] Dourado, Vidotto, Guerra 2011; [20] Jenkins et al. 2009; [48] Fernandes et al. 2016; [02] Enright & Sherrill 1998; [26] Jenkins et al. 2009; [27] Alameri et al. 2009; [15] Masmoudi et al. 2008; [55] Almeida et al. 2019","-0.203;-0.2093;0.3498;0.1036;-0.5652;-0.3784;0.2171;0.2424;-0.0967;0.3226;0.0601;-0.063;0.0454;0.5261;-0.0073;0.7334;-0.1315;0.0539",685.052631578947,608.086312620413,1637.91867992422,0.280358239195893,-76.9663189585343,-197.235287318589,64.7889456120285,85.1188509256546,102.047817202273
767,"natalia_oliveira_2023",25,"[40] Britto et al. 2013; [37] Hill et al. 2011; [18] Iwama et al. 2009; [27] Alameri et al. 2009; [45] Kim et al. 2014; [58] Delbressine et al. 2023; [02] Enright & Sherrill 1998; [06] Gibbons et al. 2001; [48] Fernandes et al. 2016; [15] Masmoudi et al. 2008; [42] Britto et al. 2013; [54] Almeida et al. 2019; [26] Jenkins et al. 2009; [28] Ben Saad et al. 2009; [13] Chetta et al. 2006; [55] Almeida et al. 2019; [43] Rao et al. 2013; [34] Dourado, Vidotto, Guerra 2011; [30] Osses et al. 2010; [32] Soares, Pereira 2011; [47] Nusdwinuringtyas et al, 2014; [10] Camarri et al. 2006; [50] Zou et al. 2017; [04] Troosters, Gosselink & Decramer 1999; [09] Camarri et al. 2006","-0.317;0.196;0.2302;0.6275;0.2815;-0.0109;0.7431;-0.4887;0.1802;-0.104;0.1083;-0.2606;-0.0884;0.7302;-0.5261;0.066;-0.1989;-9e-04;-0.0479;-0.279;0.401;-0.4016;-0.2379;0.1837;0.2141",667.157894736842,575.942048381253,2105.40257861522,0.186164741524553,-91.2158463555893,-273.416426718521,39.419713565391,98.6000963192028,120.221008768064
768,"natalia_oliveira_2023",16,"[30] Osses et al. 2010; [42] Britto et al. 2013; [27] Alameri et al. 2009; [20] Jenkins et al. 2009; [48] Fernandes et al. 2016; [15] Masmoudi et al. 2008; [43] Rao et al. 2013; [04] Troosters, Gosselink & Decramer 1999; [50] Zou et al. 2017; [13] Chetta et al. 2006; [28] Ben Saad et al. 2009; [58] Delbressine et al. 2023; [07] Enrigth et al. 2003; [47] Nusdwinuringtyas et al, 2014; [06] Gibbons et al. 2001; [32] Soares, Pereira 2011","0.0561;0.207;0.5965;-0.0316;0.2738;-0.0071;-0.1654;0.2994;-0.2071;-0.4349;0.3279;0.0947;0.1592;0.2806;-0.3466;-0.1024",671.005263157895,576.255986688876,1362.42161018069,0.266378416640522,-94.7492764690188,-213.798730631147,13.5627276425475,98.2430946636848,111.795047739526
769,"natalia_oliveira_2023",23,"[28] Ben Saad et al. 2009; [43] Rao et al. 2013; [40] Britto et al. 2013; [48] Fernandes et al. 2016; [15] Masmoudi et al. 2008; [58] Delbressine et al. 2023; [42] Britto et al. 2013; [06] Gibbons et al. 2001; [04] Troosters, Gosselink & Decramer 1999; [45] Kim et al. 2014; [55] Almeida et al. 2019; [34] Dourado, Vidotto, Guerra 2011; [02] Enright & Sherrill 1998; [13] Chetta et al. 2006; [32] Soares, Pereira 2011; [26] Jenkins et al. 2009; [37] Hill et al. 2011; [09] Camarri et al. 2006; [27] Alameri et al. 2009; [07] Enrigth et al. 2003; [10] Camarri et al. 2006; [20] Jenkins et al. 2009; [54] Almeida et al. 2019","0.8362;-0.1572;-0.3604;0.2835;-0.1721;-0.0581;0.1268;-0.3842;0.0743;0.3682;0.1194;0.0363;0.7263;-0.5218;-0.2688;-0.0758;0.2562;0.1973;0.7804;0.0156;-0.5225;-0.0834;-0.2163",676.605263157895,576.83622751861,1988.99841859435,0.213482155477275,-99.7690356392853,-247.964365378064,25.8673606629225,103.814358880483,122.314745645871
770,"natalia_oliveira_2023",9,"[32] Soares, Pereira 2011; [27] Alameri et al. 2009; [40] Britto et al. 2013; [37] Hill et al. 2011; [15] Masmoudi et al. 2008; [20] Jenkins et al. 2009; [34] Dourado, Vidotto, Guerra 2011; [13] Chetta et al. 2006; [02] Enright & Sherrill 1998","-0.5202;0.8982;-0.0192;-0.0184;0.2019;-0.2424;-0.3313;-0.0022;1.0336",676.605263157895,508.631369600627,1234.51539395699,0.136942259341239,-167.973893557268,-299.075348260698,-23.3601085526951,167.973893557268,183.325703960099
771,"natalia_oliveira_2023",1,"[13] Chetta et al. 2006","1",673.705263157895,616.205484210526,1305.97115091774,0.121721003617816,-57.4997789473685,-220.433,87.229,76.2769368421053,94.506951847832
772,"natalia_oliveira_2023",20,"[06] Gibbons et al. 2001; [43] Rao et al. 2013; [30] Osses et al. 2010; [37] Hill et al. 2011; [42] Britto et al. 2013; [18] Iwama et al. 2009; [26] Jenkins et al. 2009; [55] Almeida et al. 2019; [20] Jenkins et al. 2009; [27] Alameri et al. 2009; [48] Fernandes et al. 2016; [47] Nusdwinuringtyas et al, 2014; [10] Camarri et al. 2006; [50] Zou et al. 2017; [09] Camarri et al. 2006; [15] Masmoudi et al. 2008; [02] Enright & Sherrill 1998; [28] Ben Saad et al. 2009; [58] Delbressine et al. 2023; [40] Britto et al. 2013","-0.6346;-0.204;-0.1008;0.1788;0.1359;0.1555;-0.0996;0.0635;-0.1266;0.6568;0.1081;0.287;-0.4337;-0.2097;0.3343;-0.1438;0.8291;0.6773;-0.0447;-0.4288",669.894736842105,542.830030567026,1723.66684789952,0.314416957178738,-127.064706275079,-246.842182266112,-1.66391455248424,129.58495679502,141.739883127236
773,"natalia_oliveira_2023",24,"[54] Almeida et al. 2019; [27] Alameri et al. 2009; [32] Soares, Pereira 2011; [04] Troosters, Gosselink & Decramer 1999; [55] Almeida et al. 2019; [02] Enright & Sherrill 1998; [18] Iwama et al. 2009; [40] Britto et al. 2013; [43] Rao et al. 2013; [50] Zou et al. 2017; [34] Dourado, Vidotto, Guerra 2011; [47] Nusdwinuringtyas et al, 2014; [09] Camarri et al. 2006; [06] Gibbons et al. 2001; [28] Ben Saad et al. 2009; [48] Fernandes et al. 2016; [58] Delbressine et al. 2023; [15] Masmoudi et al. 2008; [45] Kim et al. 2014; [26] Jenkins et al. 2009; [07] Enrigth et al. 2003; [13] Chetta et al. 2006; [30] Osses et al. 2010; [20] Jenkins et al. 2009","-0.3124;0.5837;-0.2701;0.1164;0.0727;0.7731;0.3372;-0.3041;-0.1423;-0.2141;-0.0323;0.2384;0.145;-0.452;0.7165;0.2937;0.0192;-0.1156;0.2634;-0.1586;0.1022;-0.5167;-0.0263;-0.117",681.857894736842,554.798943767875,2147.21512480913,0.245424462135639,-127.058950968967,-289.793879708659,-5.74414551111358,129.091987464932,145.469814283723
774,"natalia_oliveira_2023",12,"[09] Camarri et al. 2006; [42] Britto et al. 2013; [28] Ben Saad et al. 2009; [18] Iwama et al. 2009; [45] Kim et al. 2014; [48] Fernandes et al. 2016; [04] Troosters, Gosselink & Decramer 1999; [54] Almeida et al. 2019; [30] Osses et al. 2010; [37] Hill et al. 2011; [27] Alameri et al. 2009; [32] Soares, Pereira 2011","-0.0951;0.1864;0.3572;0.1708;-0.0103;0.0997;0.1631;-0.1719;0.1001;-0.05;0.5117;-0.2618",669.126315789474,573.194521336641,1805.97631008837,0.207879357299664,-95.9317944528325,-222.549821694146,30.8647722732019,102.3772724097,121.422143949914
775,"natalia_oliveira_2023",7,"[26] Jenkins et al. 2009; [30] Osses et al. 2010; [34] Dourado, Vidotto, Guerra 2011; [48] Fernandes et al. 2016; [37] Hill et al. 2011; [27] Alameri et al. 2009; [20] Jenkins et al. 2009","0.0993;0.0234;0.1142;-0.1715;0.4722;0.4658;-0.0034",679.405263157895,679.911875397014,746.372991726654,0.152713066734164,0.50661223911976,-104.930919644629,126.763965581872,53.0264290527545,70.0391523906002
776,"natalia_oliveira_2023",26,"[06] Gibbons et al. 2001; [02] Enright & Sherrill 1998; [50] Zou et al. 2017; [09] Camarri et al. 2006; [13] Chetta et al. 2006; [07] Enrigth et al. 2003; [58] Delbressine et al. 2023; [30] Osses et al. 2010; [20] Jenkins et al. 2009; [32] Soares, Pereira 2011; [18] Iwama et al. 2009; [34] Dourado, Vidotto, Guerra 2011; [04] Troosters, Gosselink & Decramer 1999; [26] Jenkins et al. 2009; [10] Camarri et al. 2006; [15] Masmoudi et al. 2008; [45] Kim et al. 2014; [43] Rao et al. 2013; [37] Hill et al. 2011; [40] Britto et al. 2013; [54] Almeida et al. 2019; [28] Ben Saad et al. 2009; [55] Almeida et al. 2019; [48] Fernandes et al. 2016; [27] Alameri et al. 2009; [42] Britto et al. 2013","-0.4325;0.6663;-0.1626;0.2112;-0.4734;0.0065;-0.0433;-0.0438;-0.0842;-0.2378;0.3114;0.0113;0.1049;-0.0981;-0.4261;-0.1334;0.351;-0.1072;0.1601;-0.3506;-0.2404;0.8218;0.1307;0.2561;0.6817;0.1201",680.552631578947,561.924062530373,2256.60250447123,0.28859384002073,-118.628569048574,-287.087054607129,13.0612755403921,121.006491878715,139.278988563626
777,"natalia_oliveira_2023",11,"[43] Rao et al. 2013; [02] Enright & Sherrill 1998; [15] Masmoudi et al. 2008; [28] Ben Saad et al. 2009; [30] Osses et al. 2010; [26] Jenkins et al. 2009; [37] Hill et al. 2011; [07] Enrigth et al. 2003; [20] Jenkins et al. 2009; [55] Almeida et al. 2019; [10] Camarri et al. 2006","0.3181;0.3695;-0.1301;0.2426;-0.0031;0.1082;-0.0781;-0.1364;0.0334;0.1302;0.1458",672.015789473684,646.486506226572,1929.32528588436,0.242312518163167,-25.5292832471122,-144.499048698426,115.925943492088,57.4005411758489,73.0499658917245
778,"natalia_oliveira_2023",18,"[42] Britto et al. 2013; [27] Alameri et al. 2009; [30] Osses et al. 2010; [47] Nusdwinuringtyas et al, 2014; [20] Jenkins et al. 2009; [45] Kim et al. 2014; [40] Britto et al. 2013; [26] Jenkins et al. 2009; [07] Enrigth et al. 2003; [09] Camarri et al. 2006; [28] Ben Saad et al. 2009; [37] Hill et al. 2011; [15] Masmoudi et al. 2008; [50] Zou et al. 2017; [02] Enright & Sherrill 1998; [34] Dourado, Vidotto, Guerra 2011; [48] Fernandes et al. 2016; [06] Gibbons et al. 2001","0.2812;0.543;-0.111;0.2116;-0.134;0.1938;-0.3088;-0.1098;0.0053;0.2358;0.4153;0.0992;-0.1514;-0.4173;0.8356;-0.0406;4e-04;-0.5481",678.384210526316,556.596726897629,1448.30757616416,0.252220002204444,-121.787483628687,-232.095492762629,16.3228940081447,123.742286629323,138.218680883625
779,"natalia_oliveira_2023",8,"[04] Troosters, Gosselink & Decramer 1999; [43] Rao et al. 2013; [07] Enrigth et al. 2003; [48] Fernandes et al. 2016; [28] Ben Saad et al. 2009; [45] Kim et al. 2014; [13] Chetta et al. 2006; [18] Iwama et al. 2009","0.162;-0.1136;-0.0114;0.2972;0.5235;0.4951;-0.7166;0.3637",683.168421052632,681.041075295261,1704.11782759564,0.250706767808136,-2.12734575737064,-145.949383993122,109.188757271676,50.0280390558545,65.2211562761082
780,"natalia_oliveira_2023",22,"[26] Jenkins et al. 2009; [50] Zou et al. 2017; [43] Rao et al. 2013; [30] Osses et al. 2010; [02] Enright & Sherrill 1998; [48] Fernandes et al. 2016; [13] Chetta et al. 2006; [28] Ben Saad et al. 2009; [40] Britto et al. 2013; [10] Camarri et al. 2006; [06] Gibbons et al. 2001; [54] Almeida et al. 2019; [07] Enrigth et al. 2003; [42] Britto et al. 2013; [45] Kim et al. 2014; [58] Delbressine et al. 2023; [55] Almeida et al. 2019; [32] Soares, Pereira 2011; [20] Jenkins et al. 2009; [18] Iwama et al. 2009; [04] Troosters, Gosselink & Decramer 1999; [15] Masmoudi et al. 2008","0.0645;0.0019;0.0043;-0.0274;0.6668;0.3381;-0.4104;0.8605;-0.4184;-0.2397;-0.3261;-0.263;-0.1398;0.2044;0.6232;-0.1497;0.0992;-0.1234;0.0121;0.4013;0.0164;-0.1948",671.884210526316,623.479799909471,2019.04478503781,0.227741703102601,-48.4044106168444,-187.151417992671,57.8072467843429,63.1892465437295,82.261197203
781,"natalia_oliveira_2023",7,"[04] Troosters, Gosselink & Decramer 1999; [43] Rao et al. 2013; [58] Delbressine et al. 2023; [55] Almeida et al. 2019; [02] Enright & Sherrill 1998; [50] Zou et al. 2017; [42] Britto et al. 2013","0.2963;0.0234;-0.5003;0.2407;0.4661;0.1987;0.2751",667.157894736842,677.322741172634,1618.13540501121,0.253484018982302,10.1648464357923,-103.277338258987,173.29194205542,50.4989967471981,69.3138061973778
782,"natalia_oliveira_2023",16,"[55] Almeida et al. 2019; [30] Osses et al. 2010; [50] Zou et al. 2017; [27] Alameri et al. 2009; [28] Ben Saad et al. 2009; [32] Soares, Pereira 2011; [04] Troosters, Gosselink & Decramer 1999; [06] Gibbons et al. 2001; [48] Fernandes et al. 2016; [18] Iwama et al. 2009; [54] Almeida et al. 2019; [58] Delbressine et al. 2023; [09] Camarri et al. 2006; [34] Dourado, Vidotto, Guerra 2011; [15] Masmoudi et al. 2008; [26] Jenkins et al. 2009","0.1202;0.0898;-0.3464;0.591;0.7125;-0.2956;0.1893;-0.618;0.3877;0.4456;-0.3518;0.0979;0.0241;0.1228;-0.067;-0.1022",692.226315789474,514.008165545212,2078.91732702357,0.204753330970485,-178.218150244262,-372.753229148714,-60.0548440947341,179.006186568489,194.657003740861
783,"natalia_oliveira_2023",7,"[40] Britto et al. 2013; [55] Almeida et al. 2019; [37] Hill et al. 2011; [27] Alameri et al. 2009; [43] Rao et al. 2013; [04] Troosters, Gosselink & Decramer 1999; [18] Iwama et al. 2009","-0.175;0.2216;0.5004;0.8077;-0.8626;0.4345;0.0733",663.873684210526,838.921418592503,1251.42750435565,0.206586231593743,175.047734381977,55.0632946060375,309.96561866501,175.047734381977,187.846695830844
784,"natalia_oliveira_2023",23,"[54] Almeida et al. 2019; [26] Jenkins et al. 2009; [37] Hill et al. 2011; [04] Troosters, Gosselink & Decramer 1999; [40] Britto et al. 2013; [32] Soares, Pereira 2011; [47] Nusdwinuringtyas et al, 2014; [50] Zou et al. 2017; [06] Gibbons et al. 2001; [58] Delbressine et al. 2023; [07] Enrigth et al. 2003; [09] Camarri et al. 2006; [13] Chetta et al. 2006; [02] Enright & Sherrill 1998; [43] Rao et al. 2013; [45] Kim et al. 2014; [27] Alameri et al. 2009; [10] Camarri et al. 2006; [55] Almeida et al. 2019; [18] Iwama et al. 2009; [34] Dourado, Vidotto, Guerra 2011; [48] Fernandes et al. 2016; [20] Jenkins et al. 2009","-0.2513;-0.0255;0.0984;0.4481;-0.1684;-0.3726;0.7235;-0.3276;0.0492;-0.0509;0.0012;0.3696;-0.3673;0.9344;-0.3593;0.1577;0.4426;-0.1733;0.1626;-0.0503;-0.0295;-0.0869;-0.1243",685.015789473684,713.524346245808,920.688414845533,0.1822343318904,28.5085567721235,-139.280912055715,175.535969940665,63.8532446330155,84.747651911208
785,"natalia_oliveira_2023",26,"[37] Hill et al. 2011; [06] Gibbons et al. 2001; [50] Zou et al. 2017; [07] Enrigth et al. 2003; [58] Delbressine et al. 2023; [34] Dourado, Vidotto, Guerra 2011; [48] Fernandes et al. 2016; [43] Rao et al. 2013; [42] Britto et al. 2013; [09] Camarri et al. 2006; [18] Iwama et al. 2009; [15] Masmoudi et al. 2008; [55] Almeida et al. 2019; [26] Jenkins et al. 2009; [45] Kim et al. 2014; [40] Britto et al. 2013; [10] Camarri et al. 2006; [28] Ben Saad et al. 2009; [13] Chetta et al. 2006; [32] Soares, Pereira 2011; [04] Troosters, Gosselink & Decramer 1999; [20] Jenkins et al. 2009; [27] Alameri et al. 2009; [47] Nusdwinuringtyas et al, 2014; [30] Osses et al. 2010; [54] Almeida et al. 2019","0.3132;-0.5644;-0.3304;0.1622;0.0854;0.1264;0.2462;-0.2445;0.1477;0.1222;0.3097;-0.0469;0.1393;0.0063;0.3112;-0.2785;-0.6211;0.8487;-0.6577;-0.258;0.3198;-0.0023;0.7416;0.3142;0.0286;-0.2189",668.426315789474,574.859791877476,2184.75161113192,0.250072018755382,-93.5665239119974,-223.658391807903,38.1647734652873,99.7850819713494,118.149150147161
786,"natalia_oliveira_2023",22,"[54] Almeida et al. 2019; [47] Nusdwinuringtyas et al, 2014; [55] Almeida et al. 2019; [43] Rao et al. 2013; [37] Hill et al. 2011; [20] Jenkins et al. 2009; [10] Camarri et al. 2006; [58] Delbressine et al. 2023; [09] Camarri et al. 2006; [48] Fernandes et al. 2016; [13] Chetta et al. 2006; [02] Enright & Sherrill 1998; [34] Dourado, Vidotto, Guerra 2011; [06] Gibbons et al. 2001; [45] Kim et al. 2014; [50] Zou et al. 2017; [15] Masmoudi et al. 2008; [28] Ben Saad et al. 2009; [30] Osses et al. 2010; [04] Troosters, Gosselink & Decramer 1999; [18] Iwama et al. 2009; [40] Britto et al. 2013","-0.1388;0.4412;0.1255;-0.1039;0.1927;-0.1286;-0.3235;-0.0658;0.3524;0.2113;-0.4786;0.6428;-0.0163;-0.4783;0.4613;-0.1318;-0.1659;0.6036;-0.0897;0.1569;0.2683;-0.3348",666.494736842105,631.696013452335,2091.86081121986,0.385997837184854,-34.7987233897705,-173.065157672574,91.8023306130135,59.4643089907962,80.3362481142715
787,"natalia_oliveira_2023",6,"[13] Chetta et al. 2006; [47] Nusdwinuringtyas et al, 2014; [37] Hill et al. 2011; [04] Troosters, Gosselink & Decramer 1999; [09] Camarri et al. 2006; [20] Jenkins et al. 2009","-1.0721;0.9303;0.3328;0.7673;0.1479;-0.1062",675.915789473684,746.749547161273,1148.28390326751,0.246271484334541,70.8337576875891,-40.7955456154737,210.378480476927,77.5000021056155,93.6740724811593
788,"natalia_oliveira_2023",12,"[37] Hill et al. 2011; [45] Kim et al. 2014; [09] Camarri et al. 2006; [48] Fernandes et al. 2016; [15] Masmoudi et al. 2008; [02] Enright & Sherrill 1998; [43] Rao et al. 2013; [58] Delbressine et al. 2023; [18] Iwama et al. 2009; [26] Jenkins et al. 2009; [28] Ben Saad et al. 2009; [34] Dourado, Vidotto, Guerra 2011","-0.0185;0.2973;0.4086;0.0848;-0.2695;0.7501;-0.3248;-0.1874;0.1477;-0.1659;0.2701;0.0076",684.863157894737,724.992552267822,1675.65944311258,0.2263492889859,40.1293943730848,-136.4744947532,167.492886315956,66.4501370471575,81.0132404625168
789,"natalia_oliveira_2023",1,"[09] Camarri et al. 2006","1",680.315789473684,661.659698947368,1355.12526084952,0.0400493690028671,-18.6560905263158,-155.68929,130.9435,63.2255305263158,81.6212028120976
790,"natalia_oliveira_2023",21,"[34] Dourado, Vidotto, Guerra 2011; [04] Troosters, Gosselink & Decramer 1999; [40] Britto et al. 2013; [06] Gibbons et al. 2001; [13] Chetta et al. 2006; [07] Enrigth et al. 2003; [26] Jenkins et al. 2009; [55] Almeida et al. 2019; [10] Camarri et al. 2006; [30] Osses et al. 2010; [20] Jenkins et al. 2009; [09] Camarri et al. 2006; [47] Nusdwinuringtyas et al, 2014; [37] Hill et al. 2011; [15] Masmoudi et al. 2008; [18] Iwama et al. 2009; [48] Fernandes et al. 2016; [27] Alameri et al. 2009; [43] Rao et al. 2013; [28] Ben Saad et al. 2009; [45] Kim et al. 2014","0.1072;0.2384;-0.3329;-0.6663;-0.7812;0.1837;-0.0729;0.0591;-0.7493;0.0405;-0.0544;0.2156;0.2113;0.4677;-0.0946;0.3112;0.262;0.7079;-0.3074;0.9744;0.28",670.536842105263,593.490387620278,1622.84963753513,0.23590012338067,-77.0464544849853,-207.708170322652,45.2751999600776,84.9439253791346,102.575753515868
791,"natalia_oliveira_2023",8,"[37] Hill et al. 2011; [34] Dourado, Vidotto, Guerra 2011; [09] Camarri et al. 2006; [28] Ben Saad et al. 2009; [20] Jenkins et al. 2009; [58] Delbressine et al. 2023; [15] Masmoudi et al. 2008; [45] Kim et al. 2014","0.2744;0.1767;0.0592;0.3452;-0.0427;0.0141;-0.1469;0.3199",675.663157894737,714.827190724964,2165.68547851844,0.239643800320352,39.1640328302273,-129.313349486078,160.841043604186,65.6175086459317,82.315286078316
792,"natalia_oliveira_2023",12,"[50] Zou et al. 2017; [06] Gibbons et al. 2001; [10] Camarri et al. 2006; [09] Camarri et al. 2006; [45] Kim et al. 2014; [40] Britto et al. 2013; [28] Ben Saad et al. 2009; [30] Osses et al. 2010; [34] Dourado, Vidotto, Guerra 2011; [04] Troosters, Gosselink & Decramer 1999; [58] Delbressine et al. 2023; [55] Almeida et al. 2019","-0.088;-0.3523;-0.7687;0.4229;0.4666;-0.2432;0.6556;0.3043;0.2686;-0.076;0.2125;0.1978",680,642.278365879504,2009.85988682378,0.244028869613537,-37.7216341204959,-168.389893615706,73.907755035003,60.1224799371027,77.4067460929028
793,"natalia_oliveira_2023",17,"[02] Enright & Sherrill 1998; [30] Osses et al. 2010; [13] Chetta et al. 2006; [20] Jenkins et al. 2009; [07] Enrigth et al. 2003; [18] Iwama et al. 2009; [04] Troosters, Gosselink & Decramer 1999; [09] Camarri et al. 2006; [43] Rao et al. 2013; [26] Jenkins et al. 2009; [10] Camarri et al. 2006; [27] Alameri et al. 2009; [34] Dourado, Vidotto, Guerra 2011; [45] Kim et al. 2014; [15] Masmoudi et al. 2008; [06] Gibbons et al. 2001; [55] Almeida et al. 2019","0.9494;-0.2352;-0.2666;-0.2604;0.0719;-0.0383;0.3248;0.4302;-0.3676;-0.2172;-0.0858;0.5306;-0.183;0.2155;-0.1989;0.149;0.1817",676.578947368421,689.301566172693,1149.82904236393,0.252130600152485,12.7226188042722,-121.186054564263,156.869035201666,55.403611730871,76.0642382048238
794,"natalia_oliveira_2023",26,"[13] Chetta et al. 2006; [09] Camarri et al. 2006; [10] Camarri et al. 2006; [43] Rao et al. 2013; [18] Iwama et al. 2009; [48] Fernandes et al. 2016; [04] Troosters, Gosselink & Decramer 1999; [45] Kim et al. 2014; [07] Enrigth et al. 2003; [42] Britto et al. 2013; [50] Zou et al. 2017; [20] Jenkins et al. 2009; [26] Jenkins et al. 2009; [28] Ben Saad et al. 2009; [37] Hill et al. 2011; [06] Gibbons et al. 2001; [32] Soares, Pereira 2011; [47] Nusdwinuringtyas et al, 2014; [15] Masmoudi et al. 2008; [02] Enright & Sherrill 1998; [34] Dourado, Vidotto, Guerra 2011; [27] Alameri et al. 2009; [40] Britto et al. 2013; [30] Osses et al. 2010; [55] Almeida et al. 2019; [54] Almeida et al. 2019","-0.5937;0.2325;-0.445;-0.187;0.2615;0.2065;0.0799;0.3735;0.01;0.1092;-0.2274;-0.08;-0.0875;0.861;0.2007;-0.5523;-0.2525;0.3007;-0.1594;0.8406;0.0418;0.7392;-0.3964;-0.038;0.0899;-0.3278",672.989473684211,549.447362421246,1857.89818436157,0.250090743228284,-123.542111262964,-251.227092832733,-3.58226352595341,126.163546023555,142.62129387394
795,"natalia_oliveira_2023",12,"[42] Britto et al. 2013; [10] Camarri et al. 2006; [55] Almeida et al. 2019; [27] Alameri et al. 2009; [02] Enright & Sherrill 1998; [32] Soares, Pereira 2011; [50] Zou et al. 2017; [18] Iwama et al. 2009; [13] Chetta et al. 2006; [40] Britto et al. 2013; [15] Masmoudi et al. 2008; [45] Kim et al. 2014","0.1438;0.1758;0.1113;0.8166;1.0644;-0.8013;-0.3733;-0.3237;0.2038;-0.1826;-0.214;0.3792",669.989473684211,600.628520236841,930.138807047385,0.198974037810305,-69.3609534473697,-206.975334287466,47.0370658849939,78.8147869705629,97.7298369033055
796,"natalia_oliveira_2023",8,"[28] Ben Saad et al. 2009; [27] Alameri et al. 2009; [37] Hill et al. 2011; [13] Chetta et al. 2006; [55] Almeida et al. 2019; [32] Soares, Pereira 2011; [45] Kim et al. 2014; [48] Fernandes et al. 2016","0.517;0.5191;0.4007;-0.781;0.1285;-0.205;0.1931;0.2277",666.757894736842,667.037285191462,1423.42680715267,0.133501453994566,0.279390454619999,-144.374966047218,173.848114136515,60.4436357651926,79.5611005456287
797,"natalia_oliveira_2023",26,"[06] Gibbons et al. 2001; [50] Zou et al. 2017; [20] Jenkins et al. 2009; [48] Fernandes et al. 2016; [45] Kim et al. 2014; [47] Nusdwinuringtyas et al, 2014; [58] Delbressine et al. 2023; [40] Britto et al. 2013; [54] Almeida et al. 2019; [30] Osses et al. 2010; [55] Almeida et al. 2019; [18] Iwama et al. 2009; [09] Camarri et al. 2006; [32] Soares, Pereira 2011; [43] Rao et al. 2013; [07] Enrigth et al. 2003; [04] Troosters, Gosselink & Decramer 1999; [02] Enright & Sherrill 1998; [10] Camarri et al. 2006; [42] Britto et al. 2013; [37] Hill et al. 2011; [26] Jenkins et al. 2009; [34] Dourado, Vidotto, Guerra 2011; [13] Chetta et al. 2006; [15] Masmoudi et al. 2008; [28] Ben Saad et al. 2009","-0.4704;-0.1854;-0.0473;0.1815;0.509;0.4576;-0.0255;-0.2487;-0.1868;-0.043;0.1752;0.2529;0.325;-0.2134;-0.1595;0.0076;0.1908;0.5925;-0.3098;0.1791;0.0548;-0.0336;0.038;-0.5182;-0.092;0.5697",679.457894736842,640.751383494521,2241.64063726461,0.228299260163536,-38.7065112423215,-205.312827780815,83.828101596106,59.2130244363684,79.7807865612705
798,"natalia_oliveira_2023",9,"[50] Zou et al. 2017; [30] Osses et al. 2010; [06] Gibbons et al. 2001; [20] Jenkins et al. 2009; [18] Iwama et al. 2009; [58] Delbressine et al. 2023; [40] Britto et al. 2013; [02] Enright & Sherrill 1998; [48] Fernandes et al. 2016","0.3094;-0.2198;0.383;0.0091;0.1579;-0.1613;-0.2216;0.7026;0.0408",680.194736842105,668.226053423371,1327.26322013064,0.218203329072645,-11.968683418734,-196.789923666614,105.666637779902,53.9599477630588,73.6495993180352
799,"natalia_oliveira_2023",24,"[58] Delbressine et al. 2023; [02] Enright & Sherrill 1998; [47] Nusdwinuringtyas et al, 2014; [54] Almeida et al. 2019; [30] Osses et al. 2010; [42] Britto et al. 2013; [09] Camarri et al. 2006; [48] Fernandes et al. 2016; [04] Troosters, Gosselink & Decramer 1999; [10] Camarri et al. 2006; [18] Iwama et al. 2009; [07] Enrigth et al. 2003; [55] Almeida et al. 2019; [40] Britto et al. 2013; [15] Masmoudi et al. 2008; [32] Soares, Pereira 2011; [26] Jenkins et al. 2009; [43] Rao et al. 2013; [37] Hill et al. 2011; [28] Ben Saad et al. 2009; [13] Chetta et al. 2006; [45] Kim et al. 2014; [50] Zou et al. 2017; [34] Dourado, Vidotto, Guerra 2011","-0.0912;0.79;0.3732;-0.3291;-0.0158;0.1129;0.3796;0.2316;0.1654;-0.4347;0.3025;-0.0788;0.1121;-0.4739;-0.146;-0.2208;0.0322;-0.1484;0.0303;0.629;-0.7003;0.5094;-0.1721;0.1427",678.305263157895,681.204998187844,1922.31118070858,0.210285211310697,2.8997350299488,-139.619783406571,128.141788845541,57.0930485445841,73.2888240216415
800,"natalia_oliveira_2023",25,"[47] Nusdwinuringtyas et al, 2014; [30] Osses et al. 2010; [07] Enrigth et al. 2003; [32] Soares, Pereira 2011; [28] Ben Saad et al. 2009; [26] Jenkins et al. 2009; [34] Dourado, Vidotto, Guerra 2011; [45] Kim et al. 2014; [06] Gibbons et al. 2001; [58] Delbressine et al. 2023; [48] Fernandes et al. 2016; [02] Enright & Sherrill 1998; [27] Alameri et al. 2009; [54] Almeida et al. 2019; [50] Zou et al. 2017; [55] Almeida et al. 2019; [04] Troosters, Gosselink & Decramer 1999; [10] Camarri et al. 2006; [43] Rao et al. 2013; [15] Masmoudi et al. 2008; [20] Jenkins et al. 2009; [09] Camarri et al. 2006; [37] Hill et al. 2011; [42] Britto et al. 2013; [13] Chetta et al. 2006","0.3588;-0.0652;0.0571;-0.2225;0.6332;-0.1046;-0.0289;0.3496;-0.4694;-0.006;0.1573;0.665;0.6633;-0.2612;-0.1632;0.0521;0.1959;-0.4468;-0.1324;-0.0958;-0.0975;0.204;0.1528;0.0902;-0.4859",670.742105263158,535.847992786083,2132.41923137199,0.283467928687568,-134.894112477075,-300.184322180351,-21.8666244107686,135.474242054698,151.438372482392
801,"natalia_oliveira_2023",22,"[43] Rao et al. 2013; [09] Camarri et al. 2006; [50] Zou et al. 2017; [10] Camarri et al. 2006; [13] Chetta et al. 2006; [32] Soares, Pereira 2011; [27] Alameri et al. 2009; [28] Ben Saad et al. 2009; [45] Kim et al. 2014; [42] Britto et al. 2013; [04] Troosters, Gosselink & Decramer 1999; [47] Nusdwinuringtyas et al, 2014; [20] Jenkins et al. 2009; [58] Delbressine et al. 2023; [55] Almeida et al. 2019; [15] Masmoudi et al. 2008; [48] Fernandes et al. 2016; [18] Iwama et al. 2009; [40] Britto et al. 2013; [34] Dourado, Vidotto, Guerra 2011; [07] Enrigth et al. 2003; [37] Hill et al. 2011","-0.2482;0.1834;-0.2788;-0.3679;-0.5159;-0.1637;0.4836;0.3482;0.2012;0.2148;0.3545;0.0916;0.037;0.0645;0.1892;-0.0148;0.1203;0.1661;-0.294;0.1542;0.1036;0.1709",676.71052631579,691.142384946175,1574.96402098286,0.261919660404893,14.4318586303853,-121.488442846905,151.227117710498,49.8622797788324,66.0552912510005
802,"natalia_oliveira_2023",22,"[37] Hill et al. 2011; [26] Jenkins et al. 2009; [04] Troosters, Gosselink & Decramer 1999; [48] Fernandes et al. 2016; [30] Osses et al. 2010; [10] Camarri et al. 2006; [27] Alameri et al. 2009; [55] Almeida et al. 2019; [15] Masmoudi et al. 2008; [40] Britto et al. 2013; [34] Dourado, Vidotto, Guerra 2011; [18] Iwama et al. 2009; [32] Soares, Pereira 2011; [43] Rao et al. 2013; [07] Enrigth et al. 2003; [58] Delbressine et al. 2023; [02] Enright & Sherrill 1998; [09] Camarri et al. 2006; [20] Jenkins et al. 2009; [13] Chetta et al. 2006; [45] Kim et al. 2014; [54] Almeida et al. 2019","0.2195;-0.1069;0.3942;-0.0306;-0.2216;-0.0554;0.6065;0.2223;-0.2111;-0.0416;-0.1006;0.0199;-0.4723;-0.4543;-6e-04;-0.1001;1.0406;0.4969;-0.1934;-0.1843;0.2067;-0.0338",676.805263157895,761.259289491861,1153.72460493962,0.154786205624808,84.4540263339659,-46.4220069280877,206.74531914698,93.8229582839464,109.433502956024
803,"natalia_oliveira_2023",18,"[37] Hill et al. 2011; [47] Nusdwinuringtyas et al, 2014; [10] Camarri et al. 2006; [07] Enrigth et al. 2003; [02] Enright & Sherrill 1998; [06] Gibbons et al. 2001; [48] Fernandes et al. 2016; [09] Camarri et al. 2006; [26] Jenkins et al. 2009; [30] Osses et al. 2010; [45] Kim et al. 2014; [28] Ben Saad et al. 2009; [13] Chetta et al. 2006; [32] Soares, Pereira 2011; [55] Almeida et al. 2019; [54] Almeida et al. 2019; [20] Jenkins et al. 2009; [42] Britto et al. 2013","0.0587;0.3189;-0.3891;-0.0523;0.4666;-0.5047;0.2443;0.4474;-0.0264;0.0095;0.4086;0.5767;-0.5634;-0.0728;0.1535;-0.2595;-0.0181;0.202",674,588.790085275331,1788.61733887563,0.323502661958829,-85.2099147246692,-202.958682419653,52.6891837862478,92.0878240422696,105.253168291941
804,"natalia_oliveira_2023",17,"[42] Britto et al. 2013; [47] Nusdwinuringtyas et al, 2014; [18] Iwama et al. 2009; [02] Enright & Sherrill 1998; [15] Masmoudi et al. 2008; [28] Ben Saad et al. 2009; [58] Delbressine et al. 2023; [50] Zou et al. 2017; [27] Alameri et al. 2009; [09] Camarri et al. 2006; [45] Kim et al. 2014; [30] Osses et al. 2010; [10] Camarri et al. 2006; [13] Chetta et al. 2006; [40] Britto et al. 2013; [07] Enrigth et al. 2003; [26] Jenkins et al. 2009","0.1679;0.2396;0.2145;0.8063;-0.0974;0.6369;-0.011;-0.2366;0.4734;0.2678;0.2094;-0.0684;-0.4506;-0.6384;-0.519;0.054;-0.0482",672.747368421053,592.507787288948,1625.08355690385,0.299877856583274,-80.2395811321048,-203.412295321497,26.7296977350133,84.1308754975703,100.497068956017
805,"natalia_oliveira_2023",14,"[06] Gibbons et al. 2001; [26] Jenkins et al. 2009; [02] Enright & Sherrill 1998; [15] Masmoudi et al. 2008; [20] Jenkins et al. 2009; [58] Delbressine et al. 2023; [10] Camarri et al. 2006; [43] Rao et al. 2013; [30] Osses et al. 2010; [47] Nusdwinuringtyas et al, 2014; [40] Britto et al. 2013; [42] Britto et al. 2013; [13] Chetta et al. 2006; [37] Hill et al. 2011","0.0391;0.0619;0.7799;0.0339;-0.0833;0.0424;0.2219;-0.2751;-0.1547;0.6914;-0.3123;0.1876;-0.2618;0.029",675.678947368421,706.449104589948,1015.9127229638,0.200809200940705,30.7701572215264,-94.3006127444577,162.464568979782,60.2887097715132,82.0839109258167
806,"natalia_oliveira_2023",5,"[15] Masmoudi et al. 2008; [45] Kim et al. 2014; [55] Almeida et al. 2019; [54] Almeida et al. 2019; [42] Britto et al. 2013","0.2541;0.2315;0.319;-0.0806;0.276",678.494736842105,646.979944978228,910.541263657767,0.293118892549698,-31.514791863877,-153.7049780474,68.2192139605069,52.687002679714,68.8119195991141
807,"natalia_oliveira_2023",27,"[27] Alameri et al. 2009; [07] Enrigth et al. 2003; [02] Enright & Sherrill 1998; [18] Iwama et al. 2009; [40] Britto et al. 2013; [30] Osses et al. 2010; [26] Jenkins et al. 2009; [42] Britto et al. 2013; [09] Camarri et al. 2006; [58] Delbressine et al. 2023; [55] Almeida et al. 2019; [43] Rao et al. 2013; [50] Zou et al. 2017; [34] Dourado, Vidotto, Guerra 2011; [15] Masmoudi et al. 2008; [13] Chetta et al. 2006; [06] Gibbons et al. 2001; [32] Soares, Pereira 2011; [10] Camarri et al. 2006; [48] Fernandes et al. 2016; [20] Jenkins et al. 2009; [04] Troosters, Gosselink & Decramer 1999; [54] Almeida et al. 2019; [37] Hill et al. 2011; [47] Nusdwinuringtyas et al, 2014; [28] Ben Saad et al. 2009; [45] Kim et al. 2014","0.6382;-0.0194;0.7344;0.2558;-0.3653;-0.0288;-0.0715;0.1539;0.1782;-0.063;0.0946;-0.1087;-0.1514;0.0587;-0.1516;-0.5018;-0.4879;-0.1933;-0.4405;0.2053;-0.0548;0.0646;-0.2661;0.1265;0.2497;0.802;0.342",673.163157894737,534.355876726698,1867.14751872884,0.372585127206399,-138.807281168039,-331.864211828163,-7.29226635063719,140.871280051958,158.619207086196
808,"natalia_oliveira_2023",11,"[43] Rao et al. 2013; [28] Ben Saad et al. 2009; [55] Almeida et al. 2019; [32] Soares, Pereira 2011; [50] Zou et al. 2017; [07] Enrigth et al. 2003; [09] Camarri et al. 2006; [10] Camarri et al. 2006; [02] Enright & Sherrill 1998; [30] Osses et al. 2010; [15] Masmoudi et al. 2008","0.008;0.3615;0.149;-0.0817;0.0118;-0.2492;0.724;-0.4613;0.7717;0.0379;-0.2717",681.88947368421,702.809036789138,1669.16900634227,0.265325878582336,20.9195631049273,-136.289195648486,137.712844393756,54.9398319383488,69.3421963108444
809,"natalia_oliveira_2023",25,"[43] Rao et al. 2013; [37] Hill et al. 2011; [09] Camarri et al. 2006; [54] Almeida et al. 2019; [34] Dourado, Vidotto, Guerra 2011; [02] Enright & Sherrill 1998; [58] Delbressine et al. 2023; [13] Chetta et al. 2006; [15] Masmoudi et al. 2008; [07] Enrigth et al. 2003; [20] Jenkins et al. 2009; [26] Jenkins et al. 2009; [42] Britto et al. 2013; [50] Zou et al. 2017; [28] Ben Saad et al. 2009; [55] Almeida et al. 2019; [32] Soares, Pereira 2011; [47] Nusdwinuringtyas et al, 2014; [10] Camarri et al. 2006; [40] Britto et al. 2013; [06] Gibbons et al. 2001; [04] Troosters, Gosselink & Decramer 1999; [48] Fernandes et al. 2016; [27] Alameri et al. 2009; [18] Iwama et al. 2009","-0.1921;0.1568;0.3749;-0.2977;0.061;0.8254;-0.0957;-0.4964;-0.1644;-0.0692;-0.0619;-0.0267;0.1465;-0.1959;0.7131;0.0682;-0.2598;0.3799;-0.2944;-0.3559;-0.4078;0.14;0.2244;0.5578;0.2701",677.38947368421,606.277066447028,1555.33863060188,0.198765912242909,-71.1124072371823,-217.814965630951,50.8460860511074,78.2192968519698,98.2296709509235
810,"natalia_oliveira_2023",17,"[42] Britto et al. 2013; [26] Jenkins et al. 2009; [20] Jenkins et al. 2009; [06] Gibbons et al. 2001; [30] Osses et al. 2010; [28] Ben Saad et al. 2009; [18] Iwama et al. 2009; [37] Hill et al. 2011; [45] Kim et al. 2014; [04] Troosters, Gosselink & Decramer 1999; [48] Fernandes et al. 2016; [27] Alameri et al. 2009; [32] Soares, Pereira 2011; [55] Almeida et al. 2019; [10] Camarri et al. 2006; [02] Enright & Sherrill 1998; [58] Delbressine et al. 2023","0.1756;-0.1287;-0.1857;-0.611;-0.1966;0.6433;0.0856;0.0393;0.3847;0.0958;0.0366;0.6899;-0.2966;0.0871;-0.3885;0.7488;-0.1796",677.368421052632,492.319204160619,1646.40456366505,0.271252268510895,-185.049216892013,-319.847831786326,-71.8352166502875,185.617088618913,196.11598381867
811,"natalia_oliveira_2023",18,"[13] Chetta et al. 2006; [43] Rao et al. 2013; [47] Nusdwinuringtyas et al, 2014; [37] Hill et al. 2011; [15] Masmoudi et al. 2008; [50] Zou et al. 2017; [02] Enright & Sherrill 1998; [18] Iwama et al. 2009; [32] Soares, Pereira 2011; [09] Camarri et al. 2006; [45] Kim et al. 2014; [10] Camarri et al. 2006; [27] Alameri et al. 2009; [54] Almeida et al. 2019; [06] Gibbons et al. 2001; [28] Ben Saad et al. 2009; [42] Britto et al. 2013; [48] Fernandes et al. 2016","-0.6557;-0.1452;0.3185;0.1021;-0.2223;-0.1788;0.7767;0.2897;-0.3168;0.2823;0.4424;-0.6001;0.8256;-0.5373;-0.6842;0.9533;0.1328;0.2171",683.394736842105,464.646104674948,1993.15114429468,0.288985545361832,-218.748632167157,-381.172087747971,-89.6656318024031,218.748632167157,231.094891576337
812,"natalia_oliveira_2023",8,"[10] Camarri et al. 2006; [09] Camarri et al. 2006; [47] Nusdwinuringtyas et al, 2014; [34] Dourado, Vidotto, Guerra 2011; [02] Enright & Sherrill 1998; [30] Osses et al. 2010; [50] Zou et al. 2017; [26] Jenkins et al. 2009","-0.1665;0.5674;0.4406;-0.04;0.7957;-0.2571;-0.4046;0.0645",675.421052631579,636.872756439095,929.752973116613,0.110252849143593,-38.5482961924844,-161.058765968103,86.2873938624049,57.798100489057,76.2818626702172
813,"natalia_oliveira_2023",1,"[15] Masmoudi et al. 2008","1",680.626315789474,641.061315789474,2657.41425233361,0.194393134721273,-39.5649999999999,-212.0468,109.6281,68.2352736842105,89.2115668692303
814,"natalia_oliveira_2023",18,"[10] Camarri et al. 2006; [42] Britto et al. 2013; [47] Nusdwinuringtyas et al, 2014; [20] Jenkins et al. 2009; [07] Enrigth et al. 2003; [13] Chetta et al. 2006; [15] Masmoudi et al. 2008; [54] Almeida et al. 2019; [48] Fernandes et al. 2016; [32] Soares, Pereira 2011; [06] Gibbons et al. 2001; [40] Britto et al. 2013; [37] Hill et al. 2011; [43] Rao et al. 2013; [30] Osses et al. 2010; [26] Jenkins et al. 2009; [45] Kim et al. 2014; [04] Troosters, Gosselink & Decramer 1999","-0.07;0.1942;0.5327;0.0354;0.1009;-0.365;-0.0313;0.0242;0.0104;-0.1949;0;0.0289;0.218;-0.3123;0.0123;0.1064;0.2721;0.438",677.215789473684,763.205060963208,1045.12617459243,0.243595865988505,85.9892714895241,-86.3836040245268,223.844393399253,99.2898083631519,115.841478328996
815,"natalia_oliveira_2023",27,"[18] Iwama et al. 2009; [54] Almeida et al. 2019; [50] Zou et al. 2017; [04] Troosters, Gosselink & Decramer 1999; [32] Soares, Pereira 2011; [55] Almeida et al. 2019; [10] Camarri et al. 2006; [02] Enright & Sherrill 1998; [43] Rao et al. 2013; [48] Fernandes et al. 2016; [40] Britto et al. 2013; [34] Dourado, Vidotto, Guerra 2011; [06] Gibbons et al. 2001; [58] Delbressine et al. 2023; [37] Hill et al. 2011; [09] Camarri et al. 2006; [15] Masmoudi et al. 2008; [30] Osses et al. 2010; [20] Jenkins et al. 2009; [07] Enrigth et al. 2003; [13] Chetta et al. 2006; [42] Britto et al. 2013; [28] Ben Saad et al. 2009; [27] Alameri et al. 2009; [45] Kim et al. 2014; [47] Nusdwinuringtyas et al, 2014; [26] Jenkins et al. 2009","0.2137;-0.2454;-0.1808;0.1166;-0.2141;0.1471;-0.395;0.7005;-0.146;0.1662;-0.3849;0.0463;-0.4678;-0.0414;0.1649;0.2336;-0.125;-0.0389;-0.0644;0.0122;-0.4956;0.1674;0.7275;0.5629;0.276;0.326;-0.0616",670,579.362192938127,1764.73099075677,0.294080030010977,-90.6378070618725,-234.983346500836,91.297280910114,99.8790481255562,118.276771550123
816,"natalia_oliveira_2023",20,"[06] Gibbons et al. 2001; [50] Zou et al. 2017; [43] Rao et al. 2013; [13] Chetta et al. 2006; [20] Jenkins et al. 2009; [32] Soares, Pereira 2011; [26] Jenkins et al. 2009; [27] Alameri et al. 2009; [07] Enrigth et al. 2003; [34] Dourado, Vidotto, Guerra 2011; [28] Ben Saad et al. 2009; [54] Almeida et al. 2019; [42] Britto et al. 2013; [04] Troosters, Gosselink & Decramer 1999; [55] Almeida et al. 2019; [45] Kim et al. 2014; [58] Delbressine et al. 2023; [47] Nusdwinuringtyas et al, 2014; [09] Camarri et al. 2006; [15] Masmoudi et al. 2008","-0.3494;-0.2953;-0.1328;-0.5095;0.0378;-0.2183;-0.077;0.5103;0.3196;0.2498;0.4135;-0.2074;0.252;0.07;0.1714;0.1405;0.2273;0.3624;0.0311;0.004",679.594736842105,608.799208681884,1596.52667251092,0.249183139815593,-70.795528160221,-179.280923046576,28.3137153092647,76.2491712197915,92.8896044663466
817,"natalia_oliveira_2023",6,"[04] Troosters, Gosselink & Decramer 1999; [07] Enrigth et al. 2003; [58] Delbressine et al. 2023; [18] Iwama et al. 2009; [45] Kim et al. 2014; [48] Fernandes et al. 2016","0.3506;0.2012;-0.0569;0.1003;0.3772;0.0277",670.894736842105,664.516068747172,1177.02640147267,0.275513602292947,-6.37866809493354,-134.548168896831,130.259370259489,56.2133024014618,72.7691256812635
818,"natalia_oliveira_2023",21,"[50] Zou et al. 2017; [02] Enright & Sherrill 1998; [42] Britto et al. 2013; [54] Almeida et al. 2019; [04] Troosters, Gosselink & Decramer 1999; [43] Rao et al. 2013; [55] Almeida et al. 2019; [13] Chetta et al. 2006; [10] Camarri et al. 2006; [34] Dourado, Vidotto, Guerra 2011; [45] Kim et al. 2014; [09] Camarri et al. 2006; [32] Soares, Pereira 2011; [27] Alameri et al. 2009; [47] Nusdwinuringtyas et al, 2014; [26] Jenkins et al. 2009; [58] Delbressine et al. 2023; [40] Britto et al. 2013; [28] Ben Saad et al. 2009; [20] Jenkins et al. 2009; [15] Masmoudi et al. 2008","-0.2427;0.9514;0.1337;-0.3212;0.1245;-0.186;0.1092;-0.6546;-0.581;0.1152;0.3989;0.1999;-0.27;0.801;0.3497;-0.0221;-0.003;-0.3899;0.6222;-0.0157;-0.1195",660.615789473684,581.993957595166,1769.61129411945,0.289956633055962,-78.6218318785183,-206.396669882849,42.1660806311585,87.7579746716823,102.71551841719
819,"natalia_oliveira_2023",22,"[09] Camarri et al. 2006; [47] Nusdwinuringtyas et al, 2014; [34] Dourado, Vidotto, Guerra 2011; [48] Fernandes et al. 2016; [27] Alameri et al. 2009; [02] Enright & Sherrill 1998; [18] Iwama et al. 2009; [10] Camarri et al. 2006; [04] Troosters, Gosselink & Decramer 1999; [07] Enrigth et al. 2003; [06] Gibbons et al. 2001; [42] Britto et al. 2013; [45] Kim et al. 2014; [13] Chetta et al. 2006; [32] Soares, Pereira 2011; [55] Almeida et al. 2019; [15] Masmoudi et al. 2008; [26] Jenkins et al. 2009; [43] Rao et al. 2013; [50] Zou et al. 2017; [30] Osses et al. 2010; [20] Jenkins et al. 2009","0.3404;0.6839;-0.1295;-0.1087;0.6353;0.9211;-0.057;-0.3022;0.6719;0.1686;-0.0802;0.0954;0.2313;-0.4214;-0.4003;0.1061;-0.0403;-0.1166;-0.417;-0.3972;-0.1876;-0.196",681.226315789474,666.500569081249,1453.12428318319,0.264319323390557,-14.7257467082245,-131.194155945639,110.933832737707,50.7867484960036,66.7274396119948
820,"natalia_oliveira_2023",14,"[15] Masmoudi et al. 2008; [55] Almeida et al. 2019; [04] Troosters, Gosselink & Decramer 1999; [26] Jenkins et al. 2009; [54] Almeida et al. 2019; [20] Jenkins et al. 2009; [47] Nusdwinuringtyas et al, 2014; [58] Delbressine et al. 2023; [32] Soares, Pereira 2011; [34] Dourado, Vidotto, Guerra 2011; [28] Ben Saad et al. 2009; [13] Chetta et al. 2006; [40] Britto et al. 2013; [30] Osses et al. 2010","0.031;0.1763;0.1666;0.0145;-0.2103;0.1064;0.5741;0.1952;-0.1119;0.2637;0.3863;-0.5437;-0.286;0.2378",677.963157894737,718.178853267009,2321.57660442857,0.199208339974548,40.2156953722722,-104.80200727635,162.958415260519,67.1954385815231,85.3088737877925
821,"natalia_oliveira_2023",22,"[07] Enrigth et al. 2003; [45] Kim et al. 2014; [04] Troosters, Gosselink & Decramer 1999; [37] Hill et al. 2011; [40] Britto et al. 2013; [27] Alameri et al. 2009; [06] Gibbons et al. 2001; [47] Nusdwinuringtyas et al, 2014; [55] Almeida et al. 2019; [02] Enright & Sherrill 1998; [15] Masmoudi et al. 2008; [54] Almeida et al. 2019; [09] Camarri et al. 2006; [34] Dourado, Vidotto, Guerra 2011; [28] Ben Saad et al. 2009; [42] Britto et al. 2013; [26] Jenkins et al. 2009; [18] Iwama et al. 2009; [13] Chetta et al. 2006; [20] Jenkins et al. 2009; [48] Fernandes et al. 2016; [32] Soares, Pereira 2011","0.0029;0.1746;0.1255;0.1347;-0.3029;0.5437;-0.4924;0.3758;0.0608;0.7897;-0.1585;-0.2238;0.0646;-0.0112;0.6618;0.1181;-0.1361;0.1878;-0.5837;-0.1255;0.1313;-0.3374",675.715789473684,568.904520941017,2238.63326217793,0.219135397342897,-106.811268532667,-281.373409408366,23.5537792807792,110.511720947297,131.685831780241
822,"natalia_oliveira_2023",23,"[04] Troosters, Gosselink & Decramer 1999; [28] Ben Saad et al. 2009; [32] Soares, Pereira 2011; [15] Masmoudi et al. 2008; [13] Chetta et al. 2006; [58] Delbressine et al. 2023; [37] Hill et al. 2011; [10] Camarri et al. 2006; [42] Britto et al. 2013; [43] Rao et al. 2013; [26] Jenkins et al. 2009; [09] Camarri et al. 2006; [50] Zou et al. 2017; [45] Kim et al. 2014; [06] Gibbons et al. 2001; [18] Iwama et al. 2009; [34] Dourado, Vidotto, Guerra 2011; [30] Osses et al. 2010; [02] Enright & Sherrill 1998; [55] Almeida et al. 2019; [27] Alameri et al. 2009; [48] Fernandes et al. 2016; [40] Britto et al. 2013","0.1703;0.7516;-0.2252;-0.1342;-0.4509;-0.0493;0.2055;-0.3636;0.1257;-0.1648;-0.12;0.2392;-0.1966;0.2956;-0.3579;0.2611;-0.0214;-0.0761;0.5815;0.0806;0.6164;0.2107;-0.3781",684.894736842105,621.051206041795,2166.88553081418,0.203294620319243,-63.8435308003099,-212.437412964166,60.9157708632875,74.5152602627857,96.3326013861054
823,"natalia_oliveira_2023",3,"[58] Delbressine et al. 2023; [20] Jenkins et al. 2009; [09] Camarri et al. 2006","0.4038;0.1587;0.4375",680.347368421053,692.120903120805,1263.82650277723,0.258629342654849,11.7735346997526,-199.047300767379,147.547827910243,59.4481959433412,76.5918740339475
824,"natalia_oliveira_2023",9,"[15] Masmoudi et al. 2008; [09] Camarri et al. 2006; [50] Zou et al. 2017; [32] Soares, Pereira 2011; [43] Rao et al. 2013; [04] Troosters, Gosselink & Decramer 1999; [48] Fernandes et al. 2016; [30] Osses et al. 2010; [58] Delbressine et al. 2023","-0.0699;0.559;-0.2834;-0.2329;-0.1943;0.4603;0.5386;0.1331;0.0894",683.205263157895,707.896784784684,976.759595974601,0.178921182417307,24.6915216267894,-120.739094474015,173.425623655431,63.4670676131625,79.1692008485461
825,"natalia_oliveira_2023",17,"[27] Alameri et al. 2009; [34] Dourado, Vidotto, Guerra 2011; [55] Almeida et al. 2019; [54] Almeida et al. 2019; [40] Britto et al. 2013; [42] Britto et al. 2013; [30] Osses et al. 2010; [37] Hill et al. 2011; [04] Troosters, Gosselink & Decramer 1999; [06] Gibbons et al. 2001; [18] Iwama et al. 2009; [07] Enrigth et al. 2003; [58] Delbressine et al. 2023; [15] Masmoudi et al. 2008; [50] Zou et al. 2017; [28] Ben Saad et al. 2009; [48] Fernandes et al. 2016","0.5549;0.2302;0.155;-0.1953;-0.2941;0.2762;0.0759;0.2411;0.0962;-0.6886;0.3153;0.0159;-0.0212;-0.183;-0.5328;0.6987;0.2556",678.18947368421,576.461075522025,1671.83985584416,0.288790099872614,-101.728398162186,-217.770016822906,16.9674398029567,105.830765916956,120.225264539896
826,"natalia_oliveira_2023",22,"[48] Fernandes et al. 2016; [18] Iwama et al. 2009; [50] Zou et al. 2017; [02] Enright & Sherrill 1998; [58] Delbressine et al. 2023; [34] Dourado, Vidotto, Guerra 2011; [09] Camarri et al. 2006; [30] Osses et al. 2010; [04] Troosters, Gosselink & Decramer 1999; [37] Hill et al. 2011; [43] Rao et al. 2013; [55] Almeida et al. 2019; [27] Alameri et al. 2009; [54] Almeida et al. 2019; [32] Soares, Pereira 2011; [20] Jenkins et al. 2009; [40] Britto et al. 2013; [15] Masmoudi et al. 2008; [47] Nusdwinuringtyas et al, 2014; [42] Britto et al. 2013; [10] Camarri et al. 2006; [07] Enrigth et al. 2003","-0.0901;-0.0324;-0.4611;1.0238;-0.0776;0.0554;0.3747;-0.157;0.4874;0.0913;-0.4778;0.1116;0.6696;-0.2061;-0.3995;-0.078;-0.1944;-0.138;0.5894;0.1378;-0.2106;-0.0186",672.336842105263,703.317374723607,1243.14175382279,0.157139210810388,30.9805326183443,-89.7556316341829,169.117891693092,61.9941009323901,78.8092513196066
827,"natalia_oliveira_2023",11,"[10] Camarri et al. 2006; [42] Britto et al. 2013; [28] Ben Saad et al. 2009; [40] Britto et al. 2013; [43] Rao et al. 2013; [02] Enright & Sherrill 1998; [07] Enrigth et al. 2003; [26] Jenkins et al. 2009; [55] Almeida et al. 2019; [20] Jenkins et al. 2009; [54] Almeida et al. 2019","0.0828;0.2532;0.1442;-0.203;0.0097;0.1622;-0.3662;0.2814;0.243;0.2043;0.1883",674.1,737.982087321751,1469.69249848912,0.262587541441969,63.8820873217508,-58.4819358296357,169.492812643099,74.6578593890435,88.6371155012611
828,"natalia_oliveira_2023",21,"[18] Iwama et al. 2009; [58] Delbressine et al. 2023; [32] Soares, Pereira 2011; [55] Almeida et al. 2019; [30] Osses et al. 2010; [02] Enright & Sherrill 1998; [54] Almeida et al. 2019; [50] Zou et al. 2017; [28] Ben Saad et al. 2009; [47] Nusdwinuringtyas et al, 2014; [06] Gibbons et al. 2001; [45] Kim et al. 2014; [10] Camarri et al. 2006; [40] Britto et al. 2013; [42] Britto et al. 2013; [15] Masmoudi et al. 2008; [26] Jenkins et al. 2009; [34] Dourado, Vidotto, Guerra 2011; [43] Rao et al. 2013; [09] Camarri et al. 2006; [13] Chetta et al. 2006","0.3739;-0.033;-0.1541;0.2355;-0.001;0.7246;-0.2831;-0.1382;0.674;0.4669;-0.4819;0.4467;-0.3776;-0.3699;0.2818;-0.1278;-0.009;0.0863;-0.109;0.3557;-0.5607",674.305263157895,635.921349103332,1565.76705874426,0.239415831468759,-38.3839140545623,-172.027355031768,69.0364344635417,58.5879456227698,75.7869501742377
829,"natalia_oliveira_2023",26,"[30] Osses et al. 2010; [48] Fernandes et al. 2016; [06] Gibbons et al. 2001; [02] Enright & Sherrill 1998; [26] Jenkins et al. 2009; [07] Enrigth et al. 2003; [04] Troosters, Gosselink & Decramer 1999; [27] Alameri et al. 2009; [45] Kim et al. 2014; [13] Chetta et al. 2006; [34] Dourado, Vidotto, Guerra 2011; [09] Camarri et al. 2006; [10] Camarri et al. 2006; [55] Almeida et al. 2019; [28] Ben Saad et al. 2009; [40] Britto et al. 2013; [43] Rao et al. 2013; [32] Soares, Pereira 2011; [15] Masmoudi et al. 2008; [20] Jenkins et al. 2009; [47] Nusdwinuringtyas et al, 2014; [37] Hill et al. 2011; [42] Britto et al. 2013; [50] Zou et al. 2017; [18] Iwama et al. 2009; [54] Almeida et al. 2019","-0.0638;0.2002;-0.5122;0.7638;-0.0552;-0.0078;0.1221;0.6848;0.3477;-0.5512;0.0328;0.2009;-0.4291;0.0761;0.8351;-0.3648;-0.1598;-0.2497;-0.1551;-0.0729;0.2929;0.1782;0.1036;-0.1939;0.2545;-0.2772",678.405263157895,559.453054454195,2197.40043948315,0.226228559512031,-118.952208703699,-289.869662188627,7.32157584843787,120.266066636111,141.189901036775
830,"natalia_oliveira_2023",4,"[13] Chetta et al. 2006; [27] Alameri et al. 2009; [30] Osses et al. 2010; [50] Zou et al. 2017","0.2467;0.4905;0.4437;-0.1809",673.131578947368,571.385583179202,554.574937144171,0.152872687730124,-101.745995768166,-277.556671728807,79.1909543077858,111.112228729265,129.03120535998
831,"natalia_oliveira_2023",17,"[27] Alameri et al. 2009; [15] Masmoudi et al. 2008; [28] Ben Saad et al. 2009; [48] Fernandes et al. 2016; [47] Nusdwinuringtyas et al, 2014; [20] Jenkins et al. 2009; [13] Chetta et al. 2006; [02] Enright & Sherrill 1998; [42] Britto et al. 2013; [34] Dourado, Vidotto, Guerra 2011; [45] Kim et al. 2014; [37] Hill et al. 2011; [50] Zou et al. 2017; [58] Delbressine et al. 2023; [55] Almeida et al. 2019; [04] Troosters, Gosselink & Decramer 1999; [06] Gibbons et al. 2001","0.572;-0.2287;0.6284;0.1064;0.1277;-0.2574;-0.5444;0.6719;0.2117;-0.1399;0.3348;0.1897;-0.1338;-0.1112;0.0632;0.0438;-0.534",684.852631578947,585.644836350781,1491.16937815485,0.293207770925398,-99.2077952281669,-247.321966899962,29.1504392615355,104.088991176406,119.415688104404
832,"natalia_oliveira_2023",24,"[06] Gibbons et al. 2001; [34] Dourado, Vidotto, Guerra 2011; [32] Soares, Pereira 2011; [27] Alameri et al. 2009; [28] Ben Saad et al. 2009; [26] Jenkins et al. 2009; [42] Britto et al. 2013; [04] Troosters, Gosselink & Decramer 1999; [54] Almeida et al. 2019; [43] Rao et al. 2013; [45] Kim et al. 2014; [15] Masmoudi et al. 2008; [47] Nusdwinuringtyas et al, 2014; [58] Delbressine et al. 2023; [55] Almeida et al. 2019; [30] Osses et al. 2010; [40] Britto et al. 2013; [50] Zou et al. 2017; [18] Iwama et al. 2009; [37] Hill et al. 2011; [07] Enrigth et al. 2003; [20] Jenkins et al. 2009; [02] Enright & Sherrill 1998; [10] Camarri et al. 2006","-0.5767;0.1059;-0.259;0.7498;0.765;-0.021;0.1007;0.1742;-0.3333;-0.1945;0.3593;-0.1368;0.3582;-0.0593;0.1131;-0.0297;-0.4044;-0.2457;0.2589;0.0766;-0.027;-0.0395;0.8136;-0.5486",675.989473684211,531.899985720997,2134.11636334539,0.248443869844383,-144.089487963214,-311.156022050679,-17.0425662103293,144.637723005687,160.871779943707
833,"natalia_oliveira_2023",17,"[26] Jenkins et al. 2009; [07] Enrigth et al. 2003; [18] Iwama et al. 2009; [34] Dourado, Vidotto, Guerra 2011; [40] Britto et al. 2013; [42] Britto et al. 2013; [43] Rao et al. 2013; [48] Fernandes et al. 2016; [32] Soares, Pereira 2011; [27] Alameri et al. 2009; [58] Delbressine et al. 2023; [10] Camarri et al. 2006; [13] Chetta et al. 2006; [20] Jenkins et al. 2009; [47] Nusdwinuringtyas et al, 2014; [37] Hill et al. 2011; [55] Almeida et al. 2019","0.2719;0.387;-0.1786;0.197;-0.3007;0.2535;-0.7252;-0.208;-0.4869;0.5182;0.2741;0.0774;-0.5299;0.0246;0.7288;0.4563;0.2405",679.868421052632,849.438931713708,880.570853892918,0.319833348934914,169.570510661077,49.0461488565533,282.436513053714,169.968103695901,180.350733346249
834,"natalia_oliveira_2023",20,"[34] Dourado, Vidotto, Guerra 2011; [07] Enrigth et al. 2003; [30] Osses et al. 2010; [45] Kim et al. 2014; [40] Britto et al. 2013; [09] Camarri et al. 2006; [43] Rao et al. 2013; [04] Troosters, Gosselink & Decramer 1999; [37] Hill et al. 2011; [27] Alameri et al. 2009; [28] Ben Saad et al. 2009; [06] Gibbons et al. 2001; [20] Jenkins et al. 2009; [55] Almeida et al. 2019; [48] Fernandes et al. 2016; [13] Chetta et al. 2006; [32] Soares, Pereira 2011; [15] Masmoudi et al. 2008; [10] Camarri et al. 2006; [58] Delbressine et al. 2023","0.1201;0.1418;0.0498;0.2944;-0.3083;0.1448;-0.1471;0.1196;0.446;0.6665;0.8237;-0.4529;-0.0434;0.1299;0.3891;-0.5277;-0.2503;-0.1034;-0.542;0.0493",679.31052631579,609.788823874575,2309.44318164669,0.270653409811989,-69.5217024412146,-201.131602206403,61.4583144938024,80.5042395997626,99.5036267594435
835,"natalia_oliveira_2023",17,"[43] Rao et al. 2013; [37] Hill et al. 2011; [06] Gibbons et al. 2001; [28] Ben Saad et al. 2009; [42] Britto et al. 2013; [47] Nusdwinuringtyas et al, 2014; [50] Zou et al. 2017; [58] Delbressine et al. 2023; [18] Iwama et al. 2009; [04] Troosters, Gosselink & Decramer 1999; [40] Britto et al. 2013; [27] Alameri et al. 2009; [45] Kim et al. 2014; [07] Enrigth et al. 2003; [32] Soares, Pereira 2011; [09] Camarri et al. 2006; [48] Fernandes et al. 2016","-0.2663;0.3444;-0.83;0.7551;0.0985;0.1849;-0.3781;0.0568;0.4047;0.1095;-0.3922;0.572;0.1877;0.1146;-0.2998;-0.0076;0.3458",677.815789473684,595.30104054919,1883.92211000041,0.293185504922006,-82.5147489244939,-229.645956736642,27.8200550336105,88.256334344744,107.083166484902
836,"natalia_oliveira_2023",7,"[13] Chetta et al. 2006; [18] Iwama et al. 2009; [07] Enrigth et al. 2003; [37] Hill et al. 2011; [26] Jenkins et al. 2009; [09] Camarri et al. 2006; [32] Soares, Pereira 2011","-0.18;0.1416;0.2767;0.3376;0.1619;0.5363;-0.274",674.121052631579,724.742549706371,1231.12643423934,0.206469610503096,50.6214970747923,-118.032096783004,207.680232867942,77.2811224028981,96.0032138433699
837,"natalia_oliveira_2023",11,"[27] Alameri et al. 2009; [13] Chetta et al. 2006; [26] Jenkins et al. 2009; [54] Almeida et al. 2019; [28] Ben Saad et al. 2009; [45] Kim et al. 2014; [10] Camarri et al. 2006; [48] Fernandes et al. 2016; [50] Zou et al. 2017; [02] Enright & Sherrill 1998; [58] Delbressine et al. 2023","0.7616;-0.5179;0.001;-0.2331;0.6388;0.3882;-0.4157;0.1871;-0.1909;0.4882;-0.1073",670.873684210526,513.428893345897,1669.99865981577,0.232900759387928,-157.444790864629,-276.519949708025,-35.7932297585038,159.458768254192,172.139210079673
838,"natalia_oliveira_2023",6,"[06] Gibbons et al. 2001; [47] Nusdwinuringtyas et al, 2014; [13] Chetta et al. 2006; [45] Kim et al. 2014; [20] Jenkins et al. 2009; [15] Masmoudi et al. 2008","0.1512;0.447;-0.2425;0.0857;0.2288;0.3299",679.036842105263,635.004389729834,704.807823429452,0.156373896792551,-44.0324523754287,-167.663707543411,90.254056086253,69.6180391024624,88.3896711657951
839,"natalia_oliveira_2023",15,"[26] Jenkins et al. 2009; [27] Alameri et al. 2009; [32] Soares, Pereira 2011; [28] Ben Saad et al. 2009; [30] Osses et al. 2010; [37] Hill et al. 2011; [47] Nusdwinuringtyas et al, 2014; [54] Almeida et al. 2019; [48] Fernandes et al. 2016; [45] Kim et al. 2014; [09] Camarri et al. 2006; [40] Britto et al. 2013; [07] Enrigth et al. 2003; [58] Delbressine et al. 2023; [43] Rao et al. 2013","0.12;0.7632;-0.3765;0.4277;0.1558;0.3569;0.0455;-0.2633;0.2417;0.1822;-0.0875;-0.3003;0.1785;0.1288;-0.5729",671.047368421053,700.265006894061,1856.28091182192,0.199023014337933,29.2176384730088,-103.55251871222,153.847039421414,60.7324321240184,76.6122925521463
840,"natalia_oliveira_2023",14,"[42] Britto et al. 2013; [06] Gibbons et al. 2001; [37] Hill et al. 2011; [09] Camarri et al. 2006; [48] Fernandes et al. 2016; [40] Britto et al. 2013; [58] Delbressine et al. 2023; [04] Troosters, Gosselink & Decramer 1999; [32] Soares, Pereira 2011; [54] Almeida et al. 2019; [43] Rao et al. 2013; [30] Osses et al. 2010; [20] Jenkins et al. 2009; [13] Chetta et al. 2006","0.2379;0.1864;0.2368;0.5102;0.2301;0.0336;-0.0131;0.2479;-0.2395;0.1172;-0.3589;0.0983;0.0787;-0.3656",675.926315789474,812.09925583544,1015.87619718376,0.203222288069543,136.172940045966,-4.61628220439061,253.952913327393,141.219886416853,153.745340567957
841,"natalia_oliveira_2023",5,"[45] Kim et al. 2014; [40] Britto et al. 2013; [07] Enrigth et al. 2003; [42] Britto et al. 2013; [13] Chetta et al. 2006","0.4304;0.2393;0.2907;0.2454;-0.2059",670.510526315789,625.527091066012,837.327274511142,0.165984899800217,-44.9834352497779,-161.30955362099,92.3747941960808,68.9848146401564,85.191713906738
842,"natalia_oliveira_2023",12,"[32] Soares, Pereira 2011; [06] Gibbons et al. 2001; [20] Jenkins et al. 2009; [10] Camarri et al. 2006; [42] Britto et al. 2013; [47] Nusdwinuringtyas et al, 2014; [37] Hill et al. 2011; [07] Enrigth et al. 2003; [09] Camarri et al. 2006; [55] Almeida et al. 2019; [43] Rao et al. 2013; [58] Delbressine et al. 2023","-0.3694;-0.3141;0.2399;-0.1836;0.1764;0.6201;0.2065;0.3717;0.4789;0.2075;-0.7364;0.3024",668.636842105263,790.509967591456,921.509353062927,0.123837991349948,121.873125486193,-9.3387065507161,260.66349749422,124.33017045571,139.649984256716
843,"natalia_oliveira_2023",24,"[10] Camarri et al. 2006; [27] Alameri et al. 2009; [15] Masmoudi et al. 2008; [54] Almeida et al. 2019; [02] Enright & Sherrill 1998; [32] Soares, Pereira 2011; [40] Britto et al. 2013; [37] Hill et al. 2011; [13] Chetta et al. 2006; [50] Zou et al. 2017; [04] Troosters, Gosselink & Decramer 1999; [28] Ben Saad et al. 2009; [45] Kim et al. 2014; [18] Iwama et al. 2009; [06] Gibbons et al. 2001; [34] Dourado, Vidotto, Guerra 2011; [30] Osses et al. 2010; [55] Almeida et al. 2019; [43] Rao et al. 2013; [07] Enrigth et al. 2003; [09] Camarri et al. 2006; [58] Delbressine et al. 2023; [42] Britto et al. 2013; [47] Nusdwinuringtyas et al, 2014","-0.4534;0.7017;-0.2021;-0.2842;0.8741;-0.2921;-0.3966;0.3165;-0.5889;-0.183;0.0342;0.8131;0.3761;0.3029;-0.5557;-0.0355;-0.0803;0.1095;-0.151;0.0186;0.2878;-0.0676;0.1195;0.3362",668.668421052632,593.337083418443,1676.44051197948,0.298106311132103,-75.3313376341886,-208.385969211629,44.3947422306442,85.7750985459055,103.284633357318
844,"natalia_oliveira_2023",7,"[58] Delbressine et al. 2023; [34] Dourado, Vidotto, Guerra 2011; [45] Kim et al. 2014; [32] Soares, Pereira 2011; [43] Rao et al. 2013; [40] Britto et al. 2013; [50] Zou et al. 2017","0.457;0.1555;0.696;-0.2851;-0.1597;0.2406;-0.1044",677.263157894737,692.001746978818,995.968130968206,0.183629719428361,14.7385890840808,-106.763024229442,148.166997963385,51.4392284632788,69.9482983161506
845,"natalia_oliveira_2023",21,"[45] Kim et al. 2014; [32] Soares, Pereira 2011; [55] Almeida et al. 2019; [34] Dourado, Vidotto, Guerra 2011; [20] Jenkins et al. 2009; [47] Nusdwinuringtyas et al, 2014; [40] Britto et al. 2013; [58] Delbressine et al. 2023; [10] Camarri et al. 2006; [04] Troosters, Gosselink & Decramer 1999; [15] Masmoudi et al. 2008; [48] Fernandes et al. 2016; [43] Rao et al. 2013; [13] Chetta et al. 2006; [09] Camarri et al. 2006; [42] Britto et al. 2013; [06] Gibbons et al. 2001; [37] Hill et al. 2011; [18] Iwama et al. 2009; [02] Enright & Sherrill 1998; [07] Enrigth et al. 2003","0.2531;-0.3903;0.1619;-0.1065;-0.1796;0.7705;-0.2145;-0.024;-0.1878;0.5273;-0.0959;-0.0727;-0.3913;-0.4466;0.3957;0.1302;-0.1;0.0888;-0.0148;0.8415;0.055",676.526315789474,776.879045148634,1634.48092919654,0.194104163697937,100.35272935916,-20.3681837423266,241.25802260607,106.842186448985,126.650074954969
846,"natalia_oliveira_2023",25,"[45] Kim et al. 2014; [30] Osses et al. 2010; [55] Almeida et al. 2019; [06] Gibbons et al. 2001; [54] Almeida et al. 2019; [02] Enright & Sherrill 1998; [27] Alameri et al. 2009; [50] Zou et al. 2017; [18] Iwama et al. 2009; [48] Fernandes et al. 2016; [34] Dourado, Vidotto, Guerra 2011; [58] Delbressine et al. 2023; [37] Hill et al. 2011; [43] Rao et al. 2013; [13] Chetta et al. 2006; [15] Masmoudi et al. 2008; [04] Troosters, Gosselink & Decramer 1999; [42] Britto et al. 2013; [10] Camarri et al. 2006; [28] Ben Saad et al. 2009; [47] Nusdwinuringtyas et al, 2014; [26] Jenkins et al. 2009; [07] Enrigth et al. 2003; [09] Camarri et al. 2006; [32] Soares, Pereira 2011","0.306;-0.0891;0.0474;-0.5591;-0.4125;0.6611;0.6517;-0.1986;0.3046;0.2409;-0.0288;-0.0624;0.107;-0.156;-0.562;-0.1327;0.2166;0.1244;-0.4748;0.8201;0.3488;-0.0965;-0.0145;0.197;-0.2385",678.384210526316,522.640235144846,2408.90353848682,0.203007661985768,-155.743975381469,-325.667474399994,-24.2647516524275,156.432016617927,173.125777596744
847,"natalia_oliveira_2023",26,"[43] Rao et al. 2013; [32] Soares, Pereira 2011; [07] Enrigth et al. 2003; [40] Britto et al. 2013; [28] Ben Saad et al. 2009; [13] Chetta et al. 2006; [42] Britto et al. 2013; [26] Jenkins et al. 2009; [06] Gibbons et al. 2001; [34] Dourado, Vidotto, Guerra 2011; [20] Jenkins et al. 2009; [48] Fernandes et al. 2016; [54] Almeida et al. 2019; [30] Osses et al. 2010; [50] Zou et al. 2017; [45] Kim et al. 2014; [47] Nusdwinuringtyas et al, 2014; [18] Iwama et al. 2009; [37] Hill et al. 2011; [55] Almeida et al. 2019; [58] Delbressine et al. 2023; [27] Alameri et al. 2009; [04] Troosters, Gosselink & Decramer 1999; [02] Enright & Sherrill 1998; [15] Masmoudi et al. 2008; [10] Camarri et al. 2006","-0.1344;-0.2321;0.0542;-0.3469;0.7453;-0.5003;0.0882;-0.0749;-0.4907;-0.0045;-0.089;0.1382;-0.2107;-0.0922;-0.1724;0.4082;0.3799;0.2023;0.1492;0.0466;-0.024;0.7696;0.2157;0.7;-0.1143;-0.411",668.978947368421,523.515993550724,2235.07875126851,0.265776676541183,-145.462953817697,-269.890141189748,-9.75146483598138,147.919729611955,164.847132382969
848,"natalia_oliveira_2023",11,"[58] Delbressine et al. 2023; [18] Iwama et al. 2009; [27] Alameri et al. 2009; [34] Dourado, Vidotto, Guerra 2011; [40] Britto et al. 2013; [09] Camarri et al. 2006; [06] Gibbons et al. 2001; [45] Kim et al. 2014; [28] Ben Saad et al. 2009; [47] Nusdwinuringtyas et al, 2014; [54] Almeida et al. 2019","0.2037;0.6956;0.5724;0.0906;-0.3063;-0.2095;-0.763;0.0755;0.8437;0.1525;-0.3553",677.373684210526,500.676603191711,2194.38124304931,0.187373047057478,-176.697081018815,-348.297239769364,-17.6023802483219,176.921824664734,197.142318970277
849,"natalia_oliveira_2023",3,"[18] Iwama et al. 2009; [42] Britto et al. 2013; [13] Chetta et al. 2006","0.3069;0.3707;0.3223",675.489473684211,604.747752546618,745.78602936223,0.134661339412981,-70.7417211375929,-193.364784826504,81.994609182156,84.3068011284368,103.021617456883
850,"natalia_oliveira_2023",21,"[47] Nusdwinuringtyas et al, 2014; [42] Britto et al. 2013; [40] Britto et al. 2013; [26] Jenkins et al. 2009; [10] Camarri et al. 2006; [02] Enright & Sherrill 1998; [15] Masmoudi et al. 2008; [48] Fernandes et al. 2016; [55] Almeida et al. 2019; [20] Jenkins et al. 2009; [06] Gibbons et al. 2001; [43] Rao et al. 2013; [09] Camarri et al. 2006; [13] Chetta et al. 2006; [58] Delbressine et al. 2023; [50] Zou et al. 2017; [34] Dourado, Vidotto, Guerra 2011; [04] Troosters, Gosselink & Decramer 1999; [28] Ben Saad et al. 2009; [18] Iwama et al. 2009; [30] Osses et al. 2010","0.4653;0.1919;-0.5242;-0.0479;-0.2658;0.6874;-0.1523;0.2767;0.1839;-0.101;-0.5146;-0.0773;0.4675;-0.5256;-0.0814;-0.0761;-0.0069;0.2424;0.6141;0.3397;-0.0959",685.184210526316,628.380551313248,1898.48393056351,0.21600041458564,-56.8036592130677,-198.842594047022,65.7881015801786,72.1695589266914,92.6641609326786
851,"natalia_oliveira_2023",25,"[13] Chetta et al. 2006; [40] Britto et al. 2013; [50] Zou et al. 2017; [09] Camarri et al. 2006; [18] Iwama et al. 2009; [10] Camarri et al. 2006; [04] Troosters, Gosselink & Decramer 1999; [42] Britto et al. 2013; [54] Almeida et al. 2019; [45] Kim et al. 2014; [28] Ben Saad et al. 2009; [06] Gibbons et al. 2001; [47] Nusdwinuringtyas et al, 2014; [34] Dourado, Vidotto, Guerra 2011; [20] Jenkins et al. 2009; [02] Enright & Sherrill 1998; [30] Osses et al. 2010; [32] Soares, Pereira 2011; [55] Almeida et al. 2019; [27] Alameri et al. 2009; [48] Fernandes et al. 2016; [58] Delbressine et al. 2023; [43] Rao et al. 2013; [07] Enrigth et al. 2003; [26] Jenkins et al. 2009","-0.4912;-0.2872;-0.2378;0.2049;0.2086;-0.4195;0.235;0.1032;-0.2084;0.307;0.6358;-0.4055;0.4074;-0.0068;-0.0931;0.755;-0.0733;-0.2712;0.0907;0.6417;0.1552;-0.02;-0.1961;0.0391;-0.0734",677.321052631579,541.98355546145,2012.57911662797,0.322631638360227,-135.337497170128,-248.501584259014,-9.74884610450361,137.316852963401,150.761931004436
852,"natalia_oliveira_2023",12,"[07] Enrigth et al. 2003; [28] Ben Saad et al. 2009; [50] Zou et al. 2017; [13] Chetta et al. 2006; [27] Alameri et al. 2009; [20] Jenkins et al. 2009; [06] Gibbons et al. 2001; [48] Fernandes et al. 2016; [10] Camarri et al. 2006; [58] Delbressine et al. 2023; [04] Troosters, Gosselink & Decramer 1999; [34] Dourado, Vidotto, Guerra 2011","0.1623;0.8394;-0.1079;-0.4882;0.8869;-0.1247;-0.4509;0.5877;-0.5984;0.0699;0.2163;0.0076",667.31052631579,428.698899119881,1950.84897438315,0.19696163668176,-238.611627195909,-372.861402843546,-58.7803480963047,238.611627195909,250.72582730373
853,"natalia_oliveira_2023",15,"[26] Jenkins et al. 2009; [10] Camarri et al. 2006; [40] Britto et al. 2013; [37] Hill et al. 2011; [32] Soares, Pereira 2011; [50] Zou et al. 2017; [06] Gibbons et al. 2001; [09] Camarri et al. 2006; [07] Enrigth et al. 2003; [28] Ben Saad et al. 2009; [15] Masmoudi et al. 2008; [34] Dourado, Vidotto, Guerra 2011; [27] Alameri et al. 2009; [18] Iwama et al. 2009; [02] Enright & Sherrill 1998","-0.0998;-0.4454;-0.4985;0.2085;-0.2048;-0.0945;-0.5764;0.2615;-0.0694;0.8406;-0.204;0.0219;0.7379;0.439;0.6835",680.28947368421,552.857225411616,2121.01399663015,0.185081220830465,-127.432248272594,-319.166065684893,10.0014182116272,130.554171737698,152.415619862406
854,"natalia_oliveira_2023",20,"[47] Nusdwinuringtyas et al, 2014; [40] Britto et al. 2013; [45] Kim et al. 2014; [43] Rao et al. 2013; [15] Masmoudi et al. 2008; [37] Hill et al. 2011; [42] Britto et al. 2013; [26] Jenkins et al. 2009; [30] Osses et al. 2010; [48] Fernandes et al. 2016; [18] Iwama et al. 2009; [02] Enright & Sherrill 1998; [04] Troosters, Gosselink & Decramer 1999; [13] Chetta et al. 2006; [27] Alameri et al. 2009; [09] Camarri et al. 2006; [28] Ben Saad et al. 2009; [07] Enrigth et al. 2003; [20] Jenkins et al. 2009; [06] Gibbons et al. 2001","0.2529;-0.3716;0.1908;-0.2728;-0.1833;0.2657;0.1361;-0.2239;-0.0886;0.1605;0.2065;0.7485;0.038;-0.5902;0.5301;0.1483;0.7022;0.0377;-0.1791;-0.508",672.042105263158,633.5190035138,2125.64862785887,0.219965905839398,-38.5231017493583,-196.45135710158,96.7102587833489,61.5395158774909,83.7222831490297
855,"natalia_oliveira_2023",1,"[40] Britto et al. 2013","1",676.752631578947,635.616706972212,2071.62878068606,0.109148798484615,-41.135924606735,-178.136065955333,98.3274320987655,65.6202795921814,86.0547228606634
856,"natalia_oliveira_2023",6,"[32] Soares, Pereira 2011; [02] Enright & Sherrill 1998; [13] Chetta et al. 2006; [55] Almeida et al. 2019; [45] Kim et al. 2014; [50] Zou et al. 2017","-0.5645;0.6715;0.0651;0.1627;0.7868;-0.1217",676.384210526316,669.033771356855,1152.86799892325,0.215174889138673,-7.35043916946033,-142.28812164182,134.071530730786,58.3076920256198,77.825315970797
857,"natalia_oliveira_2023",24,"[43] Rao et al. 2013; [02] Enright & Sherrill 1998; [55] Almeida et al. 2019; [13] Chetta et al. 2006; [54] Almeida et al. 2019; [28] Ben Saad et al. 2009; [34] Dourado, Vidotto, Guerra 2011; [50] Zou et al. 2017; [18] Iwama et al. 2009; [10] Camarri et al. 2006; [07] Enrigth et al. 2003; [30] Osses et al. 2010; [04] Troosters, Gosselink & Decramer 1999; [09] Camarri et al. 2006; [32] Soares, Pereira 2011; [20] Jenkins et al. 2009; [47] Nusdwinuringtyas et al, 2014; [40] Britto et al. 2013; [37] Hill et al. 2011; [45] Kim et al. 2014; [06] Gibbons et al. 2001; [42] Britto et al. 2013; [27] Alameri et al. 2009; [58] Delbressine et al. 2023","-0.1804;0.6343;0.1374;-0.543;-0.256;0.7197;0.0053;-0.235;0.2861;-0.4668;0.0195;-0.0589;0.1709;0.1443;-0.2231;-0.0751;0.3754;-0.3106;0.1413;0.3123;-0.4484;0.1988;0.6823;-0.0302",677.231578947368,573.915137208961,2144.95796080612,0.218737355214605,-103.316441738407,-224.033873471962,28.3964991220829,106.994037943966,125.594509846889
858,"natalia_oliveira_2023",24,"[43] Rao et al. 2013; [06] Gibbons et al. 2001; [09] Camarri et al. 2006; [54] Almeida et al. 2019; [47] Nusdwinuringtyas et al, 2014; [07] Enrigth et al. 2003; [48] Fernandes et al. 2016; [10] Camarri et al. 2006; [55] Almeida et al. 2019; [42] Britto et al. 2013; [45] Kim et al. 2014; [34] Dourado, Vidotto, Guerra 2011; [50] Zou et al. 2017; [32] Soares, Pereira 2011; [26] Jenkins et al. 2009; [02] Enright & Sherrill 1998; [04] Troosters, Gosselink & Decramer 1999; [18] Iwama et al. 2009; [13] Chetta et al. 2006; [28] Ben Saad et al. 2009; [37] Hill et al. 2011; [20] Jenkins et al. 2009; [27] Alameri et al. 2009; [30] Osses et al. 2010","-0.1733;-0.4781;0.2066;-0.3644;0.3326;-0.0651;0.1488;-0.4662;0.1235;0.1688;0.3205;0.0251;-0.1943;-0.2261;-0.0646;0.6463;0.154;0.2058;-0.5548;0.7305;0.0718;-0.0915;0.6412;-0.0971",682.510526315789,541.479431468425,1848.84770265667,0.257340143755185,-141.031094847365,-268.522251605559,-23.0164944172675,141.598982951935,158.927408560782
859,"natalia_oliveira_2023",4,"[20] Jenkins et al. 2009; [32] Soares, Pereira 2011; [42] Britto et al. 2013; [50] Zou et al. 2017","0.3958;-0.0304;0.3599;0.2747",661.28947368421,656.063293227651,1184.80508615891,0.148413485204455,-5.22618045655967,-148.039477986261,126.851986680374,52.3797455579967,69.7851936892021
860,"natalia_oliveira_2023",2,"[45] Kim et al. 2014; [50] Zou et al. 2017","0.5;0.5",672.252631578947,609.929955263158,654.158895094549,0.178804211989885,-62.3226763157894,-191.809675,57.205,75.5816447368421,97.4718107525736
861,"natalia_oliveira_2023",12,"[15] Masmoudi et al. 2008; [10] Camarri et al. 2006; [55] Almeida et al. 2019; [42] Britto et al. 2013; [32] Soares, Pereira 2011; [48] Fernandes et al. 2016; [30] Osses et al. 2010; [02] Enright & Sherrill 1998; [47] Nusdwinuringtyas et al, 2014; [06] Gibbons et al. 2001; [04] Troosters, Gosselink & Decramer 1999; [37] Hill et al. 2011","-0.2014;-0.0724;0.1167;0.1775;-0.3468;-0.0777;-0.2487;0.7777;0.8434;-0.3143;0.4895;-0.1434",683.357894736842,631.25920475896,1197.84494650997,0.130877951841373,-52.0986899778816,-219.309490641332,78.3203681752107,71.255028757954,90.8354230962296
862,"natalia_oliveira_2023",25,"[50] Zou et al. 2017; [48] Fernandes et al. 2016; [43] Rao et al. 2013; [06] Gibbons et al. 2001; [27] Alameri et al. 2009; [55] Almeida et al. 2019; [34] Dourado, Vidotto, Guerra 2011; [20] Jenkins et al. 2009; [15] Masmoudi et al. 2008; [18] Iwama et al. 2009; [58] Delbressine et al. 2023; [04] Troosters, Gosselink & Decramer 1999; [45] Kim et al. 2014; [40] Britto et al. 2013; [26] Jenkins et al. 2009; [32] Soares, Pereira 2011; [37] Hill et al. 2011; [30] Osses et al. 2010; [10] Camarri et al. 2006; [02] Enright & Sherrill 1998; [07] Enrigth et al. 2003; [54] Almeida et al. 2019; [13] Chetta et al. 2006; [28] Ben Saad et al. 2009; [47] Nusdwinuringtyas et al, 2014","-0.1987;0.2136;-0.1605;-0.4407;0.6994;0.0756;0.0424;-0.0558;-0.0979;0.2712;-0.0253;0.2606;0.3681;-0.3747;-0.012;-0.201;0.1358;-0.0567;-0.3862;0.6393;0.0228;-0.3036;-0.5265;0.7233;0.3877",673.521052631579,546.787678421853,1883.3164354055,0.283165009645972,-126.733374209726,-252.019682134179,-18.2936350930467,128.70955535471,140.743257449382
863,"natalia_oliveira_2023",12,"[04] Troosters, Gosselink & Decramer 1999; [34] Dourado, Vidotto, Guerra 2011; [13] Chetta et al. 2006; [15] Masmoudi et al. 2008; [58] Delbressine et al. 2023; [45] Kim et al. 2014; [47] Nusdwinuringtyas et al, 2014; [28] Ben Saad et al. 2009; [50] Zou et al. 2017; [48] Fernandes et al. 2016; [27] Alameri et al. 2009; [32] Soares, Pereira 2011","0.2685;0.0047;-0.7081;-0.0237;0.1903;0.1735;0.0724;0.5345;-0.2675;0.5132;0.5584;-0.3162",664.989473684211,595.03740984807,2097.61179118695,0.215517006057763,-69.9520638361408,-220.31828312385,50.4997719533385,80.8813311952077,101.389699006296
864,"natalia_oliveira_2023",2,"[34] Dourado, Vidotto, Guerra 2011; [47] Nusdwinuringtyas et al, 2014","0.5;0.5",680.147368421053,607.716898552632,640.565969079857,0.318826119090377,-72.430469868421,-288.539495,66.9955145000001,86.5210681315789,110.589614445473
865,"natalia_oliveira_2023",23,"[47] Nusdwinuringtyas et al, 2014; [09] Camarri et al. 2006; [04] Troosters, Gosselink & Decramer 1999; [54] Almeida et al. 2019; [34] Dourado, Vidotto, Guerra 2011; [26] Jenkins et al. 2009; [15] Masmoudi et al. 2008; [13] Chetta et al. 2006; [55] Almeida et al. 2019; [40] Britto et al. 2013; [18] Iwama et al. 2009; [43] Rao et al. 2013; [07] Enrigth et al. 2003; [06] Gibbons et al. 2001; [28] Ben Saad et al. 2009; [50] Zou et al. 2017; [30] Osses et al. 2010; [45] Kim et al. 2014; [48] Fernandes et al. 2016; [02] Enright & Sherrill 1998; [27] Alameri et al. 2009; [58] Delbressine et al. 2023; [10] Camarri et al. 2006","0.2643;0.1516;0.0931;-0.2926;-0.0177;-0.1437;-0.1266;-0.4527;0.1006;-0.3437;0.263;-0.1111;0.0814;-0.4158;0.7736;-0.1548;-0.0486;0.3169;0.2178;0.6854;0.6082;-0.0075;-0.4413",668.994736842105,514.971860312908,2113.99097790184,0.300635204509162,-154.022876529198,-300.655346553874,-24.5635139315937,154.58702463177,170.834915637476
866,"natalia_oliveira_2023",27,"[28] Ben Saad et al. 2009; [37] Hill et al. 2011; [10] Camarri et al. 2006; [48] Fernandes et al. 2016; [18] Iwama et al. 2009; [09] Camarri et al. 2006; [58] Delbressine et al. 2023; [30] Osses et al. 2010; [15] Masmoudi et al. 2008; [42] Britto et al. 2013; [06] Gibbons et al. 2001; [04] Troosters, Gosselink & Decramer 1999; [20] Jenkins et al. 2009; [32] Soares, Pereira 2011; [43] Rao et al. 2013; [45] Kim et al. 2014; [40] Britto et al. 2013; [55] Almeida et al. 2019; [27] Alameri et al. 2009; [50] Zou et al. 2017; [34] Dourado, Vidotto, Guerra 2011; [07] Enrigth et al. 2003; [26] Jenkins et al. 2009; [47] Nusdwinuringtyas et al, 2014; [02] Enright & Sherrill 1998; [54] Almeida et al. 2019; [13] Chetta et al. 2006","0.6946;0.1123;-0.5124;0.1135;0.1687;0.3428;-0.0386;-0.0815;-0.1367;0.1827;-0.4872;0.2622;-0.0934;-0.2965;-0.2644;0.3647;-0.3063;0.1509;0.7626;-0.2896;0.009;0.01;-0.0656;0.3728;0.8889;-0.2648;-0.5986",678.010526315789,577.12874157015,1565.02040902544,0.240629904696492,-100.881784745639,-224.089738581638,35.9563517167717,105.271104728725,122.400995154913
867,"natalia_oliveira_2023",9,"[06] Gibbons et al. 2001; [18] Iwama et al. 2009; [28] Ben Saad et al. 2009; [45] Kim et al. 2014; [48] Fernandes et al. 2016; [04] Troosters, Gosselink & Decramer 1999; [27] Alameri et al. 2009; [15] Masmoudi et al. 2008; [32] Soares, Pereira 2011","-0.7022;0.4074;0.6914;0.0525;0.3668;0.2056;0.4517;-0.0922;-0.381",680.905263157895,530.213631953988,2237.85398003876,0.194567243963142,-150.691631203907,-329.121839767975,-8.68166785206667,153.473242200431,171.163481501441
868,"natalia_oliveira_2023",22,"[30] Osses et al. 2010; [27] Alameri et al. 2009; [54] Almeida et al. 2019; [42] Britto et al. 2013; [26] Jenkins et al. 2009; [28] Ben Saad et al. 2009; [50] Zou et al. 2017; [45] Kim et al. 2014; [04] Troosters, Gosselink & Decramer 1999; [48] Fernandes et al. 2016; [32] Soares, Pereira 2011; [20] Jenkins et al. 2009; [18] Iwama et al. 2009; [09] Camarri et al. 2006; [47] Nusdwinuringtyas et al, 2014; [55] Almeida et al. 2019; [43] Rao et al. 2013; [37] Hill et al. 2011; [07] Enrigth et al. 2003; [02] Enright & Sherrill 1998; [34] Dourado, Vidotto, Guerra 2011; [15] Masmoudi et al. 2008","-0.0232;0.5321;-0.5454;0.132;-0.0315;0.4501;-0.318;0.2266;-0.0956;0.1406;-0.2811;-0.0489;0.1843;0.3002;-0.059;0.0758;-0.295;0.0414;-0.1767;0.904;0.1407;-0.2533",674.88947368421,657.350546640038,1330.44035792279,0.221872905302443,-17.5389270441729,-147.902126959701,119.436586096773,55.4800235471185,73.48854404158
869,"natalia_oliveira_2023",23,"[45] Kim et al. 2014; [04] Troosters, Gosselink & Decramer 1999; [27] Alameri et al. 2009; [15] Masmoudi et al. 2008; [47] Nusdwinuringtyas et al, 2014; [58] Delbressine et al. 2023; [54] Almeida et al. 2019; [32] Soares, Pereira 2011; [07] Enrigth et al. 2003; [37] Hill et al. 2011; [26] Jenkins et al. 2009; [20] Jenkins et al. 2009; [42] Britto et al. 2013; [50] Zou et al. 2017; [40] Britto et al. 2013; [48] Fernandes et al. 2016; [02] Enright & Sherrill 1998; [43] Rao et al. 2013; [10] Camarri et al. 2006; [28] Ben Saad et al. 2009; [30] Osses et al. 2010; [06] Gibbons et al. 2001; [09] Camarri et al. 2006","0.3052;0.1258;0.6833;-0.1624;0.2761;-0.0683;-0.1315;-0.2401;-0.0445;0.0297;-0.0172;-0.0273;0.1799;-0.3359;-0.2981;0.1529;0.9199;-0.2793;-0.4069;0.5616;-0.0167;-0.5053;0.2993",675.994736842105,562.670087979638,1990.77141981938,0.297301922846364,-113.324648862468,-234.723766093451,25.8148908344592,118.100676030852,132.139612680421
870,"natalia_oliveira_2023",9,"[02] Enright & Sherrill 1998; [07] Enrigth et al. 2003; [43] Rao et al. 2013; [34] Dourado, Vidotto, Guerra 2011; [04] Troosters, Gosselink & Decramer 1999; [10] Camarri et al. 2006; [15] Masmoudi et al. 2008; [55] Almeida et al. 2019; [45] Kim et al. 2014","0.871;-0.1225;-0.3154;-0.4816;0.4101;0.0484;-0.407;0.1764;0.8206",684.78947368421,789.402305605585,1624.26240901634,0.181703714699861,104.612831921375,-17.0753412070929,241.492554183886,110.694808026815,127.097572114123
871,"natalia_oliveira_2023",5,"[48] Fernandes et al. 2016; [09] Camarri et al. 2006; [42] Britto et al. 2013; [07] Enrigth et al. 2003; [28] Ben Saad et al. 2009","0.2561;0.1643;0.3258;-0.0551;0.3089",669.384210526316,632.9485400466,1842.30457796021,0.250686708878833,-36.4356704797155,-160.270545863107,89.3193426637808,58.7942261290238,75.4500864149482
872,"natalia_oliveira_2023",7,"[07] Enrigth et al. 2003; [20] Jenkins et al. 2009; [04] Troosters, Gosselink & Decramer 1999; [45] Kim et al. 2014; [26] Jenkins et al. 2009; [32] Soares, Pereira 2011; [48] Fernandes et al. 2016","0.1069;-0.0385;0.5424;0.478;-0.0104;-0.3616;0.2831",672.547368421053,668.450110434932,1515.11861872329,0.194579269356747,-4.09725798612053,-131.12053461111,136.783064315408,56.9570212154577,77.5195601565315
873,"natalia_oliveira_2023",11,"[06] Gibbons et al. 2001; [47] Nusdwinuringtyas et al, 2014; [37] Hill et al. 2011; [54] Almeida et al. 2019; [27] Alameri et al. 2009; [26] Jenkins et al. 2009; [45] Kim et al. 2014; [09] Camarri et al. 2006; [07] Enrigth et al. 2003; [40] Britto et al. 2013; [42] Britto et al. 2013","-0.3194;0.5111;0.2863;-0.2231;0.2167;0.038;-0.3182;0.3198;0.3668;0.0471;0.0749",676.084210526316,580.109682532345,958.516454657681,0.24464624967583,-95.9745279939708,-214.369989125203,36.4067997184781,100.950160685716,117.752339712096
874,"natalia_oliveira_2023",7,"[07] Enrigth et al. 2003; [06] Gibbons et al. 2001; [37] Hill et al. 2011; [04] Troosters, Gosselink & Decramer 1999; [45] Kim et al. 2014; [13] Chetta et al. 2006; [58] Delbressine et al. 2023","0.0247;0.3162;0.3619;0.4561;0.511;-0.4822;-0.1877",675.073684210526,773.507940456882,1731.50147695855,0.203292788787686,98.4342562463561,-17.5658605633707,246.220898667977,103.942978186381,123.787966642395
875,"natalia_oliveira_2023",10,"[28] Ben Saad et al. 2009; [18] Iwama et al. 2009; [30] Osses et al. 2010; [15] Masmoudi et al. 2008; [13] Chetta et al. 2006; [04] Troosters, Gosselink & Decramer 1999; [45] Kim et al. 2014; [48] Fernandes et al. 2016; [55] Almeida et al. 2019; [34] Dourado, Vidotto, Guerra 2011","0.5793;0.4744;-0.1496;-0.1647;-0.9621;0.4088;0.4599;0.3729;0.1056;-0.1246",669.726315789474,675.008939886249,2402.42388041727,0.251179115270039,5.28262409677563,-117.757590913299,146.740361538863,57.1192599549175,72.7653845471928
876,"natalia_oliveira_2023",9,"[20] Jenkins et al. 2009; [06] Gibbons et al. 2001; [50] Zou et al. 2017; [54] Almeida et al. 2019; [43] Rao et al. 2013; [47] Nusdwinuringtyas et al, 2014; [02] Enright & Sherrill 1998; [32] Soares, Pereira 2011; [37] Hill et al. 2011","0.0032;-0.1095;0.1199;-0.5071;-0.1654;1.1016;1.1086;-0.2376;-0.3136",670.315789473684,540.256811522285,912.908169917645,0.234216555439094,-130.058977951399,-276.121842200155,16.6003234691657,134.24679961826,151.432485106092
877,"natalia_oliveira_2023",10,"[09] Camarri et al. 2006; [06] Gibbons et al. 2001; [32] Soares, Pereira 2011; [20] Jenkins et al. 2009; [47] Nusdwinuringtyas et al, 2014; [30] Osses et al. 2010; [58] Delbressine et al. 2023; [04] Troosters, Gosselink & Decramer 1999; [07] Enrigth et al. 2003; [26] Jenkins et al. 2009","0.0457;-0.491;-0.5268;-0.012;0.9109;0.0447;0.1189;0.6632;0.2488;-0.0023",668.826315789474,627.816362103685,1564.94343293752,0.242774079702974,-41.0099536857882,-158.444992855343,106.805024477241,64.1474184934831,83.1971273804177
878,"natalia_oliveira_2023",17,"[06] Gibbons et al. 2001; [54] Almeida et al. 2019; [28] Ben Saad et al. 2009; [18] Iwama et al. 2009; [42] Britto et al. 2013; [26] Jenkins et al. 2009; [04] Troosters, Gosselink & Decramer 1999; [34] Dourado, Vidotto, Guerra 2011; [13] Chetta et al. 2006; [55] Almeida et al. 2019; [32] Soares, Pereira 2011; [45] Kim et al. 2014; [50] Zou et al. 2017; [58] Delbressine et al. 2023; [07] Enrigth et al. 2003; [15] Masmoudi et al. 2008; [30] Osses et al. 2010","-0.359;-0.039;0.4426;0.3546;0.3439;0.0956;0.1178;0.196;-0.4611;0.2645;-0.0442;0.3815;-0.2112;-0.0224;-0.0346;-0.09;0.0649",664.584210526316,680.138688032661,1628.62704811799,0.329151561765063,15.5544775063451,-99.2761178968454,114.977138795328,47.8716894821859,61.6734033552061
879,"natalia_oliveira_2023",12,"[07] Enrigth et al. 2003; [45] Kim et al. 2014; [04] Troosters, Gosselink & Decramer 1999; [55] Almeida et al. 2019; [10] Camarri et al. 2006; [54] Almeida et al. 2019; [42] Britto et al. 2013; [34] Dourado, Vidotto, Guerra 2011; [02] Enright & Sherrill 1998; [48] Fernandes et al. 2016; [40] Britto et al. 2013; [27] Alameri et al. 2009","-0.1828;0.1958;0.3624;0.2255;-0.2055;-0.0435;0.0715;-0.4781;0.8102;-0.3118;-0.1188;0.6751",661.605263157895,629.146788763314,1588.90078240518,0.235866241722918,-32.458474394581,-151.424167445549,97.8704410655293,61.7076117288213,78.332384187253
880,"natalia_oliveira_2023",18,"[43] Rao et al. 2013; [30] Osses et al. 2010; [18] Iwama et al. 2009; [26] Jenkins et al. 2009; [15] Masmoudi et al. 2008; [27] Alameri et al. 2009; [34] Dourado, Vidotto, Guerra 2011; [02] Enright & Sherrill 1998; [50] Zou et al. 2017; [28] Ben Saad et al. 2009; [09] Camarri et al. 2006; [48] Fernandes et al. 2016; [13] Chetta et al. 2006; [45] Kim et al. 2014; [07] Enrigth et al. 2003; [58] Delbressine et al. 2023; [47] Nusdwinuringtyas et al, 2014; [40] Britto et al. 2013","-0.1762;-0.0809;0.236;-0.1483;-0.1668;0.4587;-0.0332;0.9662;-0.2024;0.5591;0.2224;0.2033;-0.6066;0.2149;0.0213;-0.0485;0.1971;-0.6162",673.38947368421,637.851588248154,1482.38442047278,0.341644389915544,-35.5378854360567,-178.797298047414,99.2542849266272,60.7680285278257,80.0079686476129
881,"natalia_oliveira_2023",22,"[02] Enright & Sherrill 1998; [32] Soares, Pereira 2011; [45] Kim et al. 2014; [54] Almeida et al. 2019; [58] Delbressine et al. 2023; [28] Ben Saad et al. 2009; [07] Enrigth et al. 2003; [26] Jenkins et al. 2009; [20] Jenkins et al. 2009; [30] Osses et al. 2010; [43] Rao et al. 2013; [10] Camarri et al. 2006; [06] Gibbons et al. 2001; [55] Almeida et al. 2019; [04] Troosters, Gosselink & Decramer 1999; [15] Masmoudi et al. 2008; [34] Dourado, Vidotto, Guerra 2011; [09] Camarri et al. 2006; [18] Iwama et al. 2009; [47] Nusdwinuringtyas et al, 2014; [40] Britto et al. 2013; [50] Zou et al. 2017","0.8721;-0.2351;0.4692;-0.2953;-0.0875;0.7131;-0.061;-0.0037;-0.0077;0.0101;-0.1098;-0.4733;-0.5791;0.1051;0.086;-0.1671;0.1536;0.3271;0.4384;0.486;-0.4797;-0.1613",689.047368421053,617.614253574717,2057.43776741327,0.197805858018264,-71.4331148463354,-207.637101090481,61.7216568160656,81.9540955218144,101.621581541942
882,"natalia_oliveira_2023",4,"[43] Rao et al. 2013; [04] Troosters, Gosselink & Decramer 1999; [37] Hill et al. 2011; [07] Enrigth et al. 2003","0.3454;0.3988;0.2769;-0.0211",682.721052631579,680.082680035696,1716.97087285983,0.133234226738967,-2.63837259588328,-160.754084306201,151.010291669523,62.9188984953678,85.9345424456113
883,"natalia_oliveira_2023",25,"[58] Delbressine et al. 2023; [48] Fernandes et al. 2016; [42] Britto et al. 2013; [20] Jenkins et al. 2009; [18] Iwama et al. 2009; [09] Camarri et al. 2006; [02] Enright & Sherrill 1998; [50] Zou et al. 2017; [43] Rao et al. 2013; [27] Alameri et al. 2009; [13] Chetta et al. 2006; [10] Camarri et al. 2006; [28] Ben Saad et al. 2009; [06] Gibbons et al. 2001; [30] Osses et al. 2010; [15] Masmoudi et al. 2008; [55] Almeida et al. 2019; [04] Troosters, Gosselink & Decramer 1999; [32] Soares, Pereira 2011; [37] Hill et al. 2011; [26] Jenkins et al. 2009; [07] Enrigth et al. 2003; [47] Nusdwinuringtyas et al, 2014; [54] Almeida et al. 2019; [45] Kim et al. 2014","-0.0637;0.2193;0.1289;-0.0483;0.2553;0.3154;0.6387;-0.111;-0.0931;0.4759;-0.4864;-0.3975;0.744;-0.488;-0.0115;-0.1292;0.0743;0.0221;-0.1611;0.1441;-0.0508;-0.0409;0.1823;-0.3714;0.2525",682.9,557.984700665671,1363.93461166604,0.177349113354105,-124.915299334329,-310.033736751251,25.1275530946538,130.532952128483,147.322328362393
884,"natalia_oliveira_2023",3,"[50] Zou et al. 2017; [10] Camarri et al. 2006; [20] Jenkins et al. 2009","0.2827;0.325;0.3923",671.78947368421,702.84914657258,1259.37896889515,0.289129275945682,31.05967288837,-88.9954348309704,157.269268698853,60.1957687223744,79.7629709028444
885,"natalia_oliveira_2023",27,"[43] Rao et al. 2013; [07] Enrigth et al. 2003; [13] Chetta et al. 2006; [30] Osses et al. 2010; [47] Nusdwinuringtyas et al, 2014; [50] Zou et al. 2017; [40] Britto et al. 2013; [27] Alameri et al. 2009; [02] Enright & Sherrill 1998; [54] Almeida et al. 2019; [55] Almeida et al. 2019; [42] Britto et al. 2013; [58] Delbressine et al. 2023; [34] Dourado, Vidotto, Guerra 2011; [20] Jenkins et al. 2009; [37] Hill et al. 2011; [06] Gibbons et al. 2001; [32] Soares, Pereira 2011; [45] Kim et al. 2014; [09] Camarri et al. 2006; [18] Iwama et al. 2009; [15] Masmoudi et al. 2008; [28] Ben Saad et al. 2009; [10] Camarri et al. 2006; [26] Jenkins et al. 2009; [48] Fernandes et al. 2016; [04] Troosters, Gosselink & Decramer 1999","-0.2054;-0.0473;-0.565;-0.0316;0.3085;-0.2302;-0.3861;0.6111;0.9238;-0.2977;0.129;0.1653;-0.0754;0.0595;-0.0733;0.1058;-0.4829;-0.2609;0.3027;0.3617;0.248;-0.1691;0.7506;-0.4222;-0.0738;0.1994;0.1558",682.115789473684,584.512378188774,1545.4570331109,0.284411112236516,-97.6034112849105,-238.105808220004,26.9775496907771,102.179377994794,119.204569709127
886,"natalia_oliveira_2023",19,"[40] Britto et al. 2013; [04] Troosters, Gosselink & Decramer 1999; [02] Enright & Sherrill 1998; [30] Osses et al. 2010; [28] Ben Saad et al. 2009; [09] Camarri et al. 2006; [50] Zou et al. 2017; [47] Nusdwinuringtyas et al, 2014; [54] Almeida et al. 2019; [45] Kim et al. 2014; [55] Almeida et al. 2019; [48] Fernandes et al. 2016; [26] Jenkins et al. 2009; [34] Dourado, Vidotto, Guerra 2011; [43] Rao et al. 2013; [06] Gibbons et al. 2001; [10] Camarri et al. 2006; [13] Chetta et al. 2006; [32] Soares, Pereira 2011","-0.3384;0.0036;0.6829;-0.0053;0.6371;0.2825;-0.0583;0.4435;-0.2439;0.4751;0.1242;0.3513;-0.0609;0.0572;-0.0123;-0.4027;-0.3279;-0.4284;-0.1794",682.121052631579,586.286210978738,2186.26558599125,0.270401652326373,-95.8348416528408,-264.826175964226,24.4244040459031,99.9990175849549,117.029480882796
887,"natalia_oliveira_2023",25,"[42] Britto et al. 2013; [48] Fernandes et al. 2016; [54] Almeida et al. 2019; [34] Dourado, Vidotto, Guerra 2011; [28] Ben Saad et al. 2009; [50] Zou et al. 2017; [32] Soares, Pereira 2011; [15] Masmoudi et al. 2008; [30] Osses et al. 2010; [02] Enright & Sherrill 1998; [09] Camarri et al. 2006; [10] Camarri et al. 2006; [20] Jenkins et al. 2009; [37] Hill et al. 2011; [13] Chetta et al. 2006; [07] Enrigth et al. 2003; [18] Iwama et al. 2009; [27] Alameri et al. 2009; [58] Delbressine et al. 2023; [40] Britto et al. 2013; [55] Almeida et al. 2019; [47] Nusdwinuringtyas et al, 2014; [26] Jenkins et al. 2009; [45] Kim et al. 2014; [06] Gibbons et al. 2001","0.108;0.1826;-0.2332;0.0303;0.8087;-0.209;-0.2198;-0.1162;-0.0467;0.7235;0.1941;-0.3939;-0.071;0.1658;-0.5263;0.0318;0.2365;0.6444;-0.0278;-0.3455;0.0681;0.2573;-0.0654;0.3122;-0.5085",675.431578947368,516.467567083134,2058.56792090765,0.294506609516544,-158.964011864234,-288.756985004786,-24.1652230458987,161.556547850889,176.220084419522
888,"natalia_oliveira_2023",22,"[07] Enrigth et al. 2003; [43] Rao et al. 2013; [13] Chetta et al. 2006; [27] Alameri et al. 2009; [54] Almeida et al. 2019; [45] Kim et al. 2014; [10] Camarri et al. 2006; [26] Jenkins et al. 2009; [09] Camarri et al. 2006; [40] Britto et al. 2013; [15] Masmoudi et al. 2008; [47] Nusdwinuringtyas et al, 2014; [30] Osses et al. 2010; [20] Jenkins et al. 2009; [32] Soares, Pereira 2011; [28] Ben Saad et al. 2009; [48] Fernandes et al. 2016; [58] Delbressine et al. 2023; [02] Enright & Sherrill 1998; [04] Troosters, Gosselink & Decramer 1999; [50] Zou et al. 2017; [37] Hill et al. 2011","-0.0452;-0.1759;-0.6343;0.6798;-0.2999;0.3948;-0.4284;0.0258;0.4122;-0.4672;-0.1939;0.2117;0.0197;0.0104;-0.2273;0.6246;0.1133;-0.0824;1.1086;-0.0219;-0.1785;0.1543",675.036842105263,626.690778222904,1265.27298366518,0.388030480754191,-48.3460638823591,-181.861514836394,79.9109172375173,65.8659173940124,83.6616410043982
889,"natalia_oliveira_2023",20,"[10] Camarri et al. 2006; [13] Chetta et al. 2006; [32] Soares, Pereira 2011; [20] Jenkins et al. 2009; [37] Hill et al. 2011; [02] Enright & Sherrill 1998; [09] Camarri et al. 2006; [48] Fernandes et al. 2016; [40] Britto et al. 2013; [34] Dourado, Vidotto, Guerra 2011; [15] Masmoudi et al. 2008; [43] Rao et al. 2013; [30] Osses et al. 2010; [55] Almeida et al. 2019; [06] Gibbons et al. 2001; [47] Nusdwinuringtyas et al, 2014; [42] Britto et al. 2013; [27] Alameri et al. 2009; [04] Troosters, Gosselink & Decramer 1999; [07] Enrigth et al. 2003","-0.1026;-0.428;-0.4582;-0.237;0.1878;1.0802;0.4528;-0.1209;-0.1754;-0.1401;-0.1911;-0.4805;-0.2328;0.1383;-0.1141;0.6266;0.118;0.5683;0.4717;0.037",670.868421052632,735.566737792148,1250.34652687716,0.273718446118444,64.6983167395166,-66.5218921375378,200.063017374252,78.4020046674652,94.4103089079763
890,"natalia_oliveira_2023",16,"[55] Almeida et al. 2019; [02] Enright & Sherrill 1998; [13] Chetta et al. 2006; [58] Delbressine et al. 2023; [32] Soares, Pereira 2011; [07] Enrigth et al. 2003; [47] Nusdwinuringtyas et al, 2014; [26] Jenkins et al. 2009; [37] Hill et al. 2011; [27] Alameri et al. 2009; [42] Britto et al. 2013; [15] Masmoudi et al. 2008; [28] Ben Saad et al. 2009; [45] Kim et al. 2014; [43] Rao et al. 2013; [48] Fernandes et al. 2016","0.0215;0.654;-0.7148;-0.0741;-0.3162;0.0156;0.0351;-0.2042;0.1947;0.6648;0.1511;-0.1671;0.527;0.3242;-0.2114;0.0997",679.163157894737,656.040276109546,1719.46627810876,0.17434876076763,-23.1228817851906,-194.431889847244,142.031895544416,61.7533431481651,82.18627171144
891,"natalia_oliveira_2023",9,"[32] Soares, Pereira 2011; [30] Osses et al. 2010; [15] Masmoudi et al. 2008; [42] Britto et al. 2013; [13] Chetta et al. 2006; [43] Rao et al. 2013; [48] Fernandes et al. 2016; [37] Hill et al. 2011; [20] Jenkins et al. 2009","-0.0121;-0.0477;0.1413;0.304;0.1213;0.0197;0.0905;0.1597;0.2234",675.157894736842,658.131418691175,1459.06739304255,0.277933119835837,-17.0264760456676,-170.494066305416,116.710300596528,57.7520854491758,75.8757719450859
892,"natalia_oliveira_2023",27,"[10] Camarri et al. 2006; [43] Rao et al. 2013; [42] Britto et al. 2013; [48] Fernandes et al. 2016; [34] Dourado, Vidotto, Guerra 2011; [13] Chetta et al. 2006; [28] Ben Saad et al. 2009; [55] Almeida et al. 2019; [47] Nusdwinuringtyas et al, 2014; [20] Jenkins et al. 2009; [30] Osses et al. 2010; [40] Britto et al. 2013; [58] Delbressine et al. 2023; [54] Almeida et al. 2019; [45] Kim et al. 2014; [04] Troosters, Gosselink & Decramer 1999; [06] Gibbons et al. 2001; [18] Iwama et al. 2009; [09] Camarri et al. 2006; [02] Enright & Sherrill 1998; [07] Enrigth et al. 2003; [27] Alameri et al. 2009; [32] Soares, Pereira 2011; [37] Hill et al. 2011; [50] Zou et al. 2017; [15] Masmoudi et al. 2008; [26] Jenkins et al. 2009","-0.4116;-0.1138;0.165;0.2289;0.0756;-0.4887;0.7956;0.0771;0.1975;-0.0478;-0.0157;-0.3481;-0.0697;-0.2575;0.2893;0.0459;-0.4782;0.2705;0.2489;0.6756;-0.0324;0.5572;-0.1781;0.1647;-0.1527;-0.1523;-0.0451",675.631578947368,562.004816850741,1695.17937593374,0.364172953868351,-113.626762096628,-247.036957858717,-7.54203035766017,115.268184259504,133.583421326064
893,"natalia_oliveira_2023",7,"[55] Almeida et al. 2019; [32] Soares, Pereira 2011; [58] Delbressine et al. 2023; [06] Gibbons et al. 2001; [09] Camarri et al. 2006; [27] Alameri et al. 2009; [15] Masmoudi et al. 2008","0.2834;-0.4225;0.3855;0.0734;0.2824;0.2458;0.1519",674.021052631579,665.739319332985,790.021033083648,0.203805330543532,-8.28173329859364,-126.251819550982,136.091595791333,54.4634266702954,70.8688862779452
894,"natalia_oliveira_2023",13,"[40] Britto et al. 2013; [43] Rao et al. 2013; [48] Fernandes et al. 2016; [20] Jenkins et al. 2009; [47] Nusdwinuringtyas et al, 2014; [37] Hill et al. 2011; [27] Alameri et al. 2009; [42] Britto et al. 2013; [54] Almeida et al. 2019; [13] Chetta et al. 2006; [09] Camarri et al. 2006; [04] Troosters, Gosselink & Decramer 1999; [07] Enrigth et al. 2003","0.0096;-0.8174;0.0136;-0.2117;0.8144;0.3716;0.586;0.169;-0.0625;-0.8547;0.0498;0.6992;0.2332",683.605263157895,797.272773686537,1201.53342085129,0.319596151200597,113.667510528642,-4.80346312606832,234.405037599211,116.286698911455,130.010933393072
895,"natalia_oliveira_2023",25,"[13] Chetta et al. 2006; [50] Zou et al. 2017; [43] Rao et al. 2013; [37] Hill et al. 2011; [32] Soares, Pereira 2011; [54] Almeida et al. 2019; [15] Masmoudi et al. 2008; [18] Iwama et al. 2009; [34] Dourado, Vidotto, Guerra 2011; [42] Britto et al. 2013; [27] Alameri et al. 2009; [45] Kim et al. 2014; [10] Camarri et al. 2006; [55] Almeida et al. 2019; [07] Enrigth et al. 2003; [04] Troosters, Gosselink & Decramer 1999; [58] Delbressine et al. 2023; [20] Jenkins et al. 2009; [47] Nusdwinuringtyas et al, 2014; [40] Britto et al. 2013; [28] Ben Saad et al. 2009; [06] Gibbons et al. 2001; [26] Jenkins et al. 2009; [02] Enright & Sherrill 1998; [30] Osses et al. 2010","-0.4896;-0.1109;-0.093;0.2368;-0.183;-0.3012;-0.1547;0.3182;0.0582;0.2003;0.6239;0.3512;-0.3379;0.094;-0.0341;0.0321;-0.073;-0.047;0.2407;-0.3496;0.8206;-0.4698;-0.024;0.7125;-0.0209",670.915789473684,584.629638145341,1547.95968777756,0.206025660165585,-86.2861513283432,-240.521143750691,72.3145033396772,97.0944457742951,116.108350666653
896,"natalia_oliveira_2023",26,"[18] Iwama et al. 2009; [50] Zou et al. 2017; [48] Fernandes et al. 2016; [04] Troosters, Gosselink & Decramer 1999; [26] Jenkins et al. 2009; [02] Enright & Sherrill 1998; [54] Almeida et al. 2019; [07] Enrigth et al. 2003; [13] Chetta et al. 2006; [10] Camarri et al. 2006; [55] Almeida et al. 2019; [43] Rao et al. 2013; [09] Camarri et al. 2006; [47] Nusdwinuringtyas et al, 2014; [15] Masmoudi et al. 2008; [45] Kim et al. 2014; [20] Jenkins et al. 2009; [27] Alameri et al. 2009; [40] Britto et al. 2013; [28] Ben Saad et al. 2009; [37] Hill et al. 2011; [34] Dourado, Vidotto, Guerra 2011; [32] Soares, Pereira 2011; [06] Gibbons et al. 2001; [42] Britto et al. 2013; [58] Delbressine et al. 2023","0.3402;-0.2122;0.2824;0.1383;-0.0561;0.7793;-0.308;-0.028;-0.5793;-0.4602;0.0515;-0.1624;0.2223;0.3636;-0.143;0.2936;-0.0547;0.6203;-0.3828;0.8673;0.1369;0.0459;-0.2395;-0.5649;0.1102;-0.0607",682.636842105263,541.855553340876,2052.94934497982,0.274388288302861,-140.781288764387,-270.417517812165,-8.19770419539236,141.881449483927,157.002428975836
897,"natalia_oliveira_2023",15,"[27] Alameri et al. 2009; [47] Nusdwinuringtyas et al, 2014; [40] Britto et al. 2013; [55] Almeida et al. 2019; [43] Rao et al. 2013; [18] Iwama et al. 2009; [07] Enrigth et al. 2003; [10] Camarri et al. 2006; [54] Almeida et al. 2019; [04] Troosters, Gosselink & Decramer 1999; [13] Chetta et al. 2006; [06] Gibbons et al. 2001; [30] Osses et al. 2010; [15] Masmoudi et al. 2008; [48] Fernandes et al. 2016","0.4134;0.7758;-0.0619;0.181;-0.5679;0.1069;0.3374;-0.2908;-0.125;0.7686;-0.5329;0.0338;-0.0813;-0.0229;0.0659",672.694736842105,701.740451607439,1037.12012573663,0.222049187182454,29.0457147653337,-99.9165217671748,182.31410310163,60.8474768838858,80.462607097652
898,"natalia_oliveira_2023",1,"[50] Zou et al. 2017","1",671.805263157895,620.880031578947,681.26354037995,0.156391562038008,-50.9252315789473,-179.475675,80.7788750000002,71.7862526315789,90.5748247145042
899,"natalia_oliveira_2023",18,"[55] Almeida et al. 2019; [32] Soares, Pereira 2011; [42] Britto et al. 2013; [47] Nusdwinuringtyas et al, 2014; [37] Hill et al. 2011; [58] Delbressine et al. 2023; [40] Britto et al. 2013; [02] Enright & Sherrill 1998; [27] Alameri et al. 2009; [48] Fernandes et al. 2016; [43] Rao et al. 2013; [07] Enrigth et al. 2003; [15] Masmoudi et al. 2008; [18] Iwama et al. 2009; [50] Zou et al. 2017; [45] Kim et al. 2014; [13] Chetta et al. 2006; [26] Jenkins et al. 2009","0.0884;-0.523;0.0887;0.9022;0.2361;0.0701;-0.4945;1.1785;0.7643;-0.4218;-0.4596;0.2508;0.0034;-0.3723;-0.2832;0.4107;-0.3417;-0.0969",672.173684210526,712.407662140404,909.067584222286,0.248449828511427,40.2339779298774,-78.9874546119947,184.404596695222,64.130625227328,80.2932243012478
900,"natalia_oliveira_2023",16,"[37] Hill et al. 2011; [40] Britto et al. 2013; [27] Alameri et al. 2009; [10] Camarri et al. 2006; [54] Almeida et al. 2019; [18] Iwama et al. 2009; [55] Almeida et al. 2019; [30] Osses et al. 2010; [15] Masmoudi et al. 2008; [28] Ben Saad et al. 2009; [04] Troosters, Gosselink & Decramer 1999; [42] Britto et al. 2013; [45] Kim et al. 2014; [02] Enright & Sherrill 1998; [20] Jenkins et al. 2009; [07] Enrigth et al. 2003","0.0297;-0.423;0.603;-0.4575;-0.3022;0.1283;0.1352;-0.0951;-0.2399;0.5909;0.0822;0.0855;0.262;0.8362;-0.0978;-0.1374",682.436842105263,576.095296119164,1801.60255243141,0.229579107950308,-106.341545986099,-287.426481301423,32.6813326645241,110.436829851616,131.817872427565
901,"natalia_oliveira_2023",16,"[18] Iwama et al. 2009; [28] Ben Saad et al. 2009; [09] Camarri et al. 2006; [40] Britto et al. 2013; [04] Troosters, Gosselink & Decramer 1999; [07] Enrigth et al. 2003; [32] Soares, Pereira 2011; [30] Osses et al. 2010; [26] Jenkins et al. 2009; [20] Jenkins et al. 2009; [48] Fernandes et al. 2016; [15] Masmoudi et al. 2008; [06] Gibbons et al. 2001; [42] Britto et al. 2013; [37] Hill et al. 2011; [45] Kim et al. 2014","0.3628;0.7551;0.1136;-0.321;-0.0083;0.0428;-0.2608;0.1039;0.0038;0.0321;0.3054;-0.1391;-0.7823;0.1765;0.31;0.3055",675.731578947368,638.185638427326,1762.25747082797,0.200210057576706,-37.5459405200425,-174.273692611572,91.8314227842681,62.0486263899664,82.4346547500657
902,"natalia_oliveira_2023",19,"[07] Enrigth et al. 2003; [13] Chetta et al. 2006; [04] Troosters, Gosselink & Decramer 1999; [40] Britto et al. 2013; [30] Osses et al. 2010; [20] Jenkins et al. 2009; [18] Iwama et al. 2009; [06] Gibbons et al. 2001; [32] Soares, Pereira 2011; [27] Alameri et al. 2009; [37] Hill et al. 2011; [48] Fernandes et al. 2016; [42] Britto et al. 2013; [34] Dourado, Vidotto, Guerra 2011; [55] Almeida et al. 2019; [58] Delbressine et al. 2023; [50] Zou et al. 2017; [28] Ben Saad et al. 2009; [15] Masmoudi et al. 2008","0.1214;-0.531;0.1991;-0.2941;0.0041;-0.0739;0.3183;-0.3824;-0.2471;0.6236;0.2739;0.2576;0.2026;0.052;0.1496;0.0504;-0.2792;0.6249;-0.0699",675.236842105263,609.418589141915,2080.05184307519,0.301737364009312,-65.8182529633478,-205.583299327665,37.3332176196394,70.787883865816,89.529021030679
903,"natalia_oliveira_2023",24,"[26] Jenkins et al. 2009; [47] Nusdwinuringtyas et al, 2014; [13] Chetta et al. 2006; [10] Camarri et al. 2006; [32] Soares, Pereira 2011; [09] Camarri et al. 2006; [02] Enright & Sherrill 1998; [40] Britto et al. 2013; [43] Rao et al. 2013; [30] Osses et al. 2010; [18] Iwama et al. 2009; [20] Jenkins et al. 2009; [55] Almeida et al. 2019; [54] Almeida et al. 2019; [37] Hill et al. 2011; [48] Fernandes et al. 2016; [42] Britto et al. 2013; [06] Gibbons et al. 2001; [04] Troosters, Gosselink & Decramer 1999; [27] Alameri et al. 2009; [07] Enrigth et al. 2003; [58] Delbressine et al. 2023; [50] Zou et al. 2017; [28] Ben Saad et al. 2009","-0.0688;0.3747;-0.6045;-0.4154;-0.2389;0.3497;0.8487;-0.3932;-0.2031;-0.0528;0.2946;-0.0784;0.1182;-0.2986;0.1177;0.2309;0.1735;-0.5421;0.134;0.826;-0.0468;-0.0875;-0.2331;0.7951",675.984210526316,526.931029981161,1813.2440643472,0.241894497990279,-149.053180545154,-296.823928636113,-18.7472135045928,149.973091622845,164.449204969429
904,"natalia_oliveira_2023",3,"[55] Almeida et al. 2019; [45] Kim et al. 2014; [32] Soares, Pereira 2011","0.4009;0.384;0.2151",670.826315789474,655.432628744004,682.184035453429,0.194659588099813,-15.3936870454699,-174.361471321053,111.853643532231,53.8094348066866,71.3341325203257
905,"natalia_oliveira_2023",27,"[28] Ben Saad et al. 2009; [55] Almeida et al. 2019; [26] Jenkins et al. 2009; [09] Camarri et al. 2006; [34] Dourado, Vidotto, Guerra 2011; [43] Rao et al. 2013; [02] Enright & Sherrill 1998; [15] Masmoudi et al. 2008; [58] Delbressine et al. 2023; [10] Camarri et al. 2006; [42] Britto et al. 2013; [30] Osses et al. 2010; [27] Alameri et al. 2009; [45] Kim et al. 2014; [20] Jenkins et al. 2009; [13] Chetta et al. 2006; [04] Troosters, Gosselink & Decramer 1999; [06] Gibbons et al. 2001; [18] Iwama et al. 2009; [37] Hill et al. 2011; [48] Fernandes et al. 2016; [32] Soares, Pereira 2011; [47] Nusdwinuringtyas et al, 2014; [40] Britto et al. 2013; [54] Almeida et al. 2019; [50] Zou et al. 2017; [07] Enrigth et al. 2003","0.7975;0.0493;-0.0556;0.2335;0.039;-0.1503;0.7442;-0.1432;-0.0541;-0.391;0.1171;-0.0384;0.6096;0.3083;-0.0629;-0.5201;0.1286;-0.4925;0.272;0.1736;0.2225;-0.2451;0.2979;-0.365;-0.2815;-0.1878;-0.0056",679.01052631579,563.335047441496,1781.20855089722,0.274361652638102,-115.675478874293,-237.72034689952,7.45964449531224,119.02303316247,133.855963167952
906,"natalia_oliveira_2023",27,"[54] Almeida et al. 2019; [27] Alameri et al. 2009; [07] Enrigth et al. 2003; [48] Fernandes et al. 2016; [20] Jenkins et al. 2009; [04] Troosters, Gosselink & Decramer 1999; [43] Rao et al. 2013; [09] Camarri et al. 2006; [28] Ben Saad et al. 2009; [26] Jenkins et al. 2009; [02] Enright & Sherrill 1998; [30] Osses et al. 2010; [15] Masmoudi et al. 2008; [06] Gibbons et al. 2001; [45] Kim et al. 2014; [34] Dourado, Vidotto, Guerra 2011; [10] Camarri et al. 2006; [13] Chetta et al. 2006; [47] Nusdwinuringtyas et al, 2014; [55] Almeida et al. 2019; [58] Delbressine et al. 2023; [37] Hill et al. 2011; [32] Soares, Pereira 2011; [50] Zou et al. 2017; [18] Iwama et al. 2009; [42] Britto et al. 2013; [40] Britto et al. 2013","-0.3346;0.6203;-0.0126;0.1644;-0.0173;0.2107;-0.2276;0.2048;0.7083;0.0163;0.7799;-0.027;-0.1023;-0.3852;0.2638;0.1099;-0.4899;-0.5365;0.498;0.1022;-0.038;0.058;-0.2755;-0.2757;0.2285;0.1604;-0.4033",676.421052631579,576.758331122139,1906.93386459406,0.232016538833875,-99.6627215094404,-225.548398115791,3.21109509709824,102.550327810806,120.142738238476
907,"natalia_oliveira_2023",17,"[15] Masmoudi et al. 2008; [04] Troosters, Gosselink & Decramer 1999; [37] Hill et al. 2011; [54] Almeida et al. 2019; [26] Jenkins et al. 2009; [40] Britto et al. 2013; [45] Kim et al. 2014; [20] Jenkins et al. 2009; [34] Dourado, Vidotto, Guerra 2011; [32] Soares, Pereira 2011; [55] Almeida et al. 2019; [43] Rao et al. 2013; [13] Chetta et al. 2006; [42] Britto et al. 2013; [18] Iwama et al. 2009; [47] Nusdwinuringtyas et al, 2014; [09] Camarri et al. 2006","-0.0858;0.6198;0.4211;-0.0182;0.01;-0.0896;0.191;-0.0615;0.0954;-0.373;0.2504;-0.4783;-0.6281;0.1523;0.1507;0.5534;0.2904",669.668421052632,873.048063542412,1336.82275542887,0.340134912847829,203.379642489781,60.9234389571778,349.967526824911,205.108187197208,215.161715940171
908,"natalia_oliveira_2023",14,"[06] Gibbons et al. 2001; [43] Rao et al. 2013; [02] Enright & Sherrill 1998; [27] Alameri et al. 2009; [26] Jenkins et al. 2009; [15] Masmoudi et al. 2008; [55] Almeida et al. 2019; [34] Dourado, Vidotto, Guerra 2011; [58] Delbressine et al. 2023; [42] Britto et al. 2013; [04] Troosters, Gosselink & Decramer 1999; [47] Nusdwinuringtyas et al, 2014; [09] Camarri et al. 2006; [20] Jenkins et al. 2009","-0.4712;-0.9011;1.2245;0.6373;-0.2173;-0.2995;0.0521;-0.3177;-0.1932;0.1309;0.746;0.7717;0.2516;-0.4142",673.552631578947,703.617500936278,1317.49003317763,0.212398291293818,30.0648693573311,-93.0006887274693,161.639348342862,55.3020043189086,69.6260900818747
909,"natalia_oliveira_2023",5,"[07] Enrigth et al. 2003; [43] Rao et al. 2013; [30] Osses et al. 2010; [18] Iwama et al. 2009; [40] Britto et al. 2013","0.3136;0.1967;-0.0023;0.2869;0.2051",675.468421052632,579.637828992966,1051.96114206692,0.169119328466843,-95.8305920596656,-255.414554923499,25.5481056418928,99.5081087241077,119.806498378117
910,"natalia_oliveira_2023",10,"[06] Gibbons et al. 2001; [42] Britto et al. 2013; [10] Camarri et al. 2006; [55] Almeida et al. 2019; [50] Zou et al. 2017; [40] Britto et al. 2013; [18] Iwama et al. 2009; [02] Enright & Sherrill 1998; [32] Soares, Pereira 2011; [07] Enrigth et al. 2003","0.2534;0.1808;0.421;0.2098;0.083;-0.4682;0.1595;0.6975;-0.3614;-0.1754",671.973684210526,749.946752518788,1678.9774310234,0.226577871905272,77.9730683082612,-47.4097618349655,218.412715924739,88.6822401855176,108.587709449475
911,"natalia_oliveira_2023",20,"[26] Jenkins et al. 2009; [50] Zou et al. 2017; [02] Enright & Sherrill 1998; [54] Almeida et al. 2019; [32] Soares, Pereira 2011; [10] Camarri et al. 2006; [18] Iwama et al. 2009; [30] Osses et al. 2010; [15] Masmoudi et al. 2008; [04] Troosters, Gosselink & Decramer 1999; [55] Almeida et al. 2019; [42] Britto et al. 2013; [43] Rao et al. 2013; [34] Dourado, Vidotto, Guerra 2011; [06] Gibbons et al. 2001; [47] Nusdwinuringtyas et al, 2014; [09] Camarri et al. 2006; [40] Britto et al. 2013; [28] Ben Saad et al. 2009; [45] Kim et al. 2014","0.0835;-0.2756;0.6548;-0.1957;-0.1469;-0.3599;0.1984;-0.0154;-0.1699;0.0833;0.0835;0.206;-0.2564;0.1827;-0.4038;0.4557;0.425;-0.3475;0.4084;0.3898",671.768421052632,667.472606806462,1346.45402928106,0.234986495681715,-4.29581424616921,-124.655434837686,125.644646916069,46.0604705418918,60.6852041741846
912,"natalia_oliveira_2023",11,"[55] Almeida et al. 2019; [58] Delbressine et al. 2023; [15] Masmoudi et al. 2008; [28] Ben Saad et al. 2009; [54] Almeida et al. 2019; [45] Kim et al. 2014; [13] Chetta et al. 2006; [34] Dourado, Vidotto, Guerra 2011; [30] Osses et al. 2010; [04] Troosters, Gosselink & Decramer 1999; [18] Iwama et al. 2009","0.2026;0.0809;-0.1175;0.4966;-0.3209;0.4369;-0.7201;0.152;0.0844;0.1712;0.5339",666,698.149788856038,1731.3702262215,0.279599892010059,32.149788856038,-99.842612871804,160.050780516325,57.325910794856,72.2347318877701
913,"natalia_oliveira_2023",7,"[28] Ben Saad et al. 2009; [42] Britto et al. 2013; [50] Zou et al. 2017; [54] Almeida et al. 2019; [47] Nusdwinuringtyas et al, 2014; [30] Osses et al. 2010; [27] Alameri et al. 2009","0.2774;0.2233;-0.3169;-0.027;0.1038;0.2731;0.4663",673.91052631579,593.16073315689,1671.6704186621,0.222217559362404,-80.7497931588994,-191.466931743505,43.4497540832887,87.8257789331965,105.79650748431
914,"natalia_oliveira_2023",8,"[40] Britto et al. 2013; [32] Soares, Pereira 2011; [42] Britto et al. 2013; [47] Nusdwinuringtyas et al, 2014; [20] Jenkins et al. 2009; [15] Masmoudi et al. 2008; [02] Enright & Sherrill 1998; [18] Iwama et al. 2009","-0.2678;-0.1482;0.1626;0.6328;0.0286;0.0044;0.7411;-0.1536",678.426315789474,633.276263707251,1135.55477019249,0.149656374160347,-45.1500520822228,-243.185066747369,94.8329974141985,68.5823335000883,94.7846966500505
915,"natalia_oliveira_2023",23,"[47] Nusdwinuringtyas et al, 2014; [18] Iwama et al. 2009; [34] Dourado, Vidotto, Guerra 2011; [09] Camarri et al. 2006; [43] Rao et al. 2013; [28] Ben Saad et al. 2009; [06] Gibbons et al. 2001; [27] Alameri et al. 2009; [30] Osses et al. 2010; [55] Almeida et al. 2019; [50] Zou et al. 2017; [32] Soares, Pereira 2011; [02] Enright & Sherrill 1998; [13] Chetta et al. 2006; [40] Britto et al. 2013; [07] Enrigth et al. 2003; [45] Kim et al. 2014; [42] Britto et al. 2013; [04] Troosters, Gosselink & Decramer 1999; [37] Hill et al. 2011; [54] Almeida et al. 2019; [15] Masmoudi et al. 2008; [48] Fernandes et al. 2016","0.4236;0.3608;-0.0276;0.1171;-0.2205;0.8096;-0.5364;0.5979;-0.0966;0.1204;-0.2969;-0.3341;0.7821;-0.6271;-0.4854;-0.0196;0.2272;0.1588;0.1163;0.2149;-0.3882;-0.1921;0.2958",674.284210526316,618.44712529084,2175.574655354,0.202899754078502,-55.8370852354757,-192.302598804255,61.9053180410222,73.0433256049043,92.7850561802954
916,"natalia_oliveira_2023",4,"[45] Kim et al. 2014; [28] Ben Saad et al. 2009; [07] Enrigth et al. 2003; [34] Dourado, Vidotto, Guerra 2011","0.339;0.3816;0.139;0.1404",682.457894736842,675.69963549492,2500.55932953135,0.334222507881769,-6.75825924192162,-211.974711807647,126.794043216369,62.24928489003,81.176230088583
917,"natalia_oliveira_2023",2,"[42] Britto et al. 2013; [04] Troosters, Gosselink & Decramer 1999","0.5;0.5",678.194736842105,713.938407894737,2350.74572420973,0.15673670852967,35.7436710526315,-102.3355,190.9815,63.8134394736842,83.2966804689323
918,"natalia_oliveira_2023",1,"[10] Camarri et al. 2006","1",661.010526315789,748.657315789474,2026.450553868,0.221328511959335,87.6467894736842,-41.112,245.3,94.4672105263158,112.158273666467
919,"natalia_oliveira_2023",5,"[26] Jenkins et al. 2009; [13] Chetta et al. 2006; [47] Nusdwinuringtyas et al, 2014; [28] Ben Saad et al. 2009; [18] Iwama et al. 2009","0.276;-0.3958;0.3589;0.36;0.4007",666.315789473684,651.633498976028,1615.22296194997,0.216092338743488,-14.6822904976564,-129.177139038809,118.404829354892,48.9292343909819,66.6123015824213
920,"natalia_oliveira_2023",18,"[30] Osses et al. 2010; [37] Hill et al. 2011; [07] Enrigth et al. 2003; [47] Nusdwinuringtyas et al, 2014; [58] Delbressine et al. 2023; [28] Ben Saad et al. 2009; [27] Alameri et al. 2009; [50] Zou et al. 2017; [09] Camarri et al. 2006; [32] Soares, Pereira 2011; [15] Masmoudi et al. 2008; [18] Iwama et al. 2009; [45] Kim et al. 2014; [04] Troosters, Gosselink & Decramer 1999; [26] Jenkins et al. 2009; [54] Almeida et al. 2019; [06] Gibbons et al. 2001; [48] Fernandes et al. 2016","0.0975;0.4364;0.1174;0.2751;0.0396;0.842;0.8005;-0.6362;-0.044;-0.4275;-0.1768;0.4046;0.2286;0.1851;0.0275;-0.3955;-1.0961;0.3218",666.436842105263,495.930979069703,1760.49522948717,0.226245514682788,-170.50586303556,-310.754201159767,-47.7156805121989,170.58220334697,185.418591626482
921,"natalia_oliveira_2023",25,"[42] Britto et al. 2013; [18] Iwama et al. 2009; [32] Soares, Pereira 2011; [43] Rao et al. 2013; [28] Ben Saad et al. 2009; [37] Hill et al. 2011; [48] Fernandes et al. 2016; [47] Nusdwinuringtyas et al, 2014; [34] Dourado, Vidotto, Guerra 2011; [20] Jenkins et al. 2009; [02] Enright & Sherrill 1998; [13] Chetta et al. 2006; [10] Camarri et al. 2006; [55] Almeida et al. 2019; [45] Kim et al. 2014; [58] Delbressine et al. 2023; [15] Masmoudi et al. 2008; [54] Almeida et al. 2019; [26] Jenkins et al. 2009; [07] Enrigth et al. 2003; [27] Alameri et al. 2009; [04] Troosters, Gosselink & Decramer 1999; [40] Britto et al. 2013; [06] Gibbons et al. 2001; [30] Osses et al. 2010","0.1283;0.2711;-0.185;-0.1097;0.8803;0.2575;0.2295;0.2363;0.0741;-0.0483;0.7258;-0.5473;-0.3663;0.092;0.3815;-0.0924;-0.1812;-0.3556;-0.0151;-0.0346;0.6583;0.0357;-0.461;-0.5315;-0.0423",678.447368421053,552.631383645942,1500.25153828328,0.32419624714467,-125.815984775111,-280.30664161865,2.36406790601979,127.595453948802,144.575792003477
922,"natalia_oliveira_2023",11,"[50] Zou et al. 2017; [06] Gibbons et al. 2001; [37] Hill et al. 2011; [27] Alameri et al. 2009; [04] Troosters, Gosselink & Decramer 1999; [13] Chetta et al. 2006; [45] Kim et al. 2014; [09] Camarri et al. 2006; [32] Soares, Pereira 2011; [58] Delbressine et al. 2023; [28] Ben Saad et al. 2009","-0.2889;-0.4086;0.6341;0.8335;0.0882;-0.5803;0.3396;0.0234;-0.3634;0.0692;0.6533",671.405263157895,668.893112381673,2405.45812852541,0.209434309717567,-2.51215077622218,-175.669186939852,142.78380213031,61.9293917960221,81.1653609082872
923,"natalia_oliveira_2023",6,"[34] Dourado, Vidotto, Guerra 2011; [47] Nusdwinuringtyas et al, 2014; [06] Gibbons et al. 2001; [15] Masmoudi et al. 2008; [04] Troosters, Gosselink & Decramer 1999; [26] Jenkins et al. 2009","0.0949;0.6315;-0.2501;-0.0422;0.6807;-0.1148",671.784210526316,651.160372372619,1452.77562785356,0.186063138519914,-20.623838153697,-148.627858059526,111.889276895235,56.7831244651977,76.6350366827082
924,"natalia_oliveira_2023",19,"[18] Iwama et al. 2009; [47] Nusdwinuringtyas et al, 2014; [43] Rao et al. 2013; [20] Jenkins et al. 2009; [04] Troosters, Gosselink & Decramer 1999; [42] Britto et al. 2013; [30] Osses et al. 2010; [09] Camarri et al. 2006; [58] Delbressine et al. 2023; [34] Dourado, Vidotto, Guerra 2011; [40] Britto et al. 2013; [13] Chetta et al. 2006; [06] Gibbons et al. 2001; [15] Masmoudi et al. 2008; [32] Soares, Pereira 2011; [10] Camarri et al. 2006; [37] Hill et al. 2011; [07] Enrigth et al. 2003; [27] Alameri et al. 2009","-0.1067;0.7468;-0.6443;-0.061;0.7085;0.0901;-0.0394;0.1902;0.1911;0.0469;0.0472;-0.5827;-0.0677;0.0389;-0.4362;-0.3804;0.3137;0.3001;0.6449",679.489473684211,739.927356158896,1357.20614817,0.185465599280215,60.4378824746855,-50.6063492512,202.151237616069,73.1806006259425,91.0215230796408
925,"natalia_oliveira_2023",25,"[48] Fernandes et al. 2016; [26] Jenkins et al. 2009; [20] Jenkins et al. 2009; [09] Camarri et al. 2006; [10] Camarri et al. 2006; [06] Gibbons et al. 2001; [50] Zou et al. 2017; [34] Dourado, Vidotto, Guerra 2011; [02] Enright & Sherrill 1998; [07] Enrigth et al. 2003; [30] Osses et al. 2010; [54] Almeida et al. 2019; [47] Nusdwinuringtyas et al, 2014; [45] Kim et al. 2014; [18] Iwama et al. 2009; [28] Ben Saad et al. 2009; [55] Almeida et al. 2019; [58] Delbressine et al. 2023; [32] Soares, Pereira 2011; [15] Masmoudi et al. 2008; [04] Troosters, Gosselink & Decramer 1999; [43] Rao et al. 2013; [37] Hill et al. 2011; [42] Britto et al. 2013; [27] Alameri et al. 2009","0.2228;0.0069;-0.0203;0.2149;-0.543;-0.6147;-0.2279;0.0931;0.6032;-0.0814;-0.0166;-0.4335;0.2133;0.2301;0.2748;0.7566;0.0575;-0.0849;-0.1916;-0.1289;0.1245;-0.1825;0.0421;0.1452;0.5401",677.7,525.392253330075,1856.2253513998,0.184733880098706,-152.307746669925,-294.140953567049,-21.4566008142124,154.939925342843,168.731922406619
926,"natalia_oliveira_2023",26,"[30] Osses et al. 2010; [10] Camarri et al. 2006; [50] Zou et al. 2017; [42] Britto et al. 2013; [02] Enright & Sherrill 1998; [18] Iwama et al. 2009; [37] Hill et al. 2011; [55] Almeida et al. 2019; [27] Alameri et al. 2009; [58] Delbressine et al. 2023; [07] Enrigth et al. 2003; [34] Dourado, Vidotto, Guerra 2011; [06] Gibbons et al. 2001; [15] Masmoudi et al. 2008; [32] Soares, Pereira 2011; [45] Kim et al. 2014; [48] Fernandes et al. 2016; [40] Britto et al. 2013; [47] Nusdwinuringtyas et al, 2014; [28] Ben Saad et al. 2009; [26] Jenkins et al. 2009; [09] Camarri et al. 2006; [20] Jenkins et al. 2009; [43] Rao et al. 2013; [54] Almeida et al. 2019; [13] Chetta et al. 2006","-0.0502;-0.3124;-0.231;0.1338;0.7448;0.2106;0.2303;0.1153;0.597;-0.0141;0.0496;0.0326;-0.4769;-0.0979;-0.2474;0.2841;0.165;-0.3691;0.3216;0.7282;-0.0125;0.2513;-0.0573;-0.2027;-0.2627;-0.53",673.305263157895,592.674847560627,1833.23335945126,0.282987645141333,-80.6304155972682,-250.242868098212,41.7824563816679,85.9335158660113,107.212537403627
927,"natalia_oliveira_2023",15,"[45] Kim et al. 2014; [10] Camarri et al. 2006; [07] Enrigth et al. 2003; [58] Delbressine et al. 2023; [15] Masmoudi et al. 2008; [40] Britto et al. 2013; [30] Osses et al. 2010; [47] Nusdwinuringtyas et al, 2014; [48] Fernandes et al. 2016; [13] Chetta et al. 2006; [42] Britto et al. 2013; [18] Iwama et al. 2009; [04] Troosters, Gosselink & Decramer 1999; [34] Dourado, Vidotto, Guerra 2011; [06] Gibbons et al. 2001","0.2322;-0.4746;0.3048;0.1138;-0.1579;0.0125;-0.1414;1.0517;-0.1106;-0.7791;0.1266;-0.0383;0.8202;0.0769;-0.0368",669.742105263158,637.312800751353,1025.55121969722,0.304028125790995,-32.4293045118052,-153.824134604255,110.483434343076,58.6343153227155,74.5851914440789
928,"natalia_oliveira_2023",7,"[48] Fernandes et al. 2016; [09] Camarri et al. 2006; [18] Iwama et al. 2009; [42] Britto et al. 2013; [26] Jenkins et al. 2009; [40] Britto et al. 2013; [30] Osses et al. 2010","-0.0157;0.2884;0.0398;0.2602;0.1308;0.2364;0.0602",672.989473684211,656.728831259592,949.703429624541,0.221980984970087,-16.2606424246181,-146.217591580784,110.161673726716,53.2749837128643,68.8310641189967
929,"natalia_oliveira_2023",6,"[48] Fernandes et al. 2016; [20] Jenkins et al. 2009; [50] Zou et al. 2017; [15] Masmoudi et al. 2008; [40] Britto et al. 2013; [47] Nusdwinuringtyas et al, 2014","0.0795;0.2188;-0.2704;0.4364;-0.0132;0.549",674.463157894737,601.199952610555,904.869589007823,0.252935697552695,-73.2632052841819,-249.231925309805,55.342340231722,84.4443439152005,104.751925715357
930,"natalia_oliveira_2023",14,"[06] Gibbons et al. 2001; [07] Enrigth et al. 2003; [50] Zou et al. 2017; [28] Ben Saad et al. 2009; [43] Rao et al. 2013; [09] Camarri et al. 2006; [04] Troosters, Gosselink & Decramer 1999; [54] Almeida et al. 2019; [15] Masmoudi et al. 2008; [26] Jenkins et al. 2009; [34] Dourado, Vidotto, Guerra 2011; [58] Delbressine et al. 2023; [47] Nusdwinuringtyas et al, 2014; [40] Britto et al. 2013","-0.5929;0.3724;-0.2189;0.4288;-0.0203;0.2174;0.014;-0.0806;-0.0622;-0.0839;0.3313;0.2488;0.6135;-0.1676",688.421052631579,608.290220738455,2094.77102367507,0.31689037821707,-80.130831893124,-230.709981283084,19.1279020180391,83.9910031471708,104.257151677665
931,"natalia_oliveira_2023",10,"[04] Troosters, Gosselink & Decramer 1999; [34] Dourado, Vidotto, Guerra 2011; [26] Jenkins et al. 2009; [27] Alameri et al. 2009; [06] Gibbons et al. 2001; [30] Osses et al. 2010; [10] Camarri et al. 2006; [55] Almeida et al. 2019; [09] Camarri et al. 2006; [43] Rao et al. 2013","0.7393;0.0898;-0.1757;0.7165;0.3034;0.0736;-0.6892;0.2295;0.3383;-0.6255",668.015789473684,722.556036589239,1289.33123192948,0.318113819723087,54.540247115555,-60.0543519162205,183.33748417887,69.5555117225639,85.999853381144
932,"natalia_oliveira_2023",8,"[40] Britto et al. 2013; [02] Enright & Sherrill 1998; [15] Masmoudi et al. 2008; [28] Ben Saad et al. 2009; [47] Nusdwinuringtyas et al, 2014; [20] Jenkins et al. 2009; [10] Camarri et al. 2006; [48] Fernandes et al. 2016","-0.3231;0.334;-0.1144;0.2076;0.3262;0.3911;0.1277;0.0507",673.142105263158,694.019072193311,1312.8347484936,0.218292802942409,20.876966930153,-113.470580408134,131.374017551809,52.5367594058804,65.8587814599322
933,"natalia_oliveira_2023",19,"[10] Camarri et al. 2006; [55] Almeida et al. 2019; [47] Nusdwinuringtyas et al, 2014; [28] Ben Saad et al. 2009; [20] Jenkins et al. 2009; [34] Dourado, Vidotto, Guerra 2011; [43] Rao et al. 2013; [09] Camarri et al. 2006; [48] Fernandes et al. 2016; [18] Iwama et al. 2009; [15] Masmoudi et al. 2008; [32] Soares, Pereira 2011; [58] Delbressine et al. 2023; [06] Gibbons et al. 2001; [07] Enrigth et al. 2003; [02] Enright & Sherrill 1998; [42] Britto et al. 2013; [37] Hill et al. 2011; [30] Osses et al. 2010","-0.3354;0.0064;0.297;0.6302;-0.0818;0.0265;-0.0193;0.5176;0.2228;0.2974;-0.2007;-0.1538;-0.1457;-0.7264;-0.116;0.6964;0.1935;-0.004;-0.1046",670.263157894737,553.58590928425,2259.92327564809,0.254049577934024,-116.677248610487,-281.952795216834,10.8972709838687,120.281186958599,136.600187532244
934,"natalia_oliveira_2023",8,"[07] Enrigth et al. 2003; [09] Camarri et al. 2006; [43] Rao et al. 2013; [48] Fernandes et al. 2016; [37] Hill et al. 2011; [47] Nusdwinuringtyas et al, 2014; [40] Britto et al. 2013; [15] Masmoudi et al. 2008","0.3543;0.4247;-0.6903;0.0046;0.382;0.4763;-0.092;0.1404",665.821052631579,804.971541380786,1168.37564400123,0.191389530203827,139.150488749207,8.69440505641103,293.837321744028,140.87175825023,156.441618558913
935,"natalia_oliveira_2023",27,"[34] Dourado, Vidotto, Guerra 2011; [55] Almeida et al. 2019; [30] Osses et al. 2010; [10] Camarri et al. 2006; [58] Delbressine et al. 2023; [13] Chetta et al. 2006; [06] Gibbons et al. 2001; [18] Iwama et al. 2009; [15] Masmoudi et al. 2008; [50] Zou et al. 2017; [37] Hill et al. 2011; [45] Kim et al. 2014; [43] Rao et al. 2013; [54] Almeida et al. 2019; [47] Nusdwinuringtyas et al, 2014; [02] Enright & Sherrill 1998; [42] Britto et al. 2013; [40] Britto et al. 2013; [04] Troosters, Gosselink & Decramer 1999; [48] Fernandes et al. 2016; [27] Alameri et al. 2009; [09] Camarri et al. 2006; [26] Jenkins et al. 2009; [20] Jenkins et al. 2009; [32] Soares, Pereira 2011; [28] Ben Saad et al. 2009; [07] Enrigth et al. 2003","0.0725;0.1143;-0.0157;-0.3907;-0.0501;-0.5467;-0.4812;0.2645;-0.1217;-0.2322;0.1469;0.2366;-0.2045;-0.3124;0.3288;0.7135;0.1542;-0.3065;0.1487;0.2238;0.5346;0.3404;0.0057;-0.0364;-0.2778;0.7215;-0.0301",682.557894736842,598.364073786695,1370.86541836749,0.162837839804943,-84.1938209501467,-211.492523040579,28.9183586158322,89.8080531854518,106.254774076599
936,"natalia_oliveira_2023",16,"[10] Camarri et al. 2006; [20] Jenkins et al. 2009; [15] Masmoudi et al. 2008; [48] Fernandes et al. 2016; [34] Dourado, Vidotto, Guerra 2011; [06] Gibbons et al. 2001; [47] Nusdwinuringtyas et al, 2014; [37] Hill et al. 2011; [09] Camarri et al. 2006; [30] Osses et al. 2010; [40] Britto et al. 2013; [13] Chetta et al. 2006; [58] Delbressine et al. 2023; [04] Troosters, Gosselink & Decramer 1999; [18] Iwama et al. 2009; [26] Jenkins et al. 2009","-0.4105;-0.0767;-0.0537;-0.0979;0.1022;-0.0491;0.8968;0.3007;0.2691;-0.0789;0.0414;-0.6746;0.0871;0.7505;-0.035;0.0288",679.563157894737,711.530768581144,1154.63860829421,0.226000839770114,31.9676106864073,-134.968318906883,173.837252775819,66.6437807452739,84.2562395843097
937,"natalia_oliveira_2023",23,"[20] Jenkins et al. 2009; [37] Hill et al. 2011; [45] Kim et al. 2014; [54] Almeida et al. 2019; [07] Enrigth et al. 2003; [28] Ben Saad et al. 2009; [27] Alameri et al. 2009; [48] Fernandes et al. 2016; [40] Britto et al. 2013; [15] Masmoudi et al. 2008; [04] Troosters, Gosselink & Decramer 1999; [50] Zou et al. 2017; [02] Enright & Sherrill 1998; [32] Soares, Pereira 2011; [18] Iwama et al. 2009; [42] Britto et al. 2013; [47] Nusdwinuringtyas et al, 2014; [34] Dourado, Vidotto, Guerra 2011; [13] Chetta et al. 2006; [55] Almeida et al. 2019; [30] Osses et al. 2010; [26] Jenkins et al. 2009; [06] Gibbons et al. 2001","-0.1129;0.2406;0.3429;-0.3782;0.0216;0.8123;0.7772;0.1985;-0.5074;-0.1917;0.1571;-0.3675;0.9059;-0.3332;0.2565;0.179;0.4372;0.0193;-0.7644;0.1064;-0.0644;-0.1185;-0.6164",682.863157894737,548.37905886294,1546.95207616989,0.265691023436373,-134.484099031797,-256.083335101914,-14.5594173283413,135.290253188162,150.15024197084
938,"natalia_oliveira_2023",11,"[58] Delbressine et al. 2023; [40] Britto et al. 2013; [07] Enrigth et al. 2003; [06] Gibbons et al. 2001; [26] Jenkins et al. 2009; [09] Camarri et al. 2006; [37] Hill et al. 2011; [28] Ben Saad et al. 2009; [02] Enright & Sherrill 1998; [32] Soares, Pereira 2011; [13] Chetta et al. 2006","-0.2661;-0.2929;-0.2355;-0.1723;-0.148;0.7692;0.375;0.4718;0.8037;0.0282;-0.3332",677.078947368421,771.990218853305,2796.64007659941,0.300795051550884,94.9112714848842,-88.825664728799,223.766106318145,106.045439479964,121.108946965583
939,"natalia_oliveira_2023",15,"[28] Ben Saad et al. 2009; [18] Iwama et al. 2009; [40] Britto et al. 2013; [48] Fernandes et al. 2016; [10] Camarri et al. 2006; [27] Alameri et al. 2009; [54] Almeida et al. 2019; [13] Chetta et al. 2006; [43] Rao et al. 2013; [50] Zou et al. 2017; [55] Almeida et al. 2019; [04] Troosters, Gosselink & Decramer 1999; [15] Masmoudi et al. 2008; [06] Gibbons et al. 2001; [20] Jenkins et al. 2009","0.9247;0.4761;-0.3302;0.4312;-0.5124;0.8017;-0.2316;-0.5674;-0.0086;-0.0757;0.1219;0.2731;0.0661;-0.5728;0.2038",671.521052631579,477.224229963334,1864.38364643253,0.375002358044183,-194.296822668245,-315.425591776775,-70.5467667797414,194.296822668245,204.499774228784
940,"natalia_oliveira_2023",23,"[40] Britto et al. 2013; [07] Enrigth et al. 2003; [20] Jenkins et al. 2009; [45] Kim et al. 2014; [32] Soares, Pereira 2011; [10] Camarri et al. 2006; [54] Almeida et al. 2019; [18] Iwama et al. 2009; [27] Alameri et al. 2009; [15] Masmoudi et al. 2008; [43] Rao et al. 2013; [50] Zou et al. 2017; [30] Osses et al. 2010; [58] Delbressine et al. 2023; [04] Troosters, Gosselink & Decramer 1999; [13] Chetta et al. 2006; [55] Almeida et al. 2019; [28] Ben Saad et al. 2009; [34] Dourado, Vidotto, Guerra 2011; [02] Enright & Sherrill 1998; [09] Camarri et al. 2006; [06] Gibbons et al. 2001; [48] Fernandes et al. 2016","-0.3043;-0.0063;-0.064;0.3494;-0.1698;-0.3512;-0.2173;0.2426;0.7;-0.1013;-0.1867;-0.229;-0.0464;-0.0333;0.2128;-0.4012;0.1344;0.5372;0.0494;0.6384;0.2854;-0.2248;0.1861",667.652631578947,579.581436116349,1467.33398932235,0.237961331325378,-88.0711954625979,-210.605840974939,37.8508052245635,93.3356323006414,108.765624949205
941,"natalia_oliveira_2023",23,"[07] Enrigth et al. 2003; [10] Camarri et al. 2006; [45] Kim et al. 2014; [50] Zou et al. 2017; [02] Enright & Sherrill 1998; [13] Chetta et al. 2006; [37] Hill et al. 2011; [54] Almeida et al. 2019; [55] Almeida et al. 2019; [30] Osses et al. 2010; [40] Britto et al. 2013; [47] Nusdwinuringtyas et al, 2014; [15] Masmoudi et al. 2008; [06] Gibbons et al. 2001; [42] Britto et al. 2013; [34] Dourado, Vidotto, Guerra 2011; [48] Fernandes et al. 2016; [32] Soares, Pereira 2011; [09] Camarri et al. 2006; [26] Jenkins et al. 2009; [43] Rao et al. 2013; [20] Jenkins et al. 2009; [28] Ben Saad et al. 2009","-0.0594;-0.3678;0.4811;-0.0987;0.6896;-0.5245;0.1855;-0.2661;0.1198;0.0029;-0.4521;0.4341;-0.1758;-0.4746;0.1848;0.1286;0.3246;-0.1367;0.3227;-0.0038;-0.0531;-0.0083;0.7471",680.431578947368,639.164305920163,1791.30295016759,0.275739344528533,-41.2672730272051,-170.368921512643,77.0583837672766,63.7709735948873,82.8463391099996
942,"natalia_oliveira_2023",14,"[48] Fernandes et al. 2016; [47] Nusdwinuringtyas et al, 2014; [40] Britto et al. 2013; [58] Delbressine et al. 2023; [20] Jenkins et al. 2009; [07] Enrigth et al. 2003; [42] Britto et al. 2013; [04] Troosters, Gosselink & Decramer 1999; [26] Jenkins et al. 2009; [50] Zou et al. 2017; [37] Hill et al. 2011; [45] Kim et al. 2014; [55] Almeida et al. 2019; [02] Enright & Sherrill 1998","-0.1163;0.6206;-0.4009;-0.1726;-0.2226;-0.1032;0.1748;0.4743;-0.1089;-0.4187;-0.1009;0.3616;0.1189;0.8938",673.105263157895,659.922719774471,1602.63231735272,0.317042436187945,-13.1825433834235,-127.811465561496,118.389334618407,49.6075799993552,67.1896456644832
943,"natalia_oliveira_2023",27,"[26] Jenkins et al. 2009; [15] Masmoudi et al. 2008; [20] Jenkins et al. 2009; [18] Iwama et al. 2009; [55] Almeida et al. 2019; [30] Osses et al. 2010; [27] Alameri et al. 2009; [47] Nusdwinuringtyas et al, 2014; [43] Rao et al. 2013; [50] Zou et al. 2017; [10] Camarri et al. 2006; [37] Hill et al. 2011; [58] Delbressine et al. 2023; [06] Gibbons et al. 2001; [54] Almeida et al. 2019; [40] Britto et al. 2013; [32] Soares, Pereira 2011; [09] Camarri et al. 2006; [34] Dourado, Vidotto, Guerra 2011; [48] Fernandes et al. 2016; [45] Kim et al. 2014; [07] Enrigth et al. 2003; [04] Troosters, Gosselink & Decramer 1999; [28] Ben Saad et al. 2009; [13] Chetta et al. 2006; [42] Britto et al. 2013; [02] Enright & Sherrill 1998","-0.0517;-0.1253;-0.0483;0.268;0.0804;-0.0184;0.5238;0.2237;-0.1453;-0.1854;-0.3773;0.1381;-0.0494;-0.4258;-0.2224;-0.2865;-0.2146;0.2432;0.0517;0.2223;0.2451;-0.0151;0.104;0.7498;-0.4635;0.128;0.6508",677.968421052632,584.694012404802,2124.16577355295,0.249007249326283,-93.2744086478298,-248.368270924024,35.0640869059794,99.9914972146919,116.721468097994
944,"natalia_oliveira_2023",23,"[58] Delbressine et al. 2023; [20] Jenkins et al. 2009; [50] Zou et al. 2017; [54] Almeida et al. 2019; [37] Hill et al. 2011; [27] Alameri et al. 2009; [40] Britto et al. 2013; [34] Dourado, Vidotto, Guerra 2011; [42] Britto et al. 2013; [32] Soares, Pereira 2011; [28] Ben Saad et al. 2009; [09] Camarri et al. 2006; [48] Fernandes et al. 2016; [06] Gibbons et al. 2001; [47] Nusdwinuringtyas et al, 2014; [18] Iwama et al. 2009; [07] Enrigth et al. 2003; [13] Chetta et al. 2006; [02] Enright & Sherrill 1998; [45] Kim et al. 2014; [43] Rao et al. 2013; [55] Almeida et al. 2019; [26] Jenkins et al. 2009","-0.0664;-0.0814;-0.2648;-0.3321;0.1916;0.5569;-0.3318;0.0262;0.1153;-0.287;0.711;0.1834;0.2305;-0.4523;0.3318;0.278;-0.0255;-0.577;0.7836;0.2291;-0.2131;0.0691;-0.0751",678.994736842105,605.293100399114,1746.13603644244,0.187309055099967,-73.7016364429914,-205.924477016432,53.2072458845376,84.5789792572496,100.953648158124
945,"natalia_oliveira_2023",1,"[27] Alameri et al. 2009","1",673.78947368421,462.919315789474,618.544408524088,0.0858127092286269,-210.870157894737,-328.901,-76.3377499999999,211.25247368421,220.130805492648
946,"natalia_oliveira_2023",12,"[28] Ben Saad et al. 2009; [43] Rao et al. 2013; [42] Britto et al. 2013; [50] Zou et al. 2017; [40] Britto et al. 2013; [30] Osses et al. 2010; [15] Masmoudi et al. 2008; [45] Kim et al. 2014; [04] Troosters, Gosselink & Decramer 1999; [54] Almeida et al. 2019; [07] Enrigth et al. 2003; [47] Nusdwinuringtyas et al, 2014","0.3809;-0.1449;0.1998;-0.324;-0.3053;0.4935;0.0334;0.3731;0.0219;-0.1474;0.1984;0.2207",679.673684210526,706.741395262837,2107.66510783352,0.322546642044333,27.0677110523105,-89.9634507159969,142.318192619371,55.3504291235739,71.666538360129
947,"natalia_oliveira_2023",6,"[32] Soares, Pereira 2011; [40] Britto et al. 2013; [20] Jenkins et al. 2009; [10] Camarri et al. 2006; [42] Britto et al. 2013; [50] Zou et al. 2017","-0.1002;0.2033;0.206;0.293;0.3332;0.0648",672.657894736842,679.462490969564,1454.93459638655,0.311768644092938,6.8045962327214,-151.492471899303,149.868888970678,55.0486751416623,73.6570708739051
948,"natalia_oliveira_2023",10,"[10] Camarri et al. 2006; [43] Rao et al. 2013; [20] Jenkins et al. 2009; [34] Dourado, Vidotto, Guerra 2011; [06] Gibbons et al. 2001; [40] Britto et al. 2013; [04] Troosters, Gosselink & Decramer 1999; [18] Iwama et al. 2009; [13] Chetta et al. 2006; [47] Nusdwinuringtyas et al, 2014","-0.1662;-0.2356;0.0132;0.1219;0.0048;-0.0248;0.681;0.1635;-0.3524;0.7946",680.273684210526,702.30773775357,971.832076038647,0.265904572356776,22.0340535430435,-122.459027935038,157.847674095458,55.5198490168642,75.5386998781521
949,"natalia_oliveira_2023",22,"[06] Gibbons et al. 2001; [54] Almeida et al. 2019; [48] Fernandes et al. 2016; [15] Masmoudi et al. 2008; [20] Jenkins et al. 2009; [32] Soares, Pereira 2011; [18] Iwama et al. 2009; [47] Nusdwinuringtyas et al, 2014; [28] Ben Saad et al. 2009; [27] Alameri et al. 2009; [13] Chetta et al. 2006; [40] Britto et al. 2013; [37] Hill et al. 2011; [50] Zou et al. 2017; [34] Dourado, Vidotto, Guerra 2011; [02] Enright & Sherrill 1998; [10] Camarri et al. 2006; [43] Rao et al. 2013; [09] Camarri et al. 2006; [26] Jenkins et al. 2009; [58] Delbressine et al. 2023; [55] Almeida et al. 2019","-0.4084;-0.2737;0.1785;-0.0841;-0.0461;-0.2052;0.2194;0.3356;0.6827;0.6112;-0.4346;-0.3191;0.1874;-0.1228;0.0464;0.7191;-0.3054;-0.1098;0.3097;-0.0461;-0.0034;0.0688",676.584210526316,567.201480492123,1677.02047260048,0.210334075835959,-109.382730034193,-287.662840325367,-8.89393129780694,112.449738319062,133.083826488407
950,"natalia_oliveira_2023",8,"[26] Jenkins et al. 2009; [54] Almeida et al. 2019; [58] Delbressine et al. 2023; [48] Fernandes et al. 2016; [37] Hill et al. 2011; [34] Dourado, Vidotto, Guerra 2011; [09] Camarri et al. 2006; [10] Camarri et al. 2006","0.1159;0.1349;0.0832;0.0011;0.2168;0.1287;0.4392;-0.1198",672.405263157895,703.012837551513,915.909560409877,0.1707517551613,30.6075743936185,-104.098735311188,180.240409287199,65.9573473429803,85.1716274201924
951,"natalia_oliveira_2023",12,"[58] Delbressine et al. 2023; [50] Zou et al. 2017; [06] Gibbons et al. 2001; [37] Hill et al. 2011; [26] Jenkins et al. 2009; [30] Osses et al. 2010; [09] Camarri et al. 2006; [28] Ben Saad et al. 2009; [40] Britto et al. 2013; [55] Almeida et al. 2019; [34] Dourado, Vidotto, Guerra 2011; [32] Soares, Pereira 2011","-0.0279;-0.0315;-0.3906;0.4292;-0.0947;0.1593;0.421;0.4446;-0.2526;0.2428;0.2401;-0.1397",671.284210526316,762.868288087131,2712.83711936002,0.297310297841923,91.584077560815,-50.1459511203816,197.187819666183,101.887354577099,114.773023269965
952,"natalia_oliveira_2023",14,"[58] Delbressine et al. 2023; [40] Britto et al. 2013; [27] Alameri et al. 2009; [09] Camarri et al. 2006; [07] Enrigth et al. 2003; [15] Masmoudi et al. 2008; [20] Jenkins et al. 2009; [04] Troosters, Gosselink & Decramer 1999; [02] Enright & Sherrill 1998; [45] Kim et al. 2014; [26] Jenkins et al. 2009; [55] Almeida et al. 2019; [28] Ben Saad et al. 2009; [18] Iwama et al. 2009","-0.161;-0.7253;0.5822;0.0559;-0.122;-0.2997;-0.1313;-0.0106;1.1891;0.0946;-0.1202;0.0487;0.5036;0.0961",670.626315789474,618.097588207159,1730.90373632037,0.224820374794411,-52.5287275823144,-180.356400380314,67.8416826373849,69.0309333964303,84.1205153990552
953,"natalia_oliveira_2023",13,"[32] Soares, Pereira 2011; [54] Almeida et al. 2019; [06] Gibbons et al. 2001; [42] Britto et al. 2013; [27] Alameri et al. 2009; [07] Enrigth et al. 2003; [47] Nusdwinuringtyas et al, 2014; [55] Almeida et al. 2019; [09] Camarri et al. 2006; [28] Ben Saad et al. 2009; [04] Troosters, Gosselink & Decramer 1999; [15] Masmoudi et al. 2008; [10] Camarri et al. 2006","-0.0664;-0.1321;-0.5897;0.2613;0.6496;0.2512;0.2425;0.2129;-5e-04;0.6174;0.1447;0.0263;-0.6172",681.489473684211,486.489746537764,1989.30782761722,0.207314821668818,-194.999727146447,-358.228942253301,-71.379995585953,194.999727146447,208.179019092405
954,"natalia_oliveira_2023",1,"[34] Dourado, Vidotto, Guerra 2011","1",662.88947368421,676.992870789474,1403.25893902135,0.217080041221861,14.1033971052631,-123.5602485,124.6094335,50.1906553157895,65.5693927254055
955,"natalia_oliveira_2023",5,"[09] Camarri et al. 2006; [07] Enrigth et al. 2003; [34] Dourado, Vidotto, Guerra 2011; [55] Almeida et al. 2019; [02] Enright & Sherrill 1998","0.5576;-0.2346;-0.3848;0.2088;0.8529",670.368421052632,697.460520697651,1243.86431570923,0.206610111765795,27.0920996450194,-105.913264868886,164.549561165997,58.2702622044257,75.9303658164202
956,"natalia_oliveira_2023",25,"[06] Gibbons et al. 2001; [48] Fernandes et al. 2016; [58] Delbressine et al. 2023; [26] Jenkins et al. 2009; [55] Almeida et al. 2019; [27] Alameri et al. 2009; [09] Camarri et al. 2006; [07] Enrigth et al. 2003; [10] Camarri et al. 2006; [28] Ben Saad et al. 2009; [30] Osses et al. 2010; [37] Hill et al. 2011; [54] Almeida et al. 2019; [13] Chetta et al. 2006; [15] Masmoudi et al. 2008; [18] Iwama et al. 2009; [32] Soares, Pereira 2011; [40] Britto et al. 2013; [02] Enright & Sherrill 1998; [45] Kim et al. 2014; [42] Britto et al. 2013; [04] Troosters, Gosselink & Decramer 1999; [34] Dourado, Vidotto, Guerra 2011; [47] Nusdwinuringtyas et al, 2014; [50] Zou et al. 2017","-0.4893;0.1496;-0.0417;-0.1125;0.0628;0.6157;0.2398;0.0237;-0.3904;0.7508;-0.0632;0.2138;-0.2223;-0.4956;-0.1483;0.1917;-0.2441;-0.2557;0.7176;0.316;0.1008;0.0544;-0.0187;0.2314;-0.1862",671.084210526316,537.488705693802,1782.84309064117,0.254071292278591,-133.595504832514,-287.133687251853,5.50766136738764,135.743141200779,153.292124300477
957,"natalia_oliveira_2023",1,"[09] Camarri et al. 2006","1",671.38947368421,657.574058947368,1650.40402556169,0.134145581731241,-13.8154147368421,-181.7026525,101.7666,59.3250757894737,78.6220915294845
958,"natalia_oliveira_2023",9,"[50] Zou et al. 2017; [13] Chetta et al. 2006; [07] Enrigth et al. 2003; [45] Kim et al. 2014; [58] Delbressine et al. 2023; [48] Fernandes et al. 2016; [42] Britto et al. 2013; [55] Almeida et al. 2019; [09] Camarri et al. 2006","-0.4801;-0.1556;0.3654;0.1471;0.1169;0.0367;0.2391;0.2542;0.4763",683.347368421053,679.309580749231,1330.65644610746,0.382483406519801,-4.03778767182209,-205.342187930782,140.544739329373,58.0339634926921,77.4587252732962
959,"natalia_oliveira_2023",4,"[04] Troosters, Gosselink & Decramer 1999; [48] Fernandes et al. 2016; [54] Almeida et al. 2019; [45] Kim et al. 2014","0.4099;0.1433;0.0649;0.3819",672.463157894737,669.627386828457,1369.96138830053,0.269079093582545,-2.83577106628032,-134.726697123046,129.854672664182,50.3964780948291,69.4037087664953
960,"natalia_oliveira_2023",17,"[04] Troosters, Gosselink & Decramer 1999; [47] Nusdwinuringtyas et al, 2014; [26] Jenkins et al. 2009; [07] Enrigth et al. 2003; [15] Masmoudi et al. 2008; [34] Dourado, Vidotto, Guerra 2011; [45] Kim et al. 2014; [37] Hill et al. 2011; [42] Britto et al. 2013; [18] Iwama et al. 2009; [30] Osses et al. 2010; [27] Alameri et al. 2009; [55] Almeida et al. 2019; [20] Jenkins et al. 2009; [50] Zou et al. 2017; [13] Chetta et al. 2006; [54] Almeida et al. 2019","0.6895;0.6422;-0.0271;0.2233;-0.0409;0.0159;0.0593;0.3669;0.1404;-0.0734;-0.0908;0.5544;0.181;-0.1126;-0.7081;-0.6525;-0.1676",681.88947368421,670.346206277044,1080.05895825319,0.204003847573315,-11.5432674071661,-128.688095128271,100.237514906257,49.4964493285692,64.7186001884945
961,"natalia_oliveira_2023",6,"[40] Britto et al. 2013; [32] Soares, Pereira 2011; [28] Ben Saad et al. 2009; [06] Gibbons et al. 2001; [50] Zou et al. 2017; [45] Kim et al. 2014","0.2543;0.1014;0.3456;-0.2018;-0.0194;0.5199",679.705263157895,638.30453723968,1879.55716346483,0.237420632375678,-41.4007259182148,-157.882283409398,89.1146775665246,63.2083820469625,78.247502918639
962,"natalia_oliveira_2023",7,"[20] Jenkins et al. 2009; [32] Soares, Pereira 2011; [34] Dourado, Vidotto, Guerra 2011; [42] Britto et al. 2013; [58] Delbressine et al. 2023; [27] Alameri et al. 2009; [55] Almeida et al. 2019","0.1023;-0.5563;0.2521;0.2566;0.2949;0.3897;0.2607",674.347368421053,636.39743963631,636.069739169339,0.185441023383551,-37.9499287847425,-157.24513357843,98.3373868088559,62.0229363203062,76.8359188567385
963,"natalia_oliveira_2023",24,"[20] Jenkins et al. 2009; [45] Kim et al. 2014; [37] Hill et al. 2011; [43] Rao et al. 2013; [07] Enrigth et al. 2003; [10] Camarri et al. 2006; [54] Almeida et al. 2019; [04] Troosters, Gosselink & Decramer 1999; [58] Delbressine et al. 2023; [34] Dourado, Vidotto, Guerra 2011; [47] Nusdwinuringtyas et al, 2014; [27] Alameri et al. 2009; [42] Britto et al. 2013; [15] Masmoudi et al. 2008; [06] Gibbons et al. 2001; [02] Enright & Sherrill 1998; [32] Soares, Pereira 2011; [50] Zou et al. 2017; [30] Osses et al. 2010; [55] Almeida et al. 2019; [13] Chetta et al. 2006; [18] Iwama et al. 2009; [40] Britto et al. 2013; [26] Jenkins et al. 2009","-0.1514;0.3233;0.1352;-0.4982;0.0482;0.0025;-0.2666;0.6025;-0.0485;-0.0827;0.8565;0.7503;0.1026;-0.1251;0.0161;1.1484;-0.4271;-0.4249;-0.2358;0.1021;-0.4278;-0.1383;-0.2488;-0.0125",675.752631578947,692.921392455614,1087.16654647901,0.14178462592809,17.168760876667,-103.15482054124,159.755261429714,54.8468837976605,71.9299375779975
964,"natalia_oliveira_2023",26,"[54] Almeida et al. 2019; [28] Ben Saad et al. 2009; [09] Camarri et al. 2006; [37] Hill et al. 2011; [10] Camarri et al. 2006; [27] Alameri et al. 2009; [15] Masmoudi et al. 2008; [18] Iwama et al. 2009; [50] Zou et al. 2017; [07] Enrigth et al. 2003; [06] Gibbons et al. 2001; [40] Britto et al. 2013; [55] Almeida et al. 2019; [34] Dourado, Vidotto, Guerra 2011; [13] Chetta et al. 2006; [30] Osses et al. 2010; [42] Britto et al. 2013; [32] Soares, Pereira 2011; [26] Jenkins et al. 2009; [43] Rao et al. 2013; [58] Delbressine et al. 2023; [48] Fernandes et al. 2016; [45] Kim et al. 2014; [20] Jenkins et al. 2009; [02] Enright & Sherrill 1998; [47] Nusdwinuringtyas et al, 2014","-0.3665;0.8329;0.2899;0.1722;-0.4218;0.6168;-0.1101;0.2317;-0.2039;0.0179;-0.4849;-0.4166;0.1394;0.0472;-0.5467;-0.049;0.1318;-0.2685;-0.0438;-0.1903;-0.0311;0.1786;0.2978;-0.0712;0.8832;0.3651",687.510526315789,573.000488396255,1764.42177027592,0.178237529488046,-114.510037919535,-295.748809233065,10.4851827046539,115.484811683835,135.188881724965
965,"natalia_oliveira_2023",14,"[18] Iwama et al. 2009; [54] Almeida et al. 2019; [13] Chetta et al. 2006; [32] Soares, Pereira 2011; [42] Britto et al. 2013; [02] Enright & Sherrill 1998; [40] Britto et al. 2013; [07] Enrigth et al. 2003; [20] Jenkins et al. 2009; [50] Zou et al. 2017; [09] Camarri et al. 2006; [45] Kim et al. 2014; [47] Nusdwinuringtyas et al, 2014; [34] Dourado, Vidotto, Guerra 2011","-0.4105;-0.0653;-0.4793;-0.3447;0.1742;1.0201;-0.1475;0.0417;-0.0161;-0.4422;0.5329;0.4056;0.6911;0.0402",671.378947368421,669.821342353015,1217.08104823831,0.325492396024694,-1.55760501540608,-125.737877998031,121.324736754937,45.5196656200472,59.9235678042629
966,"natalia_oliveira_2023",13,"[55] Almeida et al. 2019; [42] Britto et al. 2013; [20] Jenkins et al. 2009; [04] Troosters, Gosselink & Decramer 1999; [09] Camarri et al. 2006; [43] Rao et al. 2013; [15] Masmoudi et al. 2008; [54] Almeida et al. 2019; [27] Alameri et al. 2009; [47] Nusdwinuringtyas et al, 2014; [34] Dourado, Vidotto, Guerra 2011; [40] Britto et al. 2013; [18] Iwama et al. 2009","0.2093;0.2165;-0.0638;0.641;-0.0655;-0.7055;-0.041;-0.2014;0.3278;0.4454;0.1181;-0.1142;0.2334",675.294736842105,767.834957675555,1358.36969606784,0.264927684515247,92.54022083345,-77.8720767741,226.89964633963,102.199517649755,116.912907471168
967,"natalia_oliveira_2023",6,"[54] Almeida et al. 2019; [48] Fernandes et al. 2016; [47] Nusdwinuringtyas et al, 2014; [45] Kim et al. 2014; [06] Gibbons et al. 2001; [04] Troosters, Gosselink & Decramer 1999","-0.1697;0.2205;0.9191;-0.215;-0.4304;0.6754",683.257894736842,584.898668219069,1171.16930297759,0.167670490430593,-98.3592265177728,-216.320955516078,25.9581761920714,101.248349801953,117.142389531322
968,"natalia_oliveira_2023",24,"[43] Rao et al. 2013; [26] Jenkins et al. 2009; [34] Dourado, Vidotto, Guerra 2011; [18] Iwama et al. 2009; [42] Britto et al. 2013; [04] Troosters, Gosselink & Decramer 1999; [50] Zou et al. 2017; [45] Kim et al. 2014; [32] Soares, Pereira 2011; [27] Alameri et al. 2009; [13] Chetta et al. 2006; [09] Camarri et al. 2006; [30] Osses et al. 2010; [28] Ben Saad et al. 2009; [02] Enright & Sherrill 1998; [07] Enrigth et al. 2003; [48] Fernandes et al. 2016; [15] Masmoudi et al. 2008; [20] Jenkins et al. 2009; [37] Hill et al. 2011; [55] Almeida et al. 2019; [47] Nusdwinuringtyas et al, 2014; [40] Britto et al. 2013; [10] Camarri et al. 2006","-0.2972;-0.0482;0.037;0.1414;0.1788;0.2393;-0.3037;0.2841;-0.2965;0.6321;-0.643;0.3877;-0.0612;0.468;0.7902;4e-04;0.0848;-0.114;-0.0826;0.0678;0.1028;0.2012;-0.3836;-0.3856",675.215789473684,663.267667993788,1520.97904144461,0.246265664509138,-11.9481214798966,-157.997266450077,106.504583122138,46.1516394273057,63.3574932616973
969,"natalia_oliveira_2023",4,"[42] Britto et al. 2013; [13] Chetta et al. 2006; [50] Zou et al. 2017; [20] Jenkins et al. 2009","0.3497;0.2225;0.1328;0.295",676.18947368421,651.921825243379,1110.99108428036,0.241815541226985,-24.2676484408314,-133.449875645111,86.8858784192782,47.453481176961,63.0216276251921
970,"natalia_oliveira_2023",12,"[58] Delbressine et al. 2023; [48] Fernandes et al. 2016; [50] Zou et al. 2017; [07] Enrigth et al. 2003; [28] Ben Saad et al. 2009; [04] Troosters, Gosselink & Decramer 1999; [10] Camarri et al. 2006; [54] Almeida et al. 2019; [43] Rao et al. 2013; [02] Enright & Sherrill 1998; [55] Almeida et al. 2019; [18] Iwama et al. 2009","-0.3723;0.3455;0.1249;-0.3932;0.5745;0.0973;-0.1581;-0.4358;0.0797;0.5508;0.1103;0.4762",663.1,585.327831463616,2657.73432533338,0.232188915115536,-77.7721685363842,-237.054485844893,60.3491989349544,88.2701505552115,109.808886632632
971,"natalia_oliveira_2023",22,"[47] Nusdwinuringtyas et al, 2014; [34] Dourado, Vidotto, Guerra 2011; [30] Osses et al. 2010; [04] Troosters, Gosselink & Decramer 1999; [26] Jenkins et al. 2009; [37] Hill et al. 2011; [06] Gibbons et al. 2001; [27] Alameri et al. 2009; [54] Almeida et al. 2019; [13] Chetta et al. 2006; [18] Iwama et al. 2009; [50] Zou et al. 2017; [15] Masmoudi et al. 2008; [07] Enrigth et al. 2003; [55] Almeida et al. 2019; [45] Kim et al. 2014; [48] Fernandes et al. 2016; [02] Enright & Sherrill 1998; [40] Britto et al. 2013; [42] Britto et al. 2013; [58] Delbressine et al. 2023; [10] Camarri et al. 2006","0.7005;-0.137;-0.257;0.4481;-0.1444;0.0934;0.0632;0.5766;-0.2061;-0.3474;-0.1708;-0.3628;-0.1953;0.011;0.1172;0.26;-0.2191;1.0267;-0.1773;0.106;-0.0953;-0.0902",670.078947368421,611.942313579444,934.514266861679,0.357547197970148,-58.1366337889766,-183.165402861965,63.8485208294621,69.2964534277051,87.4028725866177
972,"natalia_oliveira_2023",8,"[40] Britto et al. 2013; [30] Osses et al. 2010; [13] Chetta et al. 2006; [18] Iwama et al. 2009; [28] Ben Saad et al. 2009; [37] Hill et al. 2011; [45] Kim et al. 2014; [32] Soares, Pereira 2011","-0.1531;0.2099;-0.5016;0.3183;0.424;0.1675;0.4769;0.0581",682.521052631579,694.391373855458,1945.92736044375,0.253504727911301,11.8703212238794,-145.466261811625,144.714292462664,58.2099482613532,72.3910601212399
973,"natalia_oliveira_2023",1,"[28] Ben Saad et al. 2009","1",668.794736842105,741.757447368421,8212.64258340198,0.213754495505223,72.9627105263159,-95.3000000000001,255.58,93.9193421052632,115.071520878859
974,"natalia_oliveira_2023",8,"[07] Enrigth et al. 2003; [40] Britto et al. 2013; [13] Chetta et al. 2006; [58] Delbressine et al. 2023; [43] Rao et al. 2013; [02] Enright & Sherrill 1998; [48] Fernandes et al. 2016; [18] Iwama et al. 2009","-0.096;-0.1886;0.4462;-0.2072;0.1979;0.6791;0.01;0.1586",671.042105263158,595.73388815192,1409.57799518056,0.161165684318368,-75.3082171112381,-200.947430043511,62.7429740237278,86.0264807444434,105.290712728345
975,"natalia_oliveira_2023",15,"[37] Hill et al. 2011; [26] Jenkins et al. 2009; [04] Troosters, Gosselink & Decramer 1999; [27] Alameri et al. 2009; [06] Gibbons et al. 2001; [47] Nusdwinuringtyas et al, 2014; [54] Almeida et al. 2019; [43] Rao et al. 2013; [13] Chetta et al. 2006; [34] Dourado, Vidotto, Guerra 2011; [32] Soares, Pereira 2011; [42] Britto et al. 2013; [30] Osses et al. 2010; [09] Camarri et al. 2006; [58] Delbressine et al. 2023","0.3182;0.0444;0.6705;0.4604;-0.0121;0.7399;-0.0616;-0.5538;-0.5962;0.1283;-0.4257;0.1749;-0.0136;0.0237;0.1027",679.015789473684,787.343665308079,1147.94582481419,0.289457596071095,108.327875834395,-18.3608046889866,251.192102386774,112.924402794155,129.45892228837
976,"natalia_oliveira_2023",11,"[06] Gibbons et al. 2001; [09] Camarri et al. 2006; [37] Hill et al. 2011; [26] Jenkins et al. 2009; [28] Ben Saad et al. 2009; [34] Dourado, Vidotto, Guerra 2011; [54] Almeida et al. 2019; [58] Delbressine et al. 2023; [32] Soares, Pereira 2011; [20] Jenkins et al. 2009; [10] Camarri et al. 2006","-0.2399;0.4441;0.2548;0.0397;0.3204;0.2853;0.1688;-0.1063;0.0642;0.0703;-0.3013",669.973684210526,693.344810935489,1987.37893926733,0.186726018735251,23.371126724963,-132.675170535272,155.948256425168,64.1798201781673,81.2911225911059
977,"natalia_oliveira_2023",18,"[13] Chetta et al. 2006; [04] Troosters, Gosselink & Decramer 1999; [28] Ben Saad et al. 2009; [50] Zou et al. 2017; [06] Gibbons et al. 2001; [15] Masmoudi et al. 2008; [43] Rao et al. 2013; [58] Delbressine et al. 2023; [34] Dourado, Vidotto, Guerra 2011; [02] Enright & Sherrill 1998; [42] Britto et al. 2013; [27] Alameri et al. 2009; [18] Iwama et al. 2009; [07] Enrigth et al. 2003; [40] Britto et al. 2013; [47] Nusdwinuringtyas et al, 2014; [09] Camarri et al. 2006; [30] Osses et al. 2010","-0.5535;0.0503;0.7477;-0.2395;-0.5073;-0.1776;-0.1353;-0.0041;-0.1439;0.733;0.2211;0.5955;0.4839;0.1217;-0.5081;0.299;0.1033;-0.0861",672.88947368421,593.358731118328,2246.41464063829,0.215209861932248,-79.5307425658828,-247.650958946105,74.1337530222769,91.280651761278,110.235008206164
978,"natalia_oliveira_2023",15,"[30] Osses et al. 2010; [18] Iwama et al. 2009; [55] Almeida et al. 2019; [28] Ben Saad et al. 2009; [54] Almeida et al. 2019; [58] Delbressine et al. 2023; [07] Enrigth et al. 2003; [47] Nusdwinuringtyas et al, 2014; [40] Britto et al. 2013; [37] Hill et al. 2011; [34] Dourado, Vidotto, Guerra 2011; [43] Rao et al. 2013; [26] Jenkins et al. 2009; [06] Gibbons et al. 2001; [45] Kim et al. 2014","0.064;0.5103;0.1626;0.7272;-0.2147;1e-04;0.0792;0.359;-0.3607;0.4006;0.1776;-0.294;-0.1021;-0.8529;0.3436",670.015789473684,693.282928621022,2318.34919192172,0.240271256751404,23.2671391473381,-106.931064547241,145.323061332737,58.0065315148353,74.4862969273299
979,"natalia_oliveira_2023",27,"[50] Zou et al. 2017; [28] Ben Saad et al. 2009; [43] Rao et al. 2013; [54] Almeida et al. 2019; [32] Soares, Pereira 2011; [15] Masmoudi et al. 2008; [55] Almeida et al. 2019; [30] Osses et al. 2010; [58] Delbressine et al. 2023; [37] Hill et al. 2011; [04] Troosters, Gosselink & Decramer 1999; [02] Enright & Sherrill 1998; [13] Chetta et al. 2006; [45] Kim et al. 2014; [26] Jenkins et al. 2009; [27] Alameri et al. 2009; [07] Enrigth et al. 2003; [42] Britto et al. 2013; [47] Nusdwinuringtyas et al, 2014; [10] Camarri et al. 2006; [06] Gibbons et al. 2001; [40] Britto et al. 2013; [18] Iwama et al. 2009; [09] Camarri et al. 2006; [20] Jenkins et al. 2009; [48] Fernandes et al. 2016; [34] Dourado, Vidotto, Guerra 2011","-0.2788;0.6811;-0.2443;-0.3569;-0.2166;-0.131;0.0936;-0.0372;-0.0468;0.1384;0.1745;0.7966;-0.5453;0.3183;0.0025;0.6688;-0.0098;0.145;0.3938;-0.4049;-0.3764;-0.4145;0.2217;0.2096;-0.042;0.1672;0.0935",677.747368421053,588.287748485667,1603.08935863494,0.220382018681217,-89.4596199353853,-206.007486302269,40.4344100810164,95.7173858326977,111.022538435887
980,"natalia_oliveira_2023",9,"[50] Zou et al. 2017; [37] Hill et al. 2011; [32] Soares, Pereira 2011; [04] Troosters, Gosselink & Decramer 1999; [45] Kim et al. 2014; [15] Masmoudi et al. 2008; [30] Osses et al. 2010; [58] Delbressine et al. 2023; [40] Britto et al. 2013","-0.3368;0.4499;-0.2888;0.5366;0.7609;-0.1745;0.0072;-0.0371;0.0827",675.005263157895,782.102458659523,1362.31208672603,0.218240260384999,107.097195501628,-36.0442077954373,227.01002529896,113.671739574975,127.473652010983
981,"natalia_oliveira_2023",8,"[32] Soares, Pereira 2011; [04] Troosters, Gosselink & Decramer 1999; [27] Alameri et al. 2009; [02] Enright & Sherrill 1998; [58] Delbressine et al. 2023; [40] Britto et al. 2013; [50] Zou et al. 2017; [09] Camarri et al. 2006","-0.6775;0.2872;0.7071;0.8773;-0.1763;-0.0872;-0.4124;0.4818",672.063157894737,621.39372662024,1539.06890153336,0.266859797852207,-50.6694312744971,-163.367179422322,82.2919250220165,66.7859628681199,83.7169207993958
982,"natalia_oliveira_2023",10,"[04] Troosters, Gosselink & Decramer 1999; [34] Dourado, Vidotto, Guerra 2011; [45] Kim et al. 2014; [18] Iwama et al. 2009; [27] Alameri et al. 2009; [43] Rao et al. 2013; [20] Jenkins et al. 2009; [28] Ben Saad et al. 2009; [02] Enright & Sherrill 1998; [32] Soares, Pereira 2011","0.1266;0.0594;0.2445;0.0217;0.6095;-0.3381;-0.1094;0.2274;0.4416;-0.2832",678.847368421053,658.056492931326,1622.9019047831,0.213738473169137,-20.790875489727,-147.745719862283,114.621552777477,59.2071269829463,77.521895254771
983,"natalia_oliveira_2023",18,"[54] Almeida et al. 2019; [04] Troosters, Gosselink & Decramer 1999; [07] Enrigth et al. 2003; [10] Camarri et al. 2006; [26] Jenkins et al. 2009; [50] Zou et al. 2017; [42] Britto et al. 2013; [27] Alameri et al. 2009; [55] Almeida et al. 2019; [15] Masmoudi et al. 2008; [20] Jenkins et al. 2009; [06] Gibbons et al. 2001; [09] Camarri et al. 2006; [48] Fernandes et al. 2016; [47] Nusdwinuringtyas et al, 2014; [58] Delbressine et al. 2023; [28] Ben Saad et al. 2009; [02] Enright & Sherrill 1998","-0.4939;0.1261;-0.0304;-0.581;-0.1129;-0.2652;0.1508;0.8254;0.1215;-0.213;-0.1357;-0.6862;0.2705;0.1641;0.3488;-0.1054;0.7369;0.8797",677.347368421053,428.5795605013,1807.98091792651,0.199725742955098,-248.767807919753,-381.478111226175,-97.6579106321862,248.767807919753,259.234533550709
984,"natalia_oliveira_2023",17,"[02] Enright & Sherrill 1998; [54] Almeida et al. 2019; [06] Gibbons et al. 2001; [43] Rao et al. 2013; [10] Camarri et al. 2006; [47] Nusdwinuringtyas et al, 2014; [45] Kim et al. 2014; [30] Osses et al. 2010; [18] Iwama et al. 2009; [07] Enrigth et al. 2003; [50] Zou et al. 2017; [09] Camarri et al. 2006; [42] Britto et al. 2013; [15] Masmoudi et al. 2008; [27] Alameri et al. 2009; [28] Ben Saad et al. 2009; [32] Soares, Pereira 2011","0.8374;-0.3632;-0.5056;-0.222;-0.4509;0.2626;0.2995;-0.0665;0.2442;-0.0156;-0.2493;0.3342;0.1397;-0.2024;0.6101;0.6193;-0.2715",675.778947368421,538.159894296183,1627.77481045618,0.323935127390657,-137.619053072238,-280.563843066665,-11.1070967193153,139.679180340578,155.097945018696
985,"natalia_oliveira_2023",25,"[26] Jenkins et al. 2009; [54] Almeida et al. 2019; [50] Zou et al. 2017; [13] Chetta et al. 2006; [37] Hill et al. 2011; [42] Britto et al. 2013; [15] Masmoudi et al. 2008; [28] Ben Saad et al. 2009; [20] Jenkins et al. 2009; [34] Dourado, Vidotto, Guerra 2011; [43] Rao et al. 2013; [09] Camarri et al. 2006; [58] Delbressine et al. 2023; [55] Almeida et al. 2019; [40] Britto et al. 2013; [45] Kim et al. 2014; [06] Gibbons et al. 2001; [32] Soares, Pereira 2011; [47] Nusdwinuringtyas et al, 2014; [07] Enrigth et al. 2003; [10] Camarri et al. 2006; [18] Iwama et al. 2009; [30] Osses et al. 2010; [27] Alameri et al. 2009; [48] Fernandes et al. 2016","0.1167;-0.1665;-0.3195;-0.4832;0.1915;0.2028;0.0667;0.4784;0.0817;0.1074;-0.2846;0.1723;0.1416;0.1195;-0.1914;0.2113;-0.3428;-0.0172;0.2725;0.1783;-0.353;0.1216;0.0539;0.565;0.077",669.563157894737,614.779948497854,1213.89016878446,0.229725185888838,-54.7832093968826,-166.041544806824,63.8972683364395,65.2525398877414,80.5434785169819
986,"natalia_oliveira_2023",6,"[58] Delbressine et al. 2023; [18] Iwama et al. 2009; [26] Jenkins et al. 2009; [43] Rao et al. 2013; [48] Fernandes et al. 2016; [20] Jenkins et al. 2009","0.3006;0.2331;0.337;0.2194;0.0597;-0.1498",690.9,613.421044845522,907.218051902165,0.235477501510457,-77.4789551544783,-181.323940652221,54.0999607244011,86.1033524224601,98.9691320056993
987,"natalia_oliveira_2023",6,"[15] Masmoudi et al. 2008; [55] Almeida et al. 2019; [06] Gibbons et al. 2001; [30] Osses et al. 2010; [18] Iwama et al. 2009; [47] Nusdwinuringtyas et al, 2014","0.482;0.1946;-0.0927;0.068;-0.1359;0.4839",669.005263157895,612.150475683148,1140.23771120759,0.351346121867364,-56.8547874747468,-177.798479964075,44.6219029794156,66.4481072110459,86.8855781576375
988,"natalia_oliveira_2023",15,"[47] Nusdwinuringtyas et al, 2014; [15] Masmoudi et al. 2008; [10] Camarri et al. 2006; [07] Enrigth et al. 2003; [27] Alameri et al. 2009; [18] Iwama et al. 2009; [09] Camarri et al. 2006; [58] Delbressine et al. 2023; [02] Enright & Sherrill 1998; [34] Dourado, Vidotto, Guerra 2011; [55] Almeida et al. 2019; [37] Hill et al. 2011; [50] Zou et al. 2017; [48] Fernandes et al. 2016; [13] Chetta et al. 2006","0.7281;-0.0327;-0.252;0.2122;0.652;-0.3137;0.4693;0.0451;1.0566;-0.348;0.0347;0.2202;-0.5486;-0.3704;-0.553",672.157894736842,620.136704809648,1351.64077819847,0.166442857294386,-52.0211899271938,-166.538151357089,75.0964902593704,69.816222773886,85.7746224183132
989,"natalia_oliveira_2023",24,"[47] Nusdwinuringtyas et al, 2014; [48] Fernandes et al. 2016; [30] Osses et al. 2010; [43] Rao et al. 2013; [42] Britto et al. 2013; [32] Soares, Pereira 2011; [26] Jenkins et al. 2009; [18] Iwama et al. 2009; [45] Kim et al. 2014; [34] Dourado, Vidotto, Guerra 2011; [10] Camarri et al. 2006; [55] Almeida et al. 2019; [13] Chetta et al. 2006; [20] Jenkins et al. 2009; [50] Zou et al. 2017; [28] Ben Saad et al. 2009; [15] Masmoudi et al. 2008; [02] Enright & Sherrill 1998; [04] Troosters, Gosselink & Decramer 1999; [06] Gibbons et al. 2001; [07] Enrigth et al. 2003; [40] Britto et al. 2013; [27] Alameri et al. 2009; [09] Camarri et al. 2006","0.1965;0.2017;-0.0578;-0.1116;0.1666;-0.2184;-0.0691;0.2393;0.2916;0.0014;-0.5323;0.0763;-0.5029;-0.0843;-0.1383;0.8023;-0.1103;0.6932;0.1755;-0.4403;0.0485;-0.4365;0.5635;0.2454",678.494736842105,559.298316892883,1837.25048241406,0.246184585949737,-119.196419949222,-288.049677578928,-8.77627526420206,122.243000517301,137.683799970112
990,"natalia_oliveira_2023",14,"[20] Jenkins et al. 2009; [02] Enright & Sherrill 1998; [04] Troosters, Gosselink & Decramer 1999; [10] Camarri et al. 2006; [47] Nusdwinuringtyas et al, 2014; [27] Alameri et al. 2009; [45] Kim et al. 2014; [34] Dourado, Vidotto, Guerra 2011; [26] Jenkins et al. 2009; [18] Iwama et al. 2009; [07] Enrigth et al. 2003; [15] Masmoudi et al. 2008; [50] Zou et al. 2017; [58] Delbressine et al. 2023","-0.2381;0.9698;0.4418;-0.0817;0.4714;0.494;0.2388;-0.1363;-0.1014;-0.2489;-0.0969;-0.2234;-0.3222;-0.1668",674.152631578947,591.973835324506,853.480175252801,0.275658184546722,-82.1787962544414,-221.434329967877,98.2401378158818,94.9108955390387,115.44254422877
991,"natalia_oliveira_2023",17,"[50] Zou et al. 2017; [06] Gibbons et al. 2001; [48] Fernandes et al. 2016; [07] Enrigth et al. 2003; [40] Britto et al. 2013; [18] Iwama et al. 2009; [09] Camarri et al. 2006; [27] Alameri et al. 2009; [34] Dourado, Vidotto, Guerra 2011; [02] Enright & Sherrill 1998; [04] Troosters, Gosselink & Decramer 1999; [37] Hill et al. 2011; [42] Britto et al. 2013; [20] Jenkins et al. 2009; [55] Almeida et al. 2019; [28] Ben Saad et al. 2009; [30] Osses et al. 2010","-0.3451;-0.7027;0.2317;-0.0985;-0.6225;0.2732;0.2321;0.5697;-0.1004;0.8447;-0.1732;0.2577;0.1308;-0.2267;0.0748;0.7807;-0.1261",678.331578947368,568.071056217937,1359.98077761922,0.165440084072344,-110.260522729431,-247.39182630562,14.48589032791,113.567664997818,132.900440239908
992,"natalia_oliveira_2023",22,"[09] Camarri et al. 2006; [37] Hill et al. 2011; [30] Osses et al. 2010; [47] Nusdwinuringtyas et al, 2014; [58] Delbressine et al. 2023; [42] Britto et al. 2013; [13] Chetta et al. 2006; [20] Jenkins et al. 2009; [34] Dourado, Vidotto, Guerra 2011; [02] Enright & Sherrill 1998; [06] Gibbons et al. 2001; [27] Alameri et al. 2009; [55] Almeida et al. 2019; [28] Ben Saad et al. 2009; [43] Rao et al. 2013; [26] Jenkins et al. 2009; [45] Kim et al. 2014; [10] Camarri et al. 2006; [50] Zou et al. 2017; [40] Britto et al. 2013; [04] Troosters, Gosselink & Decramer 1999; [07] Enrigth et al. 2003","0.2912;0.2242;-0.0812;0.3784;-0.0447;0.1019;-0.5307;-0.1625;-0.0342;0.8334;-0.4396;0.6621;0.0797;0.6382;-0.1876;-0.174;0.3388;-0.4826;-0.2151;-0.3797;0.1537;0.0302",681.057894736842,590.354075088742,1753.9558314847,0.305143820552724,-90.7038196481006,-213.277248415795,37.7566690841628,96.5931024870652,112.665284834877
993,"natalia_oliveira_2023",1,"[09] Camarri et al. 2006","1",676.347368421053,657.142648947368,1619.28170596537,0.123330113067635,-19.2047194736842,-152.94241,110.9251,58.7474121052631,75.1707789911069
994,"natalia_oliveira_2023",23,"[09] Camarri et al. 2006; [30] Osses et al. 2010; [20] Jenkins et al. 2009; [45] Kim et al. 2014; [47] Nusdwinuringtyas et al, 2014; [43] Rao et al. 2013; [32] Soares, Pereira 2011; [26] Jenkins et al. 2009; [04] Troosters, Gosselink & Decramer 1999; [58] Delbressine et al. 2023; [37] Hill et al. 2011; [54] Almeida et al. 2019; [18] Iwama et al. 2009; [02] Enright & Sherrill 1998; [07] Enrigth et al. 2003; [55] Almeida et al. 2019; [28] Ben Saad et al. 2009; [27] Alameri et al. 2009; [15] Masmoudi et al. 2008; [40] Britto et al. 2013; [48] Fernandes et al. 2016; [06] Gibbons et al. 2001; [13] Chetta et al. 2006","0.1105;-0.0278;-0.097;0.243;0.2706;-0.1587;-0.2579;-0.1246;0.0575;-0.0536;0.2031;-0.2934;0.3216;0.7747;-0.0028;0.0707;0.7555;0.5474;-0.1605;-0.3659;0.2722;-0.5274;-0.5574",681.342105263158,587.168614863137,1740.9482001024,0.251776322613289,-94.1734904000206,-224.785162885345,37.0286218345257,99.237099392641,118.940102165506
995,"natalia_oliveira_2023",4,"[55] Almeida et al. 2019; [50] Zou et al. 2017; [28] Ben Saad et al. 2009; [20] Jenkins et al. 2009","0.3605;0.195;0.2796;0.1649",665.431578947368,705.571659648275,2118.56370855561,0.235905873091701,40.140080700907,-98.6978736199776,163.943467519233,64.9797926532415,81.7397132293006
996,"natalia_oliveira_2023",16,"[50] Zou et al. 2017; [02] Enright & Sherrill 1998; [18] Iwama et al. 2009; [26] Jenkins et al. 2009; [07] Enrigth et al. 2003; [20] Jenkins et al. 2009; [54] Almeida et al. 2019; [09] Camarri et al. 2006; [37] Hill et al. 2011; [06] Gibbons et al. 2001; [45] Kim et al. 2014; [28] Ben Saad et al. 2009; [30] Osses et al. 2010; [43] Rao et al. 2013; [27] Alameri et al. 2009; [32] Soares, Pereira 2011","-0.2901;0.7362;0.2468;-0.1025;-0.0697;-0.0795;-0.1838;0.2576;0.0424;-0.3914;0.2923;0.4434;-0.0392;-0.2319;0.6503;-0.2808",673.868421052632,593.013932768458,1598.22454238764,0.216361325270318,-80.8544882841737,-196.625951474838,54.8135281951331,88.9890344983316,105.000037303626
997,"natalia_oliveira_2023",26,"[18] Iwama et al. 2009; [45] Kim et al. 2014; [34] Dourado, Vidotto, Guerra 2011; [07] Enrigth et al. 2003; [27] Alameri et al. 2009; [48] Fernandes et al. 2016; [47] Nusdwinuringtyas et al, 2014; [13] Chetta et al. 2006; [20] Jenkins et al. 2009; [10] Camarri et al. 2006; [40] Britto et al. 2013; [02] Enright & Sherrill 1998; [32] Soares, Pereira 2011; [42] Britto et al. 2013; [37] Hill et al. 2011; [04] Troosters, Gosselink & Decramer 1999; [28] Ben Saad et al. 2009; [15] Masmoudi et al. 2008; [06] Gibbons et al. 2001; [43] Rao et al. 2013; [50] Zou et al. 2017; [58] Delbressine et al. 2023; [55] Almeida et al. 2019; [26] Jenkins et al. 2009; [54] Almeida et al. 2019; [30] Osses et al. 2010","0.2389;0.3449;0.0145;-0.0265;0.6823;0.181;0.3595;-0.5008;-0.0739;-0.3085;-0.3325;0.7891;-0.2559;0.185;0.1098;0.2161;0.7414;-0.1422;-0.4504;-0.1979;-0.208;-0.0684;0.0925;-0.0352;-0.2755;-0.0793",673.515789473684,564.103332799446,1912.69645351037,0.17694401799484,-109.412456674239,-287.155694585295,10.2200236633321,112.445978114502,131.389901705824
998,"natalia_oliveira_2023",18,"[58] Delbressine et al. 2023; [37] Hill et al. 2011; [40] Britto et al. 2013; [45] Kim et al. 2014; [13] Chetta et al. 2006; [32] Soares, Pereira 2011; [04] Troosters, Gosselink & Decramer 1999; [42] Britto et al. 2013; [30] Osses et al. 2010; [27] Alameri et al. 2009; [28] Ben Saad et al. 2009; [20] Jenkins et al. 2009; [26] Jenkins et al. 2009; [02] Enright & Sherrill 1998; [15] Masmoudi et al. 2008; [55] Almeida et al. 2019; [48] Fernandes et al. 2016; [06] Gibbons et al. 2001","-0.053;0.2498;-0.42;0.3463;-0.6038;-0.3065;0.1026;0.1657;-0.0994;0.7506;0.7037;-0.1726;-0.1902;0.8165;-0.1901;0.0877;0.2481;-0.4353",675.273684210526,583.272338062791,1858.83096867072,0.213486359721381,-92.0013461477356,-222.043173871602,50.125698656627,99.3495599323432,114.992045244998
999,"natalia_oliveira_2023",19,"[45] Kim et al. 2014; [15] Masmoudi et al. 2008; [09] Camarri et al. 2006; [47] Nusdwinuringtyas et al, 2014; [06] Gibbons et al. 2001; [07] Enrigth et al. 2003; [27] Alameri et al. 2009; [43] Rao et al. 2013; [18] Iwama et al. 2009; [42] Britto et al. 2013; [54] Almeida et al. 2019; [50] Zou et al. 2017; [37] Hill et al. 2011; [26] Jenkins et al. 2009; [32] Soares, Pereira 2011; [58] Delbressine et al. 2023; [04] Troosters, Gosselink & Decramer 1999; [28] Ben Saad et al. 2009; [55] Almeida et al. 2019","0.2562;-0.1192;2e-04;0.2562;-0.9423;0.1811;0.8103;-0.3843;0.4757;0.1324;-0.337;-0.5345;0.5161;-0.0134;-0.3487;0.0977;0.1079;0.7232;0.1225",668.984210526316,624.526898376059,1852.20661450864,0.216416673792551,-44.4573121502563,-181.458590500969,85.3899312446093,67.8141640579514,86.2509699170652
1000,"natalia_oliveira_2023",18,"[27] Alameri et al. 2009; [34] Dourado, Vidotto, Guerra 2011; [15] Masmoudi et al. 2008; [40] Britto et al. 2013; [58] Delbressine et al. 2023; [10] Camarri et al. 2006; [48] Fernandes et al. 2016; [13] Chetta et al. 2006; [47] Nusdwinuringtyas et al, 2014; [32] Soares, Pereira 2011; [55] Almeida et al. 2019; [30] Osses et al. 2010; [07] Enrigth et al. 2003; [18] Iwama et al. 2009; [06] Gibbons et al. 2001; [37] Hill et al. 2011; [45] Kim et al. 2014; [20] Jenkins et al. 2009","0.658;0.0321;0.2056;-0.066;0.3662;-0.1679;-0.4081;-0.6852;0.7139;-0.469;0.2034;-0.1105;0.5683;-0.3422;-0.0722;0.485;0.1409;-0.0522",673.236842105263,648.46187424547,1008.45616724587,0.25388103127539,-24.7749678597936,-159.530983261083,139.10027556576,60.8287766532153,78.0312525537118
