"b","dataset","n_models","models","weights","distance_meas","distance_est","var_pred","r2","bias","lower_CI","upper_CI","mae","rmse"
1,"natalia_oliveira_2023",21,"[48] Fernandes et al. 2016; [30] Osses et al. 2010; [40] Britto et al. 2013; [04] Troosters, Gosselink & Decramer 1999; [13] Chetta et al. 2006; [58] Delbressine et al. 2023; [37] Hill et al. 2011; [27] Alameri et al. 2009; [28] Ben Saad et al. 2009; [07] Enrigth et al. 2003; [06] Gibbons et al. 2001; [26] Jenkins et al. 2009; [34] Dourado, Vidotto, Guerra 2011; [10] Camarri et al. 2006; [54] Almeida et al. 2019; [47] Nusdwinuringtyas et al, 2014; [20] Jenkins et al. 2009; [02] Enright & Sherrill 1998; [32] Soares, Pereira 2011; [18] Iwama et al. 2009; [15] Masmoudi et al. 2008","-0.3135;-0.1988;-0.074;0.3;-0.451;0.0984;0.3671;0.8996;0.3563;0.2317;-0.307;-0.0356;-0.1529;-0.3553;0.082;0.6843;-0.1163;0.5105;-0.2283;-0.2715;-0.0258",440.811594202899,501.328929450692,1755.85683961896,0.149375152920105,60.517335247793,-44.7857457110856,182.374854422778,71.4547358972136,89.7398435404892
2,"natalia_oliveira_2023",5,"[47] Nusdwinuringtyas et al, 2014; [28] Ben Saad et al. 2009; [26] Jenkins et al. 2009; [58] Delbressine et al. 2023; [02] Enright & Sherrill 1998","0.5854;0.2875;-0.22;-0.2866;0.6338",447.869565217391,524.646750695369,2130.0018965613,0.119363962066707,76.7771854779777,-53.4851092868183,198.81303043282,85.8474978568764,107.967710704463
3,"natalia_oliveira_2023",14,"[32] Soares, Pereira 2011; [40] Britto et al. 2013; [26] Jenkins et al. 2009; [37] Hill et al. 2011; [50] Zou et al. 2017; [54] Almeida et al. 2019; [58] Delbressine et al. 2023; [13] Chetta et al. 2006; [45] Kim et al. 2014; [48] Fernandes et al. 2016; [15] Masmoudi et al. 2008; [10] Camarri et al. 2006; [30] Osses et al. 2010; [27] Alameri et al. 2009","-0.3453;-0.027;0.2944;1.0061;-0.6144;0.0736;0.4881;-0.6151;0.4307;-0.4488;0.2386;-0.4783;-0.1474;1.1448",436.188405797101,632.868518457247,1114.39615306822,0.0673746146645277,196.680112660146,61.6493410874785,332.115142724651,196.680112660146,213.106019101832
4,"natalia_oliveira_2023",11,"[15] Masmoudi et al. 2008; [54] Almeida et al. 2019; [58] Delbressine et al. 2023; [10] Camarri et al. 2006; [13] Chetta et al. 2006; [02] Enright & Sherrill 1998; [47] Nusdwinuringtyas et al, 2014; [30] Osses et al. 2010; [26] Jenkins et al. 2009; [32] Soares, Pereira 2011; [18] Iwama et al. 2009","0.1946;-0.1361;0.2684;0.1746;-0.4184;0.6845;1.0018;-0.3405;0.1714;-0.3126;-0.2878",448.550724637681,570.878939454165,1604.5918054113,0.278898525318032,122.328214816483,46.95538208783,251.146104595126,122.328214816483,135.081599994464
5,"natalia_oliveira_2023",3,"[50] Zou et al. 2017; [15] Masmoudi et al. 2008; [27] Alameri et al. 2009","-0.3988;0.6718;0.727",463.797101449275,467.997643058009,1043.83394151202,0.132814756626524,4.20054160873364,-110.761498252378,144.870322023764,50.7931911401476,66.9344438207076
6,"natalia_oliveira_2023",21,"[37] Hill et al. 2011; [45] Kim et al. 2014; [07] Enrigth et al. 2003; [02] Enright & Sherrill 1998; [15] Masmoudi et al. 2008; [30] Osses et al. 2010; [34] Dourado, Vidotto, Guerra 2011; [40] Britto et al. 2013; [04] Troosters, Gosselink & Decramer 1999; [54] Almeida et al. 2019; [10] Camarri et al. 2006; [20] Jenkins et al. 2009; [18] Iwama et al. 2009; [48] Fernandes et al. 2016; [26] Jenkins et al. 2009; [32] Soares, Pereira 2011; [06] Gibbons et al. 2001; [43] Rao et al. 2013; [28] Ben Saad et al. 2009; [13] Chetta et al. 2006; [27] Alameri et al. 2009","0.2336;0.5093;0.1563;0.6599;-0.0692;-0.2101;-0.1983;-0.0475;0.2428;0.1449;-0.3279;-0.1667;-0.0252;-0.0926;-0.1026;-0.2525;-0.1928;-0.2784;0.439;-0.3586;0.9368",454.840579710145,532.641915570893,2341.86227681586,0.20077581975613,77.8013358607483,-47.5941843858337,225.777063496919,86.6166733587148,106.826047447443
7,"natalia_oliveira_2023",20,"[10] Camarri et al. 2006; [54] Almeida et al. 2019; [58] Delbressine et al. 2023; [43] Rao et al. 2013; [02] Enright & Sherrill 1998; [40] Britto et al. 2013; [50] Zou et al. 2017; [45] Kim et al. 2014; [20] Jenkins et al. 2009; [18] Iwama et al. 2009; [30] Osses et al. 2010; [06] Gibbons et al. 2001; [37] Hill et al. 2011; [26] Jenkins et al. 2009; [07] Enrigth et al. 2003; [28] Ben Saad et al. 2009; [32] Soares, Pereira 2011; [27] Alameri et al. 2009; [47] Nusdwinuringtyas et al, 2014; [13] Chetta et al. 2006","-0.159;0.0395;0.0609;-0.2046;0.7323;-0.2122;-0.1571;0.4504;-0.1519;-0.1648;-0.3401;-0.3438;0.2306;0.0206;0.2194;0.4639;-0.2666;0.6676;0.4879;-0.3731",444.63768115942,518.002170749445,1754.41767370886,0.383051259428937,73.3644895900249,-9.82523936003422,197.388968237243,76.2531376439642,97.20385899313
8,"natalia_oliveira_2023",3,"[07] Enrigth et al. 2003; [02] Enright & Sherrill 1998; [30] Osses et al. 2010","0.2275;0.1084;0.664",455.115942028986,590.493521246207,3561.83404243411,0.145984420734814,135.377579217221,4.27550073213267,265.785130485012,136.723976909722,154.671521791531
9,"natalia_oliveira_2023",19,"[30] Osses et al. 2010; [13] Chetta et al. 2006; [34] Dourado, Vidotto, Guerra 2011; [04] Troosters, Gosselink & Decramer 1999; [40] Britto et al. 2013; [37] Hill et al. 2011; [15] Masmoudi et al. 2008; [27] Alameri et al. 2009; [18] Iwama et al. 2009; [28] Ben Saad et al. 2009; [02] Enright & Sherrill 1998; [58] Delbressine et al. 2023; [45] Kim et al. 2014; [50] Zou et al. 2017; [10] Camarri et al. 2006; [32] Soares, Pereira 2011; [54] Almeida et al. 2019; [07] Enrigth et al. 2003; [48] Fernandes et al. 2016","-0.198;-0.3566;-0.2052;0.3169;-0.178;0.2593;-0.0159;0.9891;-0.0142;0.304;0.4486;0.0787;0.4482;-0.3655;-0.3888;-0.2683;0.0444;0.1836;-0.0824",450.855072463768,496.944145490201,2214.06440043256,0.145787440064362,46.0890730264332,-77.5821305452109,187.971652618244,67.3358495237495,87.7523567029552
10,"natalia_oliveira_2023",12,"[48] Fernandes et al. 2016; [45] Kim et al. 2014; [28] Ben Saad et al. 2009; [37] Hill et al. 2011; [47] Nusdwinuringtyas et al, 2014; [10] Camarri et al. 2006; [43] Rao et al. 2013; [27] Alameri et al. 2009; [04] Troosters, Gosselink & Decramer 1999; [06] Gibbons et al. 2001; [18] Iwama et al. 2009; [54] Almeida et al. 2019","-0.3424;0.3275;0.6425;0.4548;0.7448;-0.6652;-0.5125;0.8094;0.3149;-0.4119;-0.2787;-0.0831",440.942028985507,594.18098365833,1013.49860732173,0.227414526662617,153.238954672822,24.9680678807677,279.801420068914,153.628466252253,169.96001638708
11,"natalia_oliveira_2023",6,"[18] Iwama et al. 2009; [37] Hill et al. 2011; [50] Zou et al. 2017; [30] Osses et al. 2010; [43] Rao et al. 2013; [54] Almeida et al. 2019","0.022;0.2947;0.2177;-0.0366;0.0599;0.4423",448.492753623188,623.096596092162,1830.8466057028,0.176479917047761,174.603842468974,36.3920733784192,301.373425731061,174.603842468974,189.777197347191
12,"natalia_oliveira_2023",20,"[58] Delbressine et al. 2023; [07] Enrigth et al. 2003; [10] Camarri et al. 2006; [27] Alameri et al. 2009; [02] Enright & Sherrill 1998; [30] Osses et al. 2010; [47] Nusdwinuringtyas et al, 2014; [48] Fernandes et al. 2016; [54] Almeida et al. 2019; [40] Britto et al. 2013; [20] Jenkins et al. 2009; [32] Soares, Pereira 2011; [28] Ben Saad et al. 2009; [06] Gibbons et al. 2001; [04] Troosters, Gosselink & Decramer 1999; [13] Chetta et al. 2006; [50] Zou et al. 2017; [26] Jenkins et al. 2009; [34] Dourado, Vidotto, Guerra 2011; [18] Iwama et al. 2009","-0.0279;0.2012;-0.0869;0.8088;0.8737;-0.3696;0.6812;-0.1548;0.1223;-0.1283;-0.2362;-0.3423;0.425;-0.3049;0.365;-0.3246;-0.0213;-0.1331;-0.2663;-0.081",447.391304347826,450.880350880652,1423.13221712753,0.343994640485942,3.48904653282554,-135.318178124269,130.039847679079,58.6902267618219,73.543032326032
13,"natalia_oliveira_2023",8,"[06] Gibbons et al. 2001; [34] Dourado, Vidotto, Guerra 2011; [48] Fernandes et al. 2016; [54] Almeida et al. 2019; [04] Troosters, Gosselink & Decramer 1999; [43] Rao et al. 2013; [58] Delbressine et al. 2023; [47] Nusdwinuringtyas et al, 2014","-0.3109;-0.3554;-0.2598;0.1499;0.8629;-0.5762;0.2944;1.1951",452.492753623188,719.144313981859,1284.24381229656,0.178618952861743,266.651560358671,151.17947521304,403.391402523519,266.651560358671,275.889945135128
14,"natalia_oliveira_2023",1,"[30] Osses et al. 2010","1",443.31884057971,593.003405797101,2642.56590845056,0.238846521044877,149.684565217391,44.0199999999999,269.079,149.684565217391,163.676170327177
15,"natalia_oliveira_2023",23,"[45] Kim et al. 2014; [20] Jenkins et al. 2009; [15] Masmoudi et al. 2008; [10] Camarri et al. 2006; [06] Gibbons et al. 2001; [13] Chetta et al. 2006; [30] Osses et al. 2010; [32] Soares, Pereira 2011; [37] Hill et al. 2011; [26] Jenkins et al. 2009; [04] Troosters, Gosselink & Decramer 1999; [27] Alameri et al. 2009; [48] Fernandes et al. 2016; [43] Rao et al. 2013; [02] Enright & Sherrill 1998; [34] Dourado, Vidotto, Guerra 2011; [18] Iwama et al. 2009; [40] Britto et al. 2013; [07] Enrigth et al. 2003; [47] Nusdwinuringtyas et al, 2014; [50] Zou et al. 2017; [58] Delbressine et al. 2023; [54] Almeida et al. 2019","0.3679;-0.0308;-0.0016;-0.3638;-0.1829;-0.3322;-0.1594;-0.2012;0.336;0.1002;0.3164;0.8359;-0.2287;-0.3576;0.6553;-0.0993;-0.2122;-0.0296;0.2124;0.6032;-0.3394;0.1089;0.0026",442.159420289855,580.888106650767,1270.35338442629,0.0708779747679681,138.728686360912,20.6158074752362,267.359171476236,138.728686360912,155.602544188343
16,"natalia_oliveira_2023",13,"[02] Enright & Sherrill 1998; [27] Alameri et al. 2009; [15] Masmoudi et al. 2008; [58] Delbressine et al. 2023; [45] Kim et al. 2014; [37] Hill et al. 2011; [20] Jenkins et al. 2009; [06] Gibbons et al. 2001; [48] Fernandes et al. 2016; [30] Osses et al. 2010; [50] Zou et al. 2017; [18] Iwama et al. 2009; [04] Troosters, Gosselink & Decramer 1999","0.6417;0.7961;-0.1058;0.0425;0.2994;0.3679;-0.154;-0.1164;-0.1317;-0.1555;-0.4087;-0.1034;0.0279",442.449275362319,532.582727643448,1152.01741497351,0.0388675202620424,90.1334522811292,-42.0987181114114,221.9500342408,95.7669195284996,116.634234696948
17,"natalia_oliveira_2023",9,"[06] Gibbons et al. 2001; [15] Masmoudi et al. 2008; [04] Troosters, Gosselink & Decramer 1999; [26] Jenkins et al. 2009; [58] Delbressine et al. 2023; [18] Iwama et al. 2009; [37] Hill et al. 2011; [30] Osses et al. 2010; [07] Enrigth et al. 2003","-0.2955;-0.2243;0.7036;0.1276;-0.0602;0.7831;0.2082;-0.4089;0.1664",448.710144927536,599.88256316228,3722.99977619318,0.188753175667924,151.172418234744,8.25152920326445,293.730750789335,151.494647700914,169.933545679865
18,"natalia_oliveira_2023",12,"[40] Britto et al. 2013; [54] Almeida et al. 2019; [13] Chetta et al. 2006; [58] Delbressine et al. 2023; [27] Alameri et al. 2009; [15] Masmoudi et al. 2008; [06] Gibbons et al. 2001; [48] Fernandes et al. 2016; [10] Camarri et al. 2006; [30] Osses et al. 2010; [04] Troosters, Gosselink & Decramer 1999; [20] Jenkins et al. 2009","0.2176;0.1609;-0.4336;0.5692;1.0945;0.0957;0.0419;-0.0799;-0.8418;-0.2089;0.7334;-0.349",435.623188405797,439.890217648251,1458.69213961878,0.124820127719057,4.26702924245434,-103.383921149986,125.297753272148,56.5693909401547,70.0196334637403
19,"natalia_oliveira_2023",10,"[10] Camarri et al. 2006; [02] Enright & Sherrill 1998; [47] Nusdwinuringtyas et al, 2014; [34] Dourado, Vidotto, Guerra 2011; [26] Jenkins et al. 2009; [40] Britto et al. 2013; [48] Fernandes et al. 2016; [30] Osses et al. 2010; [54] Almeida et al. 2019; [07] Enrigth et al. 2003","0.0119;0.3502;0.5625;0.0281;0.2348;0.0244;-0.3237;-0.1133;0.2025;0.0227",440.797101449275,612.790699349534,1310.8242472357,0.155542566236297,171.993597900259,37.3314238347639,290.429895185548,171.993597900259,185.440824417916
20,"natalia_oliveira_2023",3,"[32] Soares, Pereira 2011; [28] Ben Saad et al. 2009; [20] Jenkins et al. 2009","0.6426;0.0566;0.3008",447.144927536232,582.755758206638,2507.82520769557,0.113185567643406,135.610830670406,25.7533045549202,287.324785884523,136.441893559647,152.667870186075
21,"natalia_oliveira_2023",18,"[07] Enrigth et al. 2003; [48] Fernandes et al. 2016; [54] Almeida et al. 2019; [10] Camarri et al. 2006; [58] Delbressine et al. 2023; [40] Britto et al. 2013; [27] Alameri et al. 2009; [06] Gibbons et al. 2001; [45] Kim et al. 2014; [34] Dourado, Vidotto, Guerra 2011; [28] Ben Saad et al. 2009; [02] Enright & Sherrill 1998; [20] Jenkins et al. 2009; [18] Iwama et al. 2009; [13] Chetta et al. 2006; [30] Osses et al. 2010; [32] Soares, Pereira 2011; [50] Zou et al. 2017","0.2864;-0.1083;-0.0108;-0.423;0.0936;-0.1643;1.1426;-0.1921;0.6062;-0.2864;0.6153;1.0241;-0.2453;-0.0445;-0.3554;-0.2921;-0.3768;-0.2693",433.594202898551,385.990455378582,1785.43285147635,0.138341849230293,-47.6037475199688,-168.780107645006,75.4712841366924,74.7494479632194,87.9068537229006
22,"natalia_oliveira_2023",8,"[58] Delbressine et al. 2023; [06] Gibbons et al. 2001; [26] Jenkins et al. 2009; [43] Rao et al. 2013; [02] Enright & Sherrill 1998; [45] Kim et al. 2014; [20] Jenkins et al. 2009; [30] Osses et al. 2010","0.2396;-0.3686;-0.1318;-0.2112;1.0111;1.1244;-0.2743;-0.3893",440.188405797101,560.793634236341,2416.28792527614,0.273068047128462,120.605228439239,17.6011536082082,239.931768207746,121.366257245171,140.504641257123
23,"natalia_oliveira_2023",15,"[04] Troosters, Gosselink & Decramer 1999; [26] Jenkins et al. 2009; [15] Masmoudi et al. 2008; [34] Dourado, Vidotto, Guerra 2011; [32] Soares, Pereira 2011; [40] Britto et al. 2013; [54] Almeida et al. 2019; [20] Jenkins et al. 2009; [18] Iwama et al. 2009; [48] Fernandes et al. 2016; [10] Camarri et al. 2006; [37] Hill et al. 2011; [58] Delbressine et al. 2023; [27] Alameri et al. 2009; [13] Chetta et al. 2006","0.7451;-0.0122;0.036;-0.1725;-0.3506;0.0209;0.3427;-0.128;-0.0455;-0.1462;-0.5356;0.4747;0.2426;1.1067;-0.578",443.028985507246,566.789643816968,1985.3554294024,0.230689433157945,123.760658309721,-0.159359531633966,255.20905092297,124.857406702216,143.022922316365
24,"natalia_oliveira_2023",12,"[43] Rao et al. 2013; [45] Kim et al. 2014; [13] Chetta et al. 2006; [37] Hill et al. 2011; [07] Enrigth et al. 2003; [10] Camarri et al. 2006; [04] Troosters, Gosselink & Decramer 1999; [28] Ben Saad et al. 2009; [30] Osses et al. 2010; [20] Jenkins et al. 2009; [26] Jenkins et al. 2009; [27] Alameri et al. 2009","-0.44;0.3353;-0.4002;0.3723;0.233;-0.3845;0.278;0.4058;-0.1684;-0.0982;-0.0194;0.8864",454.753623188406,585.804313655039,1623.64091522307,0.111281187751942,131.050690466633,5.04568881728835,260.372199696391,131.050690466633,148.96922300174
25,"natalia_oliveira_2023",10,"[28] Ben Saad et al. 2009; [43] Rao et al. 2013; [50] Zou et al. 2017; [30] Osses et al. 2010; [02] Enright & Sherrill 1998; [47] Nusdwinuringtyas et al, 2014; [26] Jenkins et al. 2009; [18] Iwama et al. 2009; [13] Chetta et al. 2006; [07] Enrigth et al. 2003","0.2666;-0.0285;0.17;-0.2853;0.3638;0.8035;0.1574;-0.3152;-0.2853;0.1532",457.521739130435,564.957462185262,1230.17633757957,0.152485771060494,107.435723054828,-12.8717355889828,224.668965262273,108.753007458693,124.915934064283
26,"natalia_oliveira_2023",12,"[54] Almeida et al. 2019; [27] Alameri et al. 2009; [28] Ben Saad et al. 2009; [47] Nusdwinuringtyas et al, 2014; [26] Jenkins et al. 2009; [48] Fernandes et al. 2016; [43] Rao et al. 2013; [02] Enright & Sherrill 1998; [50] Zou et al. 2017; [32] Soares, Pereira 2011; [37] Hill et al. 2011; [34] Dourado, Vidotto, Guerra 2011","-0.175;0.9243;0.386;0.5242;0.0368;-0.4749;-0.3221;0.6305;-0.2071;-0.3336;0.2496;-0.2387",454.028985507246,596.976357130794,1382.39168802094,0.277970707921258,142.947371623548,55.2354624575605,273.203504526683,142.947371623548,157.217262429508
27,"natalia_oliveira_2023",4,"[28] Ben Saad et al. 2009; [20] Jenkins et al. 2009; [48] Fernandes et al. 2016; [54] Almeida et al. 2019","-0.0466;0.4547;0.332;0.2599",440.710144927536,575.956540099855,1237.3945739278,0.0746919904306848,135.246395172318,6.09675229404577,259.52282237762,135.321037475532,155.982467806037
28,"natalia_oliveira_2023",10,"[58] Delbressine et al. 2023; [06] Gibbons et al. 2001; [26] Jenkins et al. 2009; [07] Enrigth et al. 2003; [47] Nusdwinuringtyas et al, 2014; [13] Chetta et al. 2006; [18] Iwama et al. 2009; [34] Dourado, Vidotto, Guerra 2011; [28] Ben Saad et al. 2009; [10] Camarri et al. 2006","0.2189;-0.3179;0.0891;0.3312;0.9736;-0.298;-0.2685;-0.0909;0.4339;-0.0714",464.579710144928,524.232907172451,1257.56473905817,0.118313738022734,59.6531970275237,-40.8358691261383,196.819300721525,67.0491296226754,87.1929202025869
29,"natalia_oliveira_2023",22,"[32] Soares, Pereira 2011; [28] Ben Saad et al. 2009; [40] Britto et al. 2013; [02] Enright & Sherrill 1998; [37] Hill et al. 2011; [07] Enrigth et al. 2003; [43] Rao et al. 2013; [48] Fernandes et al. 2016; [18] Iwama et al. 2009; [54] Almeida et al. 2019; [10] Camarri et al. 2006; [58] Delbressine et al. 2023; [27] Alameri et al. 2009; [30] Osses et al. 2010; [04] Troosters, Gosselink & Decramer 1999; [15] Masmoudi et al. 2008; [13] Chetta et al. 2006; [20] Jenkins et al. 2009; [50] Zou et al. 2017; [34] Dourado, Vidotto, Guerra 2011; [45] Kim et al. 2014; [26] Jenkins et al. 2009","-0.3038;0.416;-0.0537;0.5994;0.2352;0.172;-0.2683;-0.1298;-0.0618;0.0774;-0.3112;0.0717;1.029;-0.194;0.2622;-0.0447;-0.3667;-0.1703;-0.2677;-0.1764;0.5947;-0.1093",452.536231884058,554.769502124414,1929.60310842169,0.19308108980382,102.233270240356,-18.4699293045365,227.581408120279,104.966721682928,123.226111044559
30,"natalia_oliveira_2023",10,"[07] Enrigth et al. 2003; [48] Fernandes et al. 2016; [13] Chetta et al. 2006; [58] Delbressine et al. 2023; [02] Enright & Sherrill 1998; [47] Nusdwinuringtyas et al, 2014; [28] Ben Saad et al. 2009; [43] Rao et al. 2013; [45] Kim et al. 2014; [10] Camarri et al. 2006","0.3511;-0.5287;-0.4695;0.0531;0.5535;0.8595;0.2373;-0.3029;0.7244;-0.4778",440.492753623188,611.704568064084,1761.59040956766,0.190931116892016,171.211814440895,39.3412393237049,293.97639579967,171.211814440895,185.525208562295
31,"natalia_oliveira_2023",21,"[40] Britto et al. 2013; [02] Enright & Sherrill 1998; [07] Enrigth et al. 2003; [06] Gibbons et al. 2001; [50] Zou et al. 2017; [37] Hill et al. 2011; [04] Troosters, Gosselink & Decramer 1999; [48] Fernandes et al. 2016; [20] Jenkins et al. 2009; [26] Jenkins et al. 2009; [34] Dourado, Vidotto, Guerra 2011; [27] Alameri et al. 2009; [47] Nusdwinuringtyas et al, 2014; [43] Rao et al. 2013; [10] Camarri et al. 2006; [32] Soares, Pereira 2011; [45] Kim et al. 2014; [13] Chetta et al. 2006; [15] Masmoudi et al. 2008; [58] Delbressine et al. 2023; [28] Ben Saad et al. 2009","0.1204;0.3467;0.1072;-0.0844;-0.2462;0.2919;-0.0183;-0.1609;-0.0171;0.0117;-0.0751;0.6133;0.4692;-0.2596;-0.2535;-0.1177;0.262;-0.2209;-0.0476;0.0432;0.2357",461.623188405797,568.504925540123,614.282272593254,0.0152403318831318,106.881737134326,2.32111009078747,231.293458461969,107.558581319096,125.199222984515
32,"natalia_oliveira_2023",10,"[32] Soares, Pereira 2011; [45] Kim et al. 2014; [37] Hill et al. 2011; [07] Enrigth et al. 2003; [15] Masmoudi et al. 2008; [20] Jenkins et al. 2009; [06] Gibbons et al. 2001; [43] Rao et al. 2013; [10] Camarri et al. 2006; [02] Enright & Sherrill 1998","-0.1105;0.8283;0.1512;0.1426;0.019;-0.0035;-0.202;-0.1289;-0.1305;0.4342",446.478260869565,592.624951622652,1786.12214890637,0.215607243844258,146.146690753087,37.8867603855795,269.125689712303,146.146690753087,158.377258102824
33,"natalia_oliveira_2023",1,"[47] Nusdwinuringtyas et al, 2014","1",445.739130434783,525.871405797101,68.7735291564364,0.0888172600480143,80.1322753623189,-40.2110999999999,202.42,87.5619855072464,101.803137034821
34,"natalia_oliveira_2023",8,"[34] Dourado, Vidotto, Guerra 2011; [54] Almeida et al. 2019; [13] Chetta et al. 2006; [02] Enright & Sherrill 1998; [32] Soares, Pereira 2011; [58] Delbressine et al. 2023; [27] Alameri et al. 2009; [26] Jenkins et al. 2009","-0.1667;0.0291;-0.2127;0.6035;-0.3154;0.2903;0.7887;-0.0169",442.579710144928,498.752788016693,1029.05577293207,0.0841956297928482,56.1730778717651,-76.1004018204293,181.653220811203,69.2770913065658,86.9105644753155
35,"natalia_oliveira_2023",14,"[54] Almeida et al. 2019; [48] Fernandes et al. 2016; [45] Kim et al. 2014; [30] Osses et al. 2010; [28] Ben Saad et al. 2009; [27] Alameri et al. 2009; [20] Jenkins et al. 2009; [07] Enrigth et al. 2003; [32] Soares, Pereira 2011; [02] Enright & Sherrill 1998; [06] Gibbons et al. 2001; [58] Delbressine et al. 2023; [26] Jenkins et al. 2009; [10] Camarri et al. 2006","0.0048;-0.2797;0.3941;-0.2915;0.5043;0.9914;-0.2247;0.2455;-0.3084;0.7779;-0.2988;0.0865;-0.1057;-0.4957",443.304347826087,388.485861609523,1660.25189153088,0.100973340325175,-54.8184862165637,-144.306888810891,86.3045976939813,83.9302583462798,92.4848788503137
36,"natalia_oliveira_2023",8,"[50] Zou et al. 2017; [07] Enrigth et al. 2003; [37] Hill et al. 2011; [26] Jenkins et al. 2009; [13] Chetta et al. 2006; [45] Kim et al. 2014; [40] Britto et al. 2013; [43] Rao et al. 2013","-0.2942;0.3934;0.6538;0.0304;-0.6569;1.216;0.031;-0.3736",431.521739130435,734.333732983258,1412.76084835113,0.273759677274275,302.811993852823,161.438833518501,423.567972586088,302.811993852823,311.221293083214
37,"natalia_oliveira_2023",7,"[04] Troosters, Gosselink & Decramer 1999; [54] Almeida et al. 2019; [20] Jenkins et al. 2009; [28] Ben Saad et al. 2009; [37] Hill et al. 2011; [13] Chetta et al. 2006; [06] Gibbons et al. 2001","0.3804;0.4266;0.1418;-0.0079;-0.2238;0.2169;0.066",450.521739130435,613.589471908709,2329.7256179678,0.313639923023436,163.067732778274,74.0553131174579,266.937885037807,163.067732778274,173.948182138009
38,"natalia_oliveira_2023",1,"[45] Kim et al. 2014","1",456.507246376812,576.386666666667,359.814254901961,0.0316073331416846,119.879420289855,-83.78,254.876,129.593043478261,146.246765137023
39,"natalia_oliveira_2023",20,"[28] Ben Saad et al. 2009; [15] Masmoudi et al. 2008; [13] Chetta et al. 2006; [50] Zou et al. 2017; [54] Almeida et al. 2019; [30] Osses et al. 2010; [07] Enrigth et al. 2003; [32] Soares, Pereira 2011; [47] Nusdwinuringtyas et al, 2014; [43] Rao et al. 2013; [02] Enright & Sherrill 1998; [10] Camarri et al. 2006; [18] Iwama et al. 2009; [27] Alameri et al. 2009; [26] Jenkins et al. 2009; [34] Dourado, Vidotto, Guerra 2011; [40] Britto et al. 2013; [45] Kim et al. 2014; [37] Hill et al. 2011; [04] Troosters, Gosselink & Decramer 1999","0.3543;-0.0111;-0.3392;-0.338;0.0602;-0.1352;0.1024;-0.0582;0.5013;-0.3453;0.481;-0.2836;-0.219;0.7364;0.0626;-0.0945;-0.0906;0.2994;0.1131;0.2039",436.086956521739,561.163342078742,1296.69516173023,0.101608024337345,125.076385557002,-12.5562048182538,249.295324779379,126.381631199989,145.900135054751
40,"natalia_oliveira_2023",12,"[15] Masmoudi et al. 2008; [04] Troosters, Gosselink & Decramer 1999; [47] Nusdwinuringtyas et al, 2014; [20] Jenkins et al. 2009; [50] Zou et al. 2017; [06] Gibbons et al. 2001; [10] Camarri et al. 2006; [58] Delbressine et al. 2023; [07] Enrigth et al. 2003; [30] Osses et al. 2010; [37] Hill et al. 2011; [27] Alameri et al. 2009","0.0381;0.8747;0.7334;-0.0707;-0.713;-0.561;-0.6344;0.1955;0.3315;-0.2322;0.1608;0.8774",441.971014492754,397.83920892731,1817.04261882578,0.28034116442525,-44.131805565444,-174.570643052068,82.0958738414057,72.2677600421992,85.7475746269204
41,"natalia_oliveira_2023",17,"[37] Hill et al. 2011; [58] Delbressine et al. 2023; [20] Jenkins et al. 2009; [18] Iwama et al. 2009; [54] Almeida et al. 2019; [32] Soares, Pereira 2011; [30] Osses et al. 2010; [02] Enright & Sherrill 1998; [43] Rao et al. 2013; [13] Chetta et al. 2006; [40] Britto et al. 2013; [07] Enrigth et al. 2003; [34] Dourado, Vidotto, Guerra 2011; [48] Fernandes et al. 2016; [28] Ben Saad et al. 2009; [06] Gibbons et al. 2001; [45] Kim et al. 2014","0.1996;-0.1008;-0.274;0.1004;0.2061;-0.4018;-0.4275;0.9939;-0.0207;-0.3671;-0.227;0.0874;-0.2764;-0.0282;0.5234;-0.3081;1.3209",436.04347826087,585.650907160372,2782.95699116519,0.280573180664974,149.607428899502,4.07409434838398,267.658945461356,149.607428899502,169.488199572146
42,"natalia_oliveira_2023",15,"[34] Dourado, Vidotto, Guerra 2011; [32] Soares, Pereira 2011; [07] Enrigth et al. 2003; [02] Enright & Sherrill 1998; [18] Iwama et al. 2009; [27] Alameri et al. 2009; [13] Chetta et al. 2006; [15] Masmoudi et al. 2008; [50] Zou et al. 2017; [37] Hill et al. 2011; [06] Gibbons et al. 2001; [48] Fernandes et al. 2016; [28] Ben Saad et al. 2009; [30] Osses et al. 2010; [45] Kim et al. 2014","-0.343;-0.4132;0.2625;0.7609;-0.0982;1.0018;-0.4027;-0.0953;-0.3475;0.4865;-0.2174;-0.1548;0.4382;-0.3715;0.4936",441.985507246377,529.857976527738,1933.06357796437,0.172425480397807,87.8724692813612,-18.4218025708581,220.54145163713,91.994046615923,112.340574286082
43,"natalia_oliveira_2023",18,"[54] Almeida et al. 2019; [48] Fernandes et al. 2016; [47] Nusdwinuringtyas et al, 2014; [30] Osses et al. 2010; [43] Rao et al. 2013; [10] Camarri et al. 2006; [02] Enright & Sherrill 1998; [15] Masmoudi et al. 2008; [45] Kim et al. 2014; [04] Troosters, Gosselink & Decramer 1999; [13] Chetta et al. 2006; [50] Zou et al. 2017; [58] Delbressine et al. 2023; [27] Alameri et al. 2009; [06] Gibbons et al. 2001; [20] Jenkins et al. 2009; [37] Hill et al. 2011; [32] Soares, Pereira 2011","-0.006;-0.2395;0.4757;-0.1086;-0.2982;-0.2775;0.3702;0.1233;0.3203;0.4379;-0.2506;-0.2692;0.1936;0.7351;-0.189;-0.1049;0.2882;-0.2009",450.115942028986,588.145784630185,1208.10595305638,0.135219719596797,138.0298426012,48.4973228882967,259.96767096088,138.0298426012,152.076895245903
44,"natalia_oliveira_2023",23,"[13] Chetta et al. 2006; [30] Osses et al. 2010; [27] Alameri et al. 2009; [28] Ben Saad et al. 2009; [43] Rao et al. 2013; [45] Kim et al. 2014; [04] Troosters, Gosselink & Decramer 1999; [02] Enright & Sherrill 1998; [06] Gibbons et al. 2001; [10] Camarri et al. 2006; [18] Iwama et al. 2009; [32] Soares, Pereira 2011; [26] Jenkins et al. 2009; [07] Enrigth et al. 2003; [15] Masmoudi et al. 2008; [34] Dourado, Vidotto, Guerra 2011; [20] Jenkins et al. 2009; [47] Nusdwinuringtyas et al, 2014; [37] Hill et al. 2011; [54] Almeida et al. 2019; [50] Zou et al. 2017; [58] Delbressine et al. 2023; [48] Fernandes et al. 2016","-0.4031;-0.3176;0.9336;0.4021;-0.3488;0.4459;0.4163;0.737;-0.2981;-0.2745;-0.2361;-0.3409;-0.0371;0.2311;-0.1018;-0.2166;-0.1841;0.6528;0.4436;0.0553;-0.3172;0.0366;-0.2783",445.101449275362,575.913162431633,1613.11188875624,0.108843025578453,130.811713156271,-3.75333349407924,272.365044682015,131.138089981843,152.216076686261
45,"natalia_oliveira_2023",5,"[06] Gibbons et al. 2001; [10] Camarri et al. 2006; [48] Fernandes et al. 2016; [27] Alameri et al. 2009; [15] Masmoudi et al. 2008","0.0149;-0.7101;-0.1903;0.9224;0.9632",431.913043478261,375.244751678016,838.895355450125,0.207945246721237,-56.6682918002444,-187.690532821742,52.7836513018684,70.7573422730451,88.9408857750049
46,"natalia_oliveira_2023",2,"[34] Dourado, Vidotto, Guerra 2011; [37] Hill et al. 2011","0.5;0.5",446.521739130435,643.792186666667,3420.4158615718,0.155830806173619,197.270447536232,59.0815599999999,327.8060255,197.270447536232,211.992805441128
47,"natalia_oliveira_2023",9,"[47] Nusdwinuringtyas et al, 2014; [45] Kim et al. 2014; [07] Enrigth et al. 2003; [15] Masmoudi et al. 2008; [26] Jenkins et al. 2009; [37] Hill et al. 2011; [43] Rao et al. 2013; [50] Zou et al. 2017; [40] Britto et al. 2013","0.6068;0.694;0.4553;0.089;0.3284;0.3529;-0.6863;-0.5878;-0.2524",456.666666666667,743.40081444369,1285.2282127031,0.222552901645415,286.734147777024,150.413077894691,416.002643898275,286.734147777024,296.173571556706
48,"natalia_oliveira_2023",11,"[40] Britto et al. 2013; [10] Camarri et al. 2006; [34] Dourado, Vidotto, Guerra 2011; [02] Enright & Sherrill 1998; [48] Fernandes et al. 2016; [20] Jenkins et al. 2009; [32] Soares, Pereira 2011; [04] Troosters, Gosselink & Decramer 1999; [13] Chetta et al. 2006; [28] Ben Saad et al. 2009; [06] Gibbons et al. 2001","-0.0048;0.6407;-0.1099;0.5028;0.3896;-0.1537;-0.1984;-0.0598;-0.0492;0.0964;-0.0538",456.753623188406,581.842552128904,1943.58271097899,0.10431512090412,125.088928940498,13.5742452629646,266.603270591227,125.088928940498,146.203581511797
49,"natalia_oliveira_2023",5,"[20] Jenkins et al. 2009; [02] Enright & Sherrill 1998; [45] Kim et al. 2014; [18] Iwama et al. 2009; [27] Alameri et al. 2009","-0.5306;0.953;0.2412;-0.4297;0.7661",452.36231884058,458.66848863947,1262.09938077348,0.15730613786524,6.30616979889,-113.039195767156,145.581522832534,54.454005528218,70.0777853728936
50,"natalia_oliveira_2023",22,"[10] Camarri et al. 2006; [15] Masmoudi et al. 2008; [43] Rao et al. 2013; [27] Alameri et al. 2009; [26] Jenkins et al. 2009; [45] Kim et al. 2014; [07] Enrigth et al. 2003; [37] Hill et al. 2011; [48] Fernandes et al. 2016; [20] Jenkins et al. 2009; [32] Soares, Pereira 2011; [02] Enright & Sherrill 1998; [04] Troosters, Gosselink & Decramer 1999; [47] Nusdwinuringtyas et al, 2014; [18] Iwama et al. 2009; [58] Delbressine et al. 2023; [13] Chetta et al. 2006; [28] Ben Saad et al. 2009; [50] Zou et al. 2017; [40] Britto et al. 2013; [30] Osses et al. 2010; [54] Almeida et al. 2019","-0.2563;0.0189;-0.2894;0.6794;0.066;0.2889;0.1397;0.1686;-0.1812;-0.0475;-0.2243;0.3641;0.2643;0.5119;-0.1586;0.0788;-0.2639;0.271;-0.2819;-0.031;-0.1482;0.0307",458.739130434783,590.83835741622,1226.23431095331,0.129240689898942,132.099226981438,29.1526254171531,259.627518339849,132.099226981438,146.475256882154
51,"natalia_oliveira_2023",9,"[26] Jenkins et al. 2009; [07] Enrigth et al. 2003; [02] Enright & Sherrill 1998; [15] Masmoudi et al. 2008; [32] Soares, Pereira 2011; [50] Zou et al. 2017; [54] Almeida et al. 2019; [10] Camarri et al. 2006; [18] Iwama et al. 2009","0.0172;0.0655;0.4905;-0.1515;-0.4041;0.3982;0.2856;0.2201;0.0784",453.376811594203,620.843677589875,2171.74904607768,0.210690414888017,167.466865995672,32.2083257909209,300.090361514084,167.466865995672,180.91635319637
52,"natalia_oliveira_2023",2,"[07] Enrigth et al. 2003; [06] Gibbons et al. 2001","0.5;0.5",444.898550724638,587.197789855072,3358.79166682651,0.213095699222152,142.299239130435,34.2149999999999,266.39525,142.299239130435,160.309851138949
53,"natalia_oliveira_2023",10,"[43] Rao et al. 2013; [28] Ben Saad et al. 2009; [54] Almeida et al. 2019; [32] Soares, Pereira 2011; [45] Kim et al. 2014; [04] Troosters, Gosselink & Decramer 1999; [37] Hill et al. 2011; [50] Zou et al. 2017; [34] Dourado, Vidotto, Guerra 2011; [47] Nusdwinuringtyas et al, 2014","-0.5392;0.6802;-0.1491;-0.4171;0.6312;0.6698;-0.0818;-0.4834;-0.2253;0.9147",445.898550724638,703.45225314776,1660.61332931843,0.217266777590921,257.553702423122,165.1017463723,381.812601415365,257.553702423122,266.331107167914
54,"natalia_oliveira_2023",8,"[45] Kim et al. 2014; [02] Enright & Sherrill 1998; [10] Camarri et al. 2006; [15] Masmoudi et al. 2008; [06] Gibbons et al. 2001; [48] Fernandes et al. 2016; [37] Hill et al. 2011; [30] Osses et al. 2010","1.0838;0.8961;-0.1549;-0.2641;-0.3842;-0.1538;0.4434;-0.4663",454.36231884058,615.349639535185,2185.63470260932,0.310805014743142,160.987320694605,29.0313681912231,278.320743376876,160.987320694605,174.198648888509
55,"natalia_oliveira_2023",7,"[30] Osses et al. 2010; [34] Dourado, Vidotto, Guerra 2011; [43] Rao et al. 2013; [32] Soares, Pereira 2011; [26] Jenkins et al. 2009; [27] Alameri et al. 2009; [13] Chetta et al. 2006","0.6105;-0.0965;-0.4308;-0.0729;0.1791;0.5977;0.2129",441.95652173913,610.812311153916,719.140448233003,0.218577457326873,168.855789414786,48.88824323154,298.882224142859,169.348971658493,183.176430897011
56,"natalia_oliveira_2023",23,"[32] Soares, Pereira 2011; [02] Enright & Sherrill 1998; [10] Camarri et al. 2006; [04] Troosters, Gosselink & Decramer 1999; [26] Jenkins et al. 2009; [30] Osses et al. 2010; [18] Iwama et al. 2009; [40] Britto et al. 2013; [48] Fernandes et al. 2016; [28] Ben Saad et al. 2009; [20] Jenkins et al. 2009; [27] Alameri et al. 2009; [50] Zou et al. 2017; [15] Masmoudi et al. 2008; [37] Hill et al. 2011; [06] Gibbons et al. 2001; [34] Dourado, Vidotto, Guerra 2011; [58] Delbressine et al. 2023; [13] Chetta et al. 2006; [43] Rao et al. 2013; [54] Almeida et al. 2019; [45] Kim et al. 2014; [07] Enrigth et al. 2003","-0.3555;0.6657;-0.3785;0.385;-0.129;-0.2982;-0.0318;-0.1066;-0.1137;0.3878;-0.2202;1.1672;-0.3151;-0.0859;0.453;-0.23;-0.2352;0.0599;-0.3838;-0.3092;0.2366;0.5877;0.2498",434.826086956522,550.773134660095,2196.13685573992,0.134505769090983,115.947047703573,-14.8640740740009,238.313488896114,118.358057617054,138.085076753404
57,"natalia_oliveira_2023",24,"[20] Jenkins et al. 2009; [32] Soares, Pereira 2011; [07] Enrigth et al. 2003; [50] Zou et al. 2017; [37] Hill et al. 2011; [18] Iwama et al. 2009; [26] Jenkins et al. 2009; [43] Rao et al. 2013; [28] Ben Saad et al. 2009; [27] Alameri et al. 2009; [34] Dourado, Vidotto, Guerra 2011; [15] Masmoudi et al. 2008; [45] Kim et al. 2014; [58] Delbressine et al. 2023; [02] Enright & Sherrill 1998; [48] Fernandes et al. 2016; [04] Troosters, Gosselink & Decramer 1999; [47] Nusdwinuringtyas et al, 2014; [40] Britto et al. 2013; [13] Chetta et al. 2006; [06] Gibbons et al. 2001; [54] Almeida et al. 2019; [30] Osses et al. 2010; [10] Camarri et al. 2006","-0.1058;-0.2513;0.2121;-0.3029;0.2814;-0.1774;-0.0191;-0.3187;0.3596;0.7954;-0.1561;0.0118;0.4035;0.1126;0.5052;-0.212;0.3101;0.5957;-0.0744;-0.3342;-0.2111;0.0198;-0.1656;-0.2785",457.391304347826,569.791478551142,1758.47083668252,0.152245782874319,112.400174203316,-10.9412920184874,248.641899293004,113.448809371362,131.639963061925
58,"natalia_oliveira_2023",12,"[50] Zou et al. 2017; [45] Kim et al. 2014; [10] Camarri et al. 2006; [18] Iwama et al. 2009; [20] Jenkins et al. 2009; [34] Dourado, Vidotto, Guerra 2011; [47] Nusdwinuringtyas et al, 2014; [43] Rao et al. 2013; [26] Jenkins et al. 2009; [06] Gibbons et al. 2001; [54] Almeida et al. 2019; [07] Enrigth et al. 2003","-0.453;0.6178;-0.3478;-0.3842;0.1096;-0.0089;1.0617;-0.5117;0.3275;-0.342;-0.1439;1.075",438.565217391304,559.95477962786,1353.12436297773,0.120558473467422,121.389562236555,16.9391989027141,232.094278878243,122.34731672195,140.781315211088
59,"natalia_oliveira_2023",22,"[30] Osses et al. 2010; [45] Kim et al. 2014; [48] Fernandes et al. 2016; [15] Masmoudi et al. 2008; [54] Almeida et al. 2019; [10] Camarri et al. 2006; [04] Troosters, Gosselink & Decramer 1999; [37] Hill et al. 2011; [58] Delbressine et al. 2023; [50] Zou et al. 2017; [20] Jenkins et al. 2009; [43] Rao et al. 2013; [18] Iwama et al. 2009; [26] Jenkins et al. 2009; [32] Soares, Pereira 2011; [27] Alameri et al. 2009; [06] Gibbons et al. 2001; [47] Nusdwinuringtyas et al, 2014; [28] Ben Saad et al. 2009; [34] Dourado, Vidotto, Guerra 2011; [40] Britto et al. 2013; [07] Enrigth et al. 2003","-0.2616;0.3893;-0.2593;-0.0575;0.1815;-0.3656;0.5803;0.3812;0.1013;-0.4618;-0.1434;-0.4538;-0.1879;-0.0367;-0.3469;0.864;-0.3699;0.7553;0.6501;-0.1663;-0.0826;0.2904",431.275362318841,606.413611704085,1302.53699163865,0.276990056447002,175.138249385245,52.5144033477092,288.798273284277,175.138249385245,189.178031599498
60,"natalia_oliveira_2023",2,"[45] Kim et al. 2014; [48] Fernandes et al. 2016","0.5;0.5",458.188405797101,514.828992753623,240.878239812447,0.114242493110246,56.6405869565217,-26.6955,160.6465,61.7476739130434,76.1571342882833
61,"natalia_oliveira_2023",24,"[54] Almeida et al. 2019; [50] Zou et al. 2017; [26] Jenkins et al. 2009; [43] Rao et al. 2013; [37] Hill et al. 2011; [48] Fernandes et al. 2016; [58] Delbressine et al. 2023; [07] Enrigth et al. 2003; [34] Dourado, Vidotto, Guerra 2011; [20] Jenkins et al. 2009; [18] Iwama et al. 2009; [02] Enright & Sherrill 1998; [28] Ben Saad et al. 2009; [10] Camarri et al. 2006; [15] Masmoudi et al. 2008; [13] Chetta et al. 2006; [04] Troosters, Gosselink & Decramer 1999; [47] Nusdwinuringtyas et al, 2014; [45] Kim et al. 2014; [27] Alameri et al. 2009; [06] Gibbons et al. 2001; [40] Britto et al. 2013; [30] Osses et al. 2010; [32] Soares, Pereira 2011","0.0251;-0.1556;-0.0746;-0.2017;0.1925;-0.2024;7e-04;0.1316;-0.2094;-0.1746;-0.1502;0.8115;0.4838;-0.1754;-0.1266;-0.3528;0.3046;0.5288;0.5055;0.7941;-0.2872;-0.1106;-0.272;-0.2852",441.710144927536,529.278286230251,1206.20560068607,0.316479032889,87.5681413027152,-45.3048275896098,208.977194287462,93.072243566016,109.905786813876
62,"natalia_oliveira_2023",11,"[47] Nusdwinuringtyas et al, 2014; [48] Fernandes et al. 2016; [20] Jenkins et al. 2009; [04] Troosters, Gosselink & Decramer 1999; [28] Ben Saad et al. 2009; [43] Rao et al. 2013; [45] Kim et al. 2014; [30] Osses et al. 2010; [06] Gibbons et al. 2001; [15] Masmoudi et al. 2008; [32] Soares, Pereira 2011","0.6323;-0.0628;-0.1396;0.4278;0.7532;-0.2203;0.3714;-0.2612;-0.1321;-0.0639;-0.3047",458.31884057971,633.371578848688,1390.66491264118,0.363127166806094,175.052738268978,65.46202227096,300.167458976113,175.052738268978,183.924069750811
63,"natalia_oliveira_2023",15,"[48] Fernandes et al. 2016; [13] Chetta et al. 2006; [37] Hill et al. 2011; [18] Iwama et al. 2009; [10] Camarri et al. 2006; [54] Almeida et al. 2019; [06] Gibbons et al. 2001; [02] Enright & Sherrill 1998; [58] Delbressine et al. 2023; [34] Dourado, Vidotto, Guerra 2011; [26] Jenkins et al. 2009; [32] Soares, Pereira 2011; [45] Kim et al. 2014; [30] Osses et al. 2010; [40] Britto et al. 2013","-0.0315;-0.2266;0.2244;0.01;-0.2044;0.2656;-0.0581;0.3944;-0.0013;-0.0831;0.0393;0.0129;0.7622;-0.1308;0.027",439.115942028986,600.907430661908,890.264158573549,0.0466667762045755,161.791488632923,66.0552765747559,287.896277217362,161.791488632923,175.310672845405
64,"natalia_oliveira_2023",6,"[26] Jenkins et al. 2009; [40] Britto et al. 2013; [34] Dourado, Vidotto, Guerra 2011; [47] Nusdwinuringtyas et al, 2014; [10] Camarri et al. 2006; [15] Masmoudi et al. 2008","0.2886;-0.0299;0.003;0.4006;-0.1979;0.5356",448.507246376812,536.916642785652,1821.49354190101,0.364739072461432,88.4093964088408,-23.508695313603,215.388887241761,92.2640189230242,112.744360572135
65,"natalia_oliveira_2023",18,"[37] Hill et al. 2011; [02] Enright & Sherrill 1998; [45] Kim et al. 2014; [50] Zou et al. 2017; [27] Alameri et al. 2009; [26] Jenkins et al. 2009; [06] Gibbons et al. 2001; [07] Enrigth et al. 2003; [04] Troosters, Gosselink & Decramer 1999; [43] Rao et al. 2013; [30] Osses et al. 2010; [48] Fernandes et al. 2016; [13] Chetta et al. 2006; [18] Iwama et al. 2009; [10] Camarri et al. 2006; [20] Jenkins et al. 2009; [47] Nusdwinuringtyas et al, 2014; [15] Masmoudi et al. 2008","0.4534;0.9371;0.4855;-0.252;0.8906;-0.1272;-0.3196;0.2316;0.314;-0.3014;-0.3073;-0.3012;-0.3993;-0.2611;-0.3057;-0.2285;0.6155;-0.1247",448.057971014493,553.541417565027,1222.20903379369,0.150473071755218,105.483446550534,-26.625485866311,235.714721984015,108.77786635008,130.227344694112
66,"natalia_oliveira_2023",4,"[37] Hill et al. 2011; [45] Kim et al. 2014; [04] Troosters, Gosselink & Decramer 1999; [02] Enright & Sherrill 1998","0.0285;0.437;0.059;0.4755",454.101449275362,583.202322345984,2331.33954645187,0.303781484015903,129.100873070622,10.3973584246957,249.164479194086,129.31080154664,144.550003178036
67,"natalia_oliveira_2023",18,"[37] Hill et al. 2011; [58] Delbressine et al. 2023; [10] Camarri et al. 2006; [54] Almeida et al. 2019; [26] Jenkins et al. 2009; [45] Kim et al. 2014; [48] Fernandes et al. 2016; [50] Zou et al. 2017; [47] Nusdwinuringtyas et al, 2014; [28] Ben Saad et al. 2009; [18] Iwama et al. 2009; [02] Enright & Sherrill 1998; [04] Troosters, Gosselink & Decramer 1999; [30] Osses et al. 2010; [40] Britto et al. 2013; [06] Gibbons et al. 2001; [07] Enrigth et al. 2003; [15] Masmoudi et al. 2008","-0.0036;-0.0491;-0.259;0.114;-0.091;0.6986;-0.2755;-0.2766;0.8382;0.4724;-0.201;0.7492;0.3106;-0.3407;-0.1851;-0.3906;0.0336;-0.1443",449.246376811594,555.348061626665,1745.89121682767,0.22554131221887,106.10168481507,-22.9338298034519,223.234046353275,108.264409677861,125.164403174676
68,"natalia_oliveira_2023",7,"[26] Jenkins et al. 2009; [43] Rao et al. 2013; [47] Nusdwinuringtyas et al, 2014; [30] Osses et al. 2010; [15] Masmoudi et al. 2008; [06] Gibbons et al. 2001; [18] Iwama et al. 2009","0.2133;-0.6839;1.0573;0.02;0.82;0.0031;-0.4298",445.942028985507,665.69682279098,1075.40865114769,0.062985212462234,219.754793805473,117.673643763699,337.734147106694,219.754793805473,229.728055204379
69,"natalia_oliveira_2023",18,"[02] Enright & Sherrill 1998; [48] Fernandes et al. 2016; [04] Troosters, Gosselink & Decramer 1999; [58] Delbressine et al. 2023; [37] Hill et al. 2011; [34] Dourado, Vidotto, Guerra 2011; [06] Gibbons et al. 2001; [30] Osses et al. 2010; [13] Chetta et al. 2006; [40] Britto et al. 2013; [28] Ben Saad et al. 2009; [54] Almeida et al. 2019; [45] Kim et al. 2014; [43] Rao et al. 2013; [07] Enrigth et al. 2003; [18] Iwama et al. 2009; [50] Zou et al. 2017; [15] Masmoudi et al. 2008","0.3542;1e-04;0.0766;-0.0335;0.3259;-0.1284;-0.0412;-0.2078;-0.2269;-0.0704;0.209;0.1658;0.8572;-0.1572;0.0703;0.0476;-0.1102;-0.1313",439.507246376812,658.810103178287,1062.05309881246,0.0551866751038179,219.302856801475,105.55285317481,342.551626869349,219.302856801475,228.05739376175
70,"natalia_oliveira_2023",17,"[27] Alameri et al. 2009; [18] Iwama et al. 2009; [43] Rao et al. 2013; [15] Masmoudi et al. 2008; [20] Jenkins et al. 2009; [04] Troosters, Gosselink & Decramer 1999; [48] Fernandes et al. 2016; [10] Camarri et al. 2006; [13] Chetta et al. 2006; [28] Ben Saad et al. 2009; [26] Jenkins et al. 2009; [58] Delbressine et al. 2023; [07] Enrigth et al. 2003; [37] Hill et al. 2011; [06] Gibbons et al. 2001; [45] Kim et al. 2014; [02] Enright & Sherrill 1998","0.9353;-0.0628;-0.2051;-0.2136;-0.3249;0.2888;-0.1288;-0.3484;-0.3301;0.3574;-0.2272;-0.0749;0.0968;0.2442;-0.2452;0.5322;0.7064",457.014492753623,499.682222824106,1393.00339072175,0.272618785045786,42.6677300704831,-76.2429294212808,172.97933788549,58.5487726299213,75.5747419783582
71,"natalia_oliveira_2023",2,"[30] Osses et al. 2010; [40] Britto et al. 2013","0.5;0.5",452.231884057971,583.933142989574,2597.8411724212,0.11864377220105,131.701258931603,12.9872681014765,271.386721992654,132.181615409758,151.39642538362
72,"natalia_oliveira_2023",13,"[37] Hill et al. 2011; [18] Iwama et al. 2009; [47] Nusdwinuringtyas et al, 2014; [34] Dourado, Vidotto, Guerra 2011; [54] Almeida et al. 2019; [20] Jenkins et al. 2009; [45] Kim et al. 2014; [32] Soares, Pereira 2011; [02] Enright & Sherrill 1998; [43] Rao et al. 2013; [28] Ben Saad et al. 2009; [50] Zou et al. 2017; [07] Enrigth et al. 2003","0.1209;-0.4942;0.6476;-0.1621;-0.0214;-0.1555;0.8391;-0.3528;0.6098;-0.3399;0.3691;-0.1915;0.131",453.144927536232,645.771626558909,1438.24553130423,0.154794137891625,192.626699022677,71.3331873689955,318.318368470101,192.626699022677,204.648429907254
73,"natalia_oliveira_2023",17,"[40] Britto et al. 2013; [02] Enright & Sherrill 1998; [54] Almeida et al. 2019; [04] Troosters, Gosselink & Decramer 1999; [45] Kim et al. 2014; [34] Dourado, Vidotto, Guerra 2011; [07] Enrigth et al. 2003; [47] Nusdwinuringtyas et al, 2014; [27] Alameri et al. 2009; [30] Osses et al. 2010; [43] Rao et al. 2013; [26] Jenkins et al. 2009; [06] Gibbons et al. 2001; [18] Iwama et al. 2009; [15] Masmoudi et al. 2008; [10] Camarri et al. 2006; [48] Fernandes et al. 2016","0.0078;0.7547;0.0139;0.3616;0.3163;-0.171;0.279;0.5284;0.71;-0.1834;-0.3808;-0.0724;-0.2356;-0.2253;-0.0044;-0.4445;-0.2542",459.173913043478,521.975215571873,1638.95802130448,0.192022302549573,62.8013025283944,-63.8591076707905,205.27109790594,72.1269845920961,90.548467653984
74,"natalia_oliveira_2023",9,"[06] Gibbons et al. 2001; [26] Jenkins et al. 2009; [32] Soares, Pereira 2011; [02] Enright & Sherrill 1998; [45] Kim et al. 2014; [58] Delbressine et al. 2023; [54] Almeida et al. 2019; [47] Nusdwinuringtyas et al, 2014; [07] Enrigth et al. 2003","-0.7001;0.0465;-0.4577;0.8623;0.5188;0.075;-0.2552;0.696;0.2144",451.565217391304,485.743474516692,1609.19906230283,0.175948558358348,34.1782571253879,-68.5699254185098,158.986412498803,59.6006138386592,77.2535670085841
75,"natalia_oliveira_2023",9,"[45] Kim et al. 2014; [37] Hill et al. 2011; [50] Zou et al. 2017; [43] Rao et al. 2013; [20] Jenkins et al. 2009; [58] Delbressine et al. 2023; [47] Nusdwinuringtyas et al, 2014; [18] Iwama et al. 2009; [27] Alameri et al. 2009","0.1186;0.3942;-0.1954;-0.2103;0.1381;0.2807;0.3171;-0.0732;0.2303",456.855072463768,648.320926769662,1541.55480628758,0.402286599549002,191.465854305894,87.5278909277114,325.621242365986,191.465854305894,201.370710218243
76,"natalia_oliveira_2023",10,"[30] Osses et al. 2010; [26] Jenkins et al. 2009; [37] Hill et al. 2011; [43] Rao et al. 2013; [04] Troosters, Gosselink & Decramer 1999; [45] Kim et al. 2014; [13] Chetta et al. 2006; [27] Alameri et al. 2009; [02] Enright & Sherrill 1998; [20] Jenkins et al. 2009","-0.2939;-0.1225;0.3731;-0.4619;0.3481;0.3745;-0.4773;0.8346;0.6436;-0.2182",432.985507246377,622.497858569875,1593.07525090424,0.171101768289737,189.512351323499,78.501696046315,308.086394275311,189.512351323499,201.298384404336
77,"natalia_oliveira_2023",23,"[15] Masmoudi et al. 2008; [32] Soares, Pereira 2011; [30] Osses et al. 2010; [06] Gibbons et al. 2001; [50] Zou et al. 2017; [48] Fernandes et al. 2016; [20] Jenkins et al. 2009; [02] Enright & Sherrill 1998; [58] Delbressine et al. 2023; [37] Hill et al. 2011; [45] Kim et al. 2014; [26] Jenkins et al. 2009; [43] Rao et al. 2013; [27] Alameri et al. 2009; [07] Enrigth et al. 2003; [40] Britto et al. 2013; [18] Iwama et al. 2009; [34] Dourado, Vidotto, Guerra 2011; [10] Camarri et al. 2006; [04] Troosters, Gosselink & Decramer 1999; [47] Nusdwinuringtyas et al, 2014; [28] Ben Saad et al. 2009; [54] Almeida et al. 2019","-0.163;-0.3254;-0.2972;-0.3208;-0.2025;-0.2499;-0.1471;0.7207;-0.0414;0.2938;0.4556;-0.0204;-0.2472;0.7724;0.1248;-0.1312;-0.1997;-0.1416;-0.1873;0.2879;0.5244;0.3951;0.1",452.507246376812,564.664579072225,1092.34795414744,0.312800599755622,112.157332695413,-0.760365454281802,249.431276685166,113.318006637567,131.634499603284
78,"natalia_oliveira_2023",14,"[07] Enrigth et al. 2003; [45] Kim et al. 2014; [50] Zou et al. 2017; [15] Masmoudi et al. 2008; [20] Jenkins et al. 2009; [43] Rao et al. 2013; [02] Enright & Sherrill 1998; [48] Fernandes et al. 2016; [06] Gibbons et al. 2001; [54] Almeida et al. 2019; [47] Nusdwinuringtyas et al, 2014; [10] Camarri et al. 2006; [40] Britto et al. 2013; [13] Chetta et al. 2006","0.4541;0.7893;-0.1848;0.0723;-0.2188;-0.2533;0.9399;-0.2922;-0.3861;-0.004;0.9381;-0.2119;-0.2387;-0.404",441.376811594203,547.013087741596,1560.67757813968,0.277179117101301,105.636276147393,-31.9065260736608,214.108717149246,108.987251654085,126.055707247996
79,"natalia_oliveira_2023",3,"[58] Delbressine et al. 2023; [47] Nusdwinuringtyas et al, 2014; [54] Almeida et al. 2019","0.5018;0.5092;-0.011",427.289855072464,563.295881029046,1069.36801029874,0.152247007760817,136.006025956582,-9.24828823048994,250.374074646822,137.580878805816,157.090183589575
80,"natalia_oliveira_2023",20,"[43] Rao et al. 2013; [47] Nusdwinuringtyas et al, 2014; [10] Camarri et al. 2006; [54] Almeida et al. 2019; [48] Fernandes et al. 2016; [06] Gibbons et al. 2001; [58] Delbressine et al. 2023; [32] Soares, Pereira 2011; [50] Zou et al. 2017; [28] Ben Saad et al. 2009; [13] Chetta et al. 2006; [34] Dourado, Vidotto, Guerra 2011; [37] Hill et al. 2011; [27] Alameri et al. 2009; [04] Troosters, Gosselink & Decramer 1999; [30] Osses et al. 2010; [45] Kim et al. 2014; [26] Jenkins et al. 2009; [40] Britto et al. 2013; [18] Iwama et al. 2009","-0.3939;0.7657;-0.3713;0.0439;-0.231;-0.2523;0.2134;-0.2865;-0.3985;0.6495;-0.4092;-0.1539;0.5714;0.818;0.5788;-0.1873;0.3382;-0.0242;-0.0863;-0.1846",426.913043478261,653.885601833028,1781.78854358799,0.138753860164952,226.972558354767,76.4548505315415,342.108199763493,226.972558354767,238.764689323732
81,"natalia_oliveira_2023",7,"[37] Hill et al. 2011; [18] Iwama et al. 2009; [13] Chetta et al. 2006; [07] Enrigth et al. 2003; [28] Ben Saad et al. 2009; [48] Fernandes et al. 2016; [10] Camarri et al. 2006","0.3247;0.3304;-0.3112;-0.0565;0.2933;0.1218;0.2974",449.95652173913,634.882508645148,2333.36700056785,0.257492308798408,184.925986906017,47.5565281904948,327.179922788841,184.925986906017,199.659834746043
82,"natalia_oliveira_2023",12,"[13] Chetta et al. 2006; [07] Enrigth et al. 2003; [58] Delbressine et al. 2023; [54] Almeida et al. 2019; [30] Osses et al. 2010; [06] Gibbons et al. 2001; [47] Nusdwinuringtyas et al, 2014; [34] Dourado, Vidotto, Guerra 2011; [48] Fernandes et al. 2016; [02] Enright & Sherrill 1998; [32] Soares, Pereira 2011; [28] Ben Saad et al. 2009","-0.2887;0.3271;0.1464;-0.0475;-0.2612;-0.398;1.219;-0.1211;-0.3279;0.5754;-0.1789;0.3554",454.666666666667,525.329972945451,1674.4208362875,0.118964001192263,70.6633062787846,-45.1006394118079,193.498458408214,77.9793944448867,100.996955896289
83,"natalia_oliveira_2023",2,"[07] Enrigth et al. 2003; [18] Iwama et al. 2009","0.5;0.5",468.594202898551,536.549855072464,2138.13263342722,0.279813721166614,67.955652173913,-25.981,198.3311,74.755463768116,92.6192343605986
84,"natalia_oliveira_2023",8,"[07] Enrigth et al. 2003; [13] Chetta et al. 2006; [26] Jenkins et al. 2009; [37] Hill et al. 2011; [40] Britto et al. 2013; [30] Osses et al. 2010; [18] Iwama et al. 2009; [58] Delbressine et al. 2023","0.1542;-0.148;0.3578;0.2302;0.1046;-0.1999;0.4722;0.0289",457.434782608696,608.379479760233,2202.37607046409,0.119063822219945,150.944697151537,4.70940342653171,283.957167142018,150.944697151537,169.850620454106
85,"natalia_oliveira_2023",19,"[43] Rao et al. 2013; [06] Gibbons et al. 2001; [04] Troosters, Gosselink & Decramer 1999; [34] Dourado, Vidotto, Guerra 2011; [30] Osses et al. 2010; [48] Fernandes et al. 2016; [13] Chetta et al. 2006; [37] Hill et al. 2011; [07] Enrigth et al. 2003; [18] Iwama et al. 2009; [45] Kim et al. 2014; [32] Soares, Pereira 2011; [54] Almeida et al. 2019; [28] Ben Saad et al. 2009; [50] Zou et al. 2017; [10] Camarri et al. 2006; [27] Alameri et al. 2009; [47] Nusdwinuringtyas et al, 2014; [40] Britto et al. 2013","-0.3611;-0.2516;0.3599;-0.1483;-0.1428;-0.2487;-0.3869;0.5661;0.3741;-0.2013;0.3511;-0.2433;0.0613;0.4822;-0.3455;-0.3233;0.7321;0.7391;-0.0129",441.115942028986,623.754575299988,1625.66695285406,0.166700872488757,182.638633271002,70.2633117530089,297.021638764147,182.638633271002,194.281539393652
86,"natalia_oliveira_2023",18,"[28] Ben Saad et al. 2009; [30] Osses et al. 2010; [06] Gibbons et al. 2001; [54] Almeida et al. 2019; [26] Jenkins et al. 2009; [58] Delbressine et al. 2023; [10] Camarri et al. 2006; [20] Jenkins et al. 2009; [32] Soares, Pereira 2011; [04] Troosters, Gosselink & Decramer 1999; [13] Chetta et al. 2006; [07] Enrigth et al. 2003; [15] Masmoudi et al. 2008; [47] Nusdwinuringtyas et al, 2014; [18] Iwama et al. 2009; [27] Alameri et al. 2009; [50] Zou et al. 2017; [40] Britto et al. 2013","0.7286;-0.3031;-0.2621;0.1335;-0.1006;0.1738;-0.4116;-0.23;-0.359;0.665;-0.4256;0.4049;-0.0259;0.7098;-0.1903;0.9419;-0.3644;-0.0847",429.246376811594,430.928051718386,1290.88214937682,0.227836215459492,1.6816749067914,-123.950537972766,122.028980712788,56.3572285924897,69.9651460205051
87,"natalia_oliveira_2023",16,"[02] Enright & Sherrill 1998; [43] Rao et al. 2013; [10] Camarri et al. 2006; [30] Osses et al. 2010; [04] Troosters, Gosselink & Decramer 1999; [58] Delbressine et al. 2023; [13] Chetta et al. 2006; [47] Nusdwinuringtyas et al, 2014; [32] Soares, Pereira 2011; [34] Dourado, Vidotto, Guerra 2011; [18] Iwama et al. 2009; [28] Ben Saad et al. 2009; [54] Almeida et al. 2019; [07] Enrigth et al. 2003; [26] Jenkins et al. 2009; [40] Britto et al. 2013","0.1745;-0.0454;0.1167;-0.1859;0.5406;-0.0192;-0.3352;0.8428;-0.16;0.011;-0.2149;0.1937;0.0461;-0.0282;0.2595;-0.1961",460.652173913043,651.906375676148,1720.81244116223,0.265307094636349,191.254201763105,76.970623381201,306.596501691432,191.254201763105,201.437035222698
88,"natalia_oliveira_2023",13,"[20] Jenkins et al. 2009; [27] Alameri et al. 2009; [43] Rao et al. 2013; [04] Troosters, Gosselink & Decramer 1999; [37] Hill et al. 2011; [02] Enright & Sherrill 1998; [28] Ben Saad et al. 2009; [58] Delbressine et al. 2023; [34] Dourado, Vidotto, Guerra 2011; [10] Camarri et al. 2006; [45] Kim et al. 2014; [40] Britto et al. 2013; [30] Osses et al. 2010","-0.279;1.0891;-0.5463;0.495;0.0418;0.8454;0.459;-0.1405;-0.2811;-0.5225;0.4505;-0.1412;-0.4701",439.521739130435,517.75237000129,2332.12858496183,0.171372558196438,78.2306308708549,-41.0992605550233,207.571296113598,84.8029236640291,110.183860434723
89,"natalia_oliveira_2023",20,"[50] Zou et al. 2017; [27] Alameri et al. 2009; [34] Dourado, Vidotto, Guerra 2011; [15] Masmoudi et al. 2008; [20] Jenkins et al. 2009; [10] Camarri et al. 2006; [13] Chetta et al. 2006; [47] Nusdwinuringtyas et al, 2014; [30] Osses et al. 2010; [45] Kim et al. 2014; [04] Troosters, Gosselink & Decramer 1999; [07] Enrigth et al. 2003; [43] Rao et al. 2013; [37] Hill et al. 2011; [28] Ben Saad et al. 2009; [58] Delbressine et al. 2023; [32] Soares, Pereira 2011; [26] Jenkins et al. 2009; [02] Enright & Sherrill 1998; [54] Almeida et al. 2019","-0.2783;0.6686;-0.0764;0.0399;0.0199;-0.2495;-0.3337;0.4038;-0.1176;0.3026;0.2975;0.0903;-0.324;0.0358;0.2585;0.0624;-0.1764;0.1341;0.3073;-0.0648",443.347826086957,571.4169368554,1083.16901617353,0.111650695459958,128.069110768444,34.985314256955,247.681218397966,128.069110768444,143.50849453453
90,"natalia_oliveira_2023",2,"[04] Troosters, Gosselink & Decramer 1999; [18] Iwama et al. 2009","0.5;0.5",442.217391304348,599.370963768116,2923.0552548994,0.209741483177393,157.153572463768,3.70650000000001,286.6318,157.366804347826,174.839873768901
91,"natalia_oliveira_2023",24,"[26] Jenkins et al. 2009; [28] Ben Saad et al. 2009; [02] Enright & Sherrill 1998; [07] Enrigth et al. 2003; [20] Jenkins et al. 2009; [54] Almeida et al. 2019; [06] Gibbons et al. 2001; [27] Alameri et al. 2009; [47] Nusdwinuringtyas et al, 2014; [45] Kim et al. 2014; [32] Soares, Pereira 2011; [48] Fernandes et al. 2016; [43] Rao et al. 2013; [18] Iwama et al. 2009; [34] Dourado, Vidotto, Guerra 2011; [37] Hill et al. 2011; [50] Zou et al. 2017; [40] Britto et al. 2013; [58] Delbressine et al. 2023; [15] Masmoudi et al. 2008; [13] Chetta et al. 2006; [10] Camarri et al. 2006; [30] Osses et al. 2010; [04] Troosters, Gosselink & Decramer 1999","-0.0946;0.4318;0.6839;0.2334;-0.1677;0.0019;-0.2995;0.8597;0.7306;0.4522;-0.3424;-0.2682;-0.3331;-0.2214;-0.1718;0.384;-0.2833;-0.058;0.0849;-0.0398;-0.4107;-0.3029;-0.2156;0.3468",458.101449275362,572.266735852003,1735.01180792668,0.122479198914566,114.165286576641,12.0345173298224,247.984956069819,114.847630487045,134.070306699373
92,"natalia_oliveira_2023",18,"[43] Rao et al. 2013; [40] Britto et al. 2013; [30] Osses et al. 2010; [04] Troosters, Gosselink & Decramer 1999; [13] Chetta et al. 2006; [48] Fernandes et al. 2016; [18] Iwama et al. 2009; [47] Nusdwinuringtyas et al, 2014; [28] Ben Saad et al. 2009; [58] Delbressine et al. 2023; [26] Jenkins et al. 2009; [45] Kim et al. 2014; [15] Masmoudi et al. 2008; [50] Zou et al. 2017; [20] Jenkins et al. 2009; [34] Dourado, Vidotto, Guerra 2011; [54] Almeida et al. 2019; [37] Hill et al. 2011","-0.4171;-0.0441;-0.2888;0.5507;-0.4776;-0.3092;-0.2593;0.9317;0.5345;0.1016;0.0328;0.6752;-0.0438;-0.362;-0.1454;-0.1521;0.1266;0.5464",447.753623188406,804.639499295403,1775.92016830996,0.0842770268421134,356.885876106998,208.983918930214,491.834026416439,356.885876106998,364.173446462772
93,"natalia_oliveira_2023",17,"[07] Enrigth et al. 2003; [26] Jenkins et al. 2009; [15] Masmoudi et al. 2008; [45] Kim et al. 2014; [04] Troosters, Gosselink & Decramer 1999; [27] Alameri et al. 2009; [28] Ben Saad et al. 2009; [18] Iwama et al. 2009; [40] Britto et al. 2013; [58] Delbressine et al. 2023; [20] Jenkins et al. 2009; [10] Camarri et al. 2006; [30] Osses et al. 2010; [13] Chetta et al. 2006; [50] Zou et al. 2017; [34] Dourado, Vidotto, Guerra 2011; [02] Enright & Sherrill 1998","0.2312;-0.1358;0.0123;0.3898;0.1164;0.7331;0.2664;-0.0877;0.1178;0.1342;-0.1392;-0.3016;-0.0979;-0.2078;-0.2428;-0.1583;0.37",468.550724637681,453.329545161773,1439.1125240992,0.140353777697076,-15.2211794759079,-97.0929097194657,126.00816497278,50.6916315125731,61.8967292099706
94,"natalia_oliveira_2023",14,"[34] Dourado, Vidotto, Guerra 2011; [20] Jenkins et al. 2009; [06] Gibbons et al. 2001; [02] Enright & Sherrill 1998; [26] Jenkins et al. 2009; [58] Delbressine et al. 2023; [30] Osses et al. 2010; [18] Iwama et al. 2009; [50] Zou et al. 2017; [47] Nusdwinuringtyas et al, 2014; [37] Hill et al. 2011; [07] Enrigth et al. 2003; [27] Alameri et al. 2009; [32] Soares, Pereira 2011","-0.121;-0.1018;-0.4575;0.7198;0.0679;0.1399;-0.262;-0.3961;-0.3266;0.4783;0.3569;0.3092;0.887;-0.2938",443.492753623188,460.577534941058,1531.2571882239,0.222924686204981,17.08478131787,-89.5213550668973,132.28014684635,52.5473845001282,66.7306348592527
95,"natalia_oliveira_2023",7,"[47] Nusdwinuringtyas et al, 2014; [28] Ben Saad et al. 2009; [34] Dourado, Vidotto, Guerra 2011; [27] Alameri et al. 2009; [26] Jenkins et al. 2009; [15] Masmoudi et al. 2008; [10] Camarri et al. 2006","0.0666;1.0011;-0.4243;0.9333;0.0052;-0.025;-0.5569",455.463768115942,423.240494806133,898.302818393566,0.204590708023447,-32.223273309809,-174.931938371356,94.0575462580563,67.6596584328583,81.4122029625297
96,"natalia_oliveira_2023",10,"[04] Troosters, Gosselink & Decramer 1999; [47] Nusdwinuringtyas et al, 2014; [07] Enrigth et al. 2003; [43] Rao et al. 2013; [34] Dourado, Vidotto, Guerra 2011; [10] Camarri et al. 2006; [27] Alameri et al. 2009; [18] Iwama et al. 2009; [02] Enright & Sherrill 1998; [15] Masmoudi et al. 2008","0.3944;0.5275;0.056;-0.3929;-0.4169;-0.36;0.9604;-0.4681;0.9061;-0.2066",441.420289855072,515.882286551807,1205.78807084564,0.205193951391871,74.4619966967348,-61.3444612237111,196.82590021044,82.0321256387691,101.596824696
97,"natalia_oliveira_2023",10,"[45] Kim et al. 2014; [37] Hill et al. 2011; [54] Almeida et al. 2019; [34] Dourado, Vidotto, Guerra 2011; [47] Nusdwinuringtyas et al, 2014; [10] Camarri et al. 2006; [13] Chetta et al. 2006; [58] Delbressine et al. 2023; [26] Jenkins et al. 2009; [48] Fernandes et al. 2016","0.5399;0.6374;0.0544;-0.0224;0.7088;-0.3848;-0.6768;0.406;0.3229;-0.5854",452.811594202899,710.815841219731,1144.93030847691,0.15141296097865,258.004247016832,144.149077083247,399.687751525684,258.004247016832,267.83409966477
98,"natalia_oliveira_2023",12,"[07] Enrigth et al. 2003; [15] Masmoudi et al. 2008; [20] Jenkins et al. 2009; [06] Gibbons et al. 2001; [58] Delbressine et al. 2023; [43] Rao et al. 2013; [47] Nusdwinuringtyas et al, 2014; [40] Britto et al. 2013; [48] Fernandes et al. 2016; [27] Alameri et al. 2009; [30] Osses et al. 2010; [50] Zou et al. 2017","0.7861;0.2371;-0.0957;-0.1889;0.4732;-0.5586;0.6964;-0.0789;-0.293;0.7597;-0.1838;-0.5535",446.521739130435,535.221537519625,1040.86074496573,0.151191102853815,88.6997983891903,-23.5910078316165,218.506647239367,92.3338652100422,110.086269870541
99,"natalia_oliveira_2023",14,"[50] Zou et al. 2017; [13] Chetta et al. 2006; [18] Iwama et al. 2009; [54] Almeida et al. 2019; [10] Camarri et al. 2006; [07] Enrigth et al. 2003; [27] Alameri et al. 2009; [34] Dourado, Vidotto, Guerra 2011; [28] Ben Saad et al. 2009; [47] Nusdwinuringtyas et al, 2014; [20] Jenkins et al. 2009; [06] Gibbons et al. 2001; [45] Kim et al. 2014; [43] Rao et al. 2013","-0.3048;-0.2856;-0.2741;-0.1291;-0.3301;0.7152;0.7623;-0.1723;0.7807;0.5177;-0.138;-0.1532;0.3494;-0.3381",461.333333333333,462.400546306533,1280.80544210288,0.103978069464998,1.06721297319998,-120.410403040451,141.072653650988,53.8249050906306,68.0857001389234
100,"natalia_oliveira_2023",4,"[37] Hill et al. 2011; [02] Enright & Sherrill 1998; [06] Gibbons et al. 2001; [15] Masmoudi et al. 2008","-0.1226;0.6255;0.6086;-0.1114",439.739130434783,608.194399646919,3505.41751201636,0.24888605832747,168.455269212136,40.0889108978579,299.937843964246,168.455269212136,183.178390400341
101,"natalia_oliveira_2023",16,"[45] Kim et al. 2014; [47] Nusdwinuringtyas et al, 2014; [27] Alameri et al. 2009; [26] Jenkins et al. 2009; [37] Hill et al. 2011; [20] Jenkins et al. 2009; [40] Britto et al. 2013; [10] Camarri et al. 2006; [34] Dourado, Vidotto, Guerra 2011; [15] Masmoudi et al. 2008; [48] Fernandes et al. 2016; [04] Troosters, Gosselink & Decramer 1999; [06] Gibbons et al. 2001; [54] Almeida et al. 2019; [28] Ben Saad et al. 2009; [30] Osses et al. 2010","0.238;0.5008;0.6678;0.0037;0.2331;-0.1466;-0.0543;-0.5549;-0.1844;-0.0877;-0.3993;0.6013;-0.5011;0.1871;0.8199;-0.3234",439.840579710145,517.736601689501,1661.56662203381,0.315580511619823,77.8960219793563,-45.4917198421855,189.620565967863,86.7029032844605,104.753574699065
102,"natalia_oliveira_2023",1,"[40] Britto et al. 2013","1",428.130434782609,547.098767420695,1985.13501322735,0.0531468188749742,118.968332638086,-3.62233375173123,246.46743053935,120.914651358228,142.103132673915
103,"natalia_oliveira_2023",3,"[48] Fernandes et al. 2016; [37] Hill et al. 2011; [43] Rao et al. 2013","0.3913;0.057;0.5516",460.289855072464,429.76337612014,812.206421137715,0.0529014839778797,-30.5264789523234,-164.486487446883,94.6915595421601,65.2925330835783,76.9241281104553
104,"natalia_oliveira_2023",1,"[34] Dourado, Vidotto, Guerra 2011","1",444.565217391304,599.91700231884,2687.61711854441,0.0987569324799005,155.351784927536,1.46311999999989,308.92015,155.351784927536,171.379150060025
105,"natalia_oliveira_2023",9,"[32] Soares, Pereira 2011; [30] Osses et al. 2010; [58] Delbressine et al. 2023; [04] Troosters, Gosselink & Decramer 1999; [15] Masmoudi et al. 2008; [37] Hill et al. 2011; [06] Gibbons et al. 2001; [54] Almeida et al. 2019; [34] Dourado, Vidotto, Guerra 2011","-0.0254;-0.4665;-0.1536;0.5651;-0.214;0.5026;0.0737;0.6987;0.0196",441.101449275362,717.563019545987,2793.2013937568,0.161378266366652,276.461570270625,133.626292132295,391.357274175741,276.461570270625,286.393517219679
106,"natalia_oliveira_2023",17,"[47] Nusdwinuringtyas et al, 2014; [04] Troosters, Gosselink & Decramer 1999; [26] Jenkins et al. 2009; [54] Almeida et al. 2019; [50] Zou et al. 2017; [48] Fernandes et al. 2016; [28] Ben Saad et al. 2009; [58] Delbressine et al. 2023; [13] Chetta et al. 2006; [10] Camarri et al. 2006; [06] Gibbons et al. 2001; [34] Dourado, Vidotto, Guerra 2011; [27] Alameri et al. 2009; [02] Enright & Sherrill 1998; [20] Jenkins et al. 2009; [32] Soares, Pereira 2011; [45] Kim et al. 2014","0.7024;0.6363;-0.1524;-0.033;-0.3616;-0.2893;0.4675;0.1238;-0.4226;-0.4542;-0.3142;-0.3117;0.8592;0.7974;-0.2601;-0.3783;0.3908",427.855072463768,451.338859535971,1592.37196366137,0.204011483860832,23.483787072203,-87.3900202449209,139.554612824139,60.2537205467754,73.5133567825824
107,"natalia_oliveira_2023",18,"[40] Britto et al. 2013; [04] Troosters, Gosselink & Decramer 1999; [34] Dourado, Vidotto, Guerra 2011; [15] Masmoudi et al. 2008; [27] Alameri et al. 2009; [54] Almeida et al. 2019; [47] Nusdwinuringtyas et al, 2014; [28] Ben Saad et al. 2009; [50] Zou et al. 2017; [45] Kim et al. 2014; [10] Camarri et al. 2006; [32] Soares, Pereira 2011; [43] Rao et al. 2013; [13] Chetta et al. 2006; [58] Delbressine et al. 2023; [48] Fernandes et al. 2016; [20] Jenkins et al. 2009; [30] Osses et al. 2010","0.0414;0.4963;-0.1324;-0.022;0.4018;0.1988;0.5049;0.7262;-0.2129;0.2198;-0.2464;-0.2794;-0.1872;-0.2858;0.1175;-0.0185;-0.1228;-0.1994",448.550724637681,600.19242935555,2345.46145451038,0.386826382029596,151.641704717868,32.6719395051542,280.048046398565,151.641704717868,169.018399150015
108,"natalia_oliveira_2023",21,"[48] Fernandes et al. 2016; [06] Gibbons et al. 2001; [58] Delbressine et al. 2023; [04] Troosters, Gosselink & Decramer 1999; [30] Osses et al. 2010; [18] Iwama et al. 2009; [32] Soares, Pereira 2011; [26] Jenkins et al. 2009; [02] Enright & Sherrill 1998; [07] Enrigth et al. 2003; [20] Jenkins et al. 2009; [43] Rao et al. 2013; [13] Chetta et al. 2006; [37] Hill et al. 2011; [27] Alameri et al. 2009; [45] Kim et al. 2014; [50] Zou et al. 2017; [34] Dourado, Vidotto, Guerra 2011; [10] Camarri et al. 2006; [40] Britto et al. 2013; [15] Masmoudi et al. 2008","-0.1356;-0.2221;0.0074;0.333;-0.3113;-0.0661;-0.3958;-0.0119;1.0159;0.2256;-0.1555;-0.3338;-0.4215;0.5628;1.2541;0.6459;-0.3342;-0.1498;-0.3135;-0.021;-0.1726",434.463768115942,555.480026880692,1614.89893922277,0.110872041623226,121.01625876475,-21.8702095140456,244.061051199193,123.149752464328,144.703877247759
109,"natalia_oliveira_2023",5,"[47] Nusdwinuringtyas et al, 2014; [37] Hill et al. 2011; [32] Soares, Pereira 2011; [34] Dourado, Vidotto, Guerra 2011; [45] Kim et al. 2014","0.1686;0.377;-0.2155;0.2835;0.3864",456.565217391304,621.414693761284,933.025088886447,0.107852383095703,164.849476369979,41.4643163178824,301.817350456531,164.849476369979,178.355380556618
110,"natalia_oliveira_2023",5,"[18] Iwama et al. 2009; [48] Fernandes et al. 2016; [26] Jenkins et al. 2009; [34] Dourado, Vidotto, Guerra 2011; [13] Chetta et al. 2006","0.2548;0.1947;0.369;0.074;0.1075",455.695652173913,567.866547115907,1208.36056411478,0.203898977927963,112.170894941994,-14.3292204054772,249.960197960321,114.306039024909,133.576565318706
111,"natalia_oliveira_2023",8,"[43] Rao et al. 2013; [27] Alameri et al. 2009; [40] Britto et al. 2013; [32] Soares, Pereira 2011; [54] Almeida et al. 2019; [10] Camarri et al. 2006; [04] Troosters, Gosselink & Decramer 1999; [18] Iwama et al. 2009","-0.296;0.9234;0.0435;-0.2959;0.1802;-0.5139;0.876;0.0827",450.652173913043,552.368787228609,1127.65561932715,0.280801667989484,101.716613315565,-15.8041788031837,250.989024196884,104.734292758021,124.876554343194
112,"natalia_oliveira_2023",24,"[48] Fernandes et al. 2016; [04] Troosters, Gosselink & Decramer 1999; [32] Soares, Pereira 2011; [20] Jenkins et al. 2009; [40] Britto et al. 2013; [34] Dourado, Vidotto, Guerra 2011; [15] Masmoudi et al. 2008; [28] Ben Saad et al. 2009; [10] Camarri et al. 2006; [18] Iwama et al. 2009; [07] Enrigth et al. 2003; [54] Almeida et al. 2019; [45] Kim et al. 2014; [13] Chetta et al. 2006; [26] Jenkins et al. 2009; [58] Delbressine et al. 2023; [37] Hill et al. 2011; [06] Gibbons et al. 2001; [02] Enright & Sherrill 1998; [43] Rao et al. 2013; [50] Zou et al. 2017; [27] Alameri et al. 2009; [47] Nusdwinuringtyas et al, 2014; [30] Osses et al. 2010","-0.2255;0.5128;-0.2329;-0.1461;-0.128;-0.189;0.0278;0.4647;-0.3986;-0.1664;0.1787;0.0757;0.4418;-0.3789;-0.0584;0.1016;0.0707;-0.3128;0.6223;-0.3021;-0.2861;0.8665;0.6685;-0.2063",435.753623188406,523.071862129942,1976.98195627984,0.261946872838785,87.3182389415357,-10.7075654150902,203.962945534949,90.1511440588245,108.997554516217
113,"natalia_oliveira_2023",4,"[20] Jenkins et al. 2009; [15] Masmoudi et al. 2008; [27] Alameri et al. 2009; [02] Enright & Sherrill 1998","-0.4052;-0.1822;0.6832;0.9043",447,468.997934774052,1454.0371259892,0.121995820083258,21.9979347740518,-108.615777682379,145.135890655064,64.6846752670008,79.328088631499
114,"natalia_oliveira_2023",1,"[45] Kim et al. 2014","1",444.405797101449,580.026666666667,374.950690196078,0.0605471341767805,135.620869565217,-12.8599999999999,292.205,138.794782608696,156.951794316377
115,"natalia_oliveira_2023",12,"[48] Fernandes et al. 2016; [47] Nusdwinuringtyas et al, 2014; [27] Alameri et al. 2009; [13] Chetta et al. 2006; [18] Iwama et al. 2009; [06] Gibbons et al. 2001; [32] Soares, Pereira 2011; [28] Ben Saad et al. 2009; [50] Zou et al. 2017; [20] Jenkins et al. 2009; [07] Enrigth et al. 2003; [30] Osses et al. 2010","-0.2245;0.7139;0.7789;-0.3515;-0.1759;-0.2402;-0.3087;0.9129;-0.2845;-0.2763;0.7564;-0.3006",437.304347826087,439.410016490274,1304.76185594469,0.291857816079586,2.10566866418709,-132.165172292129,126.60955171471,61.8657873855277,73.5607215878763
116,"natalia_oliveira_2023",19,"[50] Zou et al. 2017; [58] Delbressine et al. 2023; [47] Nusdwinuringtyas et al, 2014; [27] Alameri et al. 2009; [10] Camarri et al. 2006; [40] Britto et al. 2013; [04] Troosters, Gosselink & Decramer 1999; [15] Masmoudi et al. 2008; [45] Kim et al. 2014; [37] Hill et al. 2011; [06] Gibbons et al. 2001; [26] Jenkins et al. 2009; [20] Jenkins et al. 2009; [48] Fernandes et al. 2016; [54] Almeida et al. 2019; [13] Chetta et al. 2006; [30] Osses et al. 2010; [34] Dourado, Vidotto, Guerra 2011; [28] Ben Saad et al. 2009","-0.4719;0.167;0.7221;0.7901;-0.5064;-0.0535;0.6503;-0.0099;0.3725;0.3751;-0.3694;-0.0538;-0.1684;-0.2665;0.0768;-0.5587;-0.2694;-0.2223;0.7963",427.231884057971,528.725078860984,1534.33284830376,0.308723610121178,101.493194803013,3.12513576404411,210.005170629891,101.896698575389,120.729814647416
117,"natalia_oliveira_2023",23,"[50] Zou et al. 2017; [34] Dourado, Vidotto, Guerra 2011; [30] Osses et al. 2010; [04] Troosters, Gosselink & Decramer 1999; [54] Almeida et al. 2019; [37] Hill et al. 2011; [40] Britto et al. 2013; [26] Jenkins et al. 2009; [45] Kim et al. 2014; [48] Fernandes et al. 2016; [58] Delbressine et al. 2023; [32] Soares, Pereira 2011; [20] Jenkins et al. 2009; [43] Rao et al. 2013; [28] Ben Saad et al. 2009; [06] Gibbons et al. 2001; [13] Chetta et al. 2006; [02] Enright & Sherrill 1998; [47] Nusdwinuringtyas et al, 2014; [10] Camarri et al. 2006; [15] Masmoudi et al. 2008; [18] Iwama et al. 2009; [27] Alameri et al. 2009","-0.1727;-0.1867;-0.272;0.3584;0.0312;0.3254;-0.1111;-0.0602;0.4752;-0.2288;0.0262;-0.3127;-0.1638;-0.2198;0.4515;-0.2928;-0.3409;0.7849;0.6126;-0.2333;-0.1014;-0.1799;0.8107",437.304347826087,562.998812419523,1276.43335171913,0.243350452370902,125.694464593436,-18.5945630187694,245.507459819354,127.689125716937,145.194287796822
118,"natalia_oliveira_2023",2,"[54] Almeida et al. 2019; [20] Jenkins et al. 2009","0.5;0.5",460.942028985507,638.544598364733,1782.52717371024,0.278950531066383,177.602569379225,72.0611510244306,299.06658749311,177.602569379225,187.780240876651
119,"natalia_oliveira_2023",4,"[20] Jenkins et al. 2009; [10] Camarri et al. 2006; [48] Fernandes et al. 2016; [40] Britto et al. 2013","0.3002;0.1915;0.3458;0.1626",440.246376811594,561.538178841968,1216.77404099303,0.209100088365267,121.291802030374,-13.301493691887,247.082526413519,122.952324925524,141.435166507634
120,"natalia_oliveira_2023",5,"[30] Osses et al. 2010; [50] Zou et al. 2017; [18] Iwama et al. 2009; [32] Soares, Pereira 2011; [13] Chetta et al. 2006","0.3546;0.2731;0.2664;0.0885;0.0174",456.159420289855,568.13586749129,1241.73994016491,0.140012601381964,111.976447201435,-19.1939628446582,249.113536363251,114.829128285278,131.803921582575
121,"natalia_oliveira_2023",13,"[13] Chetta et al. 2006; [45] Kim et al. 2014; [28] Ben Saad et al. 2009; [10] Camarri et al. 2006; [06] Gibbons et al. 2001; [47] Nusdwinuringtyas et al, 2014; [34] Dourado, Vidotto, Guerra 2011; [02] Enright & Sherrill 1998; [58] Delbressine et al. 2023; [30] Osses et al. 2010; [27] Alameri et al. 2009; [40] Britto et al. 2013; [07] Enrigth et al. 2003","-0.5487;0.2359;0.5112;-0.4522;-0.4495;0.4548;-0.3048;0.7928;0.1682;-0.3193;0.7883;-0.2294;0.3527",439.536231884058,383.319544571668,1601.97744386357,0.0887249589498916,-56.2166873123896,-201.858852485775,71.959652213451,75.777619416906,92.3681809302197
122,"natalia_oliveira_2023",16,"[10] Camarri et al. 2006; [04] Troosters, Gosselink & Decramer 1999; [06] Gibbons et al. 2001; [47] Nusdwinuringtyas et al, 2014; [34] Dourado, Vidotto, Guerra 2011; [54] Almeida et al. 2019; [15] Masmoudi et al. 2008; [02] Enright & Sherrill 1998; [32] Soares, Pereira 2011; [13] Chetta et al. 2006; [50] Zou et al. 2017; [07] Enrigth et al. 2003; [26] Jenkins et al. 2009; [45] Kim et al. 2014; [43] Rao et al. 2013; [40] Britto et al. 2013","-0.1535;0.257;-0.1389;0.6538;-0.0664;0.0167;0.0374;0.292;-0.1682;-0.2042;-0.1437;0.1565;0.1195;0.4726;-0.1987;0.0681",444.869565217391,591.802580061266,775.43228774279,0.0342302618502689,146.933014843874,18.7189744415582,268.061307290375,146.933014843874,162.847490934051
123,"natalia_oliveira_2023",9,"[10] Camarri et al. 2006; [58] Delbressine et al. 2023; [20] Jenkins et al. 2009; [43] Rao et al. 2013; [50] Zou et al. 2017; [06] Gibbons et al. 2001; [15] Masmoudi et al. 2008; [18] Iwama et al. 2009; [28] Ben Saad et al. 2009","0.0894;-0.0042;-0.1482;0.18;0.3373;-0.2067;-0.1705;0.2378;0.6851",435.536231884058,524.166052110836,1696.9784073496,0.0538163871313398,88.6298202267776,-63.2602601640126,224.472327378139,96.4367092568972,118.246471529259
124,"natalia_oliveira_2023",8,"[06] Gibbons et al. 2001; [30] Osses et al. 2010; [13] Chetta et al. 2006; [04] Troosters, Gosselink & Decramer 1999; [07] Enrigth et al. 2003; [32] Soares, Pereira 2011; [15] Masmoudi et al. 2008; [45] Kim et al. 2014","0.0289;-0.1174;-0.5154;0.5314;0.7232;-0.4504;-0.0553;0.8551",428.434782608696,596.379283978648,1948.91814960361,0.142649511688049,167.944501369953,24.4720947283901,300.516129750651,167.944501369953,184.21524105448
125,"natalia_oliveira_2023",12,"[32] Soares, Pereira 2011; [13] Chetta et al. 2006; [45] Kim et al. 2014; [02] Enright & Sherrill 1998; [48] Fernandes et al. 2016; [28] Ben Saad et al. 2009; [27] Alameri et al. 2009; [30] Osses et al. 2010; [58] Delbressine et al. 2023; [07] Enrigth et al. 2003; [54] Almeida et al. 2019; [47] Nusdwinuringtyas et al, 2014","-0.4826;-0.5327;0.2077;0.7824;-0.3819;0.4757;0.7294;-0.3848;0.0909;0.2898;-0.3082;0.5143",447.188405797101,506.184035224188,1830.45594774259,0.154650404207822,58.9956294270868,-75.6278670156394,189.934974321643,71.9195222362761,92.2020854734396
126,"natalia_oliveira_2023",3,"[54] Almeida et al. 2019; [32] Soares, Pereira 2011; [04] Troosters, Gosselink & Decramer 1999","0.5158;0.1921;0.292",455.536231884058,626.066596614703,1516.81735467352,0.100145382309396,170.530364730645,43.6084535885522,321.642086614158,170.530364730645,183.798404479545
127,"natalia_oliveira_2023",7,"[50] Zou et al. 2017; [45] Kim et al. 2014; [07] Enrigth et al. 2003; [13] Chetta et al. 2006; [10] Camarri et al. 2006; [28] Ben Saad et al. 2009; [43] Rao et al. 2013","8e-04;0.7034;0.2458;-0.1234;-0.066;0.3;-0.0606",444.68115942029,590.970819262202,1125.68668031188,0.168617743715918,146.289659841912,4.56183437926408,254.666982976994,146.896983088764,159.396103308793
128,"natalia_oliveira_2023",15,"[32] Soares, Pereira 2011; [27] Alameri et al. 2009; [18] Iwama et al. 2009; [04] Troosters, Gosselink & Decramer 1999; [02] Enright & Sherrill 1998; [06] Gibbons et al. 2001; [15] Masmoudi et al. 2008; [20] Jenkins et al. 2009; [10] Camarri et al. 2006; [37] Hill et al. 2011; [40] Britto et al. 2013; [54] Almeida et al. 2019; [43] Rao et al. 2013; [26] Jenkins et al. 2009; [45] Kim et al. 2014","-0.4281;1.1008;-0.2366;0.3623;1.1058;-0.3846;-0.162;-0.2476;-0.4357;0.3482;-0.0868;0.0923;-0.4213;-0.1732;0.5664",434.260869565217,527.813307785845,1735.84289667554,0.16965897015066,93.5524382206276,-54.3962395807968,215.728182886703,99.8672532034248,121.476676580816
129,"natalia_oliveira_2023",1,"[34] Dourado, Vidotto, Guerra 2011","1",441.811594202899,588.566584057971,2193.84377060926,0.149101303058245,146.754989855072,1.46311999999989,270.385623,146.754989855072,162.881947472082
130,"natalia_oliveira_2023",18,"[02] Enright & Sherrill 1998; [34] Dourado, Vidotto, Guerra 2011; [28] Ben Saad et al. 2009; [43] Rao et al. 2013; [18] Iwama et al. 2009; [40] Britto et al. 2013; [27] Alameri et al. 2009; [20] Jenkins et al. 2009; [06] Gibbons et al. 2001; [47] Nusdwinuringtyas et al, 2014; [32] Soares, Pereira 2011; [54] Almeida et al. 2019; [48] Fernandes et al. 2016; [15] Masmoudi et al. 2008; [50] Zou et al. 2017; [58] Delbressine et al. 2023; [26] Jenkins et al. 2009; [10] Camarri et al. 2006","0.8534;-0.2313;0.6108;-0.2574;-0.2525;-0.2023;1.0898;-0.1123;-0.3568;0.8186;-0.3427;-0.2376;-0.3076;0.1146;-0.1797;0.2325;0.0599;-0.2994",435.565217391304,456.628458631636,1691.03697127854,0.207137812542872,21.0632412403313,-84.7979563507736,135.653803976533,63.2887857859563,75.6068769181797
131,"natalia_oliveira_2023",20,"[02] Enright & Sherrill 1998; [20] Jenkins et al. 2009; [30] Osses et al. 2010; [43] Rao et al. 2013; [26] Jenkins et al. 2009; [15] Masmoudi et al. 2008; [18] Iwama et al. 2009; [48] Fernandes et al. 2016; [47] Nusdwinuringtyas et al, 2014; [50] Zou et al. 2017; [54] Almeida et al. 2019; [45] Kim et al. 2014; [07] Enrigth et al. 2003; [32] Soares, Pereira 2011; [58] Delbressine et al. 2023; [27] Alameri et al. 2009; [40] Britto et al. 2013; [28] Ben Saad et al. 2009; [04] Troosters, Gosselink & Decramer 1999; [13] Chetta et al. 2006","0.5537;-0.2021;-0.2055;-0.3862;-0.1671;0.0098;-0.1953;-0.2223;0.6982;-0.3894;-0.1071;0.3429;0.3496;-0.201;0.1829;0.7581;-0.1446;0.3771;0.2858;-0.3375",441.855072463768,566.778938797531,1647.76141696232,0.142791517742262,124.923866333763,17.8090289424112,243.41423246682,125.445073646633,142.450673983554
132,"natalia_oliveira_2023",22,"[27] Alameri et al. 2009; [40] Britto et al. 2013; [04] Troosters, Gosselink & Decramer 1999; [43] Rao et al. 2013; [30] Osses et al. 2010; [45] Kim et al. 2014; [58] Delbressine et al. 2023; [54] Almeida et al. 2019; [34] Dourado, Vidotto, Guerra 2011; [48] Fernandes et al. 2016; [32] Soares, Pereira 2011; [02] Enright & Sherrill 1998; [15] Masmoudi et al. 2008; [26] Jenkins et al. 2009; [47] Nusdwinuringtyas et al, 2014; [18] Iwama et al. 2009; [10] Camarri et al. 2006; [28] Ben Saad et al. 2009; [07] Enrigth et al. 2003; [50] Zou et al. 2017; [06] Gibbons et al. 2001; [13] Chetta et al. 2006","0.8412;-0.1703;0.4881;-0.3108;-0.3064;0.4283;0.0791;7e-04;-0.2616;-0.1666;-0.3412;0.7765;-0.0883;-0.1018;0.7133;-0.1249;-0.3587;0.442;0.3005;-0.2946;-0.1947;-0.35",435.420289855072,508.172986242006,1238.76011440567,0.235771204849057,72.7526963869334,-17.3987543806611,187.102195889592,75.7943922525635,95.9888526801847
133,"natalia_oliveira_2023",7,"[07] Enrigth et al. 2003; [58] Delbressine et al. 2023; [45] Kim et al. 2014; [10] Camarri et al. 2006; [04] Troosters, Gosselink & Decramer 1999; [47] Nusdwinuringtyas et al, 2014; [50] Zou et al. 2017","0.1784;-0.0586;0.5004;-0.4277;0.7492;0.6853;-0.627",436.985507246377,558.618815788735,1653.03997880335,0.3021636825443,121.633308542358,3.1473059902946,242.459201335387,123.198129883747,142.98824282333
134,"natalia_oliveira_2023",13,"[15] Masmoudi et al. 2008; [43] Rao et al. 2013; [48] Fernandes et al. 2016; [04] Troosters, Gosselink & Decramer 1999; [20] Jenkins et al. 2009; [40] Britto et al. 2013; [30] Osses et al. 2010; [18] Iwama et al. 2009; [54] Almeida et al. 2019; [13] Chetta et al. 2006; [34] Dourado, Vidotto, Guerra 2011; [50] Zou et al. 2017; [58] Delbressine et al. 2023","-0.1411;0.0956;0.1464;0.9769;-0.2958;0.022;-0.4633;0.3305;0.6323;-0.4077;-0.2722;0.2386;0.1378",428.565217391304,622.023113578649,2243.0455122753,0.261580691404256,193.457896187345,82.545824195415,300.566318771925,193.457896187345,204.399869496871
135,"natalia_oliveira_2023",12,"[54] Almeida et al. 2019; [37] Hill et al. 2011; [10] Camarri et al. 2006; [07] Enrigth et al. 2003; [02] Enright & Sherrill 1998; [04] Troosters, Gosselink & Decramer 1999; [30] Osses et al. 2010; [47] Nusdwinuringtyas et al, 2014; [20] Jenkins et al. 2009; [26] Jenkins et al. 2009; [50] Zou et al. 2017; [34] Dourado, Vidotto, Guerra 2011","0.0147;-0.0752;-0.0552;0.0066;0.5569;0.6265;-0.5091;0.8878;-0.1315;0.1709;-0.353;-0.1394",459.884057971014,564.98572063577,2264.53440336249,0.192916389584396,105.101662664755,-27.2587453547172,229.705673590433,108.086200061944,123.866086951826
136,"natalia_oliveira_2023",14,"[50] Zou et al. 2017; [45] Kim et al. 2014; [27] Alameri et al. 2009; [43] Rao et al. 2013; [04] Troosters, Gosselink & Decramer 1999; [20] Jenkins et al. 2009; [48] Fernandes et al. 2016; [02] Enright & Sherrill 1998; [32] Soares, Pereira 2011; [15] Masmoudi et al. 2008; [26] Jenkins et al. 2009; [34] Dourado, Vidotto, Guerra 2011; [54] Almeida et al. 2019; [40] Britto et al. 2013","-0.3431;0.4468;0.9337;-0.3467;0.4143;-0.1937;-0.1292;0.9459;-0.388;-0.0517;-0.0987;-0.2637;0.065;0.0091",440.173913043478,572.796864779077,1669.19255064797,0.162504478139776,132.622951735599,16.3027275629206,260.612207400754,133.181143970239,149.060582865741
137,"natalia_oliveira_2023",14,"[04] Troosters, Gosselink & Decramer 1999; [32] Soares, Pereira 2011; [37] Hill et al. 2011; [50] Zou et al. 2017; [13] Chetta et al. 2006; [20] Jenkins et al. 2009; [45] Kim et al. 2014; [15] Masmoudi et al. 2008; [28] Ben Saad et al. 2009; [47] Nusdwinuringtyas et al, 2014; [27] Alameri et al. 2009; [30] Osses et al. 2010; [18] Iwama et al. 2009; [06] Gibbons et al. 2001","0.426;-0.3428;0.6068;-0.3616;-0.4597;-0.1722;0.2948;-0.0689;0.655;0.582;0.6506;-0.267;-0.2421;-0.3009",455.565217391304,596.861897654629,911.276161659294,0.163691121571534,141.296680263324,12.898390779013,277.837280242064,141.296680263324,157.172472102249
138,"natalia_oliveira_2023",15,"[04] Troosters, Gosselink & Decramer 1999; [50] Zou et al. 2017; [20] Jenkins et al. 2009; [48] Fernandes et al. 2016; [47] Nusdwinuringtyas et al, 2014; [10] Camarri et al. 2006; [07] Enrigth et al. 2003; [26] Jenkins et al. 2009; [06] Gibbons et al. 2001; [32] Soares, Pereira 2011; [28] Ben Saad et al. 2009; [37] Hill et al. 2011; [58] Delbressine et al. 2023; [43] Rao et al. 2013; [15] Masmoudi et al. 2008","0.6845;-0.0716;-0.1621;-0.3198;1.3073;-0.0235;0.1236;0.1269;-0.5172;-0.4308;0.5342;0.3059;-0.1148;-0.2096;-0.2331",431.434782608696,662.082964812459,1379.76435069322,0.243840925958511,230.648182203764,91.1964069605075,350.47396899521,230.648182203764,241.980098765433
139,"natalia_oliveira_2023",23,"[26] Jenkins et al. 2009; [48] Fernandes et al. 2016; [30] Osses et al. 2010; [50] Zou et al. 2017; [28] Ben Saad et al. 2009; [27] Alameri et al. 2009; [15] Masmoudi et al. 2008; [37] Hill et al. 2011; [32] Soares, Pereira 2011; [34] Dourado, Vidotto, Guerra 2011; [20] Jenkins et al. 2009; [04] Troosters, Gosselink & Decramer 1999; [45] Kim et al. 2014; [54] Almeida et al. 2019; [13] Chetta et al. 2006; [18] Iwama et al. 2009; [02] Enright & Sherrill 1998; [07] Enrigth et al. 2003; [47] Nusdwinuringtyas et al, 2014; [58] Delbressine et al. 2023; [43] Rao et al. 2013; [06] Gibbons et al. 2001; [10] Camarri et al. 2006","-0.0359;-0.2285;-0.2512;-0.2172;0.4057;0.813;-0.0954;0.3201;-0.288;-0.1764;-0.147;0.2859;0.45;-0.0497;-0.3386;-0.1887;0.7052;0.1712;0.5623;0.0257;-0.2492;-0.2631;-0.2099",454.68115942029,554.617424626416,1384.59917473766,0.173117005318266,99.9362652061259,-23.2283911835562,237.089115193517,102.035182376329,122.280222383597
140,"natalia_oliveira_2023",18,"[13] Chetta et al. 2006; [50] Zou et al. 2017; [58] Delbressine et al. 2023; [27] Alameri et al. 2009; [07] Enrigth et al. 2003; [40] Britto et al. 2013; [45] Kim et al. 2014; [54] Almeida et al. 2019; [04] Troosters, Gosselink & Decramer 1999; [06] Gibbons et al. 2001; [32] Soares, Pereira 2011; [37] Hill et al. 2011; [10] Camarri et al. 2006; [34] Dourado, Vidotto, Guerra 2011; [18] Iwama et al. 2009; [43] Rao et al. 2013; [47] Nusdwinuringtyas et al, 2014; [20] Jenkins et al. 2009","-0.4809;-0.4722;0.2338;0.8079;0.4187;-0.0309;0.2801;0.1851;0.7593;-0.334;-0.2943;0.4757;-0.4379;-0.1005;-0.2386;-0.473;0.7608;-0.0591",440.31884057971,612.05339147383,1442.35333641426,0.162919580979562,171.73455089412,75.647809120265,291.236662388515,171.73455089412,183.396545218348
141,"natalia_oliveira_2023",4,"[54] Almeida et al. 2019; [06] Gibbons et al. 2001; [02] Enright & Sherrill 1998; [40] Britto et al. 2013","0.5125;0.3069;0.0825;0.0981",434.666666666667,625.046846764917,1272.10919604902,0.114188398098313,190.38018009825,71.2820221675124,310.162465742677,190.38018009825,202.30961318918
142,"natalia_oliveira_2023",20,"[45] Kim et al. 2014; [43] Rao et al. 2013; [20] Jenkins et al. 2009; [54] Almeida et al. 2019; [58] Delbressine et al. 2023; [18] Iwama et al. 2009; [40] Britto et al. 2013; [15] Masmoudi et al. 2008; [30] Osses et al. 2010; [04] Troosters, Gosselink & Decramer 1999; [06] Gibbons et al. 2001; [26] Jenkins et al. 2009; [28] Ben Saad et al. 2009; [47] Nusdwinuringtyas et al, 2014; [02] Enright & Sherrill 1998; [13] Chetta et al. 2006; [10] Camarri et al. 2006; [27] Alameri et al. 2009; [07] Enrigth et al. 2003; [37] Hill et al. 2011","0.4478;-0.256;-0.2334;0.0675;-0.073;-0.2557;-0.0889;-0.2111;-0.3506;0.2213;-0.3449;-0.1234;0.3362;0.4412;0.727;-0.4007;-0.1665;0.7325;0.1269;0.4038",455.420289855072,541.51813544515,782.476486401852,0.273052257623111,86.0978455900776,-26.0420870594465,223.801811395679,89.9225105876902,107.407895840792
143,"natalia_oliveira_2023",2,"[04] Troosters, Gosselink & Decramer 1999; [30] Osses et al. 2010","0.5;0.5",444.666666666667,618.610695652174,3571.81655306043,0.177634317876718,173.944028985507,46.31175,318.28,173.944028985507,189.986111891412
144,"natalia_oliveira_2023",20,"[15] Masmoudi et al. 2008; [40] Britto et al. 2013; [07] Enrigth et al. 2003; [48] Fernandes et al. 2016; [27] Alameri et al. 2009; [43] Rao et al. 2013; [47] Nusdwinuringtyas et al, 2014; [54] Almeida et al. 2019; [20] Jenkins et al. 2009; [34] Dourado, Vidotto, Guerra 2011; [45] Kim et al. 2014; [58] Delbressine et al. 2023; [06] Gibbons et al. 2001; [37] Hill et al. 2011; [30] Osses et al. 2010; [32] Soares, Pereira 2011; [10] Camarri et al. 2006; [02] Enright & Sherrill 1998; [26] Jenkins et al. 2009; [28] Ben Saad et al. 2009","-0.0508;-0.1682;0.2118;-0.404;0.8422;-0.397;0.5032;0.0401;-0.1571;-0.183;0.4054;0.0604;-0.4494;0.25;-0.2832;-0.3529;-0.2436;0.8733;-0.0187;0.5216",448.333333333333,540.919946746477,1510.82200892024,0.150601930407118,92.5866134131439,-38.2690376961274,222.135807783113,97.7529194101847,118.677089886056
145,"natalia_oliveira_2023",23,"[40] Britto et al. 2013; [20] Jenkins et al. 2009; [27] Alameri et al. 2009; [10] Camarri et al. 2006; [43] Rao et al. 2013; [07] Enrigth et al. 2003; [48] Fernandes et al. 2016; [50] Zou et al. 2017; [32] Soares, Pereira 2011; [28] Ben Saad et al. 2009; [54] Almeida et al. 2019; [45] Kim et al. 2014; [26] Jenkins et al. 2009; [47] Nusdwinuringtyas et al, 2014; [15] Masmoudi et al. 2008; [37] Hill et al. 2011; [13] Chetta et al. 2006; [34] Dourado, Vidotto, Guerra 2011; [30] Osses et al. 2010; [02] Enright & Sherrill 1998; [58] Delbressine et al. 2023; [18] Iwama et al. 2009; [04] Troosters, Gosselink & Decramer 1999","-0.1337;-0.1458;0.9048;-0.31;-0.3787;0.2071;-0.2845;-0.3467;-0.2676;0.4036;0.0546;0.4466;-0.0209;0.5982;-0.03;0.2708;-0.418;-0.1774;-0.2433;0.6046;0.0779;-0.2438;0.4322",443.217391304348,595.491164854729,1633.454878289,0.156432368420991,152.273773550381,21.0231072506389,269.571636787523,152.273773550381,166.827671490955
146,"natalia_oliveira_2023",13,"[40] Britto et al. 2013; [26] Jenkins et al. 2009; [34] Dourado, Vidotto, Guerra 2011; [58] Delbressine et al. 2023; [20] Jenkins et al. 2009; [27] Alameri et al. 2009; [45] Kim et al. 2014; [37] Hill et al. 2011; [13] Chetta et al. 2006; [50] Zou et al. 2017; [54] Almeida et al. 2019; [28] Ben Saad et al. 2009; [15] Masmoudi et al. 2008","-0.2646;0.0321;-0.2647;0.2694;-0.1887;0.9475;0.4022;0.3887;-0.7304;-0.5886;0.0515;0.8575;0.0882",450.913043478261,555.087153069804,1386.28931221837,0.299804068466407,104.174109591543,5.29222404198924,228.807493944433,104.174109591543,123.936057441987
147,"natalia_oliveira_2023",8,"[02] Enright & Sherrill 1998; [50] Zou et al. 2017; [27] Alameri et al. 2009; [58] Delbressine et al. 2023; [37] Hill et al. 2011; [26] Jenkins et al. 2009; [15] Masmoudi et al. 2008; [43] Rao et al. 2013","0.7467;-0.3351;1.0705;0.0414;0.2721;-0.1968;-0.0895;-0.5094",437.507246376812,570.132473431145,1435.12166519203,0.225505908798071,132.625227054334,-7.78956542832255,241.588046876157,133.501568984882,149.615836434519
148,"natalia_oliveira_2023",18,"[45] Kim et al. 2014; [07] Enrigth et al. 2003; [32] Soares, Pereira 2011; [28] Ben Saad et al. 2009; [47] Nusdwinuringtyas et al, 2014; [40] Britto et al. 2013; [18] Iwama et al. 2009; [43] Rao et al. 2013; [54] Almeida et al. 2019; [26] Jenkins et al. 2009; [48] Fernandes et al. 2016; [02] Enright & Sherrill 1998; [37] Hill et al. 2011; [30] Osses et al. 2010; [27] Alameri et al. 2009; [04] Troosters, Gosselink & Decramer 1999; [20] Jenkins et al. 2009; [15] Masmoudi et al. 2008","0.2537;0.1745;-0.2568;0.2916;0.4656;-0.0617;-0.2545;-0.4314;0.0649;-0.0815;-0.2884;0.4023;0.2474;-0.1725;0.6038;0.2062;-0.147;-0.0161",450.246376811594,645.205094640683,1634.19524126614,0.198587172539155,194.958717829089,91.4097452367594,324.344904941598,194.958717829089,203.930272124785
149,"natalia_oliveira_2023",18,"[07] Enrigth et al. 2003; [54] Almeida et al. 2019; [58] Delbressine et al. 2023; [48] Fernandes et al. 2016; [50] Zou et al. 2017; [34] Dourado, Vidotto, Guerra 2011; [27] Alameri et al. 2009; [28] Ben Saad et al. 2009; [15] Masmoudi et al. 2008; [02] Enright & Sherrill 1998; [32] Soares, Pereira 2011; [37] Hill et al. 2011; [45] Kim et al. 2014; [04] Troosters, Gosselink & Decramer 1999; [10] Camarri et al. 2006; [06] Gibbons et al. 2001; [47] Nusdwinuringtyas et al, 2014; [43] Rao et al. 2013","-0.0094;0.211;0.0082;-0.0853;-0.2116;0.0701;0.4465;0.2109;-0.0038;0.2436;0.0511;-0.0256;0.1626;0.0382;-0.1497;-0.0881;0.3313;-0.2",453.579710144928,552.457396940413,719.529824007628,0.0731989949251054,98.8776867954859,-15.700934023274,233.420606063216,100.326177569733,121.75235662398
150,"natalia_oliveira_2023",18,"[50] Zou et al. 2017; [02] Enright & Sherrill 1998; [40] Britto et al. 2013; [54] Almeida et al. 2019; [18] Iwama et al. 2009; [15] Masmoudi et al. 2008; [06] Gibbons et al. 2001; [43] Rao et al. 2013; [37] Hill et al. 2011; [28] Ben Saad et al. 2009; [13] Chetta et al. 2006; [32] Soares, Pereira 2011; [20] Jenkins et al. 2009; [34] Dourado, Vidotto, Guerra 2011; [30] Osses et al. 2010; [07] Enrigth et al. 2003; [45] Kim et al. 2014; [48] Fernandes et al. 2016","-0.1263;0.6131;-0.1835;0.462;-0.043;-0.0968;-0.2365;-0.1804;0.4644;0.3266;-0.3355;-0.3013;-0.1582;-0.1855;-0.3725;0.2708;1.2136;-0.1308",435.550724637681,697.606907027807,1902.36103712839,0.140603937506904,262.056182390126,121.614279816788,373.937558981249,262.056182390126,272.293886384908
151,"natalia_oliveira_2023",9,"[45] Kim et al. 2014; [07] Enrigth et al. 2003; [50] Zou et al. 2017; [02] Enright & Sherrill 1998; [43] Rao et al. 2013; [34] Dourado, Vidotto, Guerra 2011; [58] Delbressine et al. 2023; [47] Nusdwinuringtyas et al, 2014; [54] Almeida et al. 2019","0.8728;0.2112;-0.4058;0.8084;-0.604;-0.2949;-0.0024;0.5912;-0.1764",448.521739130435,642.380681634056,1446.81198494365,0.21069771484995,193.858942503621,98.288531945347,316.766665447511,193.858942503621,205.140168405716
152,"natalia_oliveira_2023",21,"[30] Osses et al. 2010; [20] Jenkins et al. 2009; [32] Soares, Pereira 2011; [54] Almeida et al. 2019; [43] Rao et al. 2013; [10] Camarri et al. 2006; [37] Hill et al. 2011; [40] Britto et al. 2013; [50] Zou et al. 2017; [02] Enright & Sherrill 1998; [34] Dourado, Vidotto, Guerra 2011; [06] Gibbons et al. 2001; [45] Kim et al. 2014; [26] Jenkins et al. 2009; [27] Alameri et al. 2009; [18] Iwama et al. 2009; [07] Enrigth et al. 2003; [47] Nusdwinuringtyas et al, 2014; [58] Delbressine et al. 2023; [15] Masmoudi et al. 2008; [48] Fernandes et al. 2016","-0.2583;-0.0999;-0.3154;0.072;-0.3858;-0.2421;0.428;-0.1225;-0.3196;0.9749;-0.1395;-0.3862;0.4519;0.0657;0.9053;-0.3118;0.3169;0.5895;0.1297;0.0054;-0.3581",441.913043478261,558.053365977909,1305.52139192705,0.151608332615124,116.140322499648,-15.3738537954027,242.0565845728,118.074595422455,137.312625591394
153,"natalia_oliveira_2023",12,"[26] Jenkins et al. 2009; [13] Chetta et al. 2006; [07] Enrigth et al. 2003; [50] Zou et al. 2017; [06] Gibbons et al. 2001; [37] Hill et al. 2011; [32] Soares, Pereira 2011; [54] Almeida et al. 2019; [40] Britto et al. 2013; [10] Camarri et al. 2006; [45] Kim et al. 2014; [27] Alameri et al. 2009","0.3109;-0.3012;0.3998;-0.385;-0.1554;0.3585;0.0495;0.1538;-0.0772;-0.2905;0.2294;0.7075",434.260869565217,517.279821456525,1046.82248546799,0.146354169590969,83.018951891308,-44.2292159287858,214.800172480448,87.3289679554009,107.991630641836
154,"natalia_oliveira_2023",2,"[34] Dourado, Vidotto, Guerra 2011; [32] Soares, Pereira 2011","0.5;0.5",443.391304347826,572.468359410316,2205.96342001218,0.356746996776773,129.07705506249,15.4170405315416,278.473822819205,129.742336602289,147.229590407804
155,"natalia_oliveira_2023",19,"[34] Dourado, Vidotto, Guerra 2011; [40] Britto et al. 2013; [48] Fernandes et al. 2016; [45] Kim et al. 2014; [18] Iwama et al. 2009; [50] Zou et al. 2017; [04] Troosters, Gosselink & Decramer 1999; [07] Enrigth et al. 2003; [27] Alameri et al. 2009; [47] Nusdwinuringtyas et al, 2014; [58] Delbressine et al. 2023; [54] Almeida et al. 2019; [13] Chetta et al. 2006; [43] Rao et al. 2013; [30] Osses et al. 2010; [28] Ben Saad et al. 2009; [02] Enright & Sherrill 1998; [20] Jenkins et al. 2009; [10] Camarri et al. 2006","-0.3001;-0.1695;-0.2496;0.5017;-0.1809;-0.2836;0.3832;0.1531;0.8582;0.7142;3e-04;-0.091;-0.4654;-0.3063;-0.3506;0.5251;0.8639;-0.2464;-0.3564",448.347826086957,526.605131370765,1616.94136999659,0.277950733482341,78.2573052838087,-37.5317872021733,208.106122821168,85.2603934594581,107.419211842576
156,"natalia_oliveira_2023",24,"[37] Hill et al. 2011; [20] Jenkins et al. 2009; [18] Iwama et al. 2009; [54] Almeida et al. 2019; [04] Troosters, Gosselink & Decramer 1999; [15] Masmoudi et al. 2008; [48] Fernandes et al. 2016; [28] Ben Saad et al. 2009; [30] Osses et al. 2010; [27] Alameri et al. 2009; [02] Enright & Sherrill 1998; [13] Chetta et al. 2006; [58] Delbressine et al. 2023; [43] Rao et al. 2013; [26] Jenkins et al. 2009; [06] Gibbons et al. 2001; [50] Zou et al. 2017; [07] Enrigth et al. 2003; [40] Britto et al. 2013; [47] Nusdwinuringtyas et al, 2014; [32] Soares, Pereira 2011; [45] Kim et al. 2014; [34] Dourado, Vidotto, Guerra 2011; [10] Camarri et al. 2006","0.155;-0.0468;-0.1776;-0.0093;0.3364;0.0615;-0.2015;0.289;-0.0956;0.7363;0.3379;-0.2661;0.1185;-0.2683;0.0285;-0.1903;-0.2423;0.175;-0.1122;0.4894;-0.0948;0.3844;-0.0809;-0.3264",448.333333333333,555.559324144625,1379.68757725348,0.194868081760229,107.225990811292,25.7284108204275,228.384432178579,107.7042681939,122.77309843936
157,"natalia_oliveira_2023",24,"[06] Gibbons et al. 2001; [28] Ben Saad et al. 2009; [40] Britto et al. 2013; [15] Masmoudi et al. 2008; [04] Troosters, Gosselink & Decramer 1999; [34] Dourado, Vidotto, Guerra 2011; [32] Soares, Pereira 2011; [26] Jenkins et al. 2009; [02] Enright & Sherrill 1998; [27] Alameri et al. 2009; [20] Jenkins et al. 2009; [18] Iwama et al. 2009; [30] Osses et al. 2010; [07] Enrigth et al. 2003; [37] Hill et al. 2011; [48] Fernandes et al. 2016; [54] Almeida et al. 2019; [58] Delbressine et al. 2023; [45] Kim et al. 2014; [47] Nusdwinuringtyas et al, 2014; [13] Chetta et al. 2006; [10] Camarri et al. 2006; [50] Zou et al. 2017; [43] Rao et al. 2013","-0.2358;0.4079;-0.1272;-0.0189;0.2596;-0.122;-0.1473;0.0263;0.5941;0.8186;-0.0797;-0.1986;-0.1799;0.1776;0.3045;-0.2354;-0.0016;0.078;0.3327;0.8021;-0.3698;-0.3584;-0.3585;-0.3683",439.507246376812,567.7653239966,1345.0566987734,0.0639082566612498,128.258077619788,26.0694700602922,249.483363017801,128.526380232416,147.104868456727
158,"natalia_oliveira_2023",15,"[50] Zou et al. 2017; [54] Almeida et al. 2019; [58] Delbressine et al. 2023; [18] Iwama et al. 2009; [04] Troosters, Gosselink & Decramer 1999; [02] Enright & Sherrill 1998; [15] Masmoudi et al. 2008; [20] Jenkins et al. 2009; [06] Gibbons et al. 2001; [27] Alameri et al. 2009; [30] Osses et al. 2010; [26] Jenkins et al. 2009; [07] Enrigth et al. 2003; [28] Ben Saad et al. 2009; [37] Hill et al. 2011","-0.3218;0.013;0.057;-0.1113;0.1102;0.2569;-0.0539;-0.1873;-0.117;0.9426;-0.1888;-0.1542;0.1848;0.1351;0.4347",452.63768115942,488.759629147358,1241.51780403915,0.0465834058151318,36.1219479879379,-83.91317218936,170.93128305894,60.2308548271753,78.7347392223971
159,"natalia_oliveira_2023",14,"[50] Zou et al. 2017; [47] Nusdwinuringtyas et al, 2014; [28] Ben Saad et al. 2009; [20] Jenkins et al. 2009; [37] Hill et al. 2011; [04] Troosters, Gosselink & Decramer 1999; [54] Almeida et al. 2019; [48] Fernandes et al. 2016; [06] Gibbons et al. 2001; [13] Chetta et al. 2006; [30] Osses et al. 2010; [26] Jenkins et al. 2009; [15] Masmoudi et al. 2008; [43] Rao et al. 2013","-0.0947;1.3378;0.6152;-0.1494;0.306;0.5434;-0.0448;-0.2934;-0.4064;-0.4243;-0.1914;-0.0606;0.0655;-0.2028",458.985507246377,645.548640621532,1777.91888606753,0.119067451947133,186.563133375155,66.6529036544374,321.841560714479,186.563133375155,199.55371157674
160,"natalia_oliveira_2023",5,"[26] Jenkins et al. 2009; [32] Soares, Pereira 2011; [04] Troosters, Gosselink & Decramer 1999; [10] Camarri et al. 2006; [48] Fernandes et al. 2016","0.0054;-0.3342;0.5311;0.387;0.4107",457.405797101449,617.784552389218,2456.954831402,0.252442306650458,160.378755287769,21.3790668753049,293.419455473496,160.378755287769,178.639789138859
161,"natalia_oliveira_2023",11,"[37] Hill et al. 2011; [40] Britto et al. 2013; [07] Enrigth et al. 2003; [02] Enright & Sherrill 1998; [04] Troosters, Gosselink & Decramer 1999; [58] Delbressine et al. 2023; [50] Zou et al. 2017; [26] Jenkins et al. 2009; [54] Almeida et al. 2019; [47] Nusdwinuringtyas et al, 2014; [32] Soares, Pereira 2011","-0.1456;-0.4474;-0.0109;0.7415;0.7104;-0.1939;-0.2848;0.0152;0.1319;1.0189;-0.5353",448.811594202899,583.714111046304,1997.41910458012,0.30105266649866,134.902516843406,33.2586601087845,258.954531237659,134.902516843406,150.790727311459
162,"natalia_oliveira_2023",14,"[27] Alameri et al. 2009; [58] Delbressine et al. 2023; [47] Nusdwinuringtyas et al, 2014; [20] Jenkins et al. 2009; [45] Kim et al. 2014; [07] Enrigth et al. 2003; [54] Almeida et al. 2019; [28] Ben Saad et al. 2009; [32] Soares, Pereira 2011; [10] Camarri et al. 2006; [15] Masmoudi et al. 2008; [48] Fernandes et al. 2016; [30] Osses et al. 2010; [06] Gibbons et al. 2001","0.7232;0.2727;0.3611;-0.0697;0.1664;0.4268;0.0483;0.653;-0.3113;-0.5138;0.115;-0.4297;-0.1413;-0.3007",459.652173913043,445.82277149537,1279.05819859309,0.0817916905544014,-13.8294024176737,-131.601441166138,130.053202435503,57.2919662978283,68.8431374546802
163,"natalia_oliveira_2023",16,"[13] Chetta et al. 2006; [54] Almeida et al. 2019; [43] Rao et al. 2013; [30] Osses et al. 2010; [27] Alameri et al. 2009; [47] Nusdwinuringtyas et al, 2014; [04] Troosters, Gosselink & Decramer 1999; [20] Jenkins et al. 2009; [26] Jenkins et al. 2009; [48] Fernandes et al. 2016; [06] Gibbons et al. 2001; [18] Iwama et al. 2009; [32] Soares, Pereira 2011; [02] Enright & Sherrill 1998; [58] Delbressine et al. 2023; [10] Camarri et al. 2006","-0.2748;-0.065;-0.2551;-0.2056;0.9802;0.6706;0.4034;-0.1997;-0.1369;-0.2229;-0.1474;-0.203;-0.3291;1.0363;0.2585;-0.3095",462.550724637681,491.292141396792,1503.09753316087,0.117202654101311,28.7414167591107,-93.9026382495216,170.045416388671,62.8600006314098,80.2246344029159
164,"natalia_oliveira_2023",2,"[28] Ben Saad et al. 2009; [48] Fernandes et al. 2016","0.5;0.5",439.391304347826,521.408449275362,2232.1556305893,0.16367994607492,82.0171449275363,-23.5275,211.80025,87.5137826086957,108.932359893518
165,"natalia_oliveira_2023",20,"[27] Alameri et al. 2009; [07] Enrigth et al. 2003; [37] Hill et al. 2011; [15] Masmoudi et al. 2008; [40] Britto et al. 2013; [04] Troosters, Gosselink & Decramer 1999; [50] Zou et al. 2017; [47] Nusdwinuringtyas et al, 2014; [30] Osses et al. 2010; [02] Enright & Sherrill 1998; [10] Camarri et al. 2006; [32] Soares, Pereira 2011; [54] Almeida et al. 2019; [06] Gibbons et al. 2001; [13] Chetta et al. 2006; [28] Ben Saad et al. 2009; [43] Rao et al. 2013; [18] Iwama et al. 2009; [26] Jenkins et al. 2009; [58] Delbressine et al. 2023","1.0329;0.1997;0.2968;-0.0649;-0.193;0.4024;-0.2409;0.7602;-0.29;0.6751;-0.3034;-0.3251;-0.0552;-0.3428;-0.4012;0.4137;-0.3022;-0.2588;-0.0538;0.0506",448.478260869565,512.491381048536,1623.50491885454,0.10511481435022,64.0131201789707,-40.3072687964434,199.129347403737,72.7856752097051,95.6713271864645
166,"natalia_oliveira_2023",9,"[32] Soares, Pereira 2011; [40] Britto et al. 2013; [54] Almeida et al. 2019; [45] Kim et al. 2014; [04] Troosters, Gosselink & Decramer 1999; [43] Rao et al. 2013; [20] Jenkins et al. 2009; [30] Osses et al. 2010; [02] Enright & Sherrill 1998","-0.5272;-0.2131;0.3301;1.1062;0.3866;-0.2555;-0.333;-0.5448;1.0506",444.304347826087,653.861813124004,2404.75673776252,0.282166433057304,209.557465297917,71.3080547716543,339.106997960962,209.557465297917,222.565978740042
167,"natalia_oliveira_2023",22,"[58] Delbressine et al. 2023; [02] Enright & Sherrill 1998; [30] Osses et al. 2010; [43] Rao et al. 2013; [40] Britto et al. 2013; [13] Chetta et al. 2006; [48] Fernandes et al. 2016; [20] Jenkins et al. 2009; [10] Camarri et al. 2006; [47] Nusdwinuringtyas et al, 2014; [32] Soares, Pereira 2011; [34] Dourado, Vidotto, Guerra 2011; [15] Masmoudi et al. 2008; [54] Almeida et al. 2019; [45] Kim et al. 2014; [18] Iwama et al. 2009; [07] Enrigth et al. 2003; [37] Hill et al. 2011; [27] Alameri et al. 2009; [04] Troosters, Gosselink & Decramer 1999; [06] Gibbons et al. 2001; [28] Ben Saad et al. 2009","0.0558;0.7134;-0.2416;-0.268;-0.1706;-0.411;-0.1739;-0.181;-0.3613;0.6469;-0.2293;-0.21;-0.0507;0.0437;0.4185;-0.0992;0.1504;0.0866;0.715;0.3867;-0.3218;0.5013",458.188405797101,532.351268357533,2060.9946111535,0.336235011957309,74.1628625604314,-9.85665531693893,195.99257793501,75.8552429926599,97.7028798447614
168,"natalia_oliveira_2023",18,"[28] Ben Saad et al. 2009; [20] Jenkins et al. 2009; [37] Hill et al. 2011; [32] Soares, Pereira 2011; [54] Almeida et al. 2019; [43] Rao et al. 2013; [07] Enrigth et al. 2003; [58] Delbressine et al. 2023; [13] Chetta et al. 2006; [50] Zou et al. 2017; [27] Alameri et al. 2009; [40] Britto et al. 2013; [45] Kim et al. 2014; [02] Enright & Sherrill 1998; [18] Iwama et al. 2009; [30] Osses et al. 2010; [48] Fernandes et al. 2016; [34] Dourado, Vidotto, Guerra 2011","0.5066;-0.2777;0.3912;-0.3809;0.0541;-0.3181;0.2174;0.0306;-0.4276;-0.2944;1.1243;-0.157;0.6238;0.8764;-0.1511;-0.3144;-0.2117;-0.2917",435.144927536232,581.637792006639,1830.5719137963,0.169971369285838,146.492864470407,-0.688045253891925,263.043954991087,146.630783830627,165.50539006314
169,"natalia_oliveira_2023",21,"[34] Dourado, Vidotto, Guerra 2011; [30] Osses et al. 2010; [43] Rao et al. 2013; [50] Zou et al. 2017; [15] Masmoudi et al. 2008; [07] Enrigth et al. 2003; [48] Fernandes et al. 2016; [04] Troosters, Gosselink & Decramer 1999; [20] Jenkins et al. 2009; [40] Britto et al. 2013; [54] Almeida et al. 2019; [58] Delbressine et al. 2023; [10] Camarri et al. 2006; [18] Iwama et al. 2009; [13] Chetta et al. 2006; [02] Enright & Sherrill 1998; [26] Jenkins et al. 2009; [06] Gibbons et al. 2001; [37] Hill et al. 2011; [32] Soares, Pereira 2011; [27] Alameri et al. 2009","-0.1464;-0.2337;-0.1309;-0.096;-0.0761;0.1737;-0.0443;0.341;-0.1571;-0.0783;0.2061;0.0273;-0.1089;0.0279;-0.27;0.6632;-0.0605;-0.1686;0.3347;-0.2584;1.055",460.710144927536,527.145307630986,1619.9038609554,0.186406219040008,66.43516270345,-56.3974133019492,207.54359753649,72.3456513438948,91.0651694349376
170,"natalia_oliveira_2023",18,"[58] Delbressine et al. 2023; [18] Iwama et al. 2009; [43] Rao et al. 2013; [20] Jenkins et al. 2009; [37] Hill et al. 2011; [13] Chetta et al. 2006; [34] Dourado, Vidotto, Guerra 2011; [47] Nusdwinuringtyas et al, 2014; [06] Gibbons et al. 2001; [32] Soares, Pereira 2011; [04] Troosters, Gosselink & Decramer 1999; [26] Jenkins et al. 2009; [15] Masmoudi et al. 2008; [07] Enrigth et al. 2003; [45] Kim et al. 2014; [50] Zou et al. 2017; [40] Britto et al. 2013; [54] Almeida et al. 2019","0.1947;-0.253;-0.4013;-0.1438;0.2776;-0.4728;-0.1515;0.8772;-0.387;-0.3332;0.7782;-0.025;0.0576;0.3534;0.6915;-0.3663;-0.0428;0.3465",444.333333333333,709.65569322606,1628.0897563625,0.215896327465467,265.322359892727,137.203367922333,372.887318944907,265.322359892727,274.100087777919
171,"natalia_oliveira_2023",10,"[20] Jenkins et al. 2009; [02] Enright & Sherrill 1998; [04] Troosters, Gosselink & Decramer 1999; [45] Kim et al. 2014; [18] Iwama et al. 2009; [47] Nusdwinuringtyas et al, 2014; [30] Osses et al. 2010; [48] Fernandes et al. 2016; [27] Alameri et al. 2009; [32] Soares, Pereira 2011","-0.0081;0.2688;0.1442;0.1291;-0.0378;0.2598;0.0816;-0.0257;0.3291;-0.141",460.028985507246,549.62200063968,630.925858549633,0.128195215441188,89.5930151324333,13.5286171926097,180.581394540757,90.3608539316952,103.014594879722
172,"natalia_oliveira_2023",23,"[13] Chetta et al. 2006; [58] Delbressine et al. 2023; [30] Osses et al. 2010; [43] Rao et al. 2013; [26] Jenkins et al. 2009; [50] Zou et al. 2017; [27] Alameri et al. 2009; [45] Kim et al. 2014; [47] Nusdwinuringtyas et al, 2014; [18] Iwama et al. 2009; [15] Masmoudi et al. 2008; [07] Enrigth et al. 2003; [34] Dourado, Vidotto, Guerra 2011; [20] Jenkins et al. 2009; [28] Ben Saad et al. 2009; [54] Almeida et al. 2019; [40] Britto et al. 2013; [02] Enright & Sherrill 1998; [04] Troosters, Gosselink & Decramer 1999; [10] Camarri et al. 2006; [37] Hill et al. 2011; [06] Gibbons et al. 2001; [32] Soares, Pereira 2011","-0.413;0.0812;-0.2375;-0.315;-0.04;-0.2903;0.7742;0.4097;0.6749;-0.2007;-0.0239;0.2192;-0.1784;-0.136;0.3926;0.0215;-0.1107;0.6135;0.4151;-0.2778;0.2724;-0.3386;-0.3123",438.231884057971,540.493700982943,2152.01480228118,0.225270733353744,102.261816924972,-39.7093224793133,223.737691166245,105.926758255548,123.84724472305
173,"natalia_oliveira_2023",7,"[28] Ben Saad et al. 2009; [48] Fernandes et al. 2016; [34] Dourado, Vidotto, Guerra 2011; [37] Hill et al. 2011; [02] Enright & Sherrill 1998; [20] Jenkins et al. 2009; [32] Soares, Pereira 2011","0.0597;0.423;0.1863;0.0196;0.0499;0.2075;0.054",448.449275362319,544.871878574634,1604.32728284428,0.129624049452693,96.4226032123151,-14.9047704585329,226.199748339267,99.1183191686147,116.572692571102
174,"natalia_oliveira_2023",19,"[27] Alameri et al. 2009; [13] Chetta et al. 2006; [58] Delbressine et al. 2023; [34] Dourado, Vidotto, Guerra 2011; [47] Nusdwinuringtyas et al, 2014; [04] Troosters, Gosselink & Decramer 1999; [02] Enright & Sherrill 1998; [20] Jenkins et al. 2009; [07] Enrigth et al. 2003; [48] Fernandes et al. 2016; [37] Hill et al. 2011; [10] Camarri et al. 2006; [45] Kim et al. 2014; [40] Britto et al. 2013; [28] Ben Saad et al. 2009; [18] Iwama et al. 2009; [30] Osses et al. 2010; [32] Soares, Pereira 2011; [15] Masmoudi et al. 2008","0.7525;-0.5881;-0.0542;-0.1116;0.6846;0.4654;0.7233;-0.1017;0.1206;-0.328;0.3379;-0.3185;0.2757;-0.0955;0.4056;-0.2652;-0.3388;-0.4116;-0.1525",445.31884057971,566.325791656247,1514.28527064595,0.174226498946654,121.006951076537,26.4172915383298,252.265458513978,121.006951076537,138.466788321412
175,"natalia_oliveira_2023",23,"[26] Jenkins et al. 2009; [37] Hill et al. 2011; [43] Rao et al. 2013; [06] Gibbons et al. 2001; [02] Enright & Sherrill 1998; [18] Iwama et al. 2009; [20] Jenkins et al. 2009; [32] Soares, Pereira 2011; [40] Britto et al. 2013; [28] Ben Saad et al. 2009; [58] Delbressine et al. 2023; [15] Masmoudi et al. 2008; [50] Zou et al. 2017; [30] Osses et al. 2010; [48] Fernandes et al. 2016; [10] Camarri et al. 2006; [13] Chetta et al. 2006; [04] Troosters, Gosselink & Decramer 1999; [45] Kim et al. 2014; [34] Dourado, Vidotto, Guerra 2011; [47] Nusdwinuringtyas et al, 2014; [54] Almeida et al. 2019; [07] Enrigth et al. 2003","-0.0124;0.3334;-0.2358;-0.3664;0.7746;-0.2084;-0.1481;-0.3298;-0.1636;0.4541;0.0116;-0.1129;-0.1579;-0.2817;-0.2793;-0.1085;-0.436;0.3057;0.8898;-0.1474;0.9963;0.0554;0.1672",450.492753623188,665.972988128564,1966.17997624357,0.127428838084388,215.480234505376,89.1928087310544,345.32227296763,215.480234505376,227.952704130192
176,"natalia_oliveira_2023",4,"[07] Enrigth et al. 2003; [47] Nusdwinuringtyas et al, 2014; [18] Iwama et al. 2009; [50] Zou et al. 2017","0.8315;1.1068;-0.6186;-0.3197",436.304347826087,507.779379372221,1372.07676581779,0.118687484121018,71.4750315461337,-59.8346530640708,198.16849212493,84.0329012569911,104.392597813564
177,"natalia_oliveira_2023",4,"[15] Masmoudi et al. 2008; [30] Osses et al. 2010; [58] Delbressine et al. 2023; [50] Zou et al. 2017","0.1674;-0.049;0.4345;0.4471",446.95652173913,569.226719387769,2387.31830867743,0.119472804622254,122.270197648639,-19.424768494539,252.202821129422,124.317513521103,142.111998640063
178,"natalia_oliveira_2023",20,"[28] Ben Saad et al. 2009; [48] Fernandes et al. 2016; [15] Masmoudi et al. 2008; [50] Zou et al. 2017; [43] Rao et al. 2013; [27] Alameri et al. 2009; [37] Hill et al. 2011; [26] Jenkins et al. 2009; [47] Nusdwinuringtyas et al, 2014; [13] Chetta et al. 2006; [58] Delbressine et al. 2023; [18] Iwama et al. 2009; [34] Dourado, Vidotto, Guerra 2011; [06] Gibbons et al. 2001; [30] Osses et al. 2010; [40] Britto et al. 2013; [10] Camarri et al. 2006; [20] Jenkins et al. 2009; [07] Enrigth et al. 2003; [45] Kim et al. 2014","0.8033;-0.2699;-0.0112;-0.2517;-0.2971;0.7973;0.4558;0.0089;0.6493;-0.4433;0.1571;-0.206;-0.1552;-0.3672;-0.2651;-0.024;-0.2877;-0.123;0.371;0.4586",441.565217391304,552.630873965629,871.184806028397,0.315675051281855,111.065656574325,-24.026655716585,244.051751688197,114.437916186839,131.743662791775
179,"natalia_oliveira_2023",11,"[18] Iwama et al. 2009; [06] Gibbons et al. 2001; [15] Masmoudi et al. 2008; [47] Nusdwinuringtyas et al, 2014; [48] Fernandes et al. 2016; [32] Soares, Pereira 2011; [50] Zou et al. 2017; [37] Hill et al. 2011; [45] Kim et al. 2014; [13] Chetta et al. 2006; [20] Jenkins et al. 2009","-0.2411;-0.3706;0.4922;0.9227;-0.3119;-0.2362;-0.3598;0.8555;0.5896;-0.4838;0.1432",457.289855072464,685.157123838583,1091.57911175176,0.298034076671497,227.867268766119,111.358934117839,353.090265049696,227.867268766119,237.236626365839
180,"natalia_oliveira_2023",5,"[28] Ben Saad et al. 2009; [26] Jenkins et al. 2009; [40] Britto et al. 2013; [02] Enright & Sherrill 1998; [07] Enrigth et al. 2003","-0.0631;0.2514;0.2586;0.3478;0.2053",452.768115942029,573.644320365654,3795.61134625412,0.305833067990028,120.876204423625,22.7423213018757,286.85159074517,121.564025570013,139.147388430945
181,"natalia_oliveira_2023",7,"[43] Rao et al. 2013; [10] Camarri et al. 2006; [26] Jenkins et al. 2009; [48] Fernandes et al. 2016; [27] Alameri et al. 2009; [07] Enrigth et al. 2003; [47] Nusdwinuringtyas et al, 2014","-0.3142;-0.1908;0.1794;-0.2213;0.4955;0.6784;0.3731",443.95652173913,554.884621770785,1051.99858397415,0.302206063333337,110.928100031654,-16.0212294722005,223.918909638202,113.319124522763,127.216871541465
182,"natalia_oliveira_2023",4,"[48] Fernandes et al. 2016; [30] Osses et al. 2010; [45] Kim et al. 2014; [43] Rao et al. 2013","0.1733;0.5442;0.5972;-0.3147",433.565217391304,629.332699211017,767.012702485993,0.243468688036723,195.767481819713,64.2358404771997,307.369507220635,195.767481819713,206.060983949339
183,"natalia_oliveira_2023",11,"[26] Jenkins et al. 2009; [30] Osses et al. 2010; [48] Fernandes et al. 2016; [04] Troosters, Gosselink & Decramer 1999; [13] Chetta et al. 2006; [02] Enright & Sherrill 1998; [54] Almeida et al. 2019; [32] Soares, Pereira 2011; [28] Ben Saad et al. 2009; [15] Masmoudi et al. 2008; [43] Rao et al. 2013","-0.0489;-0.7135;0.333;0.6707;-0.1613;0.5508;0.4699;-0.2485;0.0305;-0.4283;0.5457",455.31884057971,517.942950075843,2965.06350029097,0.341461259422448,62.6241094961326,-48.8337578083497,206.244712115647,75.6481999908033,97.396125891353
184,"natalia_oliveira_2023",24,"[20] Jenkins et al. 2009; [07] Enrigth et al. 2003; [02] Enright & Sherrill 1998; [26] Jenkins et al. 2009; [18] Iwama et al. 2009; [50] Zou et al. 2017; [10] Camarri et al. 2006; [48] Fernandes et al. 2016; [06] Gibbons et al. 2001; [34] Dourado, Vidotto, Guerra 2011; [45] Kim et al. 2014; [37] Hill et al. 2011; [32] Soares, Pereira 2011; [28] Ben Saad et al. 2009; [30] Osses et al. 2010; [15] Masmoudi et al. 2008; [54] Almeida et al. 2019; [43] Rao et al. 2013; [13] Chetta et al. 2006; [47] Nusdwinuringtyas et al, 2014; [40] Britto et al. 2013; [27] Alameri et al. 2009; [04] Troosters, Gosselink & Decramer 1999; [58] Delbressine et al. 2023","-0.1599;0.1777;0.7081;-0.0718;-0.1605;-0.2213;-0.2651;-0.2151;-0.2906;-0.1947;0.4741;0.2193;-0.3253;0.4604;-0.2396;-0.0632;0.0497;-0.259;-0.3761;0.6126;-0.0775;0.8034;0.3595;0.0549",466.797101449275,552.917282613063,1574.28065475215,0.248755118052246,86.1201811637871,-35.4719669636489,203.752738924398,90.1870082853089,107.766395308042
185,"natalia_oliveira_2023",4,"[54] Almeida et al. 2019; [45] Kim et al. 2014; [32] Soares, Pereira 2011; [30] Osses et al. 2010","0.064;0.448;-0.0148;0.5028",454.144927536232,592.611925173964,661.533249862382,0.135383649405032,138.466997637732,50.1075366862015,276.048981673486,138.922575771397,152.726163297129
186,"natalia_oliveira_2023",23,"[40] Britto et al. 2013; [34] Dourado, Vidotto, Guerra 2011; [45] Kim et al. 2014; [06] Gibbons et al. 2001; [47] Nusdwinuringtyas et al, 2014; [04] Troosters, Gosselink & Decramer 1999; [18] Iwama et al. 2009; [30] Osses et al. 2010; [15] Masmoudi et al. 2008; [43] Rao et al. 2013; [32] Soares, Pereira 2011; [48] Fernandes et al. 2016; [07] Enrigth et al. 2003; [20] Jenkins et al. 2009; [28] Ben Saad et al. 2009; [27] Alameri et al. 2009; [37] Hill et al. 2011; [13] Chetta et al. 2006; [58] Delbressine et al. 2023; [54] Almeida et al. 2019; [50] Zou et al. 2017; [02] Enright & Sherrill 1998; [10] Camarri et al. 2006","-0.1422;-0.184;0.4108;-0.287;0.7443;0.4654;-0.1794;-0.2258;-0.0188;-0.3493;-0.2918;-0.2311;0.2425;-0.1581;0.3988;0.8524;0.3239;-0.4035;0.0941;-6e-04;-0.3324;0.6185;-0.3466",448.739130434783,570.619773028645,1784.40273256273,0.160943406454573,121.880642593863,-13.9498911834704,234.659155187585,123.093676609817,139.485386874324
187,"natalia_oliveira_2023",18,"[13] Chetta et al. 2006; [30] Osses et al. 2010; [07] Enrigth et al. 2003; [04] Troosters, Gosselink & Decramer 1999; [20] Jenkins et al. 2009; [48] Fernandes et al. 2016; [54] Almeida et al. 2019; [47] Nusdwinuringtyas et al, 2014; [26] Jenkins et al. 2009; [28] Ben Saad et al. 2009; [15] Masmoudi et al. 2008; [18] Iwama et al. 2009; [27] Alameri et al. 2009; [34] Dourado, Vidotto, Guerra 2011; [32] Soares, Pereira 2011; [58] Delbressine et al. 2023; [02] Enright & Sherrill 1998; [37] Hill et al. 2011","-0.5071;-0.2364;0.1095;0.284;-0.1552;-0.3386;-0.0593;0.5987;-0.0449;0.5003;-0.0831;-0.3002;0.8723;-0.1836;-0.3281;0.0265;0.7116;0.1336",438.652173913043,543.398599850452,1811.07411830595,0.11874473765173,104.746425937408,-41.6991938300411,229.982047468573,109.25023440034,127.615524193303
188,"natalia_oliveira_2023",12,"[48] Fernandes et al. 2016; [15] Masmoudi et al. 2008; [18] Iwama et al. 2009; [40] Britto et al. 2013; [07] Enrigth et al. 2003; [10] Camarri et al. 2006; [27] Alameri et al. 2009; [37] Hill et al. 2011; [26] Jenkins et al. 2009; [32] Soares, Pereira 2011; [47] Nusdwinuringtyas et al, 2014; [43] Rao et al. 2013","-0.4875;0.1766;-0.4045;0.0308;0.5551;-0.3819;0.8922;0.5141;0.2731;-0.2793;0.7005;-0.5893",446.478260869565,640.68239087141,1201.94050300978,0.256897223997341,194.204130001844,76.2826404024048,335.106997225192,194.204130001844,207.08366638121
189,"natalia_oliveira_2023",17,"[48] Fernandes et al. 2016; [30] Osses et al. 2010; [58] Delbressine et al. 2023; [50] Zou et al. 2017; [15] Masmoudi et al. 2008; [40] Britto et al. 2013; [32] Soares, Pereira 2011; [06] Gibbons et al. 2001; [27] Alameri et al. 2009; [26] Jenkins et al. 2009; [28] Ben Saad et al. 2009; [04] Troosters, Gosselink & Decramer 1999; [07] Enrigth et al. 2003; [54] Almeida et al. 2019; [37] Hill et al. 2011; [02] Enright & Sherrill 1998; [10] Camarri et al. 2006","-0.1067;-0.0741;0.0663;-0.1627;0.0259;0.0288;-0.1802;-0.1306;0.8535;-0.0393;0.2145;0.1749;0.093;0.0926;0.0842;0.2524;-0.1927",457.652173913043,495.745701150068,1542.6484026299,0.171842371852464,38.0935272370249,-72.633330547166,173.05760950811,57.5420407245619,73.7865068601518
190,"natalia_oliveira_2023",11,"[40] Britto et al. 2013; [18] Iwama et al. 2009; [58] Delbressine et al. 2023; [15] Masmoudi et al. 2008; [07] Enrigth et al. 2003; [10] Camarri et al. 2006; [02] Enright & Sherrill 1998; [34] Dourado, Vidotto, Guerra 2011; [28] Ben Saad et al. 2009; [48] Fernandes et al. 2016; [32] Soares, Pereira 2011","-0.0106;0.2581;-0.0528;-0.0898;0.0605;0.4091;0.2347;0.0305;0.1252;0.1443;-0.1093",446.202898550725,584.36212867328,1534.27376828641,0.0907614082709259,138.159230122555,7.82565863037273,261.855930764335,138.159230122555,154.780499794581
191,"natalia_oliveira_2023",23,"[37] Hill et al. 2011; [26] Jenkins et al. 2009; [18] Iwama et al. 2009; [27] Alameri et al. 2009; [48] Fernandes et al. 2016; [50] Zou et al. 2017; [20] Jenkins et al. 2009; [34] Dourado, Vidotto, Guerra 2011; [40] Britto et al. 2013; [07] Enrigth et al. 2003; [47] Nusdwinuringtyas et al, 2014; [28] Ben Saad et al. 2009; [06] Gibbons et al. 2001; [10] Camarri et al. 2006; [02] Enright & Sherrill 1998; [43] Rao et al. 2013; [32] Soares, Pereira 2011; [54] Almeida et al. 2019; [58] Delbressine et al. 2023; [30] Osses et al. 2010; [13] Chetta et al. 2006; [15] Masmoudi et al. 2008; [04] Troosters, Gosselink & Decramer 1999","0.2314;-0.0149;-0.0174;0.6586;-0.0879;0.016;-0.1716;-0.1839;-0.1501;0.065;0.5954;0.3639;-0.2633;-0.0138;0.7406;-0.0556;-0.2565;0.0607;-0.1088;-0.3637;-0.3042;-0.1901;0.4503",443.855072463768,541.949446352877,1730.02589216868,0.427103909170586,98.0943738891084,-41.8953191403604,210.525181028251,102.900846015542,118.941059708655
192,"natalia_oliveira_2023",19,"[10] Camarri et al. 2006; [15] Masmoudi et al. 2008; [28] Ben Saad et al. 2009; [50] Zou et al. 2017; [27] Alameri et al. 2009; [13] Chetta et al. 2006; [04] Troosters, Gosselink & Decramer 1999; [58] Delbressine et al. 2023; [48] Fernandes et al. 2016; [45] Kim et al. 2014; [06] Gibbons et al. 2001; [18] Iwama et al. 2009; [07] Enrigth et al. 2003; [37] Hill et al. 2011; [20] Jenkins et al. 2009; [43] Rao et al. 2013; [54] Almeida et al. 2019; [30] Osses et al. 2010; [26] Jenkins et al. 2009","-0.2873;-0.1667;0.4713;-0.319;1.0258;-0.4042;0.3716;0.0646;-0.1708;0.5595;-0.2359;-0.111;0.3395;0.6381;-0.2592;-0.3217;0.3142;-0.3306;-0.1783",432.202898550725,597.166601063614,1215.70926586571,0.346808325272002,164.963702512889,21.9115992136495,276.688033488969,164.963702512889,178.256020631367
193,"natalia_oliveira_2023",18,"[27] Alameri et al. 2009; [45] Kim et al. 2014; [50] Zou et al. 2017; [02] Enright & Sherrill 1998; [07] Enrigth et al. 2003; [40] Britto et al. 2013; [43] Rao et al. 2013; [28] Ben Saad et al. 2009; [54] Almeida et al. 2019; [58] Delbressine et al. 2023; [15] Masmoudi et al. 2008; [06] Gibbons et al. 2001; [32] Soares, Pereira 2011; [34] Dourado, Vidotto, Guerra 2011; [30] Osses et al. 2010; [04] Troosters, Gosselink & Decramer 1999; [13] Chetta et al. 2006; [20] Jenkins et al. 2009","0.8482;0.4939;-0.2167;0.7623;0.2764;-0.1062;-0.2001;0.4336;0.1436;0.0804;-0.1199;-0.0911;-0.3317;-0.3234;-0.2956;0.2061;-0.2729;-0.2869",451,522.795632917764,2009.02097413969,0.25113666341787,71.7956329177643,-65.5888139133373,204.110304642978,80.576863266789,97.169704320438
194,"natalia_oliveira_2023",9,"[40] Britto et al. 2013; [50] Zou et al. 2017; [18] Iwama et al. 2009; [30] Osses et al. 2010; [02] Enright & Sherrill 1998; [54] Almeida et al. 2019; [34] Dourado, Vidotto, Guerra 2011; [47] Nusdwinuringtyas et al, 2014; [26] Jenkins et al. 2009","-0.2877;-0.2587;-0.4746;-0.3509;0.9523;-0.0274;-0.0351;1.1024;0.3798",453.275362318841,563.072809384289,1495.99706172073,0.0422764405655575,109.797447065448,-16.4158067674056,250.512172590752,112.047967819224,135.456305959129
195,"natalia_oliveira_2023",21,"[06] Gibbons et al. 2001; [34] Dourado, Vidotto, Guerra 2011; [47] Nusdwinuringtyas et al, 2014; [54] Almeida et al. 2019; [26] Jenkins et al. 2009; [28] Ben Saad et al. 2009; [48] Fernandes et al. 2016; [20] Jenkins et al. 2009; [02] Enright & Sherrill 1998; [18] Iwama et al. 2009; [58] Delbressine et al. 2023; [15] Masmoudi et al. 2008; [30] Osses et al. 2010; [37] Hill et al. 2011; [07] Enrigth et al. 2003; [45] Kim et al. 2014; [13] Chetta et al. 2006; [04] Troosters, Gosselink & Decramer 1999; [27] Alameri et al. 2009; [50] Zou et al. 2017; [40] Britto et al. 2013","-0.2742;-0.2753;0.6842;0.0097;-0.1082;0.41;-0.1908;-0.2177;0.6183;-0.135;0.0418;-0.0595;-0.2891;0.1656;0.1572;0.2512;-0.4439;0.4768;0.6829;-0.4497;-0.0541",439.985507246377,519.276103334352,2162.92005421962,0.266257754934709,79.2905960879757,-66.8918757104597,180.170146672694,86.7005154887374,102.070871888667
196,"natalia_oliveira_2023",24,"[45] Kim et al. 2014; [54] Almeida et al. 2019; [20] Jenkins et al. 2009; [32] Soares, Pereira 2011; [04] Troosters, Gosselink & Decramer 1999; [50] Zou et al. 2017; [48] Fernandes et al. 2016; [37] Hill et al. 2011; [02] Enright & Sherrill 1998; [47] Nusdwinuringtyas et al, 2014; [58] Delbressine et al. 2023; [28] Ben Saad et al. 2009; [06] Gibbons et al. 2001; [07] Enrigth et al. 2003; [15] Masmoudi et al. 2008; [34] Dourado, Vidotto, Guerra 2011; [43] Rao et al. 2013; [30] Osses et al. 2010; [27] Alameri et al. 2009; [13] Chetta et al. 2006; [40] Britto et al. 2013; [18] Iwama et al. 2009; [10] Camarri et al. 2006; [26] Jenkins et al. 2009","0.3956;0.072;-0.1624;-0.3127;0.322;-0.162;-0.1588;0.2692;0.5559;0.6221;0.0706;0.3546;-0.2861;0.2012;-0.034;-0.1798;-0.194;-0.2297;0.6058;-0.3473;-0.0364;-0.0886;-0.1886;-0.0886",456.63768115942,558.036211823885,1957.78817164125,0.345932817978955,101.398530664464,-24.5429678510272,225.483960537263,103.744976357238,118.425309171676
197,"natalia_oliveira_2023",2,"[18] Iwama et al. 2009; [06] Gibbons et al. 2001","0.5;0.5",447.31884057971,584.857369565217,866.077768173912,0.0947301941113735,137.538528985507,-7.56150000000002,268.7847,138.196050724638,155.896230440955
198,"natalia_oliveira_2023",6,"[58] Delbressine et al. 2023; [18] Iwama et al. 2009; [50] Zou et al. 2017; [32] Soares, Pereira 2011; [26] Jenkins et al. 2009; [15] Masmoudi et al. 2008","0.3478;0.3252;0.2902;-0.3312;0.2255;0.1425",459.333333333333,596.423358795819,2106.9642541,0.20724821921313,137.090025462486,3.07812097875126,251.366977789131,137.090025462486,151.622770207468
199,"natalia_oliveira_2023",21,"[40] Britto et al. 2013; [26] Jenkins et al. 2009; [13] Chetta et al. 2006; [50] Zou et al. 2017; [28] Ben Saad et al. 2009; [15] Masmoudi et al. 2008; [07] Enrigth et al. 2003; [02] Enright & Sherrill 1998; [34] Dourado, Vidotto, Guerra 2011; [43] Rao et al. 2013; [18] Iwama et al. 2009; [30] Osses et al. 2010; [58] Delbressine et al. 2023; [47] Nusdwinuringtyas et al, 2014; [54] Almeida et al. 2019; [06] Gibbons et al. 2001; [32] Soares, Pereira 2011; [37] Hill et al. 2011; [48] Fernandes et al. 2016; [45] Kim et al. 2014; [27] Alameri et al. 2009","-0.2165;-0.0282;-0.4614;-0.3484;0.5593;-0.1031;0.2772;0.9669;-0.2248;-0.4075;-0.3287;-0.3465;0.0541;0.7928;-0.0538;-0.3515;-0.4233;0.5997;-0.3654;0.4491;0.9598",432.115942028986,621.722308646468,1499.28579901395,0.0451361294306349,189.606366617482,84.5681896779065,317.185249063619,189.606366617482,205.062276170256
200,"natalia_oliveira_2023",23,"[20] Jenkins et al. 2009; [43] Rao et al. 2013; [48] Fernandes et al. 2016; [32] Soares, Pereira 2011; [34] Dourado, Vidotto, Guerra 2011; [47] Nusdwinuringtyas et al, 2014; [10] Camarri et al. 2006; [37] Hill et al. 2011; [26] Jenkins et al. 2009; [27] Alameri et al. 2009; [50] Zou et al. 2017; [02] Enright & Sherrill 1998; [06] Gibbons et al. 2001; [13] Chetta et al. 2006; [15] Masmoudi et al. 2008; [07] Enrigth et al. 2003; [45] Kim et al. 2014; [28] Ben Saad et al. 2009; [40] Britto et al. 2013; [04] Troosters, Gosselink & Decramer 1999; [58] Delbressine et al. 2023; [18] Iwama et al. 2009; [54] Almeida et al. 2019","-0.2083;-0.2707;-0.2525;-0.317;-0.2134;0.5712;-0.1863;0.3432;-0.1256;0.8519;-0.2387;0.7095;-0.3077;-0.3809;-0.108;0.2056;0.4818;0.3902;-0.1538;0.2736;0.0378;-0.2004;0.0985",452.086956521739,560.7060975057,1511.27936968281,0.21454065622092,108.619140983961,-15.7585471162103,251.876086266279,110.899349537321,131.345742473088
201,"natalia_oliveira_2023",18,"[10] Camarri et al. 2006; [45] Kim et al. 2014; [27] Alameri et al. 2009; [02] Enright & Sherrill 1998; [54] Almeida et al. 2019; [20] Jenkins et al. 2009; [26] Jenkins et al. 2009; [47] Nusdwinuringtyas et al, 2014; [32] Soares, Pereira 2011; [04] Troosters, Gosselink & Decramer 1999; [43] Rao et al. 2013; [30] Osses et al. 2010; [15] Masmoudi et al. 2008; [37] Hill et al. 2011; [50] Zou et al. 2017; [07] Enrigth et al. 2003; [18] Iwama et al. 2009; [40] Britto et al. 2013","-0.3005;0.4156;0.8159;0.8888;-0.0014;-0.1597;-0.0062;0.6556;-0.3878;0.6056;-0.4389;-0.3321;-0.1047;0.0967;-0.3821;0.1196;-0.3187;-0.1657",440.217391304348,573.124292868249,1420.23910957082,0.263786871086,132.906901563901,-1.41769948753825,249.562742690355,134.168098921384,151.966840724559
202,"natalia_oliveira_2023",9,"[06] Gibbons et al. 2001; [28] Ben Saad et al. 2009; [47] Nusdwinuringtyas et al, 2014; [10] Camarri et al. 2006; [20] Jenkins et al. 2009; [27] Alameri et al. 2009; [40] Britto et al. 2013; [18] Iwama et al. 2009; [15] Masmoudi et al. 2008","-0.3565;1.0189;0.6921;-0.53;-0.2295;0.6111;-0.2201;-0.306;0.3202",436.811594202899,402.798613658408,1468.63624870749,0.280739091218099,-34.01298054449,-183.804470928545,81.6640067304709,68.8721853158746,80.750507311183
203,"natalia_oliveira_2023",2,"[26] Jenkins et al. 2009; [28] Ben Saad et al. 2009","0.5365;0.4635",454.086956521739,627.202152758723,5060.40614745095,0.256063928475264,173.115196236984,14.6084443009333,312.773500246853,173.115196236984,188.812314296837
204,"natalia_oliveira_2023",6,"[45] Kim et al. 2014; [34] Dourado, Vidotto, Guerra 2011; [54] Almeida et al. 2019; [27] Alameri et al. 2009; [47] Nusdwinuringtyas et al, 2014; [15] Masmoudi et al. 2008","9e-04;-0.0377;-0.0805;0.3227;0.2212;0.5734",458.101449275362,500.996330785231,958.852007646112,0.302408485082125,42.8948815098682,-110.94159799038,178.856464211494,69.0204562139231,84.474916506362
205,"natalia_oliveira_2023",19,"[27] Alameri et al. 2009; [02] Enright & Sherrill 1998; [26] Jenkins et al. 2009; [50] Zou et al. 2017; [07] Enrigth et al. 2003; [13] Chetta et al. 2006; [37] Hill et al. 2011; [48] Fernandes et al. 2016; [04] Troosters, Gosselink & Decramer 1999; [47] Nusdwinuringtyas et al, 2014; [30] Osses et al. 2010; [45] Kim et al. 2014; [28] Ben Saad et al. 2009; [20] Jenkins et al. 2009; [34] Dourado, Vidotto, Guerra 2011; [18] Iwama et al. 2009; [06] Gibbons et al. 2001; [58] Delbressine et al. 2023; [10] Camarri et al. 2006","0.8594;0.7035;-0.1224;-0.353;0.1618;-0.4258;0.1867;-0.286;0.3124;0.5852;-0.222;0.4147;0.4773;-0.1959;-0.2222;-0.2468;-0.3076;0.064;-0.3835",434.202898550725,462.942711464703,1774.51878151918,0.140803327915947,28.7398129139779,-117.228152260774,159.562967463471,64.5741712633798,77.8388808699273
206,"natalia_oliveira_2023",1,"[54] Almeida et al. 2019","1",445.536231884058,633.303410765361,1011.04790168064,0.172155236442992,187.767178881303,90.895747783061,320.843311899132,187.767178881303,199.700505218708
207,"natalia_oliveira_2023",21,"[15] Masmoudi et al. 2008; [28] Ben Saad et al. 2009; [43] Rao et al. 2013; [18] Iwama et al. 2009; [27] Alameri et al. 2009; [13] Chetta et al. 2006; [30] Osses et al. 2010; [06] Gibbons et al. 2001; [58] Delbressine et al. 2023; [47] Nusdwinuringtyas et al, 2014; [40] Britto et al. 2013; [20] Jenkins et al. 2009; [02] Enright & Sherrill 1998; [10] Camarri et al. 2006; [45] Kim et al. 2014; [37] Hill et al. 2011; [07] Enrigth et al. 2003; [26] Jenkins et al. 2009; [50] Zou et al. 2017; [34] Dourado, Vidotto, Guerra 2011; [04] Troosters, Gosselink & Decramer 1999","0.0178;0.3292;-0.3411;-0.2791;0.7659;-0.3635;-0.131;-0.2552;0.1202;0.553;-0.0545;-0.1467;0.4404;-0.3038;0.4122;0.3143;0.2145;-0.0953;-0.2955;-0.135;0.2333",456.869565217391,539.114351671384,1380.64242900046,0.118576745402937,82.2447864539923,-26.856848452936,198.48529828677,85.389666700588,104.554832996476
208,"natalia_oliveira_2023",1,"[50] Zou et al. 2017","1",447.913043478261,560.079782608696,1023.63186502557,0.209349463487344,112.166739130435,-26.3979,242.4738,115.975115942029,133.226715670988
209,"natalia_oliveira_2023",23,"[32] Soares, Pereira 2011; [07] Enrigth et al. 2003; [02] Enright & Sherrill 1998; [04] Troosters, Gosselink & Decramer 1999; [15] Masmoudi et al. 2008; [54] Almeida et al. 2019; [27] Alameri et al. 2009; [47] Nusdwinuringtyas et al, 2014; [13] Chetta et al. 2006; [26] Jenkins et al. 2009; [58] Delbressine et al. 2023; [50] Zou et al. 2017; [20] Jenkins et al. 2009; [06] Gibbons et al. 2001; [43] Rao et al. 2013; [48] Fernandes et al. 2016; [45] Kim et al. 2014; [37] Hill et al. 2011; [18] Iwama et al. 2009; [34] Dourado, Vidotto, Guerra 2011; [10] Camarri et al. 2006; [30] Osses et al. 2010; [40] Britto et al. 2013","-0.3002;0.2351;0.8555;0.2946;-0.0237;-0.0617;0.8516;0.5827;-0.3675;1e-04;0.1096;-0.2954;-0.0924;-0.2372;-0.3245;-0.2527;0.4289;0.3887;-0.2256;-0.1132;-0.2799;-0.1601;-0.0126",458.028985507246,575.897864487951,1709.42962588165,0.076161149975754,117.868878980705,-12.3195933403982,260.480721091632,119.477460242549,139.158643463507
210,"natalia_oliveira_2023",9,"[48] Fernandes et al. 2016; [34] Dourado, Vidotto, Guerra 2011; [20] Jenkins et al. 2009; [32] Soares, Pereira 2011; [47] Nusdwinuringtyas et al, 2014; [58] Delbressine et al. 2023; [04] Troosters, Gosselink & Decramer 1999; [28] Ben Saad et al. 2009; [18] Iwama et al. 2009","-0.3519;-0.1819;-0.1858;-0.4241;1.1102;-0.005;0.6094;0.6787;-0.2496",446.695652173913,628.364778830245,1838.86121553583,0.234094644752264,181.669126656332,69.4852302470691,313.66790747135,181.669126656332,193.512925391116
211,"natalia_oliveira_2023",16,"[13] Chetta et al. 2006; [34] Dourado, Vidotto, Guerra 2011; [02] Enright & Sherrill 1998; [37] Hill et al. 2011; [20] Jenkins et al. 2009; [18] Iwama et al. 2009; [45] Kim et al. 2014; [10] Camarri et al. 2006; [43] Rao et al. 2013; [06] Gibbons et al. 2001; [58] Delbressine et al. 2023; [32] Soares, Pereira 2011; [04] Troosters, Gosselink & Decramer 1999; [07] Enrigth et al. 2003; [54] Almeida et al. 2019; [30] Osses et al. 2010","-0.3593;-0.2773;0.8932;0.1124;-0.2734;0.0892;1.1208;-0.1312;-0.0518;-0.2675;-0.0447;-0.2469;0.3986;0.0996;0.317;-0.3784",444.985507246377,594.754053397045,2175.12813767105,0.371301178614992,149.768546150669,51.4111683173864,254.607919490967,149.768546150669,160.588719590323
212,"natalia_oliveira_2023",5,"[18] Iwama et al. 2009; [27] Alameri et al. 2009; [04] Troosters, Gosselink & Decramer 1999; [06] Gibbons et al. 2001; [50] Zou et al. 2017","0.1178;0.8613;0.6717;0.1298;-0.7806",419.289855072464,531.082370540261,1425.77339397803,0.196513313672941,111.792515467797,9.21376419000536,237.694723784828,113.840919911991,136.102647937617
213,"natalia_oliveira_2023",13,"[20] Jenkins et al. 2009; [58] Delbressine et al. 2023; [02] Enright & Sherrill 1998; [30] Osses et al. 2010; [26] Jenkins et al. 2009; [10] Camarri et al. 2006; [34] Dourado, Vidotto, Guerra 2011; [50] Zou et al. 2017; [18] Iwama et al. 2009; [48] Fernandes et al. 2016; [43] Rao et al. 2013; [37] Hill et al. 2011; [45] Kim et al. 2014","-0.0837;0.098;0.7046;-0.2595;0.081;-0.0598;-0.1155;-0.1129;-0.032;-0.1461;-0.1683;0.0954;0.9989",447.826086956522,624.853716774486,2199.04819646729,0.377773546966877,177.027629817964,87.3330405428729,284.779523581768,177.027629817964,186.120949043612
214,"natalia_oliveira_2023",11,"[40] Britto et al. 2013; [58] Delbressine et al. 2023; [20] Jenkins et al. 2009; [15] Masmoudi et al. 2008; [43] Rao et al. 2013; [45] Kim et al. 2014; [28] Ben Saad et al. 2009; [30] Osses et al. 2010; [04] Troosters, Gosselink & Decramer 1999; [10] Camarri et al. 2006; [26] Jenkins et al. 2009","0.1446;0.126;-0.268;-0.147;-0.3743;1.1257;0.7134;-0.3841;0.5658;-0.3679;-0.1342",451.31884057971,638.213671389622,2828.60668524649,0.154983413782,186.894830809912,53.4749814429198,338.779446256121,186.894830809912,202.075670555201
215,"natalia_oliveira_2023",8,"[06] Gibbons et al. 2001; [15] Masmoudi et al. 2008; [07] Enrigth et al. 2003; [02] Enright & Sherrill 1998; [13] Chetta et al. 2006; [48] Fernandes et al. 2016; [45] Kim et al. 2014; [27] Alameri et al. 2009","0.0835;-0.1431;0.4029;0.2254;-0.1033;-0.0882;0.1539;0.4689",457.449275362319,521.035210928427,923.747392523634,0.0876624458491312,63.585935566108,-53.0714633237729,197.805916988367,72.5104580158805,91.5020949471779
216,"natalia_oliveira_2023",13,"[28] Ben Saad et al. 2009; [15] Masmoudi et al. 2008; [37] Hill et al. 2011; [27] Alameri et al. 2009; [18] Iwama et al. 2009; [47] Nusdwinuringtyas et al, 2014; [07] Enrigth et al. 2003; [20] Jenkins et al. 2009; [50] Zou et al. 2017; [02] Enright & Sherrill 1998; [40] Britto et al. 2013; [54] Almeida et al. 2019; [30] Osses et al. 2010","0.5559;7e-04;-0.0701;0.9706;-0.5333;0.4301;0.1499;-0.1617;-0.3921;0.7186;-0.1803;-0.1614;-0.3271",443.666666666667,438.530560899727,1863.50132392216,0.290076438314217,-5.13610576693986,-105.446328978624,105.357736065569,57.6082453352509,64.5741479844768
217,"natalia_oliveira_2023",6,"[18] Iwama et al. 2009; [30] Osses et al. 2010; [15] Masmoudi et al. 2008; [26] Jenkins et al. 2009; [28] Ben Saad et al. 2009; [04] Troosters, Gosselink & Decramer 1999","0.443;-0.153;-0.058;0.5146;-0.093;0.3464",450.115942028986,622.872781627531,2311.8367626539,0.296877715609528,172.756839598545,74.2592582046625,283.18576484416,172.756839598545,182.18583607637
218,"natalia_oliveira_2023",16,"[58] Delbressine et al. 2023; [18] Iwama et al. 2009; [40] Britto et al. 2013; [34] Dourado, Vidotto, Guerra 2011; [27] Alameri et al. 2009; [54] Almeida et al. 2019; [48] Fernandes et al. 2016; [28] Ben Saad et al. 2009; [15] Masmoudi et al. 2008; [26] Jenkins et al. 2009; [06] Gibbons et al. 2001; [02] Enright & Sherrill 1998; [04] Troosters, Gosselink & Decramer 1999; [45] Kim et al. 2014; [32] Soares, Pereira 2011; [43] Rao et al. 2013","0.0195;-0.0982;-0.1918;-0.4124;1.0202;0.0714;-0.1472;0.5091;-0.2476;-0.3019;-0.1724;1.0394;0.2501;0.5147;-0.5084;-0.3445",422.710144927536,551.129260224856,1242.29105205796,0.206098171627364,128.419115297319,-23.541934651401,242.099892815193,130.999890296483,147.94873518161
219,"natalia_oliveira_2023",3,"[54] Almeida et al. 2019; [02] Enright & Sherrill 1998; [30] Osses et al. 2010","0.6009;0.5933;-0.1941",457.840579710145,590.137355207729,3601.73868355523,0.241810874416908,132.296775497584,8.34025224123104,291.597044858459,132.296775497584,153.601847635843
220,"natalia_oliveira_2023",15,"[50] Zou et al. 2017; [43] Rao et al. 2013; [18] Iwama et al. 2009; [06] Gibbons et al. 2001; [34] Dourado, Vidotto, Guerra 2011; [32] Soares, Pereira 2011; [54] Almeida et al. 2019; [48] Fernandes et al. 2016; [27] Alameri et al. 2009; [28] Ben Saad et al. 2009; [40] Britto et al. 2013; [02] Enright & Sherrill 1998; [07] Enrigth et al. 2003; [26] Jenkins et al. 2009; [10] Camarri et al. 2006","-0.1326;-0.1811;-0.1023;-0.2324;-0.3159;-0.3527;0.1349;-0.1658;1.3733;0.4673;-0.2286;0.8354;0.337;-0.1899;-0.2466",435.768115942029,407.736702605782,1775.7380101379,0.186743509899701,-28.031413336247,-164.662117059884,91.3340891510727,67.1641207591348,78.9931416738344
221,"natalia_oliveira_2023",16,"[27] Alameri et al. 2009; [37] Hill et al. 2011; [10] Camarri et al. 2006; [58] Delbressine et al. 2023; [18] Iwama et al. 2009; [54] Almeida et al. 2019; [04] Troosters, Gosselink & Decramer 1999; [32] Soares, Pereira 2011; [26] Jenkins et al. 2009; [47] Nusdwinuringtyas et al, 2014; [48] Fernandes et al. 2016; [06] Gibbons et al. 2001; [20] Jenkins et al. 2009; [34] Dourado, Vidotto, Guerra 2011; [07] Enrigth et al. 2003; [15] Masmoudi et al. 2008","0.8177;0.686;-0.7161;0.1367;-0.4649;0.3829;0.5793;-0.5068;0.1831;0.6738;-0.5058;-0.4731;-0.0264;-0.0382;0.3633;-0.0914",433.260869565217,584.528323485226,1422.39058136709,0.0654976260797027,151.267453920009,24.6096627697947,269.162940977287,151.267453920009,169.309418167643
222,"natalia_oliveira_2023",17,"[28] Ben Saad et al. 2009; [15] Masmoudi et al. 2008; [06] Gibbons et al. 2001; [40] Britto et al. 2013; [30] Osses et al. 2010; [20] Jenkins et al. 2009; [58] Delbressine et al. 2023; [37] Hill et al. 2011; [04] Troosters, Gosselink & Decramer 1999; [54] Almeida et al. 2019; [48] Fernandes et al. 2016; [02] Enright & Sherrill 1998; [43] Rao et al. 2013; [07] Enrigth et al. 2003; [13] Chetta et al. 2006; [50] Zou et al. 2017; [27] Alameri et al. 2009","0.4269;-0.267;-0.1515;-0.1585;-0.4441;-0.4075;-0.0817;0.3826;0.2995;-0.0151;-0.0183;0.8259;-0.2302;0.1201;-0.3519;-0.2372;1.3079",432.246376811594,523.176533731974,2053.79941570439,0.234127016959983,90.9301569203794,-34.1431781704053,208.055196989477,96.7861912253627,114.346078094046
223,"natalia_oliveira_2023",14,"[04] Troosters, Gosselink & Decramer 1999; [50] Zou et al. 2017; [27] Alameri et al. 2009; [26] Jenkins et al. 2009; [43] Rao et al. 2013; [34] Dourado, Vidotto, Guerra 2011; [40] Britto et al. 2013; [45] Kim et al. 2014; [58] Delbressine et al. 2023; [07] Enrigth et al. 2003; [06] Gibbons et al. 2001; [15] Masmoudi et al. 2008; [28] Ben Saad et al. 2009; [54] Almeida et al. 2019","0.3667;-0.3926;0.8671;-0.369;-0.3614;-0.4029;-0.0339;0.4391;0.0824;0.3035;-0.2548;-0.166;0.7941;0.1276",444.463768115942,537.35659483901,1657.16124287509,0.287239850716877,92.8928267230676,-28.0268276811262,224.851137580097,96.6591426082255,113.987556505226
224,"natalia_oliveira_2023",15,"[40] Britto et al. 2013; [15] Masmoudi et al. 2008; [47] Nusdwinuringtyas et al, 2014; [48] Fernandes et al. 2016; [26] Jenkins et al. 2009; [18] Iwama et al. 2009; [28] Ben Saad et al. 2009; [58] Delbressine et al. 2023; [13] Chetta et al. 2006; [07] Enrigth et al. 2003; [37] Hill et al. 2011; [34] Dourado, Vidotto, Guerra 2011; [20] Jenkins et al. 2009; [43] Rao et al. 2013; [04] Troosters, Gosselink & Decramer 1999","-0.1359;-0.1169;1.2735;-0.3059;0.1324;-0.2035;0.3873;-0.0183;-0.5489;0.178;0.3161;-0.1082;-0.1009;-0.3341;0.5853",454.173913043478,746.141002032981,1970.0877454221,0.148043245129951,291.967088989502,138.872844805965,420.756423695863,291.967088989502,300.57843206563
225,"natalia_oliveira_2023",1,"[30] Osses et al. 2010","1",441.275362318841,602.555014492754,2753.19851001449,0.082784205006416,161.279652173913,5.78499999999997,301.3515,161.279652173913,180.865949940993
226,"natalia_oliveira_2023",19,"[47] Nusdwinuringtyas et al, 2014; [54] Almeida et al. 2019; [43] Rao et al. 2013; [04] Troosters, Gosselink & Decramer 1999; [13] Chetta et al. 2006; [45] Kim et al. 2014; [30] Osses et al. 2010; [58] Delbressine et al. 2023; [15] Masmoudi et al. 2008; [18] Iwama et al. 2009; [34] Dourado, Vidotto, Guerra 2011; [07] Enrigth et al. 2003; [02] Enright & Sherrill 1998; [48] Fernandes et al. 2016; [28] Ben Saad et al. 2009; [20] Jenkins et al. 2009; [27] Alameri et al. 2009; [10] Camarri et al. 2006; [26] Jenkins et al. 2009","0.6004;0.0046;-0.3285;0.4078;-0.4251;0.3685;-0.2573;0.0499;-0.0686;-0.2066;-0.2465;0.1907;0.7299;-0.2591;0.4324;-0.2289;0.7304;-0.3231;-0.1709",438.652173913043,535.075023306902,1726.12361755075,0.210367354383766,96.4228493938581,-12.5720738149257,213.701866769895,98.8510235604231,117.047982523977
227,"natalia_oliveira_2023",5,"[13] Chetta et al. 2006; [34] Dourado, Vidotto, Guerra 2011; [28] Ben Saad et al. 2009; [48] Fernandes et al. 2016; [20] Jenkins et al. 2009","-0.0096;0.0238;0.4642;0.4951;0.0265",454.855072463768,527.307132365937,2960.01125413388,0.183870716126196,72.4520599021685,-64.2762142991137,203.936254468651,83.0052065250269,103.88012721212
228,"natalia_oliveira_2023",1,"[10] Camarri et al. 2006","1",455.594202898551,672.957536231884,889.319849722933,0.171488150432065,217.363333333333,113.63,370.297,217.363333333333,227.821401070021
229,"natalia_oliveira_2023",17,"[10] Camarri et al. 2006; [02] Enright & Sherrill 1998; [43] Rao et al. 2013; [48] Fernandes et al. 2016; [40] Britto et al. 2013; [26] Jenkins et al. 2009; [34] Dourado, Vidotto, Guerra 2011; [47] Nusdwinuringtyas et al, 2014; [50] Zou et al. 2017; [32] Soares, Pereira 2011; [13] Chetta et al. 2006; [20] Jenkins et al. 2009; [27] Alameri et al. 2009; [30] Osses et al. 2010; [07] Enrigth et al. 2003; [06] Gibbons et al. 2001; [45] Kim et al. 2014","-0.2037;0.9744;-0.2901;-0.2914;-0.1354;-0.0357;-0.16;0.4618;-0.218;-0.1927;-0.2945;-0.1294;0.788;-0.1348;0.6219;-0.2074;0.4472",437.710144927536,480.893968739762,1278.87171694238,0.206352351102429,43.1838238122262,-38.6302647938544,164.3561636855,57.3701163301187,75.683841776046
230,"natalia_oliveira_2023",14,"[26] Jenkins et al. 2009; [02] Enright & Sherrill 1998; [48] Fernandes et al. 2016; [50] Zou et al. 2017; [43] Rao et al. 2013; [13] Chetta et al. 2006; [07] Enrigth et al. 2003; [54] Almeida et al. 2019; [18] Iwama et al. 2009; [27] Alameri et al. 2009; [06] Gibbons et al. 2001; [30] Osses et al. 2010; [40] Britto et al. 2013; [47] Nusdwinuringtyas et al, 2014","-0.1915;0.9912;-0.1909;-0.1562;-0.2142;-0.2805;0.4009;-0.0144;-0.1556;0.9061;-0.1947;-0.2948;-0.1923;0.5868",451,455.098037792864,977.660506174617,0.276866779317107,4.09803779286365,-112.478979135365,145.646550220182,53.8006336594731,69.3295022838428
231,"natalia_oliveira_2023",19,"[02] Enright & Sherrill 1998; [18] Iwama et al. 2009; [15] Masmoudi et al. 2008; [26] Jenkins et al. 2009; [13] Chetta et al. 2006; [28] Ben Saad et al. 2009; [34] Dourado, Vidotto, Guerra 2011; [30] Osses et al. 2010; [07] Enrigth et al. 2003; [58] Delbressine et al. 2023; [45] Kim et al. 2014; [40] Britto et al. 2013; [50] Zou et al. 2017; [04] Troosters, Gosselink & Decramer 1999; [10] Camarri et al. 2006; [43] Rao et al. 2013; [32] Soares, Pereira 2011; [47] Nusdwinuringtyas et al, 2014; [27] Alameri et al. 2009","0.8391;-0.3143;-0.0715;-0.1477;-0.4362;0.4734;-0.2625;-0.2948;0.2525;0.069;0.4581;-0.1959;-0.2534;0.4043;-0.2845;-0.3233;-0.3805;0.6149;0.8534",457.594202898551,529.300566931085,1692.63500475863,0.111569187287132,71.706364032534,-52.4480872481819,213.260302305402,84.2567215477947,106.117138412376
232,"natalia_oliveira_2023",1,"[07] Enrigth et al. 2003","1",443.913043478261,511.660130434783,4709.64734146803,0.108385463530393,67.7470869565218,-38.627,228.73,78.9815797101449,105.382265200816
233,"natalia_oliveira_2023",14,"[13] Chetta et al. 2006; [18] Iwama et al. 2009; [06] Gibbons et al. 2001; [54] Almeida et al. 2019; [45] Kim et al. 2014; [07] Enrigth et al. 2003; [34] Dourado, Vidotto, Guerra 2011; [58] Delbressine et al. 2023; [40] Britto et al. 2013; [43] Rao et al. 2013; [02] Enright & Sherrill 1998; [26] Jenkins et al. 2009; [30] Osses et al. 2010; [04] Troosters, Gosselink & Decramer 1999","-0.4124;0.1141;-0.1347;0.2915;1.1185;0.2291;-0.3901;-0.0365;-0.1156;-0.2658;1.009;-0.2687;-0.4545;0.3162",445.985507246377,620.754260809882,2121.4283724895,0.151906777724708,174.768753563506,56.2054715953851,296.356296784029,174.768753563506,189.279461647622
234,"natalia_oliveira_2023",12,"[30] Osses et al. 2010; [07] Enrigth et al. 2003; [02] Enright & Sherrill 1998; [54] Almeida et al. 2019; [04] Troosters, Gosselink & Decramer 1999; [18] Iwama et al. 2009; [58] Delbressine et al. 2023; [40] Britto et al. 2013; [15] Masmoudi et al. 2008; [48] Fernandes et al. 2016; [26] Jenkins et al. 2009; [32] Soares, Pereira 2011","-0.4321;0.0406;0.5327;0.4709;0.4417;0.4643;-0.1389;-0.3113;-0.1915;0.2411;0.0973;-0.2148",444.63768115942,600.765934999854,3022.29279900858,0.172979793494134,156.128253840434,12.8524383664769,284.844967915866,156.184962767954,175.139194005167
235,"natalia_oliveira_2023",19,"[54] Almeida et al. 2019; [26] Jenkins et al. 2009; [50] Zou et al. 2017; [30] Osses et al. 2010; [48] Fernandes et al. 2016; [06] Gibbons et al. 2001; [20] Jenkins et al. 2009; [10] Camarri et al. 2006; [27] Alameri et al. 2009; [47] Nusdwinuringtyas et al, 2014; [13] Chetta et al. 2006; [40] Britto et al. 2013; [28] Ben Saad et al. 2009; [18] Iwama et al. 2009; [34] Dourado, Vidotto, Guerra 2011; [45] Kim et al. 2014; [02] Enright & Sherrill 1998; [07] Enrigth et al. 2003; [58] Delbressine et al. 2023","-0.0647;-0.0318;-0.3386;-0.1853;-0.2934;-0.2808;-0.1328;-0.3671;0.8593;0.5668;-0.3725;-0.1075;0.52;-0.2579;-0.2069;0.4235;0.7026;0.3483;0.2189",444.057971014493,431.379206494292,1678.3693554627,0.200781664270542,-12.6787645202009,-133.073275806931,96.7752656797534,57.3179553621611,68.7217077063909
236,"natalia_oliveira_2023",11,"[43] Rao et al. 2013; [04] Troosters, Gosselink & Decramer 1999; [47] Nusdwinuringtyas et al, 2014; [32] Soares, Pereira 2011; [54] Almeida et al. 2019; [37] Hill et al. 2011; [18] Iwama et al. 2009; [10] Camarri et al. 2006; [28] Ben Saad et al. 2009; [30] Osses et al. 2010; [45] Kim et al. 2014","-0.4858;0.542;0.822;-0.341;-0.0404;0.0321;-0.3637;-0.3631;0.7434;-0.2572;0.7118",436.31884057971,681.845046057596,1345.47346923296,0.16148775874175,245.526205477886,126.485295134157,360.025552258258,245.526205477886,254.861694369377
237,"natalia_oliveira_2023",19,"[27] Alameri et al. 2009; [40] Britto et al. 2013; [06] Gibbons et al. 2001; [47] Nusdwinuringtyas et al, 2014; [54] Almeida et al. 2019; [28] Ben Saad et al. 2009; [58] Delbressine et al. 2023; [37] Hill et al. 2011; [07] Enrigth et al. 2003; [45] Kim et al. 2014; [43] Rao et al. 2013; [30] Osses et al. 2010; [02] Enright & Sherrill 1998; [32] Soares, Pereira 2011; [26] Jenkins et al. 2009; [48] Fernandes et al. 2016; [15] Masmoudi et al. 2008; [04] Troosters, Gosselink & Decramer 1999; [18] Iwama et al. 2009","0.8282;-0.1937;-0.3422;0.618;0.1196;0.4322;0.0098;0.3972;0.202;0.2724;-0.5445;-0.3865;0.7475;-0.4027;-0.1897;-0.35;-0.1781;0.2697;-0.3092",435.231884057971,651.858063183723,1540.8555013045,0.128344060905682,216.626179125752,132.423108772769,330.831847206247,216.626179125752,226.959989570996
238,"natalia_oliveira_2023",12,"[54] Almeida et al. 2019; [26] Jenkins et al. 2009; [13] Chetta et al. 2006; [48] Fernandes et al. 2016; [28] Ben Saad et al. 2009; [47] Nusdwinuringtyas et al, 2014; [06] Gibbons et al. 2001; [40] Britto et al. 2013; [18] Iwama et al. 2009; [04] Troosters, Gosselink & Decramer 1999; [27] Alameri et al. 2009; [45] Kim et al. 2014","-0.1142;-0.189;-0.2665;-0.1861;0.4595;0.4591;-0.0672;0.064;-0.1904;0.4241;0.5483;0.0584",456.260869565217,548.021343072428,943.96392489989,0.181750660502502,91.7604735072102,-3.28157079372382,182.347931173497,93.4276973353347,107.238909628699
239,"natalia_oliveira_2023",1,"[48] Fernandes et al. 2016","1",459.913043478261,454.30247826087,709.68295831202,0.024663368390256,-5.61056521739131,-96.535,101.86,49.333115942029,59.3656869357024
240,"natalia_oliveira_2023",1,"[58] Delbressine et al. 2023","1",443.652173913043,598.584347826087,4833.13329258312,0.222415899451088,154.932173913044,31.86,282.624,154.932173913044,172.72414736816
241,"natalia_oliveira_2023",16,"[07] Enrigth et al. 2003; [06] Gibbons et al. 2001; [50] Zou et al. 2017; [20] Jenkins et al. 2009; [54] Almeida et al. 2019; [04] Troosters, Gosselink & Decramer 1999; [28] Ben Saad et al. 2009; [47] Nusdwinuringtyas et al, 2014; [02] Enright & Sherrill 1998; [58] Delbressine et al. 2023; [10] Camarri et al. 2006; [40] Britto et al. 2013; [18] Iwama et al. 2009; [34] Dourado, Vidotto, Guerra 2011; [43] Rao et al. 2013; [45] Kim et al. 2014","-0.0834;-0.4461;-0.05;0.0974;0.0424;0.4495;0.1182;0.3892;0.0404;-0.0142;0.0517;0.1086;-0.3041;0.1122;-0.1432;0.6313",458.449275362319,631.153839242366,1729.89478272937,0.334359900582129,172.704563880047,85.0608044461042,283.802433423649,172.704563880047,183.664990974803
242,"natalia_oliveira_2023",24,"[02] Enright & Sherrill 1998; [18] Iwama et al. 2009; [06] Gibbons et al. 2001; [34] Dourado, Vidotto, Guerra 2011; [07] Enrigth et al. 2003; [30] Osses et al. 2010; [40] Britto et al. 2013; [13] Chetta et al. 2006; [26] Jenkins et al. 2009; [04] Troosters, Gosselink & Decramer 1999; [43] Rao et al. 2013; [48] Fernandes et al. 2016; [54] Almeida et al. 2019; [27] Alameri et al. 2009; [58] Delbressine et al. 2023; [20] Jenkins et al. 2009; [50] Zou et al. 2017; [28] Ben Saad et al. 2009; [15] Masmoudi et al. 2008; [47] Nusdwinuringtyas et al, 2014; [32] Soares, Pereira 2011; [37] Hill et al. 2011; [45] Kim et al. 2014; [10] Camarri et al. 2006","0.7356;-0.1789;-0.3195;-0.207;0.2205;-0.2914;-0.1399;-0.425;-0.069;0.5028;-0.3323;-0.2371;0.0826;0.9085;0.0383;-0.1795;-0.3096;0.421;-0.0895;0.7282;-0.3471;0.3339;0.4605;-0.3059",441.028985507246,566.059464769373,1554.72817727009,0.215840104787184,125.030479262127,-13.650242813666,235.300422821946,127.109565769183,145.588759594316
243,"natalia_oliveira_2023",12,"[15] Masmoudi et al. 2008; [13] Chetta et al. 2006; [18] Iwama et al. 2009; [27] Alameri et al. 2009; [45] Kim et al. 2014; [04] Troosters, Gosselink & Decramer 1999; [50] Zou et al. 2017; [26] Jenkins et al. 2009; [28] Ben Saad et al. 2009; [54] Almeida et al. 2019; [02] Enright & Sherrill 1998; [20] Jenkins et al. 2009","0.0312;-0.1446;-0.0175;0.732;0.2986;0.2569;-0.285;-0.2493;0.2733;-0.0626;0.4284;-0.2613",442,481.118881465137,1301.17613181449,0.096204186296073,39.1188814651372,-96.9181546199533,168.188428403574,64.3848056002437,80.5733709382657
244,"natalia_oliveira_2023",6,"[07] Enrigth et al. 2003; [10] Camarri et al. 2006; [04] Troosters, Gosselink & Decramer 1999; [06] Gibbons et al. 2001; [45] Kim et al. 2014; [54] Almeida et al. 2019","0.5283;-0.6177;0.3301;-0.3103;0.8734;0.1962",451.376811594203,502.488986872606,1390.52433919804,0.112807141623483,51.1121752784027,-87.3056903698193,192.699432300667,73.8933161799257,91.0015763332133
245,"natalia_oliveira_2023",1,"[13] Chetta et al. 2006","1",435.347826086957,545.17384057971,1152.12778687127,0.0774790066674764,109.826014492754,7.27899999999994,229.3892,110.877028985507,131.998041856633
246,"natalia_oliveira_2023",19,"[47] Nusdwinuringtyas et al, 2014; [43] Rao et al. 2013; [58] Delbressine et al. 2023; [10] Camarri et al. 2006; [37] Hill et al. 2011; [54] Almeida et al. 2019; [26] Jenkins et al. 2009; [28] Ben Saad et al. 2009; [48] Fernandes et al. 2016; [30] Osses et al. 2010; [20] Jenkins et al. 2009; [32] Soares, Pereira 2011; [02] Enright & Sherrill 1998; [13] Chetta et al. 2006; [45] Kim et al. 2014; [07] Enrigth et al. 2003; [40] Britto et al. 2013; [15] Masmoudi et al. 2008; [27] Alameri et al. 2009","0.482;-0.34;0.0222;-0.2277;0.1818;-0.104;0.0108;0.5609;-0.4012;-0.3205;-0.1619;-0.3653;0.9281;-0.4773;0.479;0.1591;-0.2177;-0.0807;0.8725",444.04347826087,573.631736375903,1231.427176213,0.199840189496018,129.588258115033,-3.25396173737783,252.84954147804,130.222740775255,148.233266018055
247,"natalia_oliveira_2023",5,"[47] Nusdwinuringtyas et al, 2014; [30] Osses et al. 2010; [26] Jenkins et al. 2009; [58] Delbressine et al. 2023; [34] Dourado, Vidotto, Guerra 2011","0.5012;-0.4122;0.3462;0.7189;-0.1541",448.04347826087,584.60682996644,1409.47732652191,0.159314400245342,136.563351705571,5.87603619971326,261.774000834086,136.828093712783,157.015634305453
248,"natalia_oliveira_2023",22,"[43] Rao et al. 2013; [04] Troosters, Gosselink & Decramer 1999; [40] Britto et al. 2013; [45] Kim et al. 2014; [07] Enrigth et al. 2003; [30] Osses et al. 2010; [54] Almeida et al. 2019; [50] Zou et al. 2017; [13] Chetta et al. 2006; [26] Jenkins et al. 2009; [47] Nusdwinuringtyas et al, 2014; [58] Delbressine et al. 2023; [28] Ben Saad et al. 2009; [10] Camarri et al. 2006; [15] Masmoudi et al. 2008; [37] Hill et al. 2011; [32] Soares, Pereira 2011; [18] Iwama et al. 2009; [27] Alameri et al. 2009; [06] Gibbons et al. 2001; [20] Jenkins et al. 2009; [48] Fernandes et al. 2016","-0.3382;0.4106;-0.0618;0.3943;0.3054;-0.2277;0.0387;-0.3284;-0.4059;-0.0375;0.6605;0.1208;0.6096;-0.2808;-0.0439;0.4934;-0.3103;-0.1817;0.8172;-0.2692;-0.1355;-0.2296",475.797101449275,612.964891563765,1230.16925267584,0.14528743450208,137.16779011449,17.1699232125517,286.298677216344,137.16779011449,156.942105396322
249,"natalia_oliveira_2023",10,"[48] Fernandes et al. 2016; [32] Soares, Pereira 2011; [04] Troosters, Gosselink & Decramer 1999; [26] Jenkins et al. 2009; [34] Dourado, Vidotto, Guerra 2011; [43] Rao et al. 2013; [28] Ben Saad et al. 2009; [20] Jenkins et al. 2009; [47] Nusdwinuringtyas et al, 2014; [40] Britto et al. 2013","-0.0884;-0.1315;0.1722;0.1973;0.0311;-0.2131;0.4367;0.0223;0.4837;0.0897",441.710144927536,642.126936343424,2515.02685914505,0.405737737695271,200.416791415887,74.539844500146,333.384106933649,200.416791415887,212.250161974371
250,"natalia_oliveira_2023",23,"[27] Alameri et al. 2009; [26] Jenkins et al. 2009; [06] Gibbons et al. 2001; [10] Camarri et al. 2006; [58] Delbressine et al. 2023; [54] Almeida et al. 2019; [07] Enrigth et al. 2003; [20] Jenkins et al. 2009; [45] Kim et al. 2014; [48] Fernandes et al. 2016; [28] Ben Saad et al. 2009; [32] Soares, Pereira 2011; [34] Dourado, Vidotto, Guerra 2011; [13] Chetta et al. 2006; [40] Britto et al. 2013; [43] Rao et al. 2013; [15] Masmoudi et al. 2008; [02] Enright & Sherrill 1998; [47] Nusdwinuringtyas et al, 2014; [50] Zou et al. 2017; [37] Hill et al. 2011; [30] Osses et al. 2010; [18] Iwama et al. 2009","0.7795;0.0091;-0.2136;-0.2193;0.1443;-0.0356;0.2514;-0.0875;0.4604;-0.2488;0.4027;-0.2073;-0.1194;-0.3236;-0.086;-0.2903;0.028;0.5423;0.5036;-0.2543;0.3362;-0.1495;-0.2223",442.869565217391,563.971675727736,1597.71091059862,0.187789249707613,121.102110510344,-16.3441935145807,236.021076745826,122.707564683035,136.728154804887
251,"natalia_oliveira_2023",11,"[06] Gibbons et al. 2001; [04] Troosters, Gosselink & Decramer 1999; [37] Hill et al. 2011; [54] Almeida et al. 2019; [13] Chetta et al. 2006; [43] Rao et al. 2013; [28] Ben Saad et al. 2009; [07] Enrigth et al. 2003; [45] Kim et al. 2014; [34] Dourado, Vidotto, Guerra 2011; [32] Soares, Pereira 2011","-0.2386;0.1966;0.449;0.1877;-0.4423;-0.2285;0.5814;0.1799;1.1111;-0.3455;-0.4509",464.884057971014,717.694526624639,1995.84217045784,0.18596786145464,252.810468653624,129.337812711549,386.731276952186,252.810468653624,262.335698712503
252,"natalia_oliveira_2023",1,"[40] Britto et al. 2013","1",460.159420289855,556.670123063565,2365.06612236475,0.200469257193176,96.5107027737101,7.43176562500003,241.993443985308,96.9230389786453,116.546569034631
253,"natalia_oliveira_2023",1,"[48] Fernandes et al. 2016","1",459.217391304348,453.843782608696,725.811857672635,0.106646023799556,-5.37360869565219,-104.091,116.668,48.3023913043478,60.8121138519697
254,"natalia_oliveira_2023",5,"[06] Gibbons et al. 2001; [37] Hill et al. 2011; [18] Iwama et al. 2009; [45] Kim et al. 2014; [02] Enright & Sherrill 1998","-0.1339;0.1313;-0.0205;0.6464;0.3767",457.202898550725,582.464000322988,1472.55564114468,0.171038770222446,125.261101772264,3.10615530612233,242.375009079427,125.578489138994,143.364375628245
255,"natalia_oliveira_2023",10,"[34] Dourado, Vidotto, Guerra 2011; [30] Osses et al. 2010; [06] Gibbons et al. 2001; [04] Troosters, Gosselink & Decramer 1999; [13] Chetta et al. 2006; [43] Rao et al. 2013; [58] Delbressine et al. 2023; [47] Nusdwinuringtyas et al, 2014; [18] Iwama et al. 2009; [45] Kim et al. 2014","-0.2227;-0.0952;-0.0681;0.7871;-0.4441;-0.6087;0.4776;0.971;-0.1083;0.3114",456.289855072464,731.461719372682,1643.76258130775,0.130051430518483,275.171864300218,150.619359327643,396.446783399573,275.171864300218,283.664454080465
256,"natalia_oliveira_2023",10,"[02] Enright & Sherrill 1998; [58] Delbressine et al. 2023; [20] Jenkins et al. 2009; [18] Iwama et al. 2009; [04] Troosters, Gosselink & Decramer 1999; [47] Nusdwinuringtyas et al, 2014; [07] Enrigth et al. 2003; [15] Masmoudi et al. 2008; [27] Alameri et al. 2009; [45] Kim et al. 2014","0.8558;-0.1344;-0.5063;-0.6031;0.5166;0.401;0.0441;-0.3043;0.6597;0.071",450.31884057971,515.436103171521,2082.7641806745,0.338680908516294,65.1172625918111,-49.1978898068588,174.736523561291,73.0701900442062,90.2565312355148
257,"natalia_oliveira_2023",4,"[48] Fernandes et al. 2016; [34] Dourado, Vidotto, Guerra 2011; [18] Iwama et al. 2009; [04] Troosters, Gosselink & Decramer 1999","0.2227;0.2941;0.3493;0.1339",463.724637681159,553.230457440172,1533.36974636601,0.164223180594378,89.5058197590128,-35.1713827319687,229.03454177068,93.3172455119746,108.723181999668
258,"natalia_oliveira_2023",8,"[07] Enrigth et al. 2003; [34] Dourado, Vidotto, Guerra 2011; [40] Britto et al. 2013; [06] Gibbons et al. 2001; [45] Kim et al. 2014; [10] Camarri et al. 2006; [43] Rao et al. 2013; [18] Iwama et al. 2009","0.7923;-0.0519;0.2219;-0.2139;1.0276;-0.3591;-0.3895;-0.0275",445.405797101449,553.842842815937,1186.49584184518,0.132725197650629,108.437045714488,-27.830596836724,242.317627787997,113.495391997312,135.565962686111
259,"natalia_oliveira_2023",9,"[43] Rao et al. 2013; [47] Nusdwinuringtyas et al, 2014; [18] Iwama et al. 2009; [45] Kim et al. 2014; [13] Chetta et al. 2006; [04] Troosters, Gosselink & Decramer 1999; [48] Fernandes et al. 2016; [37] Hill et al. 2011; [54] Almeida et al. 2019","-0.4901;0.8834;-0.2267;0.5062;-0.5755;0.4872;-0.2935;0.636;0.0731",449.260869565217,826.493704991425,1329.02446150639,0.226836545524815,377.232835426208,249.254421077182,491.82226083383,377.232835426208,383.460710748307
260,"natalia_oliveira_2023",7,"[06] Gibbons et al. 2001; [27] Alameri et al. 2009; [13] Chetta et al. 2006; [45] Kim et al. 2014; [58] Delbressine et al. 2023; [40] Britto et al. 2013; [48] Fernandes et al. 2016","0.0834;0.7437;-0.3863;-0.0861;0.7951;0.0071;-0.1569",444.275362318841,546.555159382583,955.233691545235,0.178373528641952,102.279797063743,-21.1143233655961,210.08171024164,105.362108468531,122.225505643282
261,"natalia_oliveira_2023",7,"[34] Dourado, Vidotto, Guerra 2011; [13] Chetta et al. 2006; [48] Fernandes et al. 2016; [40] Britto et al. 2013; [47] Nusdwinuringtyas et al, 2014; [43] Rao et al. 2013; [30] Osses et al. 2010","0.2157;0.0755;-0.2778;0.0383;0.6815;-0.2827;0.5495",446.811594202899,642.054758829541,678.074548680143,0.0832200078491316,195.243164626643,80.4308803853041,337.550808016078,195.243164626643,207.930250133515
262,"natalia_oliveira_2023",19,"[20] Jenkins et al. 2009; [02] Enright & Sherrill 1998; [10] Camarri et al. 2006; [58] Delbressine et al. 2023; [48] Fernandes et al. 2016; [37] Hill et al. 2011; [54] Almeida et al. 2019; [30] Osses et al. 2010; [28] Ben Saad et al. 2009; [06] Gibbons et al. 2001; [04] Troosters, Gosselink & Decramer 1999; [45] Kim et al. 2014; [34] Dourado, Vidotto, Guerra 2011; [13] Chetta et al. 2006; [40] Britto et al. 2013; [26] Jenkins et al. 2009; [07] Enrigth et al. 2003; [47] Nusdwinuringtyas et al, 2014; [50] Zou et al. 2017","-0.2303;0.7635;-0.1917;-0.0742;-0.2786;0.2024;0.1394;-0.4064;0.3949;-0.4401;0.4687;0.7696;-0.234;-0.504;-0.1739;-0.0622;0.1066;0.9892;-0.2391",433.130434782609,567.874871419561,1784.65568568775,0.241618807913299,134.744436636952,-6.17282230392345,254.057229458788,135.281203793815,154.374437733197
263,"natalia_oliveira_2023",18,"[48] Fernandes et al. 2016; [06] Gibbons et al. 2001; [47] Nusdwinuringtyas et al, 2014; [30] Osses et al. 2010; [32] Soares, Pereira 2011; [27] Alameri et al. 2009; [07] Enrigth et al. 2003; [13] Chetta et al. 2006; [15] Masmoudi et al. 2008; [20] Jenkins et al. 2009; [43] Rao et al. 2013; [28] Ben Saad et al. 2009; [34] Dourado, Vidotto, Guerra 2011; [40] Britto et al. 2013; [37] Hill et al. 2011; [54] Almeida et al. 2019; [26] Jenkins et al. 2009; [18] Iwama et al. 2009","-0.301;-0.34;0.8051;-0.1944;-0.3323;0.8793;0.4963;-0.508;0.1273;-0.0978;-0.4812;0.7901;-0.1546;-0.0801;0.5801;0.0222;0.0344;-0.2453",447.724637681159,626.385219123597,1664.89720665643,0.161264958409297,178.660581442438,44.7274060669953,305.0126334437,178.660581442438,193.802489226355
264,"natalia_oliveira_2023",1,"[02] Enright & Sherrill 1998","1",434.95652173913,574.13731884058,5351.76438204391,0.0072911211752985,139.180797101449,-50.4895,297.9175,144.021231884058,170.709828345765
265,"natalia_oliveira_2023",13,"[18] Iwama et al. 2009; [47] Nusdwinuringtyas et al, 2014; [10] Camarri et al. 2006; [27] Alameri et al. 2009; [20] Jenkins et al. 2009; [30] Osses et al. 2010; [40] Britto et al. 2013; [04] Troosters, Gosselink & Decramer 1999; [48] Fernandes et al. 2016; [45] Kim et al. 2014; [58] Delbressine et al. 2023; [02] Enright & Sherrill 1998; [15] Masmoudi et al. 2008","-0.3773;0.6387;-0.5971;0.7908;-0.2994;-0.4004;-0.015;0.5199;-0.4338;0.2013;0.0754;1.0506;-0.1535",434.608695652174,470.922060816267,1811.28352508667,0.197061272941304,36.3133651640932,-72.50068503707,152.523834967448,63.9370940839752,80.2994461375336
266,"natalia_oliveira_2023",3,"[40] Britto et al. 2013; [10] Camarri et al. 2006; [34] Dourado, Vidotto, Guerra 2011","0.4334;0.4422;0.1244",444.724637681159,610.810807401999,1554.30624962402,0.35846342977479,166.08616972084,77.9755904705297,285.399499872656,166.08616972084,178.068621419724
267,"natalia_oliveira_2023",3,"[27] Alameri et al. 2009; [20] Jenkins et al. 2009; [40] Britto et al. 2013","0.4369;0.2659;0.2972",446.710144927536,534.55658404038,603.676599935817,0.266455588215768,87.8464391128443,-19.5323200761451,220.608829663416,90.5298588936616,111.226622839097
268,"natalia_oliveira_2023",7,"[58] Delbressine et al. 2023; [32] Soares, Pereira 2011; [26] Jenkins et al. 2009; [54] Almeida et al. 2019; [10] Camarri et al. 2006; [37] Hill et al. 2011; [06] Gibbons et al. 2001","0.0183;-0.3988;0.0244;0.4648;0.486;0.6525;-0.2472",456.724637681159,738.205383428044,2743.73012667961,0.347850338246195,281.480745746884,171.547367075651,394.799503243856,281.480745746884,289.088692319161
269,"natalia_oliveira_2023",9,"[48] Fernandes et al. 2016; [26] Jenkins et al. 2009; [37] Hill et al. 2011; [10] Camarri et al. 2006; [27] Alameri et al. 2009; [58] Delbressine et al. 2023; [30] Osses et al. 2010; [40] Britto et al. 2013; [32] Soares, Pereira 2011","-0.6613;0.1907;0.7349;-0.446;1.0551;0.3822;-0.0781;0.218;-0.3956",451.927536231884,608.809922693791,1128.11038866077,0.0590552276334084,156.882386461907,29.8802211053016,309.428927562415,156.882386461907,171.899795845948
270,"natalia_oliveira_2023",10,"[06] Gibbons et al. 2001; [28] Ben Saad et al. 2009; [04] Troosters, Gosselink & Decramer 1999; [43] Rao et al. 2013; [32] Soares, Pereira 2011; [15] Masmoudi et al. 2008; [40] Britto et al. 2013; [58] Delbressine et al. 2023; [13] Chetta et al. 2006; [37] Hill et al. 2011","0.0229;0.6173;0.4575;0.7433;-0.3415;-0.3685;0.0347;-0.2668;-0.0392;0.1403",451.985507246377,513.458725796948,3057.82579071779,0.200260628523948,61.4732185505712,-50.2942339291767,195.438475821798,75.5272056462587,97.0758320426984
271,"natalia_oliveira_2023",12,"[18] Iwama et al. 2009; [37] Hill et al. 2011; [54] Almeida et al. 2019; [04] Troosters, Gosselink & Decramer 1999; [47] Nusdwinuringtyas et al, 2014; [32] Soares, Pereira 2011; [43] Rao et al. 2013; [34] Dourado, Vidotto, Guerra 2011; [07] Enrigth et al. 2003; [26] Jenkins et al. 2009; [58] Delbressine et al. 2023; [30] Osses et al. 2010","-0.2975;-0.0408;0.1572;0.6685;0.9379;-0.2006;-0.413;-0.069;0.1668;0.1958;0.1074;-0.2126",448.086956521739,689.296348198091,1859.90386336593,0.215640523300726,241.209391676352,109.115298963219,359.27508076242,241.209391676352,251.2961251457
272,"natalia_oliveira_2023",3,"[28] Ben Saad et al. 2009; [20] Jenkins et al. 2009; [04] Troosters, Gosselink & Decramer 1999","0.3053;0.4045;0.2901",438.869565217391,630.936081035023,5521.08639773561,0.343660472627644,192.066515817632,57.4226370257886,355.504292827037,192.066515817632,205.462738344349
273,"natalia_oliveira_2023",9,"[18] Iwama et al. 2009; [28] Ben Saad et al. 2009; [43] Rao et al. 2013; [02] Enright & Sherrill 1998; [07] Enrigth et al. 2003; [06] Gibbons et al. 2001; [40] Britto et al. 2013; [45] Kim et al. 2014; [20] Jenkins et al. 2009","-0.0269;0.3674;-0.3267;0.7714;0.0493;-0.3909;-0.0754;1.1537;-0.5219",449.869565217391,582.29218530748,2272.21387047357,0.283348392548309,132.422620090089,2.74899697475364,236.191495504089,132.451646618836,148.146414904226
274,"natalia_oliveira_2023",10,"[02] Enright & Sherrill 1998; [43] Rao et al. 2013; [06] Gibbons et al. 2001; [27] Alameri et al. 2009; [28] Ben Saad et al. 2009; [37] Hill et al. 2011; [07] Enrigth et al. 2003; [26] Jenkins et al. 2009; [58] Delbressine et al. 2023; [48] Fernandes et al. 2016","0.8197;-0.4171;-0.4067;1.273;0.3083;0.4914;0.076;-0.5471;-0.1955;-0.4019",462.695652173913,542.01908162943,1627.70701397048,0.135016539118379,79.3234294555171,-48.6432032386829,201.296362951361,88.462078892452,109.409434072001
275,"natalia_oliveira_2023",17,"[02] Enright & Sherrill 1998; [10] Camarri et al. 2006; [45] Kim et al. 2014; [32] Soares, Pereira 2011; [34] Dourado, Vidotto, Guerra 2011; [37] Hill et al. 2011; [30] Osses et al. 2010; [04] Troosters, Gosselink & Decramer 1999; [43] Rao et al. 2013; [54] Almeida et al. 2019; [58] Delbressine et al. 2023; [40] Britto et al. 2013; [18] Iwama et al. 2009; [50] Zou et al. 2017; [20] Jenkins et al. 2009; [13] Chetta et al. 2006; [26] Jenkins et al. 2009","0.3935;-0.1188;0.8348;-0.2187;-0.0801;0.2552;-0.1433;0.0917;-0.1198;0.2477;0.0265;0.0985;0.011;-0.0883;-0.0408;-0.2008;0.0517",457.521739130435,650.479927682387,1201.95922875887,0.0791421141506147,192.958188551952,73.5213680859031,331.992548457601,192.958188551952,204.314136359206
276,"natalia_oliveira_2023",17,"[40] Britto et al. 2013; [48] Fernandes et al. 2016; [54] Almeida et al. 2019; [37] Hill et al. 2011; [43] Rao et al. 2013; [07] Enrigth et al. 2003; [18] Iwama et al. 2009; [13] Chetta et al. 2006; [50] Zou et al. 2017; [34] Dourado, Vidotto, Guerra 2011; [47] Nusdwinuringtyas et al, 2014; [04] Troosters, Gosselink & Decramer 1999; [30] Osses et al. 2010; [58] Delbressine et al. 2023; [27] Alameri et al. 2009; [02] Enright & Sherrill 1998; [06] Gibbons et al. 2001","-0.1281;-0.2215;0.0326;0.4005;-0.3336;0.2125;-0.1725;-0.3868;-0.3283;-0.237;0.7487;0.3172;-0.3145;0.0396;0.8877;0.7407;-0.2572",449.434782608696,582.462924045379,1609.76024876544,0.176038846825627,133.028141436683,0.621402863983588,259.766690337795,133.147113689783,150.68759820942
277,"natalia_oliveira_2023",14,"[07] Enrigth et al. 2003; [50] Zou et al. 2017; [58] Delbressine et al. 2023; [04] Troosters, Gosselink & Decramer 1999; [13] Chetta et al. 2006; [06] Gibbons et al. 2001; [02] Enright & Sherrill 1998; [40] Britto et al. 2013; [15] Masmoudi et al. 2008; [28] Ben Saad et al. 2009; [10] Camarri et al. 2006; [27] Alameri et al. 2009; [30] Osses et al. 2010; [20] Jenkins et al. 2009","0.2978;-0.2263;0.1315;0.1983;-0.2485;-0.0743;0.5067;-0.1445;-0.0396;0.3194;-0.368;1.1451;-0.2066;-0.2911",438.289855072464,383.254306062764,2014.96049533645,0.156124491819655,-55.0355490097002,-187.639579393082,75.2537399660708,74.6378982224632,87.0939680451314
278,"natalia_oliveira_2023",20,"[20] Jenkins et al. 2009; [58] Delbressine et al. 2023; [34] Dourado, Vidotto, Guerra 2011; [07] Enrigth et al. 2003; [48] Fernandes et al. 2016; [47] Nusdwinuringtyas et al, 2014; [13] Chetta et al. 2006; [27] Alameri et al. 2009; [37] Hill et al. 2011; [54] Almeida et al. 2019; [32] Soares, Pereira 2011; [18] Iwama et al. 2009; [40] Britto et al. 2013; [04] Troosters, Gosselink & Decramer 1999; [06] Gibbons et al. 2001; [26] Jenkins et al. 2009; [43] Rao et al. 2013; [15] Masmoudi et al. 2008; [50] Zou et al. 2017; [45] Kim et al. 2014","-0.1159;0.2597;-0.1675;0.4332;-0.2459;0.7713;-0.4703;0.8635;0.4681;0.1028;-0.3458;-0.1987;-0.0262;0.7181;-0.2681;-0.015;-0.5189;0.0788;-0.5807;0.2576",448.666666666667,680.983123903216,1851.82967152543,0.209553357181662,232.31645723655,98.6860057155048,355.294032820351,232.31645723655,243.631141448987
279,"natalia_oliveira_2023",4,"[13] Chetta et al. 2006; [18] Iwama et al. 2009; [37] Hill et al. 2011; [48] Fernandes et al. 2016","-0.0686;0.4343;0.4528;0.1814",437.884057971014,589.914649343454,1820.54453036832,0.185004571398296,152.03059137244,37.7386777904658,276.258675367486,152.77720449154,167.427374776665
280,"natalia_oliveira_2023",22,"[04] Troosters, Gosselink & Decramer 1999; [58] Delbressine et al. 2023; [30] Osses et al. 2010; [26] Jenkins et al. 2009; [27] Alameri et al. 2009; [28] Ben Saad et al. 2009; [43] Rao et al. 2013; [07] Enrigth et al. 2003; [34] Dourado, Vidotto, Guerra 2011; [15] Masmoudi et al. 2008; [20] Jenkins et al. 2009; [10] Camarri et al. 2006; [40] Britto et al. 2013; [37] Hill et al. 2011; [54] Almeida et al. 2019; [48] Fernandes et al. 2016; [32] Soares, Pereira 2011; [47] Nusdwinuringtyas et al, 2014; [18] Iwama et al. 2009; [50] Zou et al. 2017; [45] Kim et al. 2014; [06] Gibbons et al. 2001","0.4856;0.0919;-0.2295;0.0096;0.8327;0.7429;-0.4305;0.2529;-0.1304;-0.0567;-0.1117;-0.3879;-0.0158;0.4033;0.0767;-0.2864;-0.375;0.732;-0.2348;-0.4039;0.3735;-0.3384",438.840579710145,606.256081969449,1201.53287333414,0.128640184739429,167.415502259304,29.0732923078759,292.965080871095,167.415502259304,182.45495509517
281,"natalia_oliveira_2023",19,"[40] Britto et al. 2013; [10] Camarri et al. 2006; [43] Rao et al. 2013; [30] Osses et al. 2010; [28] Ben Saad et al. 2009; [15] Masmoudi et al. 2008; [26] Jenkins et al. 2009; [06] Gibbons et al. 2001; [20] Jenkins et al. 2009; [45] Kim et al. 2014; [27] Alameri et al. 2009; [47] Nusdwinuringtyas et al, 2014; [07] Enrigth et al. 2003; [02] Enright & Sherrill 1998; [04] Troosters, Gosselink & Decramer 1999; [48] Fernandes et al. 2016; [34] Dourado, Vidotto, Guerra 2011; [50] Zou et al. 2017; [13] Chetta et al. 2006","-0.0835;-0.3098;-0.2955;-0.1154;0.2963;0.0879;-0.0663;-0.1247;-0.1199;0.3023;0.7059;0.5522;0.3017;0.3992;0.3456;-0.2005;-0.1729;-0.271;-0.2317",440.304347826087,513.755771677631,1189.45030047507,0.0767155714817402,73.4514238515437,-62.704975275869,195.084792361859,81.755527065932,101.169022116534
282,"natalia_oliveira_2023",17,"[02] Enright & Sherrill 1998; [10] Camarri et al. 2006; [45] Kim et al. 2014; [58] Delbressine et al. 2023; [43] Rao et al. 2013; [50] Zou et al. 2017; [48] Fernandes et al. 2016; [07] Enrigth et al. 2003; [26] Jenkins et al. 2009; [32] Soares, Pereira 2011; [13] Chetta et al. 2006; [27] Alameri et al. 2009; [37] Hill et al. 2011; [04] Troosters, Gosselink & Decramer 1999; [47] Nusdwinuringtyas et al, 2014; [40] Britto et al. 2013; [28] Ben Saad et al. 2009","0.6097;-0.2732;0.4755;-0.0531;-0.3072;-0.2653;-0.304;0.1464;-0.1502;-0.4149;-0.4696;0.7852;0.24;0.4141;0.5619;-0.3096;0.3143",455.405797101449,616.699281363028,1550.64957538345,0.344643076796733,161.293484261579,48.1732822177842,286.407888038629,161.293484261579,174.497858564332
283,"natalia_oliveira_2023",13,"[43] Rao et al. 2013; [28] Ben Saad et al. 2009; [18] Iwama et al. 2009; [54] Almeida et al. 2019; [48] Fernandes et al. 2016; [34] Dourado, Vidotto, Guerra 2011; [02] Enright & Sherrill 1998; [47] Nusdwinuringtyas et al, 2014; [30] Osses et al. 2010; [45] Kim et al. 2014; [15] Masmoudi et al. 2008; [20] Jenkins et al. 2009; [07] Enrigth et al. 2003","-0.1814;0.1565;-0.108;-0.0501;-0.112;-0.1222;0.2151;0.6164;-0.0556;0.3627;0.0843;-0.0776;0.272",449.855072463768,574.529071872504,877.451519205213,0.0782430990423588,124.673999408736,8.33277482240089,241.601184634388,125.03239460966,139.008200254339
284,"natalia_oliveira_2023",2,"[30] Osses et al. 2010; [54] Almeida et al. 2019","0.5;0.5",441.260869565217,617.820958211269,1675.05125822574,0.270555018146668,176.560088646052,65.2455489993508,293.77252322981,176.560088646052,189.918798846733
285,"natalia_oliveira_2023",8,"[20] Jenkins et al. 2009; [54] Almeida et al. 2019; [13] Chetta et al. 2006; [18] Iwama et al. 2009; [27] Alameri et al. 2009; [45] Kim et al. 2014; [58] Delbressine et al. 2023; [43] Rao et al. 2013","-0.1517;-0.0637;-0.2457;-0.023;0.8105;0.1948;0.9971;-0.5181",445.115942028986,600.253731002713,1166.59218267327,0.196818137563392,155.137788973728,11.1891048744548,279.9281294542,156.029894467533,169.784526348826
286,"natalia_oliveira_2023",8,"[32] Soares, Pereira 2011; [34] Dourado, Vidotto, Guerra 2011; [50] Zou et al. 2017; [40] Britto et al. 2013; [47] Nusdwinuringtyas et al, 2014; [37] Hill et al. 2011; [28] Ben Saad et al. 2009; [20] Jenkins et al. 2009","-0.2722;0.1002;-0.1608;-0.3385;0.6696;0.1161;0.6973;0.1882",446.289855072464,598.247490141078,1100.63373502488,0.0766455218673266,151.957635068614,31.6453173873695,275.35546092652,151.957635068614,165.747257405077
287,"natalia_oliveira_2023",4,"[37] Hill et al. 2011; [45] Kim et al. 2014; [13] Chetta et al. 2006; [28] Ben Saad et al. 2009","0.5992;0.8806;-0.9149;0.435",429.420289855072,690.239579716491,1903.98998472507,0.123799564255609,260.819289861418,112.70738740978,388.123941181373,260.819289861418,271.522922345921
288,"natalia_oliveira_2023",15,"[34] Dourado, Vidotto, Guerra 2011; [20] Jenkins et al. 2009; [27] Alameri et al. 2009; [58] Delbressine et al. 2023; [47] Nusdwinuringtyas et al, 2014; [15] Masmoudi et al. 2008; [07] Enrigth et al. 2003; [50] Zou et al. 2017; [26] Jenkins et al. 2009; [02] Enright & Sherrill 1998; [10] Camarri et al. 2006; [40] Britto et al. 2013; [37] Hill et al. 2011; [32] Soares, Pereira 2011; [28] Ben Saad et al. 2009","-0.1614;-0.1239;0.7676;-0.0093;0.3087;-0.0476;0.1438;-0.2593;0.1431;0.6984;-0.1036;-0.3217;-0.0271;-0.4489;0.4412",447.521739130435,473.639912709076,1634.23085419295,0.356335775363523,26.118173578641,-86.1326687575315,146.723803589072,50.0884691454083,66.8433036226182
289,"natalia_oliveira_2023",12,"[28] Ben Saad et al. 2009; [26] Jenkins et al. 2009; [58] Delbressine et al. 2023; [30] Osses et al. 2010; [47] Nusdwinuringtyas et al, 2014; [50] Zou et al. 2017; [20] Jenkins et al. 2009; [10] Camarri et al. 2006; [40] Britto et al. 2013; [04] Troosters, Gosselink & Decramer 1999; [54] Almeida et al. 2019; [02] Enright & Sherrill 1998","0.2629;0.1848;-0.1744;-0.4488;0.8971;-0.3349;-0.0976;-0.0562;-0.2779;0.5318;0.0811;0.4323",451.623188405797,577.837656072275,1987.0410082808,0.168988016649226,126.214467666478,2.12230775074909,247.488024242867,126.214467666478,144.806878569553
290,"natalia_oliveira_2023",20,"[15] Masmoudi et al. 2008; [20] Jenkins et al. 2009; [10] Camarri et al. 2006; [32] Soares, Pereira 2011; [02] Enright & Sherrill 1998; [30] Osses et al. 2010; [26] Jenkins et al. 2009; [28] Ben Saad et al. 2009; [06] Gibbons et al. 2001; [58] Delbressine et al. 2023; [54] Almeida et al. 2019; [43] Rao et al. 2013; [27] Alameri et al. 2009; [40] Britto et al. 2013; [04] Troosters, Gosselink & Decramer 1999; [48] Fernandes et al. 2016; [37] Hill et al. 2011; [07] Enrigth et al. 2003; [18] Iwama et al. 2009; [13] Chetta et al. 2006","-0.133;-0.2513;-0.1605;-0.2718;0.7125;-0.2908;-0.1951;0.4652;-0.2404;0.0067;0.1256;-0.0868;1.2179;-0.1306;0.3538;-0.0677;0.1299;0.1298;0.0162;-0.3295",448.130434782609,466.250219980799,1988.51368317368,0.367709414065658,18.1197851981899,-84.1334789313446,120.961906295862,49.857964939847,62.7562824634405
291,"natalia_oliveira_2023",1,"[07] Enrigth et al. 2003","1",442.855072463768,522.103014492754,6777.03008566155,0.195694153315021,79.2479420289855,-69.5869999999999,228.175,95.1041739130435,118.142873468857
292,"natalia_oliveira_2023",21,"[50] Zou et al. 2017; [47] Nusdwinuringtyas et al, 2014; [02] Enright & Sherrill 1998; [43] Rao et al. 2013; [13] Chetta et al. 2006; [37] Hill et al. 2011; [27] Alameri et al. 2009; [40] Britto et al. 2013; [54] Almeida et al. 2019; [34] Dourado, Vidotto, Guerra 2011; [20] Jenkins et al. 2009; [06] Gibbons et al. 2001; [28] Ben Saad et al. 2009; [07] Enrigth et al. 2003; [48] Fernandes et al. 2016; [26] Jenkins et al. 2009; [45] Kim et al. 2014; [10] Camarri et al. 2006; [18] Iwama et al. 2009; [58] Delbressine et al. 2023; [30] Osses et al. 2010","-0.2909;0.6615;0.7826;-0.3414;-0.456;0.502;0.9512;-0.1679;0.0407;-0.2111;-0.1888;-0.3785;0.4217;0.2872;-0.3233;-0.0469;0.5133;-0.2183;-0.2675;0.0587;-0.3282",438.478260869565,553.155129053196,1209.45508609006,0.212342444549507,114.676868183631,-26.7585291760753,229.277298808299,118.398470251608,137.701272273205
293,"natalia_oliveira_2023",1,"[28] Ben Saad et al. 2009","1",431.188405797101,574.784855072464,6147.3848602728,0.305671377323757,143.596449275362,6.21000000000015,295.84,144.144130434783,162.359103882122
294,"natalia_oliveira_2023",13,"[28] Ben Saad et al. 2009; [13] Chetta et al. 2006; [37] Hill et al. 2011; [32] Soares, Pereira 2011; [07] Enrigth et al. 2003; [30] Osses et al. 2010; [18] Iwama et al. 2009; [45] Kim et al. 2014; [50] Zou et al. 2017; [15] Masmoudi et al. 2008; [10] Camarri et al. 2006; [54] Almeida et al. 2019; [40] Britto et al. 2013","0.7265;-0.574;0.5305;-0.3895;0.3763;-0.3306;-0.1894;1.2818;-0.2395;-0.045;-0.2486;0.2217;-0.1203",444.202898550725,669.002404603983,1941.53354685076,0.121559531855576,224.799506053258,94.0696584336484,352.921013747461,224.799506053258,236.19742043513
295,"natalia_oliveira_2023",4,"[28] Ben Saad et al. 2009; [48] Fernandes et al. 2016; [40] Britto et al. 2013; [47] Nusdwinuringtyas et al, 2014","0.9149;-0.6362;-0.2575;0.9788",431.434782608696,620.412046840128,1349.25727981024,0.185586142691312,188.977264231432,78.3648608178257,308.358724317379,188.977264231432,200.307895930789
296,"natalia_oliveira_2023",2,"[10] Camarri et al. 2006; [50] Zou et al. 2017","0.5;0.5",465.695652173913,618.021782608696,793.266206915282,0.0538542562538432,152.326130434783,-1.32000000000005,301.88465,152.440913043478,170.229537909698
297,"natalia_oliveira_2023",4,"[20] Jenkins et al. 2009; [18] Iwama et al. 2009; [50] Zou et al. 2017; [02] Enright & Sherrill 1998","0.3603;0.3001;0.313;0.0266",463.246376811594,583.52469636744,1407.4125046287,0.195237376980675,120.278319555846,3.96172447233414,237.66043802256,120.594404893402,133.877699088228
298,"natalia_oliveira_2023",10,"[06] Gibbons et al. 2001; [28] Ben Saad et al. 2009; [27] Alameri et al. 2009; [48] Fernandes et al. 2016; [26] Jenkins et al. 2009; [47] Nusdwinuringtyas et al, 2014; [10] Camarri et al. 2006; [13] Chetta et al. 2006; [32] Soares, Pereira 2011; [50] Zou et al. 2017","-0.1837;1.1679;0.7285;-0.3273;-0.0757;0.608;-0.3501;-0.1609;-0.3339;-0.0728",446.724637681159,484.064795675434,944.001866886695,0.258075110779853,37.3401579942744,-80.9035649277895,164.578807550559,60.0242173805706,78.6043973240212
299,"natalia_oliveira_2023",18,"[13] Chetta et al. 2006; [04] Troosters, Gosselink & Decramer 1999; [45] Kim et al. 2014; [54] Almeida et al. 2019; [32] Soares, Pereira 2011; [47] Nusdwinuringtyas et al, 2014; [18] Iwama et al. 2009; [50] Zou et al. 2017; [26] Jenkins et al. 2009; [07] Enrigth et al. 2003; [02] Enright & Sherrill 1998; [43] Rao et al. 2013; [34] Dourado, Vidotto, Guerra 2011; [37] Hill et al. 2011; [06] Gibbons et al. 2001; [10] Camarri et al. 2006; [27] Alameri et al. 2009; [48] Fernandes et al. 2016","-0.4093;0.5177;0.4061;-0.0232;-0.2629;0.7764;-0.151;-0.2865;-0.0874;0.2997;0.6257;-0.3122;-0.2334;0.3048;-0.3213;-0.3773;0.7532;-0.2192",435.797101449275,556.56482961807,1831.13775533233,0.251779921512502,120.767728168795,17.9656224756126,229.877224586534,121.708099015326,137.439428323838
300,"natalia_oliveira_2023",15,"[30] Osses et al. 2010; [40] Britto et al. 2013; [43] Rao et al. 2013; [45] Kim et al. 2014; [26] Jenkins et al. 2009; [54] Almeida et al. 2019; [02] Enright & Sherrill 1998; [27] Alameri et al. 2009; [50] Zou et al. 2017; [28] Ben Saad et al. 2009; [34] Dourado, Vidotto, Guerra 2011; [48] Fernandes et al. 2016; [18] Iwama et al. 2009; [58] Delbressine et al. 2023; [04] Troosters, Gosselink & Decramer 1999","-0.3608;-0.0857;-0.295;0.4208;-0.2426;0.064;0.7348;0.8408;-0.3051;0.3599;-0.346;-0.0662;-0.0158;0.0283;0.2688",447.246376811594,538.567512218336,1405.20108967785,0.208692945633536,91.3211354067422,-43.750831159314,226.672694820967,95.3221958487287,109.672854795505
301,"natalia_oliveira_2023",18,"[26] Jenkins et al. 2009; [28] Ben Saad et al. 2009; [48] Fernandes et al. 2016; [37] Hill et al. 2011; [34] Dourado, Vidotto, Guerra 2011; [07] Enrigth et al. 2003; [45] Kim et al. 2014; [43] Rao et al. 2013; [13] Chetta et al. 2006; [18] Iwama et al. 2009; [10] Camarri et al. 2006; [47] Nusdwinuringtyas et al, 2014; [30] Osses et al. 2010; [06] Gibbons et al. 2001; [50] Zou et al. 2017; [20] Jenkins et al. 2009; [54] Almeida et al. 2019; [58] Delbressine et al. 2023","0.1397;0.5813;-0.321;0.4289;-0.132;0.4031;0.7811;-0.3343;-0.4162;-0.2655;-0.1863;0.9398;-0.2271;-0.3453;-0.2621;-0.0689;0.0498;0.235",443.550724637681,683.122327975328,1543.11278732609,0.125611144823732,239.571603337647,93.828266307989,348.904132937718,239.571603337647,249.756217822252
302,"natalia_oliveira_2023",2,"[54] Almeida et al. 2019; [15] Masmoudi et al. 2008","0.5;0.5",449.565217391304,592.330165851283,1766.1018034992,0.0854764904912586,142.764948459979,10.2353333681283,278.340641584533,142.897379812389,161.605313808925
303,"natalia_oliveira_2023",16,"[30] Osses et al. 2010; [20] Jenkins et al. 2009; [45] Kim et al. 2014; [27] Alameri et al. 2009; [47] Nusdwinuringtyas et al, 2014; [58] Delbressine et al. 2023; [48] Fernandes et al. 2016; [40] Britto et al. 2013; [28] Ben Saad et al. 2009; [10] Camarri et al. 2006; [37] Hill et al. 2011; [18] Iwama et al. 2009; [06] Gibbons et al. 2001; [54] Almeida et al. 2019; [13] Chetta et al. 2006; [43] Rao et al. 2013","-0.1514;-0.0955;0.3555;0.9142;0.6448;0.3573;-0.3391;0.0315;0.9294;-0.5069;0.5484;-0.3078;-0.3053;-0.1398;-0.4571;-0.4782",454.376811594203,611.606491271093,1543.8474044024,0.146121245371097,157.22967967689,25.4849433993569,288.854793985414,157.22967967689,175.372122727992
304,"natalia_oliveira_2023",5,"[04] Troosters, Gosselink & Decramer 1999; [07] Enrigth et al. 2003; [26] Jenkins et al. 2009; [18] Iwama et al. 2009; [47] Nusdwinuringtyas et al, 2014","0.3085;0.0989;0.3817;0.0709;0.14",438.057971014493,609.482724086423,3314.71333507382,0.488593721276008,171.42475307193,73.6814138954877,285.963059896642,171.42475307193,183.665727851697
305,"natalia_oliveira_2023",15,"[06] Gibbons et al. 2001; [18] Iwama et al. 2009; [07] Enrigth et al. 2003; [45] Kim et al. 2014; [50] Zou et al. 2017; [20] Jenkins et al. 2009; [47] Nusdwinuringtyas et al, 2014; [34] Dourado, Vidotto, Guerra 2011; [27] Alameri et al. 2009; [15] Masmoudi et al. 2008; [37] Hill et al. 2011; [30] Osses et al. 2010; [26] Jenkins et al. 2009; [58] Delbressine et al. 2023; [43] Rao et al. 2013","-0.429;-0.3991;0.5268;0.2624;-0.5893;-0.0604;0.5686;-0.0838;0.8195;0.1295;0.6436;-0.1795;0.0867;0.3034;-0.5994",446.028985507246,619.28858390303,1274.15572776053,0.169812784375351,173.259598395783,73.8683579599256,293.32303964878,173.259598395783,184.855174543289
306,"natalia_oliveira_2023",10,"[30] Osses et al. 2010; [26] Jenkins et al. 2009; [06] Gibbons et al. 2001; [54] Almeida et al. 2019; [37] Hill et al. 2011; [15] Masmoudi et al. 2008; [47] Nusdwinuringtyas et al, 2014; [07] Enrigth et al. 2003; [13] Chetta et al. 2006; [45] Kim et al. 2014","-0.2203;0.0583;-0.7857;0.0832;0.7286;0.1628;0.7485;0.7389;-0.9939;0.4796",437.463768115942,568.282168301333,1607.97843714405,0.144062169049136,130.818400185391,4.49486218671773,253.458507612764,131.790295961665,151.505628896023
307,"natalia_oliveira_2023",2,"[28] Ben Saad et al. 2009; [48] Fernandes et al. 2016","0.316;0.684",450.028985507246,490.095696444814,1224.01148533069,0.041934582958885,40.0667109375674,-47.0361726031516,165.424440835944,57.1396746057858,76.257622768221
308,"natalia_oliveira_2023",5,"[27] Alameri et al. 2009; [02] Enright & Sherrill 1998; [10] Camarri et al. 2006; [06] Gibbons et al. 2001; [50] Zou et al. 2017","1.0086;0.8065;-0.512;-0.2383;-0.0647",457.173913043478,386.179471138968,1260.60778054317,0.214436541564939,-70.9944419045104,-210.512921681432,63.3267781770278,87.1909343293486,100.644447903398
309,"natalia_oliveira_2023",8,"[34] Dourado, Vidotto, Guerra 2011; [37] Hill et al. 2011; [04] Troosters, Gosselink & Decramer 1999; [15] Masmoudi et al. 2008; [50] Zou et al. 2017; [28] Ben Saad et al. 2009; [43] Rao et al. 2013; [26] Jenkins et al. 2009","-0.023;0.3219;0.226;-0.4808;0.2923;0.2646;0.1234;0.2756",452.144927536232,642.759538342816,1851.56632032757,0.116784745613701,190.614610806584,98.3396697474057,318.191071866848,190.614610806584,201.917110704502
310,"natalia_oliveira_2023",16,"[47] Nusdwinuringtyas et al, 2014; [45] Kim et al. 2014; [32] Soares, Pereira 2011; [28] Ben Saad et al. 2009; [26] Jenkins et al. 2009; [15] Masmoudi et al. 2008; [18] Iwama et al. 2009; [58] Delbressine et al. 2023; [02] Enright & Sherrill 1998; [13] Chetta et al. 2006; [34] Dourado, Vidotto, Guerra 2011; [27] Alameri et al. 2009; [40] Britto et al. 2013; [43] Rao et al. 2013; [54] Almeida et al. 2019; [30] Osses et al. 2010","0.5909;0.328;-0.346;0.5866;-0.0955;0.0191;-0.2959;0.162;0.9335;-0.4217;-0.2302;0.7158;-0.1831;-0.3569;-0.171;-0.2356",458.31884057971,555.255531509951,1753.68267054569,0.13645133190125,96.9366909302408,1.46666833036121,237.705662673042,98.5579542372348,120.761030208327
311,"natalia_oliveira_2023",10,"[26] Jenkins et al. 2009; [37] Hill et al. 2011; [32] Soares, Pereira 2011; [54] Almeida et al. 2019; [13] Chetta et al. 2006; [07] Enrigth et al. 2003; [58] Delbressine et al. 2023; [30] Osses et al. 2010; [27] Alameri et al. 2009; [45] Kim et al. 2014","0.2102;0.5856;-0.5388;0.0595;-0.9108;0.5419;0.3254;-0.2323;0.8266;0.1326",447.405797101449,586.658679249244,1501.67383800547,0.124324123533587,139.252882147795,2.82957983285951,274.443236024097,139.252882147795,160.407451730944
312,"natalia_oliveira_2023",20,"[58] Delbressine et al. 2023; [18] Iwama et al. 2009; [48] Fernandes et al. 2016; [40] Britto et al. 2013; [32] Soares, Pereira 2011; [27] Alameri et al. 2009; [37] Hill et al. 2011; [30] Osses et al. 2010; [07] Enrigth et al. 2003; [28] Ben Saad et al. 2009; [34] Dourado, Vidotto, Guerra 2011; [20] Jenkins et al. 2009; [54] Almeida et al. 2019; [26] Jenkins et al. 2009; [10] Camarri et al. 2006; [47] Nusdwinuringtyas et al, 2014; [43] Rao et al. 2013; [15] Masmoudi et al. 2008; [04] Troosters, Gosselink & Decramer 1999; [06] Gibbons et al. 2001","0.1043;-0.2965;-0.3579;-0.0522;-0.3748;1.0447;0.4601;-0.2647;0.3038;0.7445;-0.1441;-0.145;0.1967;-0.0253;-0.3281;0.6839;-0.459;-0.0916;0.4148;-0.4137",443.057971014493,595.210340336605,1595.35493705951,0.196614984296633,152.152369322112,8.95195188394882,290.527862305557,152.152369322112,172.355936039773
313,"natalia_oliveira_2023",19,"[04] Troosters, Gosselink & Decramer 1999; [48] Fernandes et al. 2016; [07] Enrigth et al. 2003; [40] Britto et al. 2013; [47] Nusdwinuringtyas et al, 2014; [10] Camarri et al. 2006; [58] Delbressine et al. 2023; [37] Hill et al. 2011; [06] Gibbons et al. 2001; [28] Ben Saad et al. 2009; [50] Zou et al. 2017; [45] Kim et al. 2014; [18] Iwama et al. 2009; [30] Osses et al. 2010; [15] Masmoudi et al. 2008; [43] Rao et al. 2013; [54] Almeida et al. 2019; [20] Jenkins et al. 2009; [13] Chetta et al. 2006","0.4664;-0.184;0.2145;-0.0488;0.9486;-0.2327;0.0362;0.3459;-0.3175;0.633;-0.1999;0.7089;-0.1072;-0.3096;-0.1164;-0.2455;0.0521;-0.2076;-0.4363",456.942028985507,654.079314311267,1430.25625560932,0.277466351056581,197.13728532576,61.6697139420737,328.592561249199,197.13728532576,209.494603870118
314,"natalia_oliveira_2023",8,"[07] Enrigth et al. 2003; [40] Britto et al. 2013; [26] Jenkins et al. 2009; [48] Fernandes et al. 2016; [45] Kim et al. 2014; [27] Alameri et al. 2009; [50] Zou et al. 2017; [37] Hill et al. 2011","0.4339;0.0413;-0.0691;-0.5929;0.3402;0.9633;-0.7486;0.632",453.144927536232,596.493833053006,811.859030981768,0.110271176761354,143.348905516775,18.2134405063453,285.24084225165,143.632381956435,163.129989942957
315,"natalia_oliveira_2023",17,"[54] Almeida et al. 2019; [04] Troosters, Gosselink & Decramer 1999; [26] Jenkins et al. 2009; [37] Hill et al. 2011; [47] Nusdwinuringtyas et al, 2014; [58] Delbressine et al. 2023; [50] Zou et al. 2017; [20] Jenkins et al. 2009; [43] Rao et al. 2013; [02] Enright & Sherrill 1998; [10] Camarri et al. 2006; [27] Alameri et al. 2009; [34] Dourado, Vidotto, Guerra 2011; [48] Fernandes et al. 2016; [06] Gibbons et al. 2001; [40] Britto et al. 2013; [28] Ben Saad et al. 2009","0.0815;0.3202;-0.1051;0.3506;0.7277;0.0617;-0.3563;-0.2146;-0.4146;0.5832;-0.2714;0.9828;-0.212;-0.385;-0.3904;-0.1107;0.3525",416.927536231884,552.497883574257,1540.9210133575,0.0895142015634741,135.570347342373,5.7590493941102,240.193414291635,137.18955618078,155.82060537954
316,"natalia_oliveira_2023",16,"[45] Kim et al. 2014; [26] Jenkins et al. 2009; [27] Alameri et al. 2009; [50] Zou et al. 2017; [13] Chetta et al. 2006; [07] Enrigth et al. 2003; [06] Gibbons et al. 2001; [43] Rao et al. 2013; [58] Delbressine et al. 2023; [15] Masmoudi et al. 2008; [28] Ben Saad et al. 2009; [48] Fernandes et al. 2016; [04] Troosters, Gosselink & Decramer 1999; [02] Enright & Sherrill 1998; [54] Almeida et al. 2019; [47] Nusdwinuringtyas et al, 2014","0.3266;-0.3921;0.724;-0.3261;-0.382;0.1641;-0.2754;-0.3163;-0.0295;-0.1937;0.3553;-0.1967;0.3747;0.7152;-0.2646;0.7165",455.188405797101,523.141788451436,1414.08633355487,0.304368749828817,67.9533826543349,-52.518313077677,207.180467320871,75.6368161109942,97.9637937128875
317,"natalia_oliveira_2023",22,"[18] Iwama et al. 2009; [07] Enrigth et al. 2003; [04] Troosters, Gosselink & Decramer 1999; [48] Fernandes et al. 2016; [10] Camarri et al. 2006; [45] Kim et al. 2014; [02] Enright & Sherrill 1998; [30] Osses et al. 2010; [50] Zou et al. 2017; [06] Gibbons et al. 2001; [47] Nusdwinuringtyas et al, 2014; [15] Masmoudi et al. 2008; [37] Hill et al. 2011; [43] Rao et al. 2013; [32] Soares, Pereira 2011; [28] Ben Saad et al. 2009; [20] Jenkins et al. 2009; [40] Britto et al. 2013; [27] Alameri et al. 2009; [26] Jenkins et al. 2009; [13] Chetta et al. 2006; [34] Dourado, Vidotto, Guerra 2011","-0.1211;0.1628;0.3721;-0.1713;-0.3228;0.3416;0.5325;-0.1501;-0.2708;-0.2352;0.6642;0.0424;0.1209;-0.2823;-0.1914;0.4011;-0.0714;-0.0818;0.7096;0.0226;-0.3287;-0.1428",455.985507246377,541.711884403335,1824.26031188228,0.200573643764705,85.7263771569584,1.92325596953966,231.438194148022,87.1360268839086,106.876978363184
318,"natalia_oliveira_2023",5,"[34] Dourado, Vidotto, Guerra 2011; [54] Almeida et al. 2019; [06] Gibbons et al. 2001; [13] Chetta et al. 2006; [02] Enright & Sherrill 1998","-0.1236;0.4676;-0.0565;0.3217;0.3908",453.420289855072,579.653257466193,2271.8364824616,0.347573859768564,126.232967611121,30.1076720950127,238.667805609491,126.429387036499,138.332027409863
319,"natalia_oliveira_2023",4,"[47] Nusdwinuringtyas et al, 2014; [06] Gibbons et al. 2001; [58] Delbressine et al. 2023; [07] Enrigth et al. 2003","0.7073;-0.595;0.2078;0.6799",453.405797101449,468.275469423034,1371.69321425634,0.289910997680955,14.8696723215848,-116.639010932092,138.415665855957,56.1407499726828,70.6640558437345
320,"natalia_oliveira_2023",2,"[45] Kim et al. 2014; [34] Dourado, Vidotto, Guerra 2011","0.4823;0.5177",455.898550724638,588.441329105028,831.109421551814,0.262018306992754,132.54277838039,8.735352950618,280.196975283422,134.43233386391,150.271466603825
321,"natalia_oliveira_2023",24,"[06] Gibbons et al. 2001; [20] Jenkins et al. 2009; [26] Jenkins et al. 2009; [04] Troosters, Gosselink & Decramer 1999; [34] Dourado, Vidotto, Guerra 2011; [40] Britto et al. 2013; [54] Almeida et al. 2019; [02] Enright & Sherrill 1998; [50] Zou et al. 2017; [28] Ben Saad et al. 2009; [15] Masmoudi et al. 2008; [32] Soares, Pereira 2011; [18] Iwama et al. 2009; [37] Hill et al. 2011; [43] Rao et al. 2013; [58] Delbressine et al. 2023; [47] Nusdwinuringtyas et al, 2014; [13] Chetta et al. 2006; [48] Fernandes et al. 2016; [27] Alameri et al. 2009; [30] Osses et al. 2010; [45] Kim et al. 2014; [07] Enrigth et al. 2003; [10] Camarri et al. 2006","-0.2515;-0.1291;-0.0163;0.334;-0.1488;-0.106;0.0307;0.6423;-0.2927;0.3993;-0.0588;-0.271;-0.2353;0.428;-0.3384;0.0661;0.6204;-0.3699;-0.2656;0.8471;-0.2298;0.4216;0.2231;-0.2994",440.173913043478,580.28440495756,1616.17282309715,0.0920367306088342,140.110491914082,37.3015966043317,261.498479599427,140.131515578864,155.807622306221
322,"natalia_oliveira_2023",9,"[40] Britto et al. 2013; [37] Hill et al. 2011; [48] Fernandes et al. 2016; [34] Dourado, Vidotto, Guerra 2011; [04] Troosters, Gosselink & Decramer 1999; [18] Iwama et al. 2009; [13] Chetta et al. 2006; [20] Jenkins et al. 2009; [50] Zou et al. 2017","0.1719;0.0428;0.2444;-0.1298;0.6199;0.5044;-0.5223;-0.2124;0.2812",447.014492753623,563.043248465578,2362.06146514104,0.255945433152901,116.028755711955,-14.0665709224703,243.982032656957,118.096352666147,135.972090880331
323,"natalia_oliveira_2023",16,"[40] Britto et al. 2013; [54] Almeida et al. 2019; [50] Zou et al. 2017; [28] Ben Saad et al. 2009; [34] Dourado, Vidotto, Guerra 2011; [27] Alameri et al. 2009; [13] Chetta et al. 2006; [04] Troosters, Gosselink & Decramer 1999; [10] Camarri et al. 2006; [48] Fernandes et al. 2016; [47] Nusdwinuringtyas et al, 2014; [37] Hill et al. 2011; [07] Enrigth et al. 2003; [15] Masmoudi et al. 2008; [32] Soares, Pereira 2011; [18] Iwama et al. 2009","-0.126;0.0876;-0.3837;0.5402;-0.1735;0.937;-0.5427;0.5829;-0.3451;-0.3074;0.7823;0.3753;0.2517;-0.082;-0.3591;-0.2375",428.333333333333,564.005828978957,1213.82584087865,0.285894816048117,135.672495645624,39.2649815109583,250.766146592169,135.672495645624,150.084437825964
324,"natalia_oliveira_2023",14,"[45] Kim et al. 2014; [06] Gibbons et al. 2001; [20] Jenkins et al. 2009; [47] Nusdwinuringtyas et al, 2014; [48] Fernandes et al. 2016; [30] Osses et al. 2010; [15] Masmoudi et al. 2008; [32] Soares, Pereira 2011; [28] Ben Saad et al. 2009; [37] Hill et al. 2011; [40] Britto et al. 2013; [26] Jenkins et al. 2009; [13] Chetta et al. 2006; [10] Camarri et al. 2006","0.5274;-0.3427;-0.0208;0.5963;-0.2302;-0.308;-0.0496;-0.2332;0.7999;0.5436;-0.004;0.2119;-0.4218;-0.0688",445.594202898551,657.80442575579,1676.65406754167,0.335833618945824,212.210222857239,82.5574097680085,340.277102504513,212.210222857239,226.245753325838
325,"natalia_oliveira_2023",9,"[27] Alameri et al. 2009; [50] Zou et al. 2017; [54] Almeida et al. 2019; [30] Osses et al. 2010; [07] Enrigth et al. 2003; [43] Rao et al. 2013; [40] Britto et al. 2013; [37] Hill et al. 2011; [34] Dourado, Vidotto, Guerra 2011","1.2046;-0.5891;0.0953;-0.2261;0.6362;-0.6683;-0.0767;0.5451;0.079",450.231884057971,609.779260492253,1051.42407882416,0.207115138748949,159.547376434282,20.8222036140322,288.461804207368,159.547376434282,175.322474820877
326,"natalia_oliveira_2023",6,"[50] Zou et al. 2017; [10] Camarri et al. 2006; [04] Troosters, Gosselink & Decramer 1999; [54] Almeida et al. 2019; [27] Alameri et al. 2009; [02] Enright & Sherrill 1998","-0.3551;-0.4704;0.2948;-0.1965;1.1058;0.6215",451.985507246377,407.231304418921,1946.04878101379,0.18429909377792,-44.754202827456,-173.297942730444,91.607445833392,74.9689054625523,87.2383141162522
327,"natalia_oliveira_2023",20,"[04] Troosters, Gosselink & Decramer 1999; [43] Rao et al. 2013; [34] Dourado, Vidotto, Guerra 2011; [58] Delbressine et al. 2023; [26] Jenkins et al. 2009; [07] Enrigth et al. 2003; [15] Masmoudi et al. 2008; [13] Chetta et al. 2006; [40] Britto et al. 2013; [18] Iwama et al. 2009; [27] Alameri et al. 2009; [45] Kim et al. 2014; [54] Almeida et al. 2019; [30] Osses et al. 2010; [10] Camarri et al. 2006; [02] Enright & Sherrill 1998; [32] Soares, Pereira 2011; [20] Jenkins et al. 2009; [28] Ben Saad et al. 2009; [37] Hill et al. 2011","0.1327;-0.3063;-0.1605;0.0413;-0.0172;0.1144;-0.0653;-0.3467;0.0684;-0.1471;0.842;0.4465;0.1235;-0.1701;-0.3127;0.5102;-0.221;-0.0826;0.3602;0.1902",454.420289855072,561.90790241464,1438.38103739574,0.146546953341908,107.487612559568,-2.98728651541636,226.723533709578,108.829430886836,126.464968372287
328,"natalia_oliveira_2023",22,"[15] Masmoudi et al. 2008; [13] Chetta et al. 2006; [18] Iwama et al. 2009; [48] Fernandes et al. 2016; [27] Alameri et al. 2009; [07] Enrigth et al. 2003; [45] Kim et al. 2014; [04] Troosters, Gosselink & Decramer 1999; [26] Jenkins et al. 2009; [40] Britto et al. 2013; [20] Jenkins et al. 2009; [47] Nusdwinuringtyas et al, 2014; [02] Enright & Sherrill 1998; [43] Rao et al. 2013; [32] Soares, Pereira 2011; [06] Gibbons et al. 2001; [30] Osses et al. 2010; [28] Ben Saad et al. 2009; [58] Delbressine et al. 2023; [54] Almeida et al. 2019; [37] Hill et al. 2011; [10] Camarri et al. 2006","-0.0737;-0.3582;-0.1515;-0.1987;0.6739;0.1926;0.3604;0.3202;-0.0964;-0.0898;-0.1773;0.5416;0.5755;-0.2859;-0.2697;-0.2505;-0.2452;0.3411;0.0468;0.0789;0.3131;-0.2472",444.68115942029,574.112403663102,1773.70175657953,0.275477388894136,129.431244242812,-4.06160403498609,246.528015985198,129.932669782186,143.376601867324
329,"natalia_oliveira_2023",12,"[45] Kim et al. 2014; [04] Troosters, Gosselink & Decramer 1999; [18] Iwama et al. 2009; [40] Britto et al. 2013; [34] Dourado, Vidotto, Guerra 2011; [02] Enright & Sherrill 1998; [43] Rao et al. 2013; [07] Enrigth et al. 2003; [32] Soares, Pereira 2011; [30] Osses et al. 2010; [54] Almeida et al. 2019; [20] Jenkins et al. 2009","0.971;0.2832;-0.0184;-0.1286;-0.1833;0.8781;-0.187;0.0935;-0.3959;-0.3824;0.2705;-0.2007",462.449275362319,631.655226278385,2057.07011649753,0.246797482082199,169.205950916066,71.8272957508111,309.817227560935,169.205950916066,181.478325878795
330,"natalia_oliveira_2023",6,"[45] Kim et al. 2014; [15] Masmoudi et al. 2008; [30] Osses et al. 2010; [40] Britto et al. 2013; [10] Camarri et al. 2006; [13] Chetta et al. 2006","0.8664;0.8379;-0.0221;0.1686;-0.579;-0.2718",443.289855072464,489.137411342971,1224.46225543576,0.209081437102809,45.847556270507,-67.4413394041869,168.729216710633,62.1159524814413,79.683167155177
331,"natalia_oliveira_2023",2,"[04] Troosters, Gosselink & Decramer 1999; [58] Delbressine et al. 2023","0.5;0.5",443.753623188406,627.14568115942,4543.74703889684,0.124806961346227,183.392057971014,40.7800000000001,349.364,183.392057971014,200.814135387622
332,"natalia_oliveira_2023",22,"[34] Dourado, Vidotto, Guerra 2011; [06] Gibbons et al. 2001; [47] Nusdwinuringtyas et al, 2014; [28] Ben Saad et al. 2009; [02] Enright & Sherrill 1998; [20] Jenkins et al. 2009; [26] Jenkins et al. 2009; [48] Fernandes et al. 2016; [04] Troosters, Gosselink & Decramer 1999; [13] Chetta et al. 2006; [54] Almeida et al. 2019; [40] Britto et al. 2013; [50] Zou et al. 2017; [18] Iwama et al. 2009; [07] Enrigth et al. 2003; [15] Masmoudi et al. 2008; [30] Osses et al. 2010; [45] Kim et al. 2014; [32] Soares, Pereira 2011; [10] Camarri et al. 2006; [37] Hill et al. 2011; [27] Alameri et al. 2009","-0.175;-0.2538;0.565;0.395;0.5679;-0.1119;0.0118;-0.214;0.4143;-0.3696;0.0812;-0.138;-0.3381;-0.1688;0.1988;-0.0118;-0.2237;0.3685;-0.2517;-0.3256;0.2207;0.7589",452.086956521739,508.682504094076,1962.05148227578,0.240151812417653,56.5955475723365,-49.9038216972606,193.91272778388,65.9405109087473,86.7823673121113
333,"natalia_oliveira_2023",21,"[34] Dourado, Vidotto, Guerra 2011; [58] Delbressine et al. 2023; [50] Zou et al. 2017; [40] Britto et al. 2013; [18] Iwama et al. 2009; [45] Kim et al. 2014; [26] Jenkins et al. 2009; [06] Gibbons et al. 2001; [15] Masmoudi et al. 2008; [32] Soares, Pereira 2011; [43] Rao et al. 2013; [04] Troosters, Gosselink & Decramer 1999; [02] Enright & Sherrill 1998; [48] Fernandes et al. 2016; [37] Hill et al. 2011; [13] Chetta et al. 2006; [10] Camarri et al. 2006; [27] Alameri et al. 2009; [47] Nusdwinuringtyas et al, 2014; [20] Jenkins et al. 2009; [54] Almeida et al. 2019","-0.0693;0.1769;-0.2406;0.0026;-0.1978;0.3219;0.0102;-0.1549;0.0944;-0.1278;-0.2592;0.2637;0.4343;-0.2133;0.2795;-0.2258;-0.3146;0.6799;0.5113;-0.0266;0.0552",450.913043478261,586.365416741436,1212.94889558143,0.118180009420867,135.452373263176,24.1737644877079,268.196230099089,135.452373263176,150.213473932211
334,"natalia_oliveira_2023",17,"[27] Alameri et al. 2009; [04] Troosters, Gosselink & Decramer 1999; [32] Soares, Pereira 2011; [58] Delbressine et al. 2023; [43] Rao et al. 2013; [34] Dourado, Vidotto, Guerra 2011; [06] Gibbons et al. 2001; [37] Hill et al. 2011; [40] Britto et al. 2013; [50] Zou et al. 2017; [02] Enright & Sherrill 1998; [07] Enrigth et al. 2003; [48] Fernandes et al. 2016; [28] Ben Saad et al. 2009; [18] Iwama et al. 2009; [10] Camarri et al. 2006; [47] Nusdwinuringtyas et al, 2014","1.0523;0.277;-0.2418;0.0737;-0.3294;-0.1997;-0.263;0.2568;-0.1179;-0.297;0.4711;0.1864;-0.2757;0.3064;-0.244;-0.2462;0.5911",431.36231884058,542.878372988088,1322.22875373386,0.082177862893916,111.516054147509,-37.8507455222748,232.27923209896,116.454283060815,135.065596791479
335,"natalia_oliveira_2023",18,"[32] Soares, Pereira 2011; [15] Masmoudi et al. 2008; [58] Delbressine et al. 2023; [13] Chetta et al. 2006; [50] Zou et al. 2017; [45] Kim et al. 2014; [54] Almeida et al. 2019; [18] Iwama et al. 2009; [10] Camarri et al. 2006; [30] Osses et al. 2010; [06] Gibbons et al. 2001; [37] Hill et al. 2011; [34] Dourado, Vidotto, Guerra 2011; [48] Fernandes et al. 2016; [07] Enrigth et al. 2003; [27] Alameri et al. 2009; [20] Jenkins et al. 2009; [47] Nusdwinuringtyas et al, 2014","-0.207;0.2086;0.3741;-0.4424;-0.4642;0.2722;0.2151;-0.3526;-0.3981;-0.0689;-0.3121;0.636;-0.0098;-0.3801;0.5498;0.7971;0.0155;0.5668",439.028985507246,545.296238957007,1396.44850003452,0.105852571264616,106.26725344976,-4.32789769367351,227.675462197844,107.653982327875,125.178923161239
336,"natalia_oliveira_2023",24,"[15] Masmoudi et al. 2008; [40] Britto et al. 2013; [13] Chetta et al. 2006; [50] Zou et al. 2017; [47] Nusdwinuringtyas et al, 2014; [10] Camarri et al. 2006; [07] Enrigth et al. 2003; [37] Hill et al. 2011; [04] Troosters, Gosselink & Decramer 1999; [32] Soares, Pereira 2011; [48] Fernandes et al. 2016; [58] Delbressine et al. 2023; [26] Jenkins et al. 2009; [20] Jenkins et al. 2009; [45] Kim et al. 2014; [27] Alameri et al. 2009; [54] Almeida et al. 2019; [28] Ben Saad et al. 2009; [06] Gibbons et al. 2001; [34] Dourado, Vidotto, Guerra 2011; [18] Iwama et al. 2009; [43] Rao et al. 2013; [30] Osses et al. 2010; [02] Enright & Sherrill 1998","-0.0542;-0.136;-0.3977;-0.2503;0.6206;-0.3401;0.1834;0.1788;0.3947;-0.2896;-0.2432;0.0715;-0.0753;-0.1617;0.5439;0.9133;-0.0549;0.5355;-0.3125;-0.1941;-0.1909;-0.2779;-0.232;0.7685",437.565217391304,531.063921146367,1851.84659871139,0.262336404637667,93.4987037550631,-14.4024946446175,216.485144547841,96.1487689696671,116.73182660172
337,"natalia_oliveira_2023",7,"[07] Enrigth et al. 2003; [30] Osses et al. 2010; [50] Zou et al. 2017; [47] Nusdwinuringtyas et al, 2014; [58] Delbressine et al. 2023; [04] Troosters, Gosselink & Decramer 1999; [10] Camarri et al. 2006","0.2221;-0.3972;-0.5525;1.0201;0.0558;0.8595;-0.2079",433.144927536232,563.661465785678,1872.16579318663,0.12428723603851,130.516538249446,-13.8130548561045,242.268632278857,132.539201031524,150.179371352922
338,"natalia_oliveira_2023",18,"[15] Masmoudi et al. 2008; [43] Rao et al. 2013; [48] Fernandes et al. 2016; [26] Jenkins et al. 2009; [07] Enrigth et al. 2003; [50] Zou et al. 2017; [45] Kim et al. 2014; [18] Iwama et al. 2009; [30] Osses et al. 2010; [54] Almeida et al. 2019; [34] Dourado, Vidotto, Guerra 2011; [02] Enright & Sherrill 1998; [27] Alameri et al. 2009; [28] Ben Saad et al. 2009; [10] Camarri et al. 2006; [20] Jenkins et al. 2009; [32] Soares, Pereira 2011; [13] Chetta et al. 2006","0.1175;-0.1904;-0.1103;0.0101;0.3013;-0.1635;0.5061;-0.0743;-0.0936;-0.041;-0.1591;0.4302;0.8208;0.3546;-0.3239;-0.0473;-0.1249;-0.2121",444.086956521739,491.23501819804,1576.62095119288,0.225536170204448,47.1480616763006,-43.6927727020903,172.05750966933,59.1319812700564,76.5076715559789
339,"natalia_oliveira_2023",24,"[04] Troosters, Gosselink & Decramer 1999; [43] Rao et al. 2013; [48] Fernandes et al. 2016; [45] Kim et al. 2014; [47] Nusdwinuringtyas et al, 2014; [40] Britto et al. 2013; [37] Hill et al. 2011; [02] Enright & Sherrill 1998; [07] Enrigth et al. 2003; [26] Jenkins et al. 2009; [34] Dourado, Vidotto, Guerra 2011; [27] Alameri et al. 2009; [54] Almeida et al. 2019; [15] Masmoudi et al. 2008; [58] Delbressine et al. 2023; [30] Osses et al. 2010; [50] Zou et al. 2017; [18] Iwama et al. 2009; [20] Jenkins et al. 2009; [28] Ben Saad et al. 2009; [13] Chetta et al. 2006; [10] Camarri et al. 2006; [06] Gibbons et al. 2001; [32] Soares, Pereira 2011","0.4627;-0.2581;-0.1772;0.3973;0.6914;-0.1279;0.2186;0.6509;0.177;-0.0605;-0.1852;0.7493;0.0574;-0.0572;0.038;-0.254;-0.2404;-0.117;-0.1608;0.3856;-0.3643;-0.2521;-0.2827;-0.2907",428.579710144928,544.255032842093,1681.48697891435,0.266137145612644,115.675322697165,4.70817306319698,235.856236845905,117.487041888719,134.857617625397
340,"natalia_oliveira_2023",2,"[50] Zou et al. 2017; [13] Chetta et al. 2006","0.5;0.5",437.188405797101,549.425050724638,926.954125758418,0.225534960038405,112.236644927536,16.2960999999999,230.1022,113.629297101449,130.759861470424
341,"natalia_oliveira_2023",1,"[06] Gibbons et al. 2001","1",438.927536231884,647.2,1235.55154411765,0.135705692374369,208.272463768116,109.265,332.568,208.272463768116,220.627263382897
342,"natalia_oliveira_2023",8,"[34] Dourado, Vidotto, Guerra 2011; [43] Rao et al. 2013; [32] Soares, Pereira 2011; [07] Enrigth et al. 2003; [45] Kim et al. 2014; [28] Ben Saad et al. 2009; [50] Zou et al. 2017; [02] Enright & Sherrill 1998","0.2258;-0.0283;-0.1816;0.0068;0.5968;0.1901;0.0305;0.1599",461.985507246377,598.20989279126,1203.16778373114,0.156277084844458,136.224385544884,25.2479729688336,258.606370855162,136.47346251483,150.4166998183
343,"natalia_oliveira_2023",10,"[15] Masmoudi et al. 2008; [43] Rao et al. 2013; [27] Alameri et al. 2009; [50] Zou et al. 2017; [18] Iwama et al. 2009; [34] Dourado, Vidotto, Guerra 2011; [54] Almeida et al. 2019; [30] Osses et al. 2010; [13] Chetta et al. 2006; [32] Soares, Pereira 2011","0.9199;-0.3565;0.9362;-0.3743;0.0144;-0.1788;-0.0327;0.2672;0.024;-0.2193",446.333333333333,496.946126002947,835.872155255239,0.176293012693565,50.6127926696142,-42.7933062810855,173.662146733586,61.4212718218312,80.2917709588408
344,"natalia_oliveira_2023",21,"[37] Hill et al. 2011; [02] Enright & Sherrill 1998; [30] Osses et al. 2010; [20] Jenkins et al. 2009; [06] Gibbons et al. 2001; [50] Zou et al. 2017; [15] Masmoudi et al. 2008; [32] Soares, Pereira 2011; [47] Nusdwinuringtyas et al, 2014; [04] Troosters, Gosselink & Decramer 1999; [54] Almeida et al. 2019; [34] Dourado, Vidotto, Guerra 2011; [18] Iwama et al. 2009; [43] Rao et al. 2013; [26] Jenkins et al. 2009; [07] Enrigth et al. 2003; [13] Chetta et al. 2006; [40] Britto et al. 2013; [45] Kim et al. 2014; [27] Alameri et al. 2009; [28] Ben Saad et al. 2009","0.1137;0.8342;-0.3337;-0.1982;-0.2937;-0.1781;-0.1542;-0.3328;0.5593;0.3692;0.0988;-0.2234;-0.0816;-0.2014;-0.0687;0.0814;-0.3681;-0.1564;0.4024;0.6389;0.4926",452.420289855072,544.932288885007,1647.03719185496,0.360839257861978,92.5119990299343,-17.4303625661354,224.204776429533,95.2566110892356,114.427378146065
345,"natalia_oliveira_2023",18,"[58] Delbressine et al. 2023; [06] Gibbons et al. 2001; [15] Masmoudi et al. 2008; [02] Enright & Sherrill 1998; [13] Chetta et al. 2006; [10] Camarri et al. 2006; [50] Zou et al. 2017; [26] Jenkins et al. 2009; [54] Almeida et al. 2019; [47] Nusdwinuringtyas et al, 2014; [07] Enrigth et al. 2003; [32] Soares, Pereira 2011; [40] Britto et al. 2013; [48] Fernandes et al. 2016; [04] Troosters, Gosselink & Decramer 1999; [45] Kim et al. 2014; [43] Rao et al. 2013; [18] Iwama et al. 2009","0.0969;-0.1351;-0.0054;0.4959;-0.2553;-0.209;-0.2047;0.0636;0.1027;0.7703;0.1914;-0.2269;-0.0219;-0.1425;0.2528;0.5664;-0.2322;-0.1071",459.869565217391,627.110814099632,1201.17701761534,0.154285071884381,167.24124888224,63.8449165429537,278.962430347719,167.24124888224,177.862448551582
346,"natalia_oliveira_2023",5,"[40] Britto et al. 2013; [47] Nusdwinuringtyas et al, 2014; [28] Ben Saad et al. 2009; [10] Camarri et al. 2006; [30] Osses et al. 2010","-0.0865;0.5665;0.8485;0.1066;-0.4352",449.840579710145,568.645452458578,1251.14828308245,0.218463852906877,118.804872748433,-8.64856291178899,238.18409166983,119.988250088213,138.226173370488
347,"natalia_oliveira_2023",22,"[30] Osses et al. 2010; [13] Chetta et al. 2006; [15] Masmoudi et al. 2008; [07] Enrigth et al. 2003; [58] Delbressine et al. 2023; [10] Camarri et al. 2006; [26] Jenkins et al. 2009; [34] Dourado, Vidotto, Guerra 2011; [28] Ben Saad et al. 2009; [02] Enright & Sherrill 1998; [04] Troosters, Gosselink & Decramer 1999; [54] Almeida et al. 2019; [18] Iwama et al. 2009; [50] Zou et al. 2017; [37] Hill et al. 2011; [40] Britto et al. 2013; [45] Kim et al. 2014; [43] Rao et al. 2013; [47] Nusdwinuringtyas et al, 2014; [06] Gibbons et al. 2001; [32] Soares, Pereira 2011; [48] Fernandes et al. 2016","-0.2425;-0.3773;-0.0407;0.1858;0.0525;-0.142;0.0288;-0.1386;0.3204;0.5181;0.3244;0.0596;-0.187;-0.206;0.338;-0.0839;0.7299;-0.2639;0.9937;-0.2943;-0.3286;-0.2463",457.594202898551,673.580405066774,1969.46274627192,0.099055591850178,215.986202168223,80.9841770585258,358.206152622178,215.986202168223,229.107406347787
348,"natalia_oliveira_2023",6,"[02] Enright & Sherrill 1998; [40] Britto et al. 2013; [47] Nusdwinuringtyas et al, 2014; [43] Rao et al. 2013; [18] Iwama et al. 2009; [58] Delbressine et al. 2023","0.9002;-0.3256;1.0333;-0.1041;-0.4581;-0.0456",434.594202898551,565.210009293825,1769.57908366391,0.292060846726633,130.615806395274,27.8651748169187,242.073890172575,130.615806395274,148.466485650307
349,"natalia_oliveira_2023",15,"[27] Alameri et al. 2009; [50] Zou et al. 2017; [26] Jenkins et al. 2009; [37] Hill et al. 2011; [34] Dourado, Vidotto, Guerra 2011; [04] Troosters, Gosselink & Decramer 1999; [02] Enright & Sherrill 1998; [43] Rao et al. 2013; [06] Gibbons et al. 2001; [48] Fernandes et al. 2016; [20] Jenkins et al. 2009; [40] Britto et al. 2013; [28] Ben Saad et al. 2009; [30] Osses et al. 2010; [07] Enrigth et al. 2003","1.3584;-0.2407;-0.172;0.2536;-0.262;0.1977;0.8376;-0.2515;-0.317;-0.0942;-0.2759;-0.0706;0.4261;-0.4212;0.0316",443.579710144928,459.68975430278,1782.81176377701,0.246591030855457,16.1100441578522,-92.4100524721994,137.991567428429,58.5194762327772,71.268415356394
350,"natalia_oliveira_2023",19,"[37] Hill et al. 2011; [10] Camarri et al. 2006; [06] Gibbons et al. 2001; [02] Enright & Sherrill 1998; [47] Nusdwinuringtyas et al, 2014; [43] Rao et al. 2013; [15] Masmoudi et al. 2008; [27] Alameri et al. 2009; [34] Dourado, Vidotto, Guerra 2011; [04] Troosters, Gosselink & Decramer 1999; [45] Kim et al. 2014; [20] Jenkins et al. 2009; [54] Almeida et al. 2019; [50] Zou et al. 2017; [28] Ben Saad et al. 2009; [32] Soares, Pereira 2011; [40] Britto et al. 2013; [18] Iwama et al. 2009; [30] Osses et al. 2010","0.253;-0.2655;-0.3663;0.7803;0.4943;-0.319;-0.0946;0.8243;-0.2037;0.3655;0.454;-0.1837;0.0236;-0.2583;0.4631;-0.3232;-0.1024;-0.2769;-0.2648",452.188405797101,536.804107539662,1383.39482710581,0.202628238536613,84.6157017425603,-45.9674939921226,209.204474936668,89.697550611513,108.660613016824
351,"natalia_oliveira_2023",13,"[27] Alameri et al. 2009; [20] Jenkins et al. 2009; [58] Delbressine et al. 2023; [10] Camarri et al. 2006; [28] Ben Saad et al. 2009; [07] Enrigth et al. 2003; [15] Masmoudi et al. 2008; [54] Almeida et al. 2019; [18] Iwama et al. 2009; [45] Kim et al. 2014; [06] Gibbons et al. 2001; [40] Britto et al. 2013; [37] Hill et al. 2011","0.8938;-0.2225;0.1119;-0.5963;0.711;0.2622;-0.0627;0.0521;-0.3929;0.3238;-0.4279;0.0414;0.3062",446.347826086957,438.288052192602,1585.18275564161,0.190974130541113,-8.05977389435491,-155.567621780309,98.3161539546524,53.6108323231095,66.8133722719941
352,"natalia_oliveira_2023",5,"[02] Enright & Sherrill 1998; [43] Rao et al. 2013; [40] Britto et al. 2013; [15] Masmoudi et al. 2008; [10] Camarri et al. 2006","0.5865;0.424;-0.0316;-0.3111;0.3322",448.884057971014,533.787353108351,1851.5330869364,0.0925826102601706,84.9032951373367,-37.5738715535372,228.401529077575,90.779785348658,112.760882857593
353,"natalia_oliveira_2023",8,"[13] Chetta et al. 2006; [58] Delbressine et al. 2023; [34] Dourado, Vidotto, Guerra 2011; [30] Osses et al. 2010; [07] Enrigth et al. 2003; [32] Soares, Pereira 2011; [54] Almeida et al. 2019; [18] Iwama et al. 2009","-0.0961;0.2536;-0.0449;-0.4683;0.606;-0.1424;0.5686;0.3235",436.231884057971,557.788976735477,2184.43505587763,0.226266910291721,121.557092677506,16.1808693765003,237.918377512911,122.564059316602,141.205105223434
354,"natalia_oliveira_2023",10,"[04] Troosters, Gosselink & Decramer 1999; [30] Osses et al. 2010; [54] Almeida et al. 2019; [18] Iwama et al. 2009; [15] Masmoudi et al. 2008; [07] Enrigth et al. 2003; [13] Chetta et al. 2006; [48] Fernandes et al. 2016; [32] Soares, Pereira 2011; [10] Camarri et al. 2006","0.4078;-0.2496;0.4136;0.2566;-0.0103;0.0565;-0.0975;0.1308;-0.107;0.1991",451.550724637681,620.166031325734,1754.39737947767,0.220420302713636,168.615306688053,83.6148348773969,282.792462022115,168.615306688053,179.323840935002
355,"natalia_oliveira_2023",22,"[40] Britto et al. 2013; [47] Nusdwinuringtyas et al, 2014; [20] Jenkins et al. 2009; [13] Chetta et al. 2006; [27] Alameri et al. 2009; [02] Enright & Sherrill 1998; [10] Camarri et al. 2006; [28] Ben Saad et al. 2009; [48] Fernandes et al. 2016; [50] Zou et al. 2017; [34] Dourado, Vidotto, Guerra 2011; [54] Almeida et al. 2019; [32] Soares, Pereira 2011; [43] Rao et al. 2013; [26] Jenkins et al. 2009; [58] Delbressine et al. 2023; [18] Iwama et al. 2009; [30] Osses et al. 2010; [04] Troosters, Gosselink & Decramer 1999; [15] Masmoudi et al. 2008; [07] Enrigth et al. 2003; [37] Hill et al. 2011","-0.1383;0.6854;-0.1172;-0.4076;1.1;0.6437;-0.2556;0.4379;-0.288;-0.2233;-0.1617;-0.0477;-0.271;-0.2929;0.0188;0.0507;-0.2425;-0.2418;0.4324;-0.0457;0.1647;0.1998",448,555.466712766845,1624.9708281253,0.152176795236261,107.466712766845,-26.5280556502063,233.877694851855,109.902156860435,128.527137402999
356,"natalia_oliveira_2023",9,"[18] Iwama et al. 2009; [43] Rao et al. 2013; [26] Jenkins et al. 2009; [50] Zou et al. 2017; [04] Troosters, Gosselink & Decramer 1999; [30] Osses et al. 2010; [58] Delbressine et al. 2023; [40] Britto et al. 2013; [10] Camarri et al. 2006","0.4825;0.0943;0.0969;0.1442;0.6682;-0.4014;-0.0456;0.0371;-0.0763",453.144927536232,572.589690890057,2498.93906713538,0.266490081719628,119.444763353825,-15.8330751858505,251.757317409483,120.821552500421,136.941022577471
357,"natalia_oliveira_2023",24,"[50] Zou et al. 2017; [58] Delbressine et al. 2023; [48] Fernandes et al. 2016; [06] Gibbons et al. 2001; [34] Dourado, Vidotto, Guerra 2011; [40] Britto et al. 2013; [37] Hill et al. 2011; [15] Masmoudi et al. 2008; [26] Jenkins et al. 2009; [18] Iwama et al. 2009; [07] Enrigth et al. 2003; [13] Chetta et al. 2006; [04] Troosters, Gosselink & Decramer 1999; [30] Osses et al. 2010; [32] Soares, Pereira 2011; [28] Ben Saad et al. 2009; [02] Enright & Sherrill 1998; [47] Nusdwinuringtyas et al, 2014; [10] Camarri et al. 2006; [54] Almeida et al. 2019; [27] Alameri et al. 2009; [20] Jenkins et al. 2009; [43] Rao et al. 2013; [45] Kim et al. 2014","-0.3201;0.0935;-0.2224;-0.2009;-0.1336;-0.1014;0.3415;-8e-04;0.0461;-0.1954;0.219;-0.32;0.3876;-0.2105;-0.2862;0.325;0.4728;0.6231;-0.302;0.042;0.8133;-0.0969;-0.3387;0.3649",441.565217391304,588.335567957312,1498.98433819398,0.118436178560619,146.770350566007,9.10867137596847,269.307703280367,146.770350566007,161.058635306703
358,"natalia_oliveira_2023",6,"[15] Masmoudi et al. 2008; [50] Zou et al. 2017; [26] Jenkins et al. 2009; [47] Nusdwinuringtyas et al, 2014; [18] Iwama et al. 2009; [43] Rao et al. 2013","0.5259;-0.1888;0.4132;0.9368;-0.3715;-0.3156",458.130434782609,620.731125113421,888.029139316772,0.119516817100808,162.600690330812,60.2720611364181,269.027535034545,162.600690330812,173.635982543115
359,"natalia_oliveira_2023",14,"[15] Masmoudi et al. 2008; [04] Troosters, Gosselink & Decramer 1999; [40] Britto et al. 2013; [32] Soares, Pereira 2011; [30] Osses et al. 2010; [58] Delbressine et al. 2023; [45] Kim et al. 2014; [06] Gibbons et al. 2001; [34] Dourado, Vidotto, Guerra 2011; [20] Jenkins et al. 2009; [27] Alameri et al. 2009; [47] Nusdwinuringtyas et al, 2014; [50] Zou et al. 2017; [54] Almeida et al. 2019","0.1656;0.8385;0.097;-0.4693;-0.1255;0.5217;0.0822;-0.2824;-0.1957;-0.1673;0.6187;0.6603;-0.775;0.0314",444.04347826087,529.034460784625,1402.80913680405,0.174944485503739,84.9909825237554,-44.9612491215323,213.411889357123,92.4368051830459,110.751425248909
360,"natalia_oliveira_2023",16,"[32] Soares, Pereira 2011; [28] Ben Saad et al. 2009; [07] Enrigth et al. 2003; [37] Hill et al. 2011; [48] Fernandes et al. 2016; [58] Delbressine et al. 2023; [43] Rao et al. 2013; [04] Troosters, Gosselink & Decramer 1999; [40] Britto et al. 2013; [06] Gibbons et al. 2001; [18] Iwama et al. 2009; [34] Dourado, Vidotto, Guerra 2011; [13] Chetta et al. 2006; [15] Masmoudi et al. 2008; [50] Zou et al. 2017; [30] Osses et al. 2010","-0.1056;0.0228;-0.0761;-0.1469;0.1046;-0.0492;0.2081;0.2045;0.3461;-0.0557;0.1816;0.1308;-0.0127;0.0166;0.296;-0.065",448.188405797101,504.605180999981,1187.05571608684,0.124866131890738,56.4167752028796,-41.0168163972971,186.278671441953,66.8457153745696,86.0224630953266
361,"natalia_oliveira_2023",21,"[02] Enright & Sherrill 1998; [32] Soares, Pereira 2011; [26] Jenkins et al. 2009; [18] Iwama et al. 2009; [20] Jenkins et al. 2009; [06] Gibbons et al. 2001; [48] Fernandes et al. 2016; [13] Chetta et al. 2006; [04] Troosters, Gosselink & Decramer 1999; [10] Camarri et al. 2006; [43] Rao et al. 2013; [07] Enrigth et al. 2003; [15] Masmoudi et al. 2008; [27] Alameri et al. 2009; [45] Kim et al. 2014; [47] Nusdwinuringtyas et al, 2014; [40] Britto et al. 2013; [34] Dourado, Vidotto, Guerra 2011; [54] Almeida et al. 2019; [58] Delbressine et al. 2023; [37] Hill et al. 2011","0.7642;-0.3357;-4e-04;-0.1374;-0.1247;-0.2729;-0.1915;-0.4073;0.4399;-0.3123;-0.3292;0.1779;-0.0631;0.7072;0.3416;0.6637;-0.1071;-0.148;0.0226;0.0437;0.2687",449.971014492754,579.09335348358,1619.33557835358,0.260634099347854,129.122338990827,11.3349310443651,261.743601212185,129.246004038389,145.265337273238
362,"natalia_oliveira_2023",11,"[27] Alameri et al. 2009; [04] Troosters, Gosselink & Decramer 1999; [10] Camarri et al. 2006; [20] Jenkins et al. 2009; [43] Rao et al. 2013; [06] Gibbons et al. 2001; [54] Almeida et al. 2019; [45] Kim et al. 2014; [47] Nusdwinuringtyas et al, 2014; [40] Britto et al. 2013; [37] Hill et al. 2011","0.8965;0.8076;-0.6509;-0.0779;-0.772;-0.5182;0.1243;0.2286;0.3787;0.017;0.5664",442.275362318841,630.845294210697,1194.37437347429,0.147770188845117,188.569931891857,55.8343260227062,333.190313387227,188.569931891857,203.748800594523
363,"natalia_oliveira_2023",20,"[13] Chetta et al. 2006; [26] Jenkins et al. 2009; [43] Rao et al. 2013; [10] Camarri et al. 2006; [54] Almeida et al. 2019; [02] Enright & Sherrill 1998; [30] Osses et al. 2010; [18] Iwama et al. 2009; [50] Zou et al. 2017; [06] Gibbons et al. 2001; [58] Delbressine et al. 2023; [32] Soares, Pereira 2011; [27] Alameri et al. 2009; [34] Dourado, Vidotto, Guerra 2011; [45] Kim et al. 2014; [28] Ben Saad et al. 2009; [15] Masmoudi et al. 2008; [20] Jenkins et al. 2009; [04] Troosters, Gosselink & Decramer 1999; [07] Enrigth et al. 2003","-0.2791;-0.166;-0.2876;-0.3682;0.0639;0.6563;-0.2367;-0.0488;-0.2701;-0.0755;0.1429;-0.2566;1.0391;-0.2568;0.5422;0.3979;-0.0403;-0.2307;0.3237;0.3505",441.202898550725,460.927628891982,1615.81092244061,0.103605371617857,19.7247303412573,-69.6014774279304,149.342287572812,55.0367145705342,70.1275757248261
364,"natalia_oliveira_2023",3,"[13] Chetta et al. 2006; [18] Iwama et al. 2009; [04] Troosters, Gosselink & Decramer 1999","0.2259;0.6567;0.1174",433.507246376812,547.639812669185,1069.9746418386,0.0541578993329708,114.132566292373,-16.1541436088326,236.065570654835,116.503119261644,137.729831584644
365,"natalia_oliveira_2023",3,"[18] Iwama et al. 2009; [02] Enright & Sherrill 1998; [37] Hill et al. 2011","0.5393;0.6147;-0.1541",455.811594202899,536.94360793256,3185.44891039988,0.212278332368554,81.1320137296617,-29.0870098894043,212.935420047454,86.6727088469445,110.449118545064
366,"natalia_oliveira_2023",14,"[18] Iwama et al. 2009; [02] Enright & Sherrill 1998; [40] Britto et al. 2013; [06] Gibbons et al. 2001; [30] Osses et al. 2010; [15] Masmoudi et al. 2008; [20] Jenkins et al. 2009; [45] Kim et al. 2014; [58] Delbressine et al. 2023; [10] Camarri et al. 2006; [28] Ben Saad et al. 2009; [26] Jenkins et al. 2009; [07] Enrigth et al. 2003; [13] Chetta et al. 2006","0.0597;0.4041;0.1189;-0.0564;-0.1512;-0.061;-0.1209;0.7593;0.0442;-0.1504;0.2781;-0.0554;0.1307;-0.1997",476.985507246377,547.589554446971,1589.77822420094,0.183986067721136,70.604047200594,-37.2720007257462,201.822954662431,75.182019783014,88.8341478437348
367,"natalia_oliveira_2023",11,"[45] Kim et al. 2014; [40] Britto et al. 2013; [04] Troosters, Gosselink & Decramer 1999; [48] Fernandes et al. 2016; [20] Jenkins et al. 2009; [58] Delbressine et al. 2023; [15] Masmoudi et al. 2008; [54] Almeida et al. 2019; [27] Alameri et al. 2009; [13] Chetta et al. 2006; [50] Zou et al. 2017","0.1625;0.1661;0.5245;0.0549;-0.3629;0.4221;0.0778;-0.005;0.7441;-0.2319;-0.5522",450.347826086957,518.871832635892,1479.54692495831,0.18004368042885,68.5240065489352,-43.0228957220266,188.481944102354,74.5039434715131,89.6402498694131
368,"natalia_oliveira_2023",23,"[54] Almeida et al. 2019; [04] Troosters, Gosselink & Decramer 1999; [30] Osses et al. 2010; [07] Enrigth et al. 2003; [37] Hill et al. 2011; [40] Britto et al. 2013; [20] Jenkins et al. 2009; [47] Nusdwinuringtyas et al, 2014; [18] Iwama et al. 2009; [10] Camarri et al. 2006; [45] Kim et al. 2014; [43] Rao et al. 2013; [58] Delbressine et al. 2023; [27] Alameri et al. 2009; [34] Dourado, Vidotto, Guerra 2011; [32] Soares, Pereira 2011; [02] Enright & Sherrill 1998; [26] Jenkins et al. 2009; [15] Masmoudi et al. 2008; [50] Zou et al. 2017; [13] Chetta et al. 2006; [48] Fernandes et al. 2016; [06] Gibbons et al. 2001","0.0237;0.3581;-0.2421;0.1901;0.2951;-0.0757;-0.1405;0.6016;-0.1796;-0.2285;0.4855;-0.2466;0.042;0.8406;-0.1667;-0.2941;0.9762;-0.0412;-0.0931;-0.2048;-0.374;-0.229;-0.297",446.536231884058,553.893576463607,1017.3302410347,0.228277361145437,107.357344579549,-36.2700403951544,232.177693946901,111.426398272388,129.655476136651
369,"natalia_oliveira_2023",5,"[20] Jenkins et al. 2009; [28] Ben Saad et al. 2009; [37] Hill et al. 2011; [34] Dourado, Vidotto, Guerra 2011; [47] Nusdwinuringtyas et al, 2014","-0.1219;0.7024;0.0309;-0.1618;0.5504",441.217391304348,549.974611551949,1911.00882372382,0.160293036492036,108.757220247601,-23.2491994375484,226.80716683146,112.529153832787,129.406647399863
370,"natalia_oliveira_2023",9,"[07] Enrigth et al. 2003; [04] Troosters, Gosselink & Decramer 1999; [18] Iwama et al. 2009; [50] Zou et al. 2017; [45] Kim et al. 2014; [15] Masmoudi et al. 2008; [30] Osses et al. 2010; [34] Dourado, Vidotto, Guerra 2011; [28] Ben Saad et al. 2009","0.184;0.0716;0.1687;-0.1896;0.6334;-0.0398;-0.0824;-0.0491;0.3032",445.63768115942,574.662231856955,1015.71559191229,0.0302966919056656,129.024550697535,-3.29105862838766,253.930209643436,129.3722876967,148.153175124909
371,"natalia_oliveira_2023",3,"[30] Osses et al. 2010; [20] Jenkins et al. 2009; [28] Ben Saad et al. 2009","0.494;0.4899;0.0161",420.942028985507,615.46696303372,3256.28224165628,0.330493223409428,194.524934048212,89.419786807771,290.007037875957,194.524934048212,204.594832569128
372,"natalia_oliveira_2023",4,"[04] Troosters, Gosselink & Decramer 1999; [43] Rao et al. 2013; [13] Chetta et al. 2006; [10] Camarri et al. 2006","0.3332;0.392;0.0326;0.2422",451.971014492754,551.57994340175,2701.6965833497,0.353785115633447,99.6089289089964,15.7192001728156,223.95404542429,100.721880336285,116.047713332891
373,"natalia_oliveira_2023",9,"[18] Iwama et al. 2009; [13] Chetta et al. 2006; [27] Alameri et al. 2009; [37] Hill et al. 2011; [50] Zou et al. 2017; [45] Kim et al. 2014; [32] Soares, Pereira 2011; [06] Gibbons et al. 2001; [43] Rao et al. 2013","-0.2983;-0.3629;0.9191;1.1578;-0.3853;0.4693;0.1165;-0.1944;-0.4219",433.710144927536,713.111195788294,1103.59280613127,0.287760727646198,279.401050860758,157.057709379732,388.786958177419,279.401050860758,287.139748086784
374,"natalia_oliveira_2023",22,"[50] Zou et al. 2017; [47] Nusdwinuringtyas et al, 2014; [40] Britto et al. 2013; [27] Alameri et al. 2009; [48] Fernandes et al. 2016; [34] Dourado, Vidotto, Guerra 2011; [06] Gibbons et al. 2001; [58] Delbressine et al. 2023; [18] Iwama et al. 2009; [20] Jenkins et al. 2009; [07] Enrigth et al. 2003; [10] Camarri et al. 2006; [32] Soares, Pereira 2011; [13] Chetta et al. 2006; [45] Kim et al. 2014; [54] Almeida et al. 2019; [04] Troosters, Gosselink & Decramer 1999; [28] Ben Saad et al. 2009; [15] Masmoudi et al. 2008; [30] Osses et al. 2010; [02] Enright & Sherrill 1998; [26] Jenkins et al. 2009","-0.3567;0.7084;-0.1302;0.7402;-0.1956;-0.2222;-0.2317;0.1052;-0.1504;-0.1811;0.2774;-0.3494;-0.3103;-0.3795;0.2979;0.062;0.5214;0.4296;-0.0201;-0.2551;0.7134;-0.0735",434,458.2071274001,1885.26550357341,0.146269693822077,24.2071274001,-89.7910911920939,161.913131636053,56.1751729839022,71.4220285420216
375,"natalia_oliveira_2023",14,"[13] Chetta et al. 2006; [26] Jenkins et al. 2009; [04] Troosters, Gosselink & Decramer 1999; [47] Nusdwinuringtyas et al, 2014; [45] Kim et al. 2014; [43] Rao et al. 2013; [02] Enright & Sherrill 1998; [07] Enrigth et al. 2003; [37] Hill et al. 2011; [18] Iwama et al. 2009; [28] Ben Saad et al. 2009; [48] Fernandes et al. 2016; [58] Delbressine et al. 2023; [50] Zou et al. 2017","-0.5613;-0.3763;0.4585;0.9964;0.8256;-0.4064;0.5718;0.1086;0.2773;-0.2929;0.2258;-0.3668;-0.1236;-0.3367",433.797101449275,728.733982669412,2024.86690673875,0.220930539754286,294.936881220137,169.541936601256,405.316633675907,294.936881220137,303.290348731286
376,"natalia_oliveira_2023",13,"[20] Jenkins et al. 2009; [28] Ben Saad et al. 2009; [06] Gibbons et al. 2001; [27] Alameri et al. 2009; [58] Delbressine et al. 2023; [26] Jenkins et al. 2009; [04] Troosters, Gosselink & Decramer 1999; [10] Camarri et al. 2006; [07] Enrigth et al. 2003; [18] Iwama et al. 2009; [37] Hill et al. 2011; [15] Masmoudi et al. 2008; [50] Zou et al. 2017","-0.2319;0.6275;-0.3834;1.3162;-0.0468;-0.0811;0.416;-0.4084;0.1952;-0.1716;0.4442;-0.2551;-0.4208",433,431.109636303641,1409.86898213841,0.276554542190519,-1.89036369635906,-141.835502779657,110.957115565452,57.4230938103527,68.6790923780017
377,"natalia_oliveira_2023",23,"[50] Zou et al. 2017; [45] Kim et al. 2014; [58] Delbressine et al. 2023; [43] Rao et al. 2013; [07] Enrigth et al. 2003; [02] Enright & Sherrill 1998; [37] Hill et al. 2011; [28] Ben Saad et al. 2009; [27] Alameri et al. 2009; [54] Almeida et al. 2019; [06] Gibbons et al. 2001; [10] Camarri et al. 2006; [48] Fernandes et al. 2016; [15] Masmoudi et al. 2008; [47] Nusdwinuringtyas et al, 2014; [13] Chetta et al. 2006; [04] Troosters, Gosselink & Decramer 1999; [26] Jenkins et al. 2009; [40] Britto et al. 2013; [20] Jenkins et al. 2009; [18] Iwama et al. 2009; [30] Osses et al. 2010; [32] Soares, Pereira 2011","-0.1392;0.1038;-0.0996;-0.1042;-0.0313;0.6359;0.0261;0.3362;0.1935;0.2638;-0.083;-0.0569;0.0388;-0.1723;0.2412;-0.1866;0.0708;0.0327;-0.174;-0.0393;0.0812;-0.1577;0.2202",454.057971014493,586.357740302725,3446.74877721889,0.543522222966888,132.299769288232,19.1806351793369,247.070289576693,132.606651047389,147.789140099167
378,"natalia_oliveira_2023",21,"[43] Rao et al. 2013; [26] Jenkins et al. 2009; [30] Osses et al. 2010; [48] Fernandes et al. 2016; [54] Almeida et al. 2019; [37] Hill et al. 2011; [27] Alameri et al. 2009; [47] Nusdwinuringtyas et al, 2014; [45] Kim et al. 2014; [40] Britto et al. 2013; [18] Iwama et al. 2009; [10] Camarri et al. 2006; [32] Soares, Pereira 2011; [20] Jenkins et al. 2009; [13] Chetta et al. 2006; [28] Ben Saad et al. 2009; [15] Masmoudi et al. 2008; [07] Enrigth et al. 2003; [06] Gibbons et al. 2001; [58] Delbressine et al. 2023; [34] Dourado, Vidotto, Guerra 2011","-0.3958;-0.0115;-0.1839;-0.3283;0.0989;0.6839;0.8474;0.4992;0.4176;0.0135;-0.2961;-0.2323;-0.3271;-0.1092;-0.4522;0.6748;-0.0314;0.3739;-0.2987;0.1616;-0.1043",466.68115942029,640.464822472091,1072.48709153377,0.114845988652644,173.783663051801,48.9396604149356,310.926952606768,173.783663051801,188.867000297221
379,"natalia_oliveira_2023",22,"[02] Enright & Sherrill 1998; [47] Nusdwinuringtyas et al, 2014; [27] Alameri et al. 2009; [45] Kim et al. 2014; [43] Rao et al. 2013; [15] Masmoudi et al. 2008; [20] Jenkins et al. 2009; [54] Almeida et al. 2019; [10] Camarri et al. 2006; [40] Britto et al. 2013; [28] Ben Saad et al. 2009; [04] Troosters, Gosselink & Decramer 1999; [32] Soares, Pereira 2011; [34] Dourado, Vidotto, Guerra 2011; [30] Osses et al. 2010; [07] Enrigth et al. 2003; [50] Zou et al. 2017; [58] Delbressine et al. 2023; [06] Gibbons et al. 2001; [37] Hill et al. 2011; [13] Chetta et al. 2006; [26] Jenkins et al. 2009","0.5313;0.5206;0.8801;0.4105;-0.3932;0.0271;-0.0757;-0.0494;-0.3487;-0.1182;0.3982;0.3964;-0.1726;-0.1681;-0.1802;0.1862;-0.3596;0.1071;-0.3446;0.1508;-0.4202;0.0225",432.202898550725,521.381798435359,1572.92537679817,0.118089644168725,89.1788998846347,-37.7884729062508,210.283350292902,96.6286195974509,115.244787515749
380,"natalia_oliveira_2023",1,"[45] Kim et al. 2014","1",448.565217391304,576.69,295.70924117647,0.00586991985526755,128.124782608696,-20.1989999999999,304.14,132.981594202899,153.749351797856
381,"natalia_oliveira_2023",22,"[47] Nusdwinuringtyas et al, 2014; [45] Kim et al. 2014; [32] Soares, Pereira 2011; [06] Gibbons et al. 2001; [40] Britto et al. 2013; [28] Ben Saad et al. 2009; [13] Chetta et al. 2006; [27] Alameri et al. 2009; [30] Osses et al. 2010; [50] Zou et al. 2017; [48] Fernandes et al. 2016; [37] Hill et al. 2011; [02] Enright & Sherrill 1998; [15] Masmoudi et al. 2008; [43] Rao et al. 2013; [26] Jenkins et al. 2009; [04] Troosters, Gosselink & Decramer 1999; [18] Iwama et al. 2009; [58] Delbressine et al. 2023; [54] Almeida et al. 2019; [34] Dourado, Vidotto, Guerra 2011; [10] Camarri et al. 2006","0.5499;0.3487;-0.2832;-0.1676;0.0403;0.3214;-0.268;0.6877;-0.1056;-0.2331;-0.1789;0.2201;0.4125;0.0616;-0.2664;-0.0086;0.2979;-0.152;0.1306;-0.0071;-0.1316;-0.2684",460.652173913043,586.649930609064,1461.90986803845,0.155558198682543,125.99775669602,5.06104983816817,257.968621731542,126.034180921851,140.9659848039
382,"natalia_oliveira_2023",23,"[20] Jenkins et al. 2009; [07] Enrigth et al. 2003; [34] Dourado, Vidotto, Guerra 2011; [40] Britto et al. 2013; [30] Osses et al. 2010; [02] Enright & Sherrill 1998; [37] Hill et al. 2011; [28] Ben Saad et al. 2009; [10] Camarri et al. 2006; [13] Chetta et al. 2006; [15] Masmoudi et al. 2008; [32] Soares, Pereira 2011; [04] Troosters, Gosselink & Decramer 1999; [54] Almeida et al. 2019; [06] Gibbons et al. 2001; [48] Fernandes et al. 2016; [47] Nusdwinuringtyas et al, 2014; [50] Zou et al. 2017; [27] Alameri et al. 2009; [18] Iwama et al. 2009; [26] Jenkins et al. 2009; [58] Delbressine et al. 2023; [43] Rao et al. 2013","-0.1502;0.2425;-0.1794;-0.072;-0.2323;0.6914;0.4031;0.4158;-0.2013;-0.3882;-0.0523;-0.3227;0.2876;0.0212;-0.3282;-0.2917;0.797;-0.2222;1.0723;-0.238;-0.0652;0.0837;-0.2708",453.768115942029,537.812164630512,1928.92367943418,0.112045578223327,84.0440486884829,-45.9390393910705,217.43659847048,93.6677785646423,114.332952191111
383,"natalia_oliveira_2023",23,"[40] Britto et al. 2013; [32] Soares, Pereira 2011; [50] Zou et al. 2017; [04] Troosters, Gosselink & Decramer 1999; [37] Hill et al. 2011; [20] Jenkins et al. 2009; [45] Kim et al. 2014; [27] Alameri et al. 2009; [06] Gibbons et al. 2001; [28] Ben Saad et al. 2009; [58] Delbressine et al. 2023; [13] Chetta et al. 2006; [54] Almeida et al. 2019; [18] Iwama et al. 2009; [07] Enrigth et al. 2003; [02] Enright & Sherrill 1998; [48] Fernandes et al. 2016; [43] Rao et al. 2013; [10] Camarri et al. 2006; [34] Dourado, Vidotto, Guerra 2011; [15] Masmoudi et al. 2008; [30] Osses et al. 2010; [26] Jenkins et al. 2009","-0.0332;-0.3037;-0.2078;0.1855;0.3037;-0.1659;0.5421;0.9445;-0.1709;0.412;0.0554;-0.305;0.0722;-0.029;0.165;0.6353;-0.0902;-0.2131;-0.2745;-0.1597;-0.0657;-0.1868;-0.1102",452.217391304348,533.247444812298,2050.87724910871,0.164317615131294,81.0300535079501,-53.7265487972081,214.63035104304,89.0870999305823,105.796464132932
384,"natalia_oliveira_2023",14,"[18] Iwama et al. 2009; [48] Fernandes et al. 2016; [07] Enrigth et al. 2003; [04] Troosters, Gosselink & Decramer 1999; [54] Almeida et al. 2019; [34] Dourado, Vidotto, Guerra 2011; [20] Jenkins et al. 2009; [13] Chetta et al. 2006; [15] Masmoudi et al. 2008; [47] Nusdwinuringtyas et al, 2014; [27] Alameri et al. 2009; [32] Soares, Pereira 2011; [30] Osses et al. 2010; [45] Kim et al. 2014","-0.2099;-0.2482;0.8101;0.7361;0.2528;-0.1879;-0.1993;-0.6515;0.0754;0.7134;0.5707;-0.4621;-0.1885;-0.0111",427.753623188406,555.677021019791,1318.56621440159,0.228684133976466,127.923397831385,26.5624754287752,242.523566461743,127.923397831385,143.26064144364
385,"natalia_oliveira_2023",10,"[13] Chetta et al. 2006; [30] Osses et al. 2010; [20] Jenkins et al. 2009; [47] Nusdwinuringtyas et al, 2014; [43] Rao et al. 2013; [58] Delbressine et al. 2023; [40] Britto et al. 2013; [07] Enrigth et al. 2003; [26] Jenkins et al. 2009; [32] Soares, Pereira 2011","-0.6255;-0.2369;0.1046;1.0813;-0.4167;0.4631;-0.21;0.7068;0.4685;-0.3352",434.463768115942,647.03836083825,1517.47972217458,0.223939215710839,212.574592722308,73.2744837435362,327.242258375912,212.574592722308,224.966443519613
386,"natalia_oliveira_2023",12,"[10] Camarri et al. 2006; [40] Britto et al. 2013; [58] Delbressine et al. 2023; [07] Enrigth et al. 2003; [30] Osses et al. 2010; [06] Gibbons et al. 2001; [37] Hill et al. 2011; [18] Iwama et al. 2009; [48] Fernandes et al. 2016; [27] Alameri et al. 2009; [54] Almeida et al. 2019; [47] Nusdwinuringtyas et al, 2014","-0.3192;0.1051;0.1763;0.3991;-0.1982;-0.4443;0.6157;-0.2992;-0.3638;0.5809;0.264;0.4836",449.275362318841,547.676712700736,922.708233715606,0.246010594284382,98.4013503818951,-22.750604512105,240.74754671645,101.981722648829,121.192697770127
387,"natalia_oliveira_2023",23,"[34] Dourado, Vidotto, Guerra 2011; [50] Zou et al. 2017; [43] Rao et al. 2013; [47] Nusdwinuringtyas et al, 2014; [45] Kim et al. 2014; [06] Gibbons et al. 2001; [37] Hill et al. 2011; [54] Almeida et al. 2019; [15] Masmoudi et al. 2008; [10] Camarri et al. 2006; [32] Soares, Pereira 2011; [18] Iwama et al. 2009; [30] Osses et al. 2010; [48] Fernandes et al. 2016; [27] Alameri et al. 2009; [26] Jenkins et al. 2009; [07] Enrigth et al. 2003; [13] Chetta et al. 2006; [58] Delbressine et al. 2023; [20] Jenkins et al. 2009; [28] Ben Saad et al. 2009; [40] Britto et al. 2013; [02] Enright & Sherrill 1998","-0.1514;-0.2268;-0.2778;0.6472;0.4903;-0.3368;0.4482;0.0213;-0.0615;-0.1465;-0.3185;-0.2137;-0.3023;-0.2686;0.8685;0.0464;0.2544;-0.4024;0.0513;-0.1223;0.4267;-0.1975;0.7719",449.173913043478,565.059245643827,878.160712042968,0.237776687345898,115.885332600349,1.22876577803052,245.850102067941,116.836376599335,135.168421210476
388,"natalia_oliveira_2023",20,"[43] Rao et al. 2013; [54] Almeida et al. 2019; [10] Camarri et al. 2006; [20] Jenkins et al. 2009; [34] Dourado, Vidotto, Guerra 2011; [58] Delbressine et al. 2023; [26] Jenkins et al. 2009; [02] Enright & Sherrill 1998; [30] Osses et al. 2010; [18] Iwama et al. 2009; [48] Fernandes et al. 2016; [28] Ben Saad et al. 2009; [37] Hill et al. 2011; [27] Alameri et al. 2009; [04] Troosters, Gosselink & Decramer 1999; [40] Britto et al. 2013; [45] Kim et al. 2014; [07] Enrigth et al. 2003; [50] Zou et al. 2017; [15] Masmoudi et al. 2008","-0.3729;0.1719;-0.3209;-0.2552;-0.2758;-0.0378;-0.139;0.7985;-0.3704;-0.1697;-0.2536;0.4175;0.2728;1.1305;0.3374;-0.1057;0.566;0.1365;-0.356;-0.1742",444.159420289855,556.905558042402,2014.18913791605,0.124252326342191,112.746137752547,-24.1481368994635,252.034926673616,117.59204458835,137.574405044024
389,"natalia_oliveira_2023",11,"[13] Chetta et al. 2006; [07] Enrigth et al. 2003; [02] Enright & Sherrill 1998; [54] Almeida et al. 2019; [34] Dourado, Vidotto, Guerra 2011; [27] Alameri et al. 2009; [10] Camarri et al. 2006; [15] Masmoudi et al. 2008; [32] Soares, Pereira 2011; [20] Jenkins et al. 2009; [28] Ben Saad et al. 2009","-0.5937;0.3242;0.9213;-0.155;-0.2891;1.2951;-0.2332;-0.1106;-0.4069;-0.2428;0.4908",434.463768115942,380.214993438818,1445.77793716192,0.070882479170816,-54.2487746771241,-182.51710235906,62.2021468443629,77.6371249460591,91.3530379100545
390,"natalia_oliveira_2023",18,"[06] Gibbons et al. 2001; [10] Camarri et al. 2006; [27] Alameri et al. 2009; [50] Zou et al. 2017; [37] Hill et al. 2011; [45] Kim et al. 2014; [20] Jenkins et al. 2009; [13] Chetta et al. 2006; [43] Rao et al. 2013; [15] Masmoudi et al. 2008; [34] Dourado, Vidotto, Guerra 2011; [54] Almeida et al. 2019; [28] Ben Saad et al. 2009; [32] Soares, Pereira 2011; [48] Fernandes et al. 2016; [07] Enrigth et al. 2003; [58] Delbressine et al. 2023; [40] Britto et al. 2013","-0.3363;-0.382;1.1726;-0.3141;0.6167;0.6579;-0.1693;-0.4946;-0.3381;-0.0591;-0.2122;0.1887;0.8342;-0.3703;-0.1975;0.3983;0.1444;-0.1395",425.95652173913,570.664105651356,1253.7598144744,0.224914411283976,144.707583912226,49.1653396158514,258.821676648574,144.707583912226,161.530520133991
391,"natalia_oliveira_2023",11,"[50] Zou et al. 2017; [06] Gibbons et al. 2001; [45] Kim et al. 2014; [34] Dourado, Vidotto, Guerra 2011; [32] Soares, Pereira 2011; [18] Iwama et al. 2009; [04] Troosters, Gosselink & Decramer 1999; [27] Alameri et al. 2009; [48] Fernandes et al. 2016; [54] Almeida et al. 2019; [26] Jenkins et al. 2009","-0.6395;0.0811;0.1916;-0.2717;-0.4655;0.1453;1.059;0.8283;0.086;0.0549;-0.0695",444.927536231884,561.358968767175,1606.23806426186,0.148675525240713,116.431432535291,-12.5381270565034,247.440613645393,118.08983182682,136.88932631486
392,"natalia_oliveira_2023",1,"[20] Jenkins et al. 2009","1",454.95652173913,648.055872370956,2722.68090806338,0.113311717047607,193.099350631826,66.5443931593699,350.430101010101,193.099350631826,206.364808069869
393,"natalia_oliveira_2023",12,"[20] Jenkins et al. 2009; [48] Fernandes et al. 2016; [02] Enright & Sherrill 1998; [06] Gibbons et al. 2001; [58] Delbressine et al. 2023; [32] Soares, Pereira 2011; [30] Osses et al. 2010; [07] Enrigth et al. 2003; [45] Kim et al. 2014; [37] Hill et al. 2011; [40] Britto et al. 2013; [43] Rao et al. 2013","-0.0994;-0.0624;0.5395;-0.1496;-0.0355;-0.2733;-0.2072;0.0712;0.9041;0.2902;0.2179;-0.1956",447.913043478261,630.370526503896,1572.06135047574,0.0750145179403502,182.457483025635,52.5578694441673,313.016741634731,182.457483025635,197.598000847859
394,"natalia_oliveira_2023",6,"[43] Rao et al. 2013; [27] Alameri et al. 2009; [54] Almeida et al. 2019; [32] Soares, Pereira 2011; [45] Kim et al. 2014; [10] Camarri et al. 2006","-0.1376;0.5694;0.1194;0.6625;0.0169;-0.2307",448.507246376812,505.710119750916,406.765212497568,0.149006753400177,57.2028733741045,-47.2954159595713,206.887026071278,66.3402288251683,89.7595704409181
395,"natalia_oliveira_2023",6,"[15] Masmoudi et al. 2008; [13] Chetta et al. 2006; [04] Troosters, Gosselink & Decramer 1999; [32] Soares, Pereira 2011; [45] Kim et al. 2014; [48] Fernandes et al. 2016","0.1402;-0.0566;0.2143;0.003;0.4542;0.2449",453.144927536232,561.066546997183,952.064103347691,0.0693784926597582,107.921619460952,-14.1689520989112,235.810553536906,109.377335977415,126.927519717244
396,"natalia_oliveira_2023",2,"[37] Hill et al. 2011; [28] Ben Saad et al. 2009","0.5;0.5",443.405797101449,643.789557971015,5070.12573028336,0.20714265753663,200.383760869565,48.9025,341.039,200.383760869565,215.563684943491
397,"natalia_oliveira_2023",8,"[40] Britto et al. 2013; [10] Camarri et al. 2006; [48] Fernandes et al. 2016; [34] Dourado, Vidotto, Guerra 2011; [06] Gibbons et al. 2001; [37] Hill et al. 2011; [45] Kim et al. 2014; [58] Delbressine et al. 2023","0.3403;-0.2514;-0.2079;0.0489;-0.2202;0.4283;0.7114;0.1506",455.942028985507,614.16698765145,1068.10961343764,0.087525726174982,158.224958665943,34.8730647732239,291.556642415117,158.224958665943,170.591531716803
398,"natalia_oliveira_2023",5,"[10] Camarri et al. 2006; [47] Nusdwinuringtyas et al, 2014; [13] Chetta et al. 2006; [20] Jenkins et al. 2009; [45] Kim et al. 2014","-0.2872;0.4185;-0.006;0.6319;0.2428",445.536231884058,565.874542018555,436.634227852542,0.190876601398824,120.338310134497,2.87271891630825,260.281993225986,120.338310134497,139.379531699468
399,"natalia_oliveira_2023",22,"[20] Jenkins et al. 2009; [27] Alameri et al. 2009; [28] Ben Saad et al. 2009; [43] Rao et al. 2013; [06] Gibbons et al. 2001; [26] Jenkins et al. 2009; [45] Kim et al. 2014; [47] Nusdwinuringtyas et al, 2014; [40] Britto et al. 2013; [34] Dourado, Vidotto, Guerra 2011; [13] Chetta et al. 2006; [07] Enrigth et al. 2003; [30] Osses et al. 2010; [58] Delbressine et al. 2023; [02] Enright & Sherrill 1998; [54] Almeida et al. 2019; [37] Hill et al. 2011; [18] Iwama et al. 2009; [15] Masmoudi et al. 2008; [48] Fernandes et al. 2016; [50] Zou et al. 2017; [10] Camarri et al. 2006","0.039;0.5659;0.2048;-0.2023;-0.08;0.0949;0.259;0.3423;0.0601;-0.0123;-0.1591;0.0898;-0.0131;0.0808;0.2198;0.0133;0.079;-0.125;0.0569;-0.1253;-0.1819;-0.2066",451.695652173913,549.188981890466,758.990446594947,0.092447134789331,97.4933297165528,11.7044569593946,237.761883559452,97.9160911234352,114.52877039918
400,"natalia_oliveira_2023",20,"[32] Soares, Pereira 2011; [40] Britto et al. 2013; [02] Enright & Sherrill 1998; [04] Troosters, Gosselink & Decramer 1999; [27] Alameri et al. 2009; [06] Gibbons et al. 2001; [43] Rao et al. 2013; [28] Ben Saad et al. 2009; [47] Nusdwinuringtyas et al, 2014; [34] Dourado, Vidotto, Guerra 2011; [18] Iwama et al. 2009; [07] Enrigth et al. 2003; [58] Delbressine et al. 2023; [13] Chetta et al. 2006; [45] Kim et al. 2014; [20] Jenkins et al. 2009; [15] Masmoudi et al. 2008; [54] Almeida et al. 2019; [50] Zou et al. 2017; [48] Fernandes et al. 2016","-0.3839;-0.1494;0.8487;0.2805;0.8374;-0.1948;-0.3411;0.5014;0.6718;-0.3309;-0.1839;0.3255;0.1163;-0.3564;0.4071;-0.2868;-0.0916;-0.1274;-0.3288;-0.2138",451.840579710145,542.503962777415,1774.24764263419,0.119761042222277,90.66338306727,-42.4840866565474,225.786563686681,95.4286473639863,117.586308663298
401,"natalia_oliveira_2023",10,"[47] Nusdwinuringtyas et al, 2014; [58] Delbressine et al. 2023; [43] Rao et al. 2013; [50] Zou et al. 2017; [45] Kim et al. 2014; [32] Soares, Pereira 2011; [37] Hill et al. 2011; [30] Osses et al. 2010; [54] Almeida et al. 2019; [28] Ben Saad et al. 2009","0.5645;0.1791;-0.3423;-0.2159;0.6559;-0.2897;-0.0235;-0.3376;-0.1855;0.9949",447.695652173913,633.217862081262,1290.80985396291,0.345536155432444,185.522209907349,85.086961950778,306.11723988197,185.522209907349,196.102294760893
402,"natalia_oliveira_2023",3,"[50] Zou et al. 2017; [32] Soares, Pereira 2011; [04] Troosters, Gosselink & Decramer 1999","0.5117;0.1519;0.3364",440.492753623188,583.471490584334,1900.40788316866,0.194203557468627,142.978736961146,2.42688673978888,251.155104522352,142.978736961146,157.387311666782
403,"natalia_oliveira_2023",21,"[28] Ben Saad et al. 2009; [47] Nusdwinuringtyas et al, 2014; [50] Zou et al. 2017; [02] Enright & Sherrill 1998; [04] Troosters, Gosselink & Decramer 1999; [26] Jenkins et al. 2009; [40] Britto et al. 2013; [10] Camarri et al. 2006; [30] Osses et al. 2010; [45] Kim et al. 2014; [06] Gibbons et al. 2001; [34] Dourado, Vidotto, Guerra 2011; [20] Jenkins et al. 2009; [37] Hill et al. 2011; [18] Iwama et al. 2009; [43] Rao et al. 2013; [15] Masmoudi et al. 2008; [27] Alameri et al. 2009; [07] Enrigth et al. 2003; [54] Almeida et al. 2019; [58] Delbressine et al. 2023","0.3821;0.585;-0.3152;0.7202;0.4283;-0.1063;-0.1264;-0.2713;-0.3513;0.423;-0.4381;-0.2265;-0.2207;0.2198;-0.2653;-0.3543;-0.1513;0.8162;0.1496;0.1322;-0.0296",449.768115942029,514.522922111653,1185.75244944249,0.286370574995641,64.7548061696241,-55.446486469174,192.398100421796,73.2257150600755,93.9618032188285
404,"natalia_oliveira_2023",13,"[04] Troosters, Gosselink & Decramer 1999; [48] Fernandes et al. 2016; [37] Hill et al. 2011; [58] Delbressine et al. 2023; [43] Rao et al. 2013; [30] Osses et al. 2010; [18] Iwama et al. 2009; [07] Enrigth et al. 2003; [40] Britto et al. 2013; [15] Masmoudi et al. 2008; [02] Enright & Sherrill 1998; [20] Jenkins et al. 2009; [28] Ben Saad et al. 2009","0.3421;0.1189;0.0835;-0.1444;0.3463;-0.3484;0.3249;-0.0166;0.0659;-0.1691;0.2937;-0.0304;0.1336",441.173913043478,518.536018175642,2325.73766744327,0.203920636311792,77.3621051321636,-34.4771249255593,192.196874723018,83.3834839491813,100.238573408682
405,"natalia_oliveira_2023",14,"[13] Chetta et al. 2006; [43] Rao et al. 2013; [18] Iwama et al. 2009; [34] Dourado, Vidotto, Guerra 2011; [47] Nusdwinuringtyas et al, 2014; [10] Camarri et al. 2006; [27] Alameri et al. 2009; [54] Almeida et al. 2019; [40] Britto et al. 2013; [32] Soares, Pereira 2011; [45] Kim et al. 2014; [30] Osses et al. 2010; [28] Ben Saad et al. 2009; [04] Troosters, Gosselink & Decramer 1999","-0.3759;-0.3763;-0.1728;-0.1969;0.5969;-0.5087;0.7225;-0.0066;-0.0398;-0.3453;0.3195;-0.156;0.7911;0.7484",443.507246376812,586.842407576165,1689.45185514498,0.308504263750203,143.335161199353,11.1010827698286,270.861079525959,143.335161199353,159.160497950671
406,"natalia_oliveira_2023",23,"[06] Gibbons et al. 2001; [10] Camarri et al. 2006; [34] Dourado, Vidotto, Guerra 2011; [40] Britto et al. 2013; [30] Osses et al. 2010; [27] Alameri et al. 2009; [02] Enright & Sherrill 1998; [07] Enrigth et al. 2003; [13] Chetta et al. 2006; [18] Iwama et al. 2009; [37] Hill et al. 2011; [45] Kim et al. 2014; [43] Rao et al. 2013; [20] Jenkins et al. 2009; [54] Almeida et al. 2019; [28] Ben Saad et al. 2009; [58] Delbressine et al. 2023; [50] Zou et al. 2017; [15] Masmoudi et al. 2008; [32] Soares, Pereira 2011; [48] Fernandes et al. 2016; [47] Nusdwinuringtyas et al, 2014; [26] Jenkins et al. 2009","-0.3134;-0.2143;-0.1517;-0.1583;-0.2703;0.882;0.8122;0.2402;-0.3783;-0.2403;0.4222;0.4752;-0.2851;-0.1068;-0.0268;0.4767;0.0629;-0.2404;-0.0597;-0.318;-0.2834;0.6318;0.0438",438.391304347826,561.900411976108,1273.20735181709,0.150767374969343,123.509107628282,-22.0172604640813,238.648691740303,126.468451508452,144.187984075832
407,"natalia_oliveira_2023",7,"[26] Jenkins et al. 2009; [37] Hill et al. 2011; [40] Britto et al. 2013; [10] Camarri et al. 2006; [27] Alameri et al. 2009; [54] Almeida et al. 2019; [28] Ben Saad et al. 2009","-0.0575;0.2121;-0.0871;-0.3377;0.6672;0.0434;0.5597",452.695652173913,498.145595467918,1631.75988264557,0.276746356733849,45.4499432940053,-77.0964582773403,172.048172876842,60.4732655630228,79.0373074773527
408,"natalia_oliveira_2023",5,"[10] Camarri et al. 2006; [50] Zou et al. 2017; [06] Gibbons et al. 2001; [26] Jenkins et al. 2009; [28] Ben Saad et al. 2009","0.1263;0.3679;0.0635;0.0621;0.3801",435.768115942029,597.395274964645,2132.01023531231,0.142557499390803,161.627159022616,41.5419639290812,276.393125118107,161.627159022616,177.367932509344
409,"natalia_oliveira_2023",18,"[26] Jenkins et al. 2009; [48] Fernandes et al. 2016; [58] Delbressine et al. 2023; [45] Kim et al. 2014; [47] Nusdwinuringtyas et al, 2014; [32] Soares, Pereira 2011; [40] Britto et al. 2013; [07] Enrigth et al. 2003; [13] Chetta et al. 2006; [15] Masmoudi et al. 2008; [10] Camarri et al. 2006; [28] Ben Saad et al. 2009; [43] Rao et al. 2013; [27] Alameri et al. 2009; [50] Zou et al. 2017; [54] Almeida et al. 2019; [30] Osses et al. 2010; [37] Hill et al. 2011","0.091;-0.4435;0.2353;0.402;0.6441;-0.3454;-0.1205;0.407;-0.5293;0.1065;-0.3272;0.7708;-0.4472;0.8905;-0.395;-0.138;-0.2119;0.4108",453.217391304348,630.439925784651,1461.11942781122,0.125605242775809,177.222534480303,46.1141086632509,300.364370380389,177.222534480303,192.572280141118
410,"natalia_oliveira_2023",19,"[48] Fernandes et al. 2016; [32] Soares, Pereira 2011; [54] Almeida et al. 2019; [50] Zou et al. 2017; [10] Camarri et al. 2006; [37] Hill et al. 2011; [47] Nusdwinuringtyas et al, 2014; [26] Jenkins et al. 2009; [18] Iwama et al. 2009; [15] Masmoudi et al. 2008; [02] Enright & Sherrill 1998; [06] Gibbons et al. 2001; [28] Ben Saad et al. 2009; [58] Delbressine et al. 2023; [45] Kim et al. 2014; [27] Alameri et al. 2009; [20] Jenkins et al. 2009; [13] Chetta et al. 2006; [40] Britto et al. 2013","-0.3678;-0.4456;-0.0743;-0.2665;-0.3214;0.4473;0.7927;-0.106;-0.304;-0.0344;0.9964;-0.4477;0.568;0.105;0.5054;0.9551;-0.2469;-0.4803;-0.2752",439.36231884058,490.228318431597,1142.71790986222,0.165280844313335,50.8659995910172,-80.1574645551551,176.25516726534,74.6254551358495,96.202467978895
411,"natalia_oliveira_2023",13,"[48] Fernandes et al. 2016; [10] Camarri et al. 2006; [30] Osses et al. 2010; [45] Kim et al. 2014; [28] Ben Saad et al. 2009; [54] Almeida et al. 2019; [02] Enright & Sherrill 1998; [13] Chetta et al. 2006; [07] Enrigth et al. 2003; [47] Nusdwinuringtyas et al, 2014; [58] Delbressine et al. 2023; [37] Hill et al. 2011; [20] Jenkins et al. 2009","-0.4827;-0.1616;-0.404;0.7804;0.4177;-0.1104;0.7889;-0.5505;0.1229;0.6975;-0.0575;0.2108;-0.2514",463.724637681159,601.312869543431,1796.00347347778,0.201146699518553,137.588231862271,16.7309858218536,284.699565223869,137.588231862271,156.562450231286
412,"natalia_oliveira_2023",2,"[48] Fernandes et al. 2016; [26] Jenkins et al. 2009","0.5;0.5",456.260869565217,541.511367771056,1363.57991062805,0.192882891217071,85.2504982058389,-30.2707389196676,213.36957721473,90.9007783801131,112.259391680579
413,"natalia_oliveira_2023",6,"[13] Chetta et al. 2006; [07] Enrigth et al. 2003; [47] Nusdwinuringtyas et al, 2014; [27] Alameri et al. 2009; [26] Jenkins et al. 2009; [45] Kim et al. 2014","-0.6581;0.8872;0.3322;0.4976;-0.071;0.0121",466.304347826087,470.713399907168,1206.58337999223,0.23764230317047,4.40905208108135,-97.2897276097648,118.292321571203,44.2884644631691,56.4185576220226
414,"natalia_oliveira_2023",22,"[58] Delbressine et al. 2023; [54] Almeida et al. 2019; [04] Troosters, Gosselink & Decramer 1999; [10] Camarri et al. 2006; [43] Rao et al. 2013; [32] Soares, Pereira 2011; [45] Kim et al. 2014; [15] Masmoudi et al. 2008; [50] Zou et al. 2017; [13] Chetta et al. 2006; [06] Gibbons et al. 2001; [40] Britto et al. 2013; [26] Jenkins et al. 2009; [07] Enrigth et al. 2003; [47] Nusdwinuringtyas et al, 2014; [02] Enright & Sherrill 1998; [27] Alameri et al. 2009; [37] Hill et al. 2011; [20] Jenkins et al. 2009; [34] Dourado, Vidotto, Guerra 2011; [48] Fernandes et al. 2016; [30] Osses et al. 2010","0.093;0.0405;0.4919;-0.3139;-0.3454;-0.3095;0.4866;-0.0445;-0.324;-0.4348;-0.318;-0.1043;0.0082;0.2294;0.5805;0.9277;0.9061;0.2566;-0.1303;-0.18;-0.2652;-0.2508",428.231884057971,561.983238413517,1662.8423780702,0.247571433012896,133.751354355546,6.37768724131992,244.648948230823,135.194267555497,151.983386669307
415,"natalia_oliveira_2023",8,"[30] Osses et al. 2010; [34] Dourado, Vidotto, Guerra 2011; [43] Rao et al. 2013; [10] Camarri et al. 2006; [37] Hill et al. 2011; [18] Iwama et al. 2009; [27] Alameri et al. 2009; [45] Kim et al. 2014","0.1154;0.2318;-0.6831;-0.3917;0.9448;-0.5043;0.9936;0.2936",446.028985507246,703.802998195084,956.577969419143,0.0805745479898612,257.774012687838,133.457598806158,384.020654354963,257.774012687838,266.895541790594
416,"natalia_oliveira_2023",14,"[07] Enrigth et al. 2003; [06] Gibbons et al. 2001; [58] Delbressine et al. 2023; [50] Zou et al. 2017; [28] Ben Saad et al. 2009; [02] Enright & Sherrill 1998; [45] Kim et al. 2014; [04] Troosters, Gosselink & Decramer 1999; [48] Fernandes et al. 2016; [26] Jenkins et al. 2009; [40] Britto et al. 2013; [32] Soares, Pereira 2011; [34] Dourado, Vidotto, Guerra 2011; [27] Alameri et al. 2009","0.25;-0.2787;-0.0577;-0.4431;0.4627;0.9935;0.5325;0.1262;-0.2655;-0.2836;-0.1768;-0.5297;-0.4045;1.0748",433.36231884058,443.601776589448,1323.28047359576,0.187547830311535,10.2394577488678,-135.816238982277,133.28285153499,62.997439019295,74.8301758547677
417,"natalia_oliveira_2023",1,"[28] Ben Saad et al. 2009","1",450.260869565217,588.012753623188,4969.70928201193,0.221651743505994,137.751884057971,-19.5204999999999,265.8385,139.515797101449,156.615715075773
418,"natalia_oliveira_2023",14,"[30] Osses et al. 2010; [18] Iwama et al. 2009; [47] Nusdwinuringtyas et al, 2014; [40] Britto et al. 2013; [43] Rao et al. 2013; [50] Zou et al. 2017; [48] Fernandes et al. 2016; [58] Delbressine et al. 2023; [02] Enright & Sherrill 1998; [13] Chetta et al. 2006; [34] Dourado, Vidotto, Guerra 2011; [32] Soares, Pereira 2011; [20] Jenkins et al. 2009; [26] Jenkins et al. 2009","-0.3125;-0.258;1.3999;-0.3762;-0.1076;0.061;-0.3599;0.3156;1.0795;-0.4045;-0.0905;-0.2615;-6e-04;0.3154",436.507246376812,631.683022288105,1712.20436997272,0.194538312339989,195.175775911294,84.0818192316363,310.185339654857,195.175775911294,208.621453155544
419,"natalia_oliveira_2023",15,"[28] Ben Saad et al. 2009; [27] Alameri et al. 2009; [07] Enrigth et al. 2003; [30] Osses et al. 2010; [45] Kim et al. 2014; [32] Soares, Pereira 2011; [58] Delbressine et al. 2023; [04] Troosters, Gosselink & Decramer 1999; [06] Gibbons et al. 2001; [54] Almeida et al. 2019; [47] Nusdwinuringtyas et al, 2014; [13] Chetta et al. 2006; [37] Hill et al. 2011; [50] Zou et al. 2017; [43] Rao et al. 2013","0.0555;0.4318;0.0901;-0.026;0.1707;0.084;0.0722;0.1745;-0.0579;-0.0219;0.2122;-0.0625;0.0817;-0.088;-0.1164",447.144927536232,552.148848706174,581.572564608466,0.0753975288746836,105.003921169943,-9.96216038402758,229.159023470255,106.052579782386,120.447926628081
420,"natalia_oliveira_2023",18,"[20] Jenkins et al. 2009; [06] Gibbons et al. 2001; [47] Nusdwinuringtyas et al, 2014; [18] Iwama et al. 2009; [37] Hill et al. 2011; [26] Jenkins et al. 2009; [15] Masmoudi et al. 2008; [50] Zou et al. 2017; [34] Dourado, Vidotto, Guerra 2011; [43] Rao et al. 2013; [28] Ben Saad et al. 2009; [54] Almeida et al. 2019; [40] Britto et al. 2013; [45] Kim et al. 2014; [10] Camarri et al. 2006; [30] Osses et al. 2010; [13] Chetta et al. 2006; [58] Delbressine et al. 2023","-0.1026;-0.3376;0.6949;-0.2588;0.4239;0.0837;0.1761;-0.2101;-0.1497;-0.2867;0.6497;0.1459;-0.1188;0.7055;-0.1242;-0.2086;-0.3754;0.2927",451.826086956522,658.024940800892,1545.81583007298,0.228479918617923,206.19885384437,73.3755338964389,336.592676783062,206.19885384437,215.605721526739
421,"natalia_oliveira_2023",15,"[30] Osses et al. 2010; [26] Jenkins et al. 2009; [20] Jenkins et al. 2009; [32] Soares, Pereira 2011; [27] Alameri et al. 2009; [50] Zou et al. 2017; [06] Gibbons et al. 2001; [34] Dourado, Vidotto, Guerra 2011; [58] Delbressine et al. 2023; [07] Enrigth et al. 2003; [04] Troosters, Gosselink & Decramer 1999; [43] Rao et al. 2013; [48] Fernandes et al. 2016; [28] Ben Saad et al. 2009; [18] Iwama et al. 2009","-0.1437;-0.1523;-0.1751;-0.3252;1.1526;-0.3887;0.0014;-0.1847;0.2204;0.443;0.2518;-0.3615;-0.0083;0.6311;0.0393",440.695652173913,497.792358598949,1528.65914197749,0.0517235516592397,57.096706425036,-81.2526381697223,191.41369648378,71.2483287765472,91.5037950932233
422,"natalia_oliveira_2023",7,"[18] Iwama et al. 2009; [34] Dourado, Vidotto, Guerra 2011; [26] Jenkins et al. 2009; [48] Fernandes et al. 2016; [02] Enright & Sherrill 1998; [13] Chetta et al. 2006; [47] Nusdwinuringtyas et al, 2014","-0.0701;0.0186;0.2771;-0.0754;0.1937;0.038;0.6181",450.31884057971,577.078283814179,591.073272587139,0.0615259523292331,126.759443234468,35.7062183410299,245.731163827476,126.759443234468,141.381512529131
423,"natalia_oliveira_2023",10,"[32] Soares, Pereira 2011; [10] Camarri et al. 2006; [20] Jenkins et al. 2009; [18] Iwama et al. 2009; [02] Enright & Sherrill 1998; [04] Troosters, Gosselink & Decramer 1999; [43] Rao et al. 2013; [54] Almeida et al. 2019; [15] Masmoudi et al. 2008; [47] Nusdwinuringtyas et al, 2014","-0.2811;0.0894;-0.076;-0.4379;0.4761;0.4907;-0.239;0.1749;-0.1406;0.9435",448.159420289855,655.130281778198,1556.87211835581,0.167850349099353,206.970861488343,78.7125103068882,324.919174460116,206.970861488343,218.578331533743
424,"natalia_oliveira_2023",20,"[27] Alameri et al. 2009; [58] Delbressine et al. 2023; [45] Kim et al. 2014; [07] Enrigth et al. 2003; [26] Jenkins et al. 2009; [47] Nusdwinuringtyas et al, 2014; [02] Enright & Sherrill 1998; [37] Hill et al. 2011; [34] Dourado, Vidotto, Guerra 2011; [18] Iwama et al. 2009; [10] Camarri et al. 2006; [54] Almeida et al. 2019; [32] Soares, Pereira 2011; [04] Troosters, Gosselink & Decramer 1999; [43] Rao et al. 2013; [30] Osses et al. 2010; [50] Zou et al. 2017; [48] Fernandes et al. 2016; [20] Jenkins et al. 2009; [13] Chetta et al. 2006","0.7744;-0.0182;0.4753;0.1613;-0.0507;0.5256;0.8064;0.2684;-0.1934;-0.2045;-0.1582;0.1129;-0.2831;0.4131;-0.254;-0.3206;-0.1921;-0.2655;-0.1757;-0.4214",452.710144927536,589.130376420756,972.415852600457,0.320342145699511,136.42023149322,11.1884548555965,273.055790245798,136.651304309426,152.651777646739
425,"natalia_oliveira_2023",18,"[34] Dourado, Vidotto, Guerra 2011; [40] Britto et al. 2013; [43] Rao et al. 2013; [58] Delbressine et al. 2023; [27] Alameri et al. 2009; [50] Zou et al. 2017; [18] Iwama et al. 2009; [02] Enright & Sherrill 1998; [47] Nusdwinuringtyas et al, 2014; [15] Masmoudi et al. 2008; [10] Camarri et al. 2006; [20] Jenkins et al. 2009; [30] Osses et al. 2010; [48] Fernandes et al. 2016; [04] Troosters, Gosselink & Decramer 1999; [26] Jenkins et al. 2009; [54] Almeida et al. 2019; [06] Gibbons et al. 2001","-0.1575;-0.0541;-0.3451;0.217;0.994;-0.3416;-0.1904;0.6176;0.6374;0.1094;-0.3889;-0.081;-0.1351;-0.2139;0.546;0.0236;-0.0563;-0.181",455.449275362319,513.678178525401,1356.36923033552,0.169193929690232,58.2289031630819,-69.578272686794,152.704273095973,72.0411777695462,85.8530886826173
426,"natalia_oliveira_2023",19,"[02] Enright & Sherrill 1998; [06] Gibbons et al. 2001; [28] Ben Saad et al. 2009; [10] Camarri et al. 2006; [27] Alameri et al. 2009; [07] Enrigth et al. 2003; [58] Delbressine et al. 2023; [34] Dourado, Vidotto, Guerra 2011; [37] Hill et al. 2011; [04] Troosters, Gosselink & Decramer 1999; [30] Osses et al. 2010; [48] Fernandes et al. 2016; [18] Iwama et al. 2009; [43] Rao et al. 2013; [45] Kim et al. 2014; [15] Masmoudi et al. 2008; [20] Jenkins et al. 2009; [50] Zou et al. 2017; [32] Soares, Pereira 2011","0.6253;-0.2409;0.3572;-0.2258;0.9692;0.1775;0.0047;-0.1792;0.3821;0.2396;-0.2822;-0.1516;-0.0858;-0.2749;0.5811;-0.1477;-0.1696;-0.2595;-0.3196",431.869565217391,551.231468929961,1879.28449345897,0.255328113750193,119.36190371257,-29.5542323954171,230.043713945336,122.006443609423,136.519583551823
427,"natalia_oliveira_2023",16,"[10] Camarri et al. 2006; [18] Iwama et al. 2009; [04] Troosters, Gosselink & Decramer 1999; [45] Kim et al. 2014; [13] Chetta et al. 2006; [28] Ben Saad et al. 2009; [20] Jenkins et al. 2009; [37] Hill et al. 2011; [02] Enright & Sherrill 1998; [06] Gibbons et al. 2001; [43] Rao et al. 2013; [07] Enrigth et al. 2003; [26] Jenkins et al. 2009; [47] Nusdwinuringtyas et al, 2014; [40] Britto et al. 2013; [48] Fernandes et al. 2016","-0.1681;-0.1506;0.3563;0.6397;-0.2526;0.2811;-0.065;-0.0785;0.3435;-0.242;-0.1653;0.0373;0.0527;0.6345;-0.0331;-0.1899",440.36231884058,600.968294052578,1322.76408550034,0.161933136085955,160.605975211998,35.3134555820556,292.08162126607,160.605975211998,176.948395816916
428,"natalia_oliveira_2023",11,"[13] Chetta et al. 2006; [30] Osses et al. 2010; [27] Alameri et al. 2009; [50] Zou et al. 2017; [34] Dourado, Vidotto, Guerra 2011; [40] Britto et al. 2013; [18] Iwama et al. 2009; [02] Enright & Sherrill 1998; [43] Rao et al. 2013; [58] Delbressine et al. 2023; [28] Ben Saad et al. 2009","-0.1597;-0.1458;0.8913;-0.1232;-0.2194;0.2273;-0.1111;0.3887;-0.158;0.1188;0.2911",445.188405797101,507.961531078246,1118.12223659072,0.133544590985146,62.7731252811442,-66.6419200216688,171.058662092603,74.0963566159221,91.8985870118084
429,"natalia_oliveira_2023",14,"[40] Britto et al. 2013; [47] Nusdwinuringtyas et al, 2014; [26] Jenkins et al. 2009; [43] Rao et al. 2013; [45] Kim et al. 2014; [50] Zou et al. 2017; [27] Alameri et al. 2009; [48] Fernandes et al. 2016; [06] Gibbons et al. 2001; [04] Troosters, Gosselink & Decramer 1999; [37] Hill et al. 2011; [34] Dourado, Vidotto, Guerra 2011; [02] Enright & Sherrill 1998; [13] Chetta et al. 2006","0.164;0.4356;0.0033;-0.1865;0.1263;-0.189;0.4052;-0.0746;-0.0167;0.0155;0.3063;-0.0904;0.2264;-0.1253",450.449275362319,591.985503627629,400.438267249631,0.00927660630600814,141.53622826531,21.7099705877524,262.753238542768,141.53622826531,157.051272339698
430,"natalia_oliveira_2023",22,"[18] Iwama et al. 2009; [54] Almeida et al. 2019; [07] Enrigth et al. 2003; [32] Soares, Pereira 2011; [30] Osses et al. 2010; [40] Britto et al. 2013; [50] Zou et al. 2017; [13] Chetta et al. 2006; [27] Alameri et al. 2009; [47] Nusdwinuringtyas et al, 2014; [04] Troosters, Gosselink & Decramer 1999; [28] Ben Saad et al. 2009; [26] Jenkins et al. 2009; [45] Kim et al. 2014; [48] Fernandes et al. 2016; [15] Masmoudi et al. 2008; [06] Gibbons et al. 2001; [58] Delbressine et al. 2023; [10] Camarri et al. 2006; [43] Rao et al. 2013; [34] Dourado, Vidotto, Guerra 2011; [02] Enright & Sherrill 1998","-0.1277;-0.0131;0.2256;-0.3189;-0.2691;-0.1354;-0.2209;-0.3125;0.7859;0.6511;0.3952;0.453;-0.1066;0.4163;-0.171;-0.078;-0.2169;0.0598;-0.3083;-0.2442;-0.2364;0.7725",452.971014492754,509.103267849004,1245.63248077903,0.215568563230557,56.1322533562505,-43.6762601424474,178.161292840781,65.2257711639729,85.455754837644
431,"natalia_oliveira_2023",9,"[30] Osses et al. 2010; [13] Chetta et al. 2006; [40] Britto et al. 2013; [45] Kim et al. 2014; [34] Dourado, Vidotto, Guerra 2011; [47] Nusdwinuringtyas et al, 2014; [26] Jenkins et al. 2009; [06] Gibbons et al. 2001; [07] Enrigth et al. 2003","-0.0665;-0.7525;0.0194;0.1758;-0.1379;0.8986;0.1592;-0.5247;1.2285",430.347826086957,458.629113112303,1747.8320856006,0.169780711604218,28.2812870253464,-114.471484204569,139.658532109036,61.1026671095951,75.5854616588788
432,"natalia_oliveira_2023",14,"[40] Britto et al. 2013; [27] Alameri et al. 2009; [28] Ben Saad et al. 2009; [06] Gibbons et al. 2001; [43] Rao et al. 2013; [45] Kim et al. 2014; [58] Delbressine et al. 2023; [10] Camarri et al. 2006; [30] Osses et al. 2010; [54] Almeida et al. 2019; [37] Hill et al. 2011; [02] Enright & Sherrill 1998; [50] Zou et al. 2017; [13] Chetta et al. 2006","-0.1832;1.0766;0.3996;-0.1904;-0.3798;0.5383;-0.0016;-0.3411;-0.3802;-0.0728;0.5443;0.717;-0.3492;-0.3776",431.739130434783,549.976846268025,1255.3629409332,0.0880382676202289,118.237715833243,-26.0786320752464,234.257025682231,120.669665495769,140.289523351523
433,"natalia_oliveira_2023",19,"[32] Soares, Pereira 2011; [48] Fernandes et al. 2016; [27] Alameri et al. 2009; [43] Rao et al. 2013; [45] Kim et al. 2014; [26] Jenkins et al. 2009; [34] Dourado, Vidotto, Guerra 2011; [13] Chetta et al. 2006; [40] Britto et al. 2013; [30] Osses et al. 2010; [18] Iwama et al. 2009; [50] Zou et al. 2017; [02] Enright & Sherrill 1998; [15] Masmoudi et al. 2008; [07] Enrigth et al. 2003; [37] Hill et al. 2011; [04] Troosters, Gosselink & Decramer 1999; [47] Nusdwinuringtyas et al, 2014; [58] Delbressine et al. 2023","-0.2375;-0.1795;0.5414;-0.1813;0.3789;0.0094;-0.1136;-0.3709;-0.0356;-0.2848;-0.1145;-0.1427;0.7475;-0.1656;0.159;0.3428;0.2585;0.4179;-0.0293",476.840579710145,628.403217213234,1537.52712082071,0.377781209133188,151.562637503089,43.992341919918,295.031332059,151.562637503089,165.548226060492
434,"natalia_oliveira_2023",24,"[37] Hill et al. 2011; [28] Ben Saad et al. 2009; [34] Dourado, Vidotto, Guerra 2011; [48] Fernandes et al. 2016; [26] Jenkins et al. 2009; [45] Kim et al. 2014; [50] Zou et al. 2017; [13] Chetta et al. 2006; [54] Almeida et al. 2019; [40] Britto et al. 2013; [30] Osses et al. 2010; [32] Soares, Pereira 2011; [18] Iwama et al. 2009; [02] Enright & Sherrill 1998; [20] Jenkins et al. 2009; [27] Alameri et al. 2009; [58] Delbressine et al. 2023; [04] Troosters, Gosselink & Decramer 1999; [06] Gibbons et al. 2001; [47] Nusdwinuringtyas et al, 2014; [10] Camarri et al. 2006; [43] Rao et al. 2013; [15] Masmoudi et al. 2008; [07] Enrigth et al. 2003","0.4065;0.4065;-0.1897;-0.2296;0.0272;0.4732;-0.2056;-0.3758;0.1077;-0.1615;-0.3655;-0.3558;-0.1835;0.8192;-0.1657;0.8467;-0.0671;0.3679;-0.2789;0.6349;-0.1854;-0.2657;-0.1812;0.1212",437.652173913043,577.272918904997,808.193420539957,0.178436849205694,139.620744991954,8.50928290880655,273.725682968702,139.694591679555,157.240616439596
435,"natalia_oliveira_2023",10,"[07] Enrigth et al. 2003; [40] Britto et al. 2013; [34] Dourado, Vidotto, Guerra 2011; [27] Alameri et al. 2009; [54] Almeida et al. 2019; [10] Camarri et al. 2006; [45] Kim et al. 2014; [28] Ben Saad et al. 2009; [15] Masmoudi et al. 2008; [13] Chetta et al. 2006","0.4387;-0.0761;-0.2862;0.9054;-0.0651;-0.5584;0.3779;0.9258;-0.0318;-0.6302",449.449275362319,416.833476985323,1185.5147099625,0.171615055035983,-32.6157983769956,-156.599286202114,107.506385218791,65.8359057415721,76.3720933675934
436,"natalia_oliveira_2023",12,"[26] Jenkins et al. 2009; [45] Kim et al. 2014; [48] Fernandes et al. 2016; [32] Soares, Pereira 2011; [43] Rao et al. 2013; [27] Alameri et al. 2009; [10] Camarri et al. 2006; [13] Chetta et al. 2006; [34] Dourado, Vidotto, Guerra 2011; [47] Nusdwinuringtyas et al, 2014; [54] Almeida et al. 2019; [28] Ben Saad et al. 2009","0.0948;0.2713;-0.2511;-0.171;-0.3551;0.7081;-0.3925;-0.233;-0.1135;0.5216;-0.3229;1.2433",443.724637681159,550.128106767039,1051.07223974591,0.115430484223267,106.40346908588,-27.8966850786143,238.721470143665,109.441865989749,127.514238723167
437,"natalia_oliveira_2023",11,"[13] Chetta et al. 2006; [58] Delbressine et al. 2023; [15] Masmoudi et al. 2008; [06] Gibbons et al. 2001; [26] Jenkins et al. 2009; [45] Kim et al. 2014; [10] Camarri et al. 2006; [27] Alameri et al. 2009; [37] Hill et al. 2011; [50] Zou et al. 2017; [02] Enright & Sherrill 1998","-0.4237;0.0329;-0.127;-0.4228;-0.2406;0.4984;-0.32;0.8408;0.4779;-0.1829;0.867",455.144927536232,473.79262649137,1176.74865330459,0.133583876885366,18.6476989551382,-110.046582331157,152.006847816727,56.2156178719596,73.3131431788903
438,"natalia_oliveira_2023",18,"[45] Kim et al. 2014; [10] Camarri et al. 2006; [06] Gibbons et al. 2001; [13] Chetta et al. 2006; [07] Enrigth et al. 2003; [47] Nusdwinuringtyas et al, 2014; [34] Dourado, Vidotto, Guerra 2011; [50] Zou et al. 2017; [30] Osses et al. 2010; [26] Jenkins et al. 2009; [54] Almeida et al. 2019; [02] Enright & Sherrill 1998; [43] Rao et al. 2013; [32] Soares, Pereira 2011; [28] Ben Saad et al. 2009; [48] Fernandes et al. 2016; [04] Troosters, Gosselink & Decramer 1999; [58] Delbressine et al. 2023","0.6883;-0.2092;-0.297;-0.3599;0.1333;0.9648;-0.199;-0.1696;-0.2839;0.0255;-0.0458;0.6512;-0.2267;-0.3039;0.4088;-0.2109;0.4108;0.0235",459.579710144928,602.136405401002,1702.02550639911,0.13259603873606,142.556695256075,17.1620025637192,286.780147371181,142.556695256075,158.190034182151
439,"natalia_oliveira_2023",16,"[13] Chetta et al. 2006; [47] Nusdwinuringtyas et al, 2014; [02] Enright & Sherrill 1998; [32] Soares, Pereira 2011; [40] Britto et al. 2013; [15] Masmoudi et al. 2008; [48] Fernandes et al. 2016; [28] Ben Saad et al. 2009; [06] Gibbons et al. 2001; [27] Alameri et al. 2009; [58] Delbressine et al. 2023; [20] Jenkins et al. 2009; [04] Troosters, Gosselink & Decramer 1999; [37] Hill et al. 2011; [45] Kim et al. 2014; [30] Osses et al. 2010","-0.4258;0.5769;0.6884;-0.3731;-0.1256;-0.1029;-0.2008;0.4103;-0.2819;0.5439;0.0317;-0.2523;0.3318;0.2581;0.2138;-0.2925",450.333333333333,560.471887244454,1865.25835623329,0.295074082929865,110.13855391112,-3.74352266103641,227.03691439148,111.427380528962,125.11034648988
440,"natalia_oliveira_2023",11,"[45] Kim et al. 2014; [54] Almeida et al. 2019; [58] Delbressine et al. 2023; [27] Alameri et al. 2009; [04] Troosters, Gosselink & Decramer 1999; [34] Dourado, Vidotto, Guerra 2011; [40] Britto et al. 2013; [37] Hill et al. 2011; [02] Enright & Sherrill 1998; [15] Masmoudi et al. 2008; [26] Jenkins et al. 2009","0.2147;0.0499;-0.2519;0.6428;0.4514;-0.3993;-0.1823;-0.0258;1.068;-0.3881;-0.1794",444.710144927536,518.201232037136,2017.38996880304,0.318224665047006,73.4910871095996,-24.1302596214386,204.339483928859,77.6511196146215,100.772171318793
441,"natalia_oliveira_2023",20,"[47] Nusdwinuringtyas et al, 2014; [43] Rao et al. 2013; [02] Enright & Sherrill 1998; [27] Alameri et al. 2009; [06] Gibbons et al. 2001; [13] Chetta et al. 2006; [26] Jenkins et al. 2009; [30] Osses et al. 2010; [48] Fernandes et al. 2016; [10] Camarri et al. 2006; [45] Kim et al. 2014; [34] Dourado, Vidotto, Guerra 2011; [37] Hill et al. 2011; [07] Enrigth et al. 2003; [54] Almeida et al. 2019; [28] Ben Saad et al. 2009; [58] Delbressine et al. 2023; [15] Masmoudi et al. 2008; [40] Britto et al. 2013; [04] Troosters, Gosselink & Decramer 1999","0.6546;-0.3791;0.8909;0.8668;-0.3905;-0.4994;-0.162;-0.3448;-0.3246;-0.3554;0.4457;-0.2897;0.3004;0.1536;-0.0568;0.4974;-0.015;-0.1675;-0.1213;0.2966",433.95652173913,540.912121556496,1603.9245604306,0.181485491775022,106.955599817365,-7.03342813896525,234.814719416581,109.270733177424,131.813086531156
442,"natalia_oliveira_2023",19,"[34] Dourado, Vidotto, Guerra 2011; [47] Nusdwinuringtyas et al, 2014; [15] Masmoudi et al. 2008; [06] Gibbons et al. 2001; [48] Fernandes et al. 2016; [40] Britto et al. 2013; [10] Camarri et al. 2006; [37] Hill et al. 2011; [13] Chetta et al. 2006; [30] Osses et al. 2010; [04] Troosters, Gosselink & Decramer 1999; [26] Jenkins et al. 2009; [43] Rao et al. 2013; [18] Iwama et al. 2009; [58] Delbressine et al. 2023; [27] Alameri et al. 2009; [07] Enrigth et al. 2003; [28] Ben Saad et al. 2009; [54] Almeida et al. 2019","-0.1931;0.8503;-0.1199;-0.3569;-0.2709;-0.0723;-0.3897;0.4589;-0.4717;-0.3261;0.4672;-0.0556;-0.3658;-0.2058;0.049;0.9017;0.2569;0.7112;0.1325",444.971014492754,578.985298000625,1154.20578246865,0.159770523675557,134.014283507872,5.51019738250261,278.288200201557,134.263932380189,156.504482878578
443,"natalia_oliveira_2023",8,"[10] Camarri et al. 2006; [20] Jenkins et al. 2009; [40] Britto et al. 2013; [48] Fernandes et al. 2016; [27] Alameri et al. 2009; [02] Enright & Sherrill 1998; [50] Zou et al. 2017; [54] Almeida et al. 2019","-0.3126;-0.1852;0.0112;-0.1784;1.0993;0.89;-0.2738;-0.0505",456.188405797101,419.762421421747,1292.71818566842,0.0940864261344525,-36.4259843753545,-162.81239409323,107.116329964235,76.0602769461291,86.2850602554752
444,"natalia_oliveira_2023",24,"[28] Ben Saad et al. 2009; [06] Gibbons et al. 2001; [45] Kim et al. 2014; [47] Nusdwinuringtyas et al, 2014; [20] Jenkins et al. 2009; [30] Osses et al. 2010; [15] Masmoudi et al. 2008; [32] Soares, Pereira 2011; [43] Rao et al. 2013; [48] Fernandes et al. 2016; [37] Hill et al. 2011; [18] Iwama et al. 2009; [27] Alameri et al. 2009; [58] Delbressine et al. 2023; [10] Camarri et al. 2006; [04] Troosters, Gosselink & Decramer 1999; [02] Enright & Sherrill 1998; [26] Jenkins et al. 2009; [07] Enrigth et al. 2003; [13] Chetta et al. 2006; [50] Zou et al. 2017; [34] Dourado, Vidotto, Guerra 2011; [40] Britto et al. 2013; [54] Almeida et al. 2019","0.3981;-0.2939;0.4407;0.5812;-0.2015;-0.3614;-0.1593;-0.2715;-0.1949;-0.12;0.235;-0.0444;0.66;-0.0403;-0.1609;0.5139;0.7339;-0.0597;0.1501;-0.381;-0.1774;-0.1904;-0.2136;0.1572",422.521739130435,565.052432134397,2053.92344038756,0.412493987891447,142.530693003962,0.739833008578561,247.378048876993,143.340656046233,159.724974385979
445,"natalia_oliveira_2023",22,"[34] Dourado, Vidotto, Guerra 2011; [32] Soares, Pereira 2011; [48] Fernandes et al. 2016; [20] Jenkins et al. 2009; [54] Almeida et al. 2019; [15] Masmoudi et al. 2008; [26] Jenkins et al. 2009; [30] Osses et al. 2010; [28] Ben Saad et al. 2009; [18] Iwama et al. 2009; [10] Camarri et al. 2006; [40] Britto et al. 2013; [47] Nusdwinuringtyas et al, 2014; [43] Rao et al. 2013; [27] Alameri et al. 2009; [04] Troosters, Gosselink & Decramer 1999; [02] Enright & Sherrill 1998; [13] Chetta et al. 2006; [07] Enrigth et al. 2003; [06] Gibbons et al. 2001; [50] Zou et al. 2017; [58] Delbressine et al. 2023","-0.2584;-0.3677;-0.2183;-0.2215;0.1688;-0.1302;-0.0551;-0.4002;0.4152;-0.1566;-0.2249;-0.2246;0.8755;-0.239;1.0743;0.5225;0.8442;-0.3542;0.3578;-0.2777;-0.1869;0.057",426.63768115942,470.907283839504,1037.26966294292,0.210017161694761,44.2696026800838,-44.1206799317088,162.964813896742,65.4012682578849,85.1032808175956
446,"natalia_oliveira_2023",12,"[04] Troosters, Gosselink & Decramer 1999; [50] Zou et al. 2017; [26] Jenkins et al. 2009; [45] Kim et al. 2014; [02] Enright & Sherrill 1998; [07] Enrigth et al. 2003; [27] Alameri et al. 2009; [34] Dourado, Vidotto, Guerra 2011; [58] Delbressine et al. 2023; [06] Gibbons et al. 2001; [15] Masmoudi et al. 2008; [13] Chetta et al. 2006","0.2802;-0.2696;-0.3578;0.4972;1.1159;0.198;0.9196;-0.4451;-0.0106;-0.3021;-0.2158;-0.4099",448.36231884058,439.695771160377,1520.21418219288,0.232929175849772,-8.666547680203,-99.3391317976609,128.126957257824,59.2130610511249,71.7307853706019
447,"natalia_oliveira_2023",15,"[47] Nusdwinuringtyas et al, 2014; [10] Camarri et al. 2006; [40] Britto et al. 2013; [50] Zou et al. 2017; [28] Ben Saad et al. 2009; [07] Enrigth et al. 2003; [37] Hill et al. 2011; [43] Rao et al. 2013; [32] Soares, Pereira 2011; [58] Delbressine et al. 2023; [27] Alameri et al. 2009; [18] Iwama et al. 2009; [20] Jenkins et al. 2009; [54] Almeida et al. 2019; [13] Chetta et al. 2006","0.5383;-0.2535;-0.1067;-0.2856;0.6504;0.3066;0.3899;-0.3898;-0.1893;0.1646;1.0238;-0.4257;0.0077;0.0087;-0.4393",438.144927536232,567.94570690093,956.061690279595,0.0768311480279531,129.800779364698,38.0479490445366,251.526070290374,130.065997127996,145.982663150256
448,"natalia_oliveira_2023",12,"[18] Iwama et al. 2009; [26] Jenkins et al. 2009; [48] Fernandes et al. 2016; [07] Enrigth et al. 2003; [28] Ben Saad et al. 2009; [34] Dourado, Vidotto, Guerra 2011; [43] Rao et al. 2013; [06] Gibbons et al. 2001; [20] Jenkins et al. 2009; [58] Delbressine et al. 2023; [10] Camarri et al. 2006; [02] Enright & Sherrill 1998","0.3365;0.0366;0.1058;0.0585;0.1944;-0.2314;0.2983;-0.3863;-0.3001;-0.2875;0.4642;0.7112",448.507246376812,464.487901313467,2813.99950350343,0.238788194095749,15.9806549366557,-125.294417750047,142.68049924551,59.2427979724235,73.9125715791519
449,"natalia_oliveira_2023",9,"[32] Soares, Pereira 2011; [20] Jenkins et al. 2009; [13] Chetta et al. 2006; [40] Britto et al. 2013; [45] Kim et al. 2014; [50] Zou et al. 2017; [47] Nusdwinuringtyas et al, 2014; [37] Hill et al. 2011; [30] Osses et al. 2010","0.1137;0.3817;-0.5123;0.0973;0.4224;-0.3088;0.2909;0.4137;0.1014",441.811594202899,661.036741721704,1583.4981569683,0.351541694559949,219.225147518806,120.48333824139,336.957509615004,219.225147518806,228.733757950221
450,"natalia_oliveira_2023",22,"[40] Britto et al. 2013; [30] Osses et al. 2010; [06] Gibbons et al. 2001; [54] Almeida et al. 2019; [47] Nusdwinuringtyas et al, 2014; [20] Jenkins et al. 2009; [04] Troosters, Gosselink & Decramer 1999; [27] Alameri et al. 2009; [10] Camarri et al. 2006; [34] Dourado, Vidotto, Guerra 2011; [43] Rao et al. 2013; [28] Ben Saad et al. 2009; [50] Zou et al. 2017; [13] Chetta et al. 2006; [26] Jenkins et al. 2009; [32] Soares, Pereira 2011; [02] Enright & Sherrill 1998; [07] Enrigth et al. 2003; [15] Masmoudi et al. 2008; [45] Kim et al. 2014; [37] Hill et al. 2011; [18] Iwama et al. 2009","-0.0945;-0.2137;-0.3212;0.0417;0.5677;-0.1437;0.3425;0.8833;-0.312;-0.1773;-0.3541;0.4303;-0.3041;-0.4083;-0.0543;-0.2378;0.6223;0.2433;-0.0155;0.4766;0.3227;-0.2941",442.333333333333,537.259523832371,1484.83698090926,0.151866763269008,94.9261904990376,-3.09452234103773,215.07110532375,96.7491073094045,115.343806141936
451,"natalia_oliveira_2023",10,"[02] Enright & Sherrill 1998; [04] Troosters, Gosselink & Decramer 1999; [27] Alameri et al. 2009; [40] Britto et al. 2013; [07] Enrigth et al. 2003; [58] Delbressine et al. 2023; [47] Nusdwinuringtyas et al, 2014; [43] Rao et al. 2013; [48] Fernandes et al. 2016; [54] Almeida et al. 2019","1.0523;0.0945;0.8335;-0.2974;0.1375;-0.135;0.6356;-0.6335;-0.4435;-0.244",441.246376811594,606.913349161382,1220.28092943904,0.165479483460137,165.666972349788,46.2690505295864,282.438441852987,165.666972349788,179.910744239461
452,"natalia_oliveira_2023",2,"[50] Zou et al. 2017; [58] Delbressine et al. 2023","0.5;0.5",452.579710144928,576.298217391304,2177.77987781969,0.256852789342096,123.718507246377,1.93619999999988,257.0267,124.341246376812,142.930975086892
453,"natalia_oliveira_2023",19,"[32] Soares, Pereira 2011; [27] Alameri et al. 2009; [37] Hill et al. 2011; [28] Ben Saad et al. 2009; [13] Chetta et al. 2006; [54] Almeida et al. 2019; [43] Rao et al. 2013; [58] Delbressine et al. 2023; [50] Zou et al. 2017; [04] Troosters, Gosselink & Decramer 1999; [18] Iwama et al. 2009; [10] Camarri et al. 2006; [26] Jenkins et al. 2009; [07] Enrigth et al. 2003; [45] Kim et al. 2014; [02] Enright & Sherrill 1998; [34] Dourado, Vidotto, Guerra 2011; [40] Britto et al. 2013; [30] Osses et al. 2010","-0.3933;1.1526;0.454;0.3988;-0.5034;0.0653;-0.339;-0.0176;-0.2762;0.2335;-0.2141;-0.2861;-0.2139;0.1896;0.6855;0.7582;-0.2534;-0.1201;-0.3205",442.710144927536,564.12846708943,1458.40947285295,0.172565869973836,121.418322161894,-2.11693180875536,235.434410242699,122.442650589749,140.701308969251
454,"natalia_oliveira_2023",18,"[18] Iwama et al. 2009; [06] Gibbons et al. 2001; [37] Hill et al. 2011; [10] Camarri et al. 2006; [27] Alameri et al. 2009; [30] Osses et al. 2010; [04] Troosters, Gosselink & Decramer 1999; [45] Kim et al. 2014; [26] Jenkins et al. 2009; [02] Enright & Sherrill 1998; [54] Almeida et al. 2019; [32] Soares, Pereira 2011; [15] Masmoudi et al. 2008; [43] Rao et al. 2013; [20] Jenkins et al. 2009; [48] Fernandes et al. 2016; [50] Zou et al. 2017; [34] Dourado, Vidotto, Guerra 2011","-0.0723;-0.1948;0.4223;-0.3358;0.9528;-0.1954;0.4216;0.5146;-0.0562;0.6849;0.1453;-0.2659;0.0021;-0.2994;-0.1397;-0.1318;-0.3011;-0.1513",441.927536231884,574.3776023452,1705.01317141202,0.224826920405992,132.450066113316,39.4289506467333,262.351590220421,132.450066113316,145.565577747842
455,"natalia_oliveira_2023",12,"[48] Fernandes et al. 2016; [20] Jenkins et al. 2009; [04] Troosters, Gosselink & Decramer 1999; [43] Rao et al. 2013; [10] Camarri et al. 2006; [30] Osses et al. 2010; [06] Gibbons et al. 2001; [45] Kim et al. 2014; [50] Zou et al. 2017; [13] Chetta et al. 2006; [15] Masmoudi et al. 2008; [28] Ben Saad et al. 2009","0.0875;-0.2904;0.481;-0.1439;-0.4695;-0.3034;0.0098;1.2275;-0.1513;-0.2564;-0.0485;0.8575",433.68115942029,589.176469516416,2136.96848333329,0.169723776873316,155.495310096126,8.15753660754078,276.539196876943,155.495310096126,171.307477036058
456,"natalia_oliveira_2023",4,"[13] Chetta et al. 2006; [37] Hill et al. 2011; [40] Britto et al. 2013; [27] Alameri et al. 2009","-0.7798;0.9159;0.0575;0.8064",453.666666666667,615.672937488226,943.485758973033,0.210559758665267,162.006270821559,30.2275722830776,292.144229841481,162.006270821559,175.517502973772
457,"natalia_oliveira_2023",20,"[28] Ben Saad et al. 2009; [45] Kim et al. 2014; [50] Zou et al. 2017; [02] Enright & Sherrill 1998; [04] Troosters, Gosselink & Decramer 1999; [15] Masmoudi et al. 2008; [13] Chetta et al. 2006; [07] Enrigth et al. 2003; [58] Delbressine et al. 2023; [18] Iwama et al. 2009; [20] Jenkins et al. 2009; [47] Nusdwinuringtyas et al, 2014; [54] Almeida et al. 2019; [27] Alameri et al. 2009; [48] Fernandes et al. 2016; [30] Osses et al. 2010; [34] Dourado, Vidotto, Guerra 2011; [32] Soares, Pereira 2011; [40] Britto et al. 2013; [10] Camarri et al. 2006","0.269;0.2063;-0.3367;0.3801;0.2234;0.0384;-0.2355;0.2329;0.1334;-0.1529;-0.0931;0.5424;0.0239;0.6532;-0.1616;-0.1049;-0.1032;-0.0767;-0.1672;-0.2712",451.507246376812,489.268184382389,938.925746232619,0.0505590703348783,37.7609380055773,-59.1515067317194,170.631349041055,56.3914631639959,74.8485537107114
458,"natalia_oliveira_2023",13,"[37] Hill et al. 2011; [27] Alameri et al. 2009; [34] Dourado, Vidotto, Guerra 2011; [50] Zou et al. 2017; [45] Kim et al. 2014; [02] Enright & Sherrill 1998; [43] Rao et al. 2013; [20] Jenkins et al. 2009; [10] Camarri et al. 2006; [40] Britto et al. 2013; [30] Osses et al. 2010; [13] Chetta et al. 2006; [32] Soares, Pereira 2011","0.2527;0.7827;-0.0955;-0.1664;0.494;0.9407;-0.2685;-0.0073;-0.0898;-0.1281;-0.1233;-0.3994;-0.1919",464.95652173913,571.113265382934,1491.9603287981,0.3215836564142,106.156743643803,-6.23372160157195,222.353972597305,107.005948294904,120.61776246159
459,"natalia_oliveira_2023",13,"[34] Dourado, Vidotto, Guerra 2011; [28] Ben Saad et al. 2009; [10] Camarri et al. 2006; [02] Enright & Sherrill 1998; [27] Alameri et al. 2009; [30] Osses et al. 2010; [50] Zou et al. 2017; [45] Kim et al. 2014; [26] Jenkins et al. 2009; [20] Jenkins et al. 2009; [18] Iwama et al. 2009; [13] Chetta et al. 2006; [15] Masmoudi et al. 2008","-0.1163;0.4047;-0.3159;0.492;0.7767;-0.098;-0.2204;0.3914;0.0346;-0.0672;-0.1582;-0.2378;0.1145",457.188405797101,467.787184430216,1361.3016436471,0.176351966353859,10.5987786331144,-100.810476852372,130.763850014108,48.8603844585527,62.3272877781115
460,"natalia_oliveira_2023",13,"[48] Fernandes et al. 2016; [28] Ben Saad et al. 2009; [43] Rao et al. 2013; [07] Enrigth et al. 2003; [10] Camarri et al. 2006; [40] Britto et al. 2013; [30] Osses et al. 2010; [50] Zou et al. 2017; [02] Enright & Sherrill 1998; [27] Alameri et al. 2009; [04] Troosters, Gosselink & Decramer 1999; [13] Chetta et al. 2006; [20] Jenkins et al. 2009","0.0702;0.253;-0.1452;0.4016;-0.376;-0.1284;-0.3267;-0.164;0.504;1.1978;0.339;-0.2291;-0.3961",436.115942028986,402.620681547848,2115.36678781522,0.226983913403366,-33.4952604811378,-145.340002076637,85.4764553596613,67.9284232965398,77.7593699024915
461,"natalia_oliveira_2023",18,"[02] Enright & Sherrill 1998; [07] Enrigth et al. 2003; [28] Ben Saad et al. 2009; [27] Alameri et al. 2009; [26] Jenkins et al. 2009; [04] Troosters, Gosselink & Decramer 1999; [45] Kim et al. 2014; [30] Osses et al. 2010; [50] Zou et al. 2017; [47] Nusdwinuringtyas et al, 2014; [40] Britto et al. 2013; [58] Delbressine et al. 2023; [34] Dourado, Vidotto, Guerra 2011; [54] Almeida et al. 2019; [48] Fernandes et al. 2016; [06] Gibbons et al. 2001; [32] Soares, Pereira 2011; [15] Masmoudi et al. 2008","0.838;0.1741;0.489;0.6727;-0.1528;0.3132;0.3004;-0.3024;-0.386;0.6115;-0.1516;0.0143;-0.2548;-0.0215;-0.2732;-0.3413;-0.3965;-0.133",443.95652173913,492.404211537272,1660.15254073654,0.228038352044036,48.4476897981419,-59.3513070064031,172.720005584152,64.6756197568905,81.6677820227947
462,"natalia_oliveira_2023",10,"[27] Alameri et al. 2009; [13] Chetta et al. 2006; [47] Nusdwinuringtyas et al, 2014; [32] Soares, Pereira 2011; [48] Fernandes et al. 2016; [26] Jenkins et al. 2009; [50] Zou et al. 2017; [18] Iwama et al. 2009; [34] Dourado, Vidotto, Guerra 2011; [04] Troosters, Gosselink & Decramer 1999","0.2336;0.0194;0.584;-0.2013;0.1064;-0.0394;-0.3527;0.0649;-0.0011;0.5862",444.31884057971,552.533336413242,727.090879435548,0.0501693262810423,108.214495833532,-11.8691090889596,228.14810305845,111.230477461288,127.906891573655
463,"natalia_oliveira_2023",11,"[06] Gibbons et al. 2001; [43] Rao et al. 2013; [28] Ben Saad et al. 2009; [34] Dourado, Vidotto, Guerra 2011; [32] Soares, Pereira 2011; [13] Chetta et al. 2006; [54] Almeida et al. 2019; [58] Delbressine et al. 2023; [02] Enright & Sherrill 1998; [37] Hill et al. 2011; [40] Britto et al. 2013","-0.0212;0.3325;0.0215;0.0507;0.0493;0.0596;0.3811;0.0402;0.0266;0.1615;-0.1018",442.188405797101,542.641605851031,1124.18442893263,0.0577480028691187,100.45320005393,-22.7869189370842,232.141055560434,103.987089315073,123.153706469934
464,"natalia_oliveira_2023",12,"[54] Almeida et al. 2019; [02] Enright & Sherrill 1998; [30] Osses et al. 2010; [50] Zou et al. 2017; [20] Jenkins et al. 2009; [37] Hill et al. 2011; [40] Britto et al. 2013; [13] Chetta et al. 2006; [45] Kim et al. 2014; [58] Delbressine et al. 2023; [48] Fernandes et al. 2016; [10] Camarri et al. 2006","0.1171;0.2996;-0.0119;-0.0294;0.1057;0.0266;-0.035;-0.1608;0.6826;0.1304;-0.114;-0.011",449.913043478261,618.335120871733,1289.55114886488,0.185923432457646,168.422077393472,75.8705142548048,302.343438154061,168.422077393472,180.294493390504
465,"natalia_oliveira_2023",16,"[50] Zou et al. 2017; [48] Fernandes et al. 2016; [28] Ben Saad et al. 2009; [27] Alameri et al. 2009; [26] Jenkins et al. 2009; [10] Camarri et al. 2006; [20] Jenkins et al. 2009; [45] Kim et al. 2014; [47] Nusdwinuringtyas et al, 2014; [02] Enright & Sherrill 1998; [54] Almeida et al. 2019; [30] Osses et al. 2010; [58] Delbressine et al. 2023; [43] Rao et al. 2013; [04] Troosters, Gosselink & Decramer 1999; [15] Masmoudi et al. 2008","-0.2605;-0.3742;0.3816;0.7875;-0.1597;-0.2185;-0.2848;0.4403;0.4674;0.786;-0.0785;-0.3901;0.0134;-0.3305;0.3721;-0.1515",458.202898550725,544.53582413963,1000.73535521388,0.251665149537389,86.3329255889056,-50.9738787096471,232.46779233351,93.0193745623891,111.154270395008
466,"natalia_oliveira_2023",20,"[54] Almeida et al. 2019; [18] Iwama et al. 2009; [15] Masmoudi et al. 2008; [43] Rao et al. 2013; [58] Delbressine et al. 2023; [06] Gibbons et al. 2001; [13] Chetta et al. 2006; [47] Nusdwinuringtyas et al, 2014; [32] Soares, Pereira 2011; [07] Enrigth et al. 2003; [30] Osses et al. 2010; [26] Jenkins et al. 2009; [02] Enright & Sherrill 1998; [10] Camarri et al. 2006; [28] Ben Saad et al. 2009; [34] Dourado, Vidotto, Guerra 2011; [40] Britto et al. 2013; [50] Zou et al. 2017; [48] Fernandes et al. 2016; [20] Jenkins et al. 2009","0.0067;-0.1855;0.1773;-0.0152;0.1902;-0.3534;-0.2555;1.0401;-0.2168;0.2824;-0.1897;0.1827;0.3224;0.1387;0.2889;-0.0722;-0.1801;0.1241;-0.2606;-0.0246",439.840579710145,572.865219202032,1734.25433752057,0.230871456936885,133.024639491887,4.45021685786718,247.463893056671,133.891077303695,147.752501195186
467,"natalia_oliveira_2023",16,"[27] Alameri et al. 2009; [37] Hill et al. 2011; [30] Osses et al. 2010; [32] Soares, Pereira 2011; [18] Iwama et al. 2009; [07] Enrigth et al. 2003; [20] Jenkins et al. 2009; [47] Nusdwinuringtyas et al, 2014; [10] Camarri et al. 2006; [50] Zou et al. 2017; [04] Troosters, Gosselink & Decramer 1999; [13] Chetta et al. 2006; [06] Gibbons et al. 2001; [58] Delbressine et al. 2023; [26] Jenkins et al. 2009; [43] Rao et al. 2013","0.8947;0.4074;-0.0961;-0.2728;-0.1363;0.3836;-0.0258;0.7837;-0.3314;-0.3367;0.6005;-0.4866;-0.3137;0.2355;0.0509;-0.3568",437.36231884058,561.66536087445,1134.51143810522,0.223378891928599,124.303042033871,-6.08756760219077,263.222365508794,125.735009334986,142.741570122177
468,"natalia_oliveira_2023",18,"[06] Gibbons et al. 2001; [13] Chetta et al. 2006; [15] Masmoudi et al. 2008; [18] Iwama et al. 2009; [10] Camarri et al. 2006; [04] Troosters, Gosselink & Decramer 1999; [37] Hill et al. 2011; [27] Alameri et al. 2009; [30] Osses et al. 2010; [58] Delbressine et al. 2023; [47] Nusdwinuringtyas et al, 2014; [20] Jenkins et al. 2009; [45] Kim et al. 2014; [28] Ben Saad et al. 2009; [54] Almeida et al. 2019; [50] Zou et al. 2017; [40] Britto et al. 2013; [02] Enright & Sherrill 1998","-0.3671;-0.4478;-0.1595;-0.2719;-0.378;0.3491;0.2766;0.8518;-0.358;0.0145;0.5023;-0.3038;0.4818;0.4889;-0.042;-0.2907;-0.1752;0.8289",453.840579710145,468.792408186391,1371.05158683949,0.308423689339491,14.9518284762459,-88.2729734708257,126.219011446018,56.1223897653745,67.6294480482723
469,"natalia_oliveira_2023",19,"[04] Troosters, Gosselink & Decramer 1999; [15] Masmoudi et al. 2008; [43] Rao et al. 2013; [58] Delbressine et al. 2023; [48] Fernandes et al. 2016; [45] Kim et al. 2014; [02] Enright & Sherrill 1998; [34] Dourado, Vidotto, Guerra 2011; [32] Soares, Pereira 2011; [10] Camarri et al. 2006; [28] Ben Saad et al. 2009; [06] Gibbons et al. 2001; [30] Osses et al. 2010; [50] Zou et al. 2017; [54] Almeida et al. 2019; [20] Jenkins et al. 2009; [18] Iwama et al. 2009; [47] Nusdwinuringtyas et al, 2014; [40] Britto et al. 2013","0.377;-0.1551;-0.1641;-0.0146;-0.2118;0.7956;0.8563;-0.2082;-0.3259;-0.1007;0.4635;-0.3197;-0.3366;-0.0867;0.0825;-0.187;-0.1439;0.8258;-0.1466",465.231884057971,603.639641130042,1372.5704453574,0.292984516655902,138.407757072071,18.6115439795466,263.218280637324,138.407757072071,153.789015142998
470,"natalia_oliveira_2023",8,"[40] Britto et al. 2013; [15] Masmoudi et al. 2008; [10] Camarri et al. 2006; [27] Alameri et al. 2009; [48] Fernandes et al. 2016; [34] Dourado, Vidotto, Guerra 2011; [18] Iwama et al. 2009; [04] Troosters, Gosselink & Decramer 1999","0.202;0.0859;-0.7832;1.0573;-0.1186;-0.2401;-0.0811;0.8777",450.608695652174,446.050707126867,1131.51202412741,0.174373453671045,-4.5579885253069,-122.090400210506,120.585215029425,59.9959434467715,71.5471205851643
471,"natalia_oliveira_2023",10,"[54] Almeida et al. 2019; [48] Fernandes et al. 2016; [10] Camarri et al. 2006; [18] Iwama et al. 2009; [13] Chetta et al. 2006; [45] Kim et al. 2014; [07] Enrigth et al. 2003; [27] Alameri et al. 2009; [47] Nusdwinuringtyas et al, 2014; [40] Britto et al. 2013","0.0024;-0.3847;-0.567;-0.3607;-0.5462;0.179;1.1207;0.7375;0.6233;0.1957",447.31884057971,420.437340894748,848.744381266052,0.171291055140545,-26.8814996849621,-186.643993640272,110.31857171446,73.3244853578262,85.9173050028238
472,"natalia_oliveira_2023",12,"[20] Jenkins et al. 2009; [15] Masmoudi et al. 2008; [40] Britto et al. 2013; [07] Enrigth et al. 2003; [45] Kim et al. 2014; [43] Rao et al. 2013; [54] Almeida et al. 2019; [02] Enright & Sherrill 1998; [50] Zou et al. 2017; [37] Hill et al. 2011; [32] Soares, Pereira 2011; [28] Ben Saad et al. 2009","-0.034;-0.0596;0.0087;0.0197;0.7901;-0.1755;0.1621;0.4245;-0.1147;-0.0172;-0.2973;0.2933",448.333333333333,624.106555899864,1496.66931587109,0.143670273263434,175.773222566531,48.12363991214,308.532677615374,175.773222566531,191.104945858377
473,"natalia_oliveira_2023",24,"[02] Enright & Sherrill 1998; [43] Rao et al. 2013; [30] Osses et al. 2010; [26] Jenkins et al. 2009; [47] Nusdwinuringtyas et al, 2014; [50] Zou et al. 2017; [10] Camarri et al. 2006; [54] Almeida et al. 2019; [20] Jenkins et al. 2009; [18] Iwama et al. 2009; [28] Ben Saad et al. 2009; [04] Troosters, Gosselink & Decramer 1999; [34] Dourado, Vidotto, Guerra 2011; [27] Alameri et al. 2009; [58] Delbressine et al. 2023; [06] Gibbons et al. 2001; [15] Masmoudi et al. 2008; [32] Soares, Pereira 2011; [45] Kim et al. 2014; [48] Fernandes et al. 2016; [07] Enrigth et al. 2003; [37] Hill et al. 2011; [13] Chetta et al. 2006; [40] Britto et al. 2013","0.672;-0.3495;-0.2222;0.0074;0.7435;-0.3451;-0.347;-0.0107;-0.1062;-0.1545;0.4612;0.3933;-0.1955;0.8595;0.0823;-0.2716;-0.017;-0.2593;0.4142;-0.2088;0.1822;0.2053;-0.4048;-0.1286",454.449275362319,560.289793296278,1805.51107337133,0.167936827161438,105.840517933959,-1.40905243510724,238.869525985379,106.858461237249,127.37882554358
474,"natalia_oliveira_2023",1,"[04] Troosters, Gosselink & Decramer 1999","1",429.173913043478,651.533913043478,6733.09634475704,0.200821292332353,222.36,27.02,346.314,222.36,237.712124668669
475,"natalia_oliveira_2023",6,"[26] Jenkins et al. 2009; [18] Iwama et al. 2009; [15] Masmoudi et al. 2008; [07] Enrigth et al. 2003; [34] Dourado, Vidotto, Guerra 2011; [32] Soares, Pereira 2011","0.4896;0.4433;-0.1125;0.4436;0.0198;-0.2838",444.289855072464,582.347806056001,2293.61764535723,0.215532484292453,138.057950983537,12.0729465696934,269.86619568932,138.518287751335,156.593584388364
476,"natalia_oliveira_2023",13,"[27] Alameri et al. 2009; [20] Jenkins et al. 2009; [58] Delbressine et al. 2023; [02] Enright & Sherrill 1998; [34] Dourado, Vidotto, Guerra 2011; [10] Camarri et al. 2006; [45] Kim et al. 2014; [13] Chetta et al. 2006; [47] Nusdwinuringtyas et al, 2014; [06] Gibbons et al. 2001; [37] Hill et al. 2011; [40] Britto et al. 2013; [43] Rao et al. 2013","0.6785;-0.0199;0.2413;0.7204;-0.0774;-0.3228;0.2696;-0.4156;0.485;-0.3749;0.2926;-0.0674;-0.4095",431.898550724638,537.395049585303,1176.12025801142,0.0833435121820401,105.496498860665,1.57318255456035,225.425247788905,107.084067169165,125.775645104562
477,"natalia_oliveira_2023",13,"[10] Camarri et al. 2006; [02] Enright & Sherrill 1998; [30] Osses et al. 2010; [28] Ben Saad et al. 2009; [20] Jenkins et al. 2009; [48] Fernandes et al. 2016; [43] Rao et al. 2013; [13] Chetta et al. 2006; [54] Almeida et al. 2019; [27] Alameri et al. 2009; [47] Nusdwinuringtyas et al, 2014; [07] Enrigth et al. 2003; [32] Soares, Pereira 2011","-0.2176;0.6509;-0.2506;0.4339;-0.1574;-0.3736;-0.2968;-0.3356;-0.1555;0.9543;0.5387;0.4394;-0.2302",438.942028985507,482.856248833192,1343.50259081438,0.12609150726181,43.9142198476846,-60.0575385843268,177.51583688212,64.3014302066236,82.5020043907318
478,"natalia_oliveira_2023",14,"[04] Troosters, Gosselink & Decramer 1999; [06] Gibbons et al. 2001; [27] Alameri et al. 2009; [50] Zou et al. 2017; [47] Nusdwinuringtyas et al, 2014; [07] Enrigth et al. 2003; [43] Rao et al. 2013; [58] Delbressine et al. 2023; [48] Fernandes et al. 2016; [13] Chetta et al. 2006; [30] Osses et al. 2010; [15] Masmoudi et al. 2008; [20] Jenkins et al. 2009; [10] Camarri et al. 2006","0.6307;-0.1085;0.8849;-0.4194;0.7601;0.6249;-0.41;0.2932;-0.1324;-0.3884;-0.2202;0.0076;-0.1615;-0.3612",448.594202898551,506.775840314074,820.057186227264,0.192217152542321,58.1816374155232,-72.5830217137378,181.839994822847,71.1592164539607,88.5537551421907
479,"natalia_oliveira_2023",14,"[04] Troosters, Gosselink & Decramer 1999; [54] Almeida et al. 2019; [43] Rao et al. 2013; [34] Dourado, Vidotto, Guerra 2011; [13] Chetta et al. 2006; [18] Iwama et al. 2009; [15] Masmoudi et al. 2008; [30] Osses et al. 2010; [32] Soares, Pereira 2011; [27] Alameri et al. 2009; [50] Zou et al. 2017; [20] Jenkins et al. 2009; [45] Kim et al. 2014; [10] Camarri et al. 2006","0.9556;0.1728;-0.3077;-0.1379;-0.1057;0.111;0.365;0.0598;-0.2588;0.9522;-0.3793;-0.1243;0.3575;-0.6602",445.710144927536,524.748560893111,1207.40918373049,0.115868930936178,79.0384159655749,-37.715037407433,223.67997117107,86.9906047924728,109.211679456337
480,"natalia_oliveira_2023",20,"[34] Dourado, Vidotto, Guerra 2011; [18] Iwama et al. 2009; [30] Osses et al. 2010; [27] Alameri et al. 2009; [06] Gibbons et al. 2001; [58] Delbressine et al. 2023; [13] Chetta et al. 2006; [47] Nusdwinuringtyas et al, 2014; [50] Zou et al. 2017; [37] Hill et al. 2011; [10] Camarri et al. 2006; [20] Jenkins et al. 2009; [43] Rao et al. 2013; [40] Britto et al. 2013; [45] Kim et al. 2014; [26] Jenkins et al. 2009; [04] Troosters, Gosselink & Decramer 1999; [15] Masmoudi et al. 2008; [54] Almeida et al. 2019; [02] Enright & Sherrill 1998","-0.148;-0.2456;-0.1765;0.7707;-0.3129;0.1421;-0.3949;0.6316;-0.3062;0.3429;-0.3291;-0.118;-0.3301;-0.0538;0.3768;-0.0388;0.4284;0.0183;-0.0748;0.8178",447.028985507246,544.080910398122,2040.60578754389,0.142096268742838,97.0519248908754,-36.4913686517725,232.595706957766,102.712298525003,121.842177809286
481,"natalia_oliveira_2023",19,"[50] Zou et al. 2017; [37] Hill et al. 2011; [10] Camarri et al. 2006; [54] Almeida et al. 2019; [07] Enrigth et al. 2003; [28] Ben Saad et al. 2009; [27] Alameri et al. 2009; [32] Soares, Pereira 2011; [34] Dourado, Vidotto, Guerra 2011; [18] Iwama et al. 2009; [47] Nusdwinuringtyas et al, 2014; [58] Delbressine et al. 2023; [20] Jenkins et al. 2009; [45] Kim et al. 2014; [04] Troosters, Gosselink & Decramer 1999; [30] Osses et al. 2010; [48] Fernandes et al. 2016; [43] Rao et al. 2013; [26] Jenkins et al. 2009","-0.4602;0.4514;-0.3139;0.1019;0.3008;0.5797;0.9378;-0.3232;-0.139;-0.3555;0.5032;0.1416;-0.117;0.437;0.3455;-0.1974;-0.3882;-0.4891;-0.0158",450.101449275362,658.14315200889,1449.70467546104,0.110434718338768,208.041702733528,68.933837845196,331.230084180805,208.041702733528,220.685583836381
482,"natalia_oliveira_2023",19,"[40] Britto et al. 2013; [13] Chetta et al. 2006; [45] Kim et al. 2014; [32] Soares, Pereira 2011; [20] Jenkins et al. 2009; [02] Enright & Sherrill 1998; [43] Rao et al. 2013; [54] Almeida et al. 2019; [06] Gibbons et al. 2001; [15] Masmoudi et al. 2008; [10] Camarri et al. 2006; [58] Delbressine et al. 2023; [34] Dourado, Vidotto, Guerra 2011; [07] Enrigth et al. 2003; [04] Troosters, Gosselink & Decramer 1999; [27] Alameri et al. 2009; [18] Iwama et al. 2009; [48] Fernandes et al. 2016; [28] Ben Saad et al. 2009","-0.1996;-0.3354;0.5862;-0.3511;-0.383;0.8451;-0.184;0.2889;-0.2145;-0.2637;-0.2137;-0.0171;-0.3613;0.2791;0.3885;0.8763;-0.0303;-0.0984;0.388",434.884057971014,514.779682494693,1576.65878666871,0.436728869027001,79.8956245236786,-30.5968029979647,184.521961191178,85.1250603839845,102.302416930745
483,"natalia_oliveira_2023",10,"[04] Troosters, Gosselink & Decramer 1999; [32] Soares, Pereira 2011; [13] Chetta et al. 2006; [54] Almeida et al. 2019; [06] Gibbons et al. 2001; [28] Ben Saad et al. 2009; [50] Zou et al. 2017; [26] Jenkins et al. 2009; [07] Enrigth et al. 2003; [34] Dourado, Vidotto, Guerra 2011","0.1282;-0.1366;0.0557;0.3502;0.061;0.0756;0.4153;0.0745;0.0196;-0.0434",451.188405797101,617.175040574795,1539.69177828083,0.11481185054381,165.986634777693,35.0715354742767,291.284717312406,165.986634777693,180.662179910041
484,"natalia_oliveira_2023",13,"[58] Delbressine et al. 2023; [37] Hill et al. 2011; [32] Soares, Pereira 2011; [18] Iwama et al. 2009; [54] Almeida et al. 2019; [04] Troosters, Gosselink & Decramer 1999; [40] Britto et al. 2013; [50] Zou et al. 2017; [13] Chetta et al. 2006; [30] Osses et al. 2010; [43] Rao et al. 2013; [28] Ben Saad et al. 2009; [27] Alameri et al. 2009","0.1315;0.5806;-0.287;0.0275;0.0855;0.2646;-0.0925;-0.2582;-0.3042;-0.2322;-0.2686;0.3543;0.9987",457.31884057971,632.21497075808,1577.17823899585,0.212127756922821,174.89613017837,68.6588539028256,282.516719808331,174.89613017837,184.273475287699
485,"natalia_oliveira_2023",13,"[04] Troosters, Gosselink & Decramer 1999; [48] Fernandes et al. 2016; [10] Camarri et al. 2006; [58] Delbressine et al. 2023; [15] Masmoudi et al. 2008; [07] Enrigth et al. 2003; [27] Alameri et al. 2009; [45] Kim et al. 2014; [40] Britto et al. 2013; [20] Jenkins et al. 2009; [43] Rao et al. 2013; [02] Enright & Sherrill 1998; [37] Hill et al. 2011","0.4484;-0.2861;-0.5328;-0.1097;-0.268;0.076;1.0205;0.4889;-0.1009;-0.3145;-0.4991;0.8935;0.1839",433.884057971014,566.011237463045,1929.63173714093,0.32516915554108,132.127179492031,39.5628191404077,257.248604805134,132.127179492031,147.097220399467
486,"natalia_oliveira_2023",7,"[02] Enright & Sherrill 1998; [15] Masmoudi et al. 2008; [10] Camarri et al. 2006; [04] Troosters, Gosselink & Decramer 1999; [48] Fernandes et al. 2016; [45] Kim et al. 2014; [28] Ben Saad et al. 2009","0.7677;-0.4708;-0.5855;0.2525;-0.3304;1.1382;0.2283",445.68115942029,597.6433585715,1856.30535834943,0.207062310056707,151.96219915121,61.2499308403393,271.708571830387,151.96219915121,163.948316165965
487,"natalia_oliveira_2023",21,"[10] Camarri et al. 2006; [27] Alameri et al. 2009; [32] Soares, Pereira 2011; [47] Nusdwinuringtyas et al, 2014; [28] Ben Saad et al. 2009; [18] Iwama et al. 2009; [15] Masmoudi et al. 2008; [43] Rao et al. 2013; [13] Chetta et al. 2006; [58] Delbressine et al. 2023; [02] Enright & Sherrill 1998; [50] Zou et al. 2017; [20] Jenkins et al. 2009; [06] Gibbons et al. 2001; [54] Almeida et al. 2019; [26] Jenkins et al. 2009; [45] Kim et al. 2014; [04] Troosters, Gosselink & Decramer 1999; [40] Britto et al. 2013; [30] Osses et al. 2010; [48] Fernandes et al. 2016","-0.4026;0.8888;-0.3806;0.7624;0.5589;-0.1774;-0.0328;-0.3292;-0.3103;0.1634;0.9571;-0.3047;-0.2293;-0.1491;-0.1133;-0.1037;0.4019;0.4948;-0.2016;-0.293;-0.1998",432.144927536232,512.273005339744,1753.87348676688,0.0614000652421946,80.1280778035123,-64.7562242970468,218.84290900697,90.3326620574966,113.324068952466
488,"natalia_oliveira_2023",24,"[13] Chetta et al. 2006; [34] Dourado, Vidotto, Guerra 2011; [27] Alameri et al. 2009; [58] Delbressine et al. 2023; [43] Rao et al. 2013; [18] Iwama et al. 2009; [45] Kim et al. 2014; [06] Gibbons et al. 2001; [28] Ben Saad et al. 2009; [32] Soares, Pereira 2011; [07] Enrigth et al. 2003; [37] Hill et al. 2011; [50] Zou et al. 2017; [10] Camarri et al. 2006; [40] Britto et al. 2013; [20] Jenkins et al. 2009; [26] Jenkins et al. 2009; [04] Troosters, Gosselink & Decramer 1999; [54] Almeida et al. 2019; [47] Nusdwinuringtyas et al, 2014; [48] Fernandes et al. 2016; [02] Enright & Sherrill 1998; [30] Osses et al. 2010; [15] Masmoudi et al. 2008","-0.392;-0.2222;0.893;-0.0146;-0.2331;-0.1812;0.5392;-0.3418;0.4958;-0.3469;0.1555;0.2508;-0.1794;-0.2521;-0.1232;-0.2158;-0.1182;0.386;0.0712;0.6582;-0.2412;0.8801;-0.3182;-0.1498",434.971014492754,528.359196731612,1155.20378159146,0.284119224495152,93.3881822388585,-39.8989707672831,222.430037168167,99.0485718898636,120.625389355296
489,"natalia_oliveira_2023",5,"[45] Kim et al. 2014; [47] Nusdwinuringtyas et al, 2014; [34] Dourado, Vidotto, Guerra 2011; [18] Iwama et al. 2009; [48] Fernandes et al. 2016","-0.0125;0.7161;0.6011;-0.1901;-0.1146",453.289855072464,577.488913578765,460.261317250448,0.184029255200574,124.199058506301,9.63377118180506,274.832905705806,125.463229184125,147.276534257422
490,"natalia_oliveira_2023",2,"[04] Troosters, Gosselink & Decramer 1999; [40] Britto et al. 2013","0.3763;0.6237",444.246376811594,593.406224081338,3163.40579923244,0.170466295807159,149.159847269743,39.1854689837219,299.162957362175,149.159847269743,165.984848771983
491,"natalia_oliveira_2023",20,"[50] Zou et al. 2017; [40] Britto et al. 2013; [34] Dourado, Vidotto, Guerra 2011; [27] Alameri et al. 2009; [28] Ben Saad et al. 2009; [02] Enright & Sherrill 1998; [04] Troosters, Gosselink & Decramer 1999; [54] Almeida et al. 2019; [13] Chetta et al. 2006; [06] Gibbons et al. 2001; [20] Jenkins et al. 2009; [58] Delbressine et al. 2023; [37] Hill et al. 2011; [10] Camarri et al. 2006; [32] Soares, Pereira 2011; [45] Kim et al. 2014; [30] Osses et al. 2010; [47] Nusdwinuringtyas et al, 2014; [07] Enrigth et al. 2003; [43] Rao et al. 2013","-0.2637;-0.1724;-0.2057;0.8192;0.3392;0.6734;0.4186;0.1265;-0.4327;-0.364;-0.1934;-0.0279;0.3078;-0.1971;-0.3285;0.452;-0.3446;0.5341;0.1661;-0.3068",445.376811594203,540.351883345546,1053.42566467546,0.313939159614837,94.9750717513434,-37.7112386266025,224.514261274576,99.2883607103973,117.429090023157
492,"natalia_oliveira_2023",2,"[58] Delbressine et al. 2023; [13] Chetta et al. 2006","0.5;0.5",452.985507246377,585.251355072464,3109.3230970081,0.29338479952498,132.265847826087,12.2935,243.7207,132.718963768116,148.120396631129
493,"natalia_oliveira_2023",10,"[26] Jenkins et al. 2009; [43] Rao et al. 2013; [37] Hill et al. 2011; [54] Almeida et al. 2019; [07] Enrigth et al. 2003; [15] Masmoudi et al. 2008; [32] Soares, Pereira 2011; [20] Jenkins et al. 2009; [27] Alameri et al. 2009; [58] Delbressine et al. 2023","0.1412;-0.6774;0.4203;0.1152;0.2935;0.0199;-0.2683;-0.0219;0.8234;0.154",451.36231884058,665.717868725475,839.236957399243,0.0160521395107711,214.355549884896,94.713302201217,348.786790685887,214.355549884896,226.24549647533
494,"natalia_oliveira_2023",21,"[43] Rao et al. 2013; [04] Troosters, Gosselink & Decramer 1999; [06] Gibbons et al. 2001; [07] Enrigth et al. 2003; [58] Delbressine et al. 2023; [54] Almeida et al. 2019; [48] Fernandes et al. 2016; [40] Britto et al. 2013; [32] Soares, Pereira 2011; [27] Alameri et al. 2009; [34] Dourado, Vidotto, Guerra 2011; [37] Hill et al. 2011; [45] Kim et al. 2014; [02] Enright & Sherrill 1998; [30] Osses et al. 2010; [28] Ben Saad et al. 2009; [10] Camarri et al. 2006; [13] Chetta et al. 2006; [50] Zou et al. 2017; [26] Jenkins et al. 2009; [18] Iwama et al. 2009","-0.2037;0.3019;-0.2299;0.127;-0.0464;0.0622;-0.0219;-0.1609;-0.3456;1.0482;-0.2688;0.2977;0.6218;0.7666;-0.3321;0.3989;-0.2998;-0.3868;-0.212;-0.1897;0.0735",446.623188405797,503.575339091818,1790.89555412214,0.246035033776899,56.9521506860213,-73.9377810240425,191.339753753566,72.8279010470943,93.5470414743883
495,"natalia_oliveira_2023",9,"[43] Rao et al. 2013; [58] Delbressine et al. 2023; [45] Kim et al. 2014; [50] Zou et al. 2017; [34] Dourado, Vidotto, Guerra 2011; [28] Ben Saad et al. 2009; [40] Britto et al. 2013; [02] Enright & Sherrill 1998; [07] Enrigth et al. 2003","-0.2145;0.0669;0.9159;-0.1408;-0.1442;0.2051;-0.2507;0.3304;0.2319",430.913043478261,616.059369433376,1166.27825222141,0.108321287882758,185.146325955115,68.6969261754217,287.750677980625,185.146325955115,197.707771466876
496,"natalia_oliveira_2023",1,"[37] Hill et al. 2011","1",446.942028985507,701.359420289855,5528.60656436488,0.0908574501270963,254.417391304348,102.75,393.4,254.417391304348,269.998930754727
497,"natalia_oliveira_2023",20,"[48] Fernandes et al. 2016; [47] Nusdwinuringtyas et al, 2014; [50] Zou et al. 2017; [02] Enright & Sherrill 1998; [45] Kim et al. 2014; [18] Iwama et al. 2009; [20] Jenkins et al. 2009; [32] Soares, Pereira 2011; [58] Delbressine et al. 2023; [15] Masmoudi et al. 2008; [10] Camarri et al. 2006; [40] Britto et al. 2013; [04] Troosters, Gosselink & Decramer 1999; [54] Almeida et al. 2019; [37] Hill et al. 2011; [13] Chetta et al. 2006; [27] Alameri et al. 2009; [28] Ben Saad et al. 2009; [07] Enrigth et al. 2003; [43] Rao et al. 2013","-0.2249;0.5515;-0.2039;0.6942;0.434;-0.1757;-0.2295;-0.333;0.006;-0.0988;-0.2899;-0.1766;0.3176;-0.0832;0.1037;-0.3543;0.7688;0.4223;0.1108;-0.2392",460.753623188406,561.880873350143,1432.66757899644,0.2613127815578,101.127250161737,3.9051284637543,239.662060943172,101.699335498471,120.155184194483
498,"natalia_oliveira_2023",13,"[07] Enrigth et al. 2003; [02] Enright & Sherrill 1998; [18] Iwama et al. 2009; [50] Zou et al. 2017; [26] Jenkins et al. 2009; [20] Jenkins et al. 2009; [30] Osses et al. 2010; [54] Almeida et al. 2019; [15] Masmoudi et al. 2008; [40] Britto et al. 2013; [06] Gibbons et al. 2001; [28] Ben Saad et al. 2009; [48] Fernandes et al. 2016","-0.014;0.8992;0.3193;0.7415;0.039;-0.2774;-0.6171;0.463;-0.2639;-0.3675;-0.4255;0.4051;0.0983",457.971014492754,531.217331095723,3464.91797795927,0.327360166942671,73.2463166029693,-58.1659902434336,196.05357572612,80.6688170053,100.384335544119
499,"natalia_oliveira_2023",8,"[04] Troosters, Gosselink & Decramer 1999; [48] Fernandes et al. 2016; [28] Ben Saad et al. 2009; [32] Soares, Pereira 2011; [06] Gibbons et al. 2001; [13] Chetta et al. 2006; [07] Enrigth et al. 2003; [40] Britto et al. 2013","-0.0421;0.3918;0.2236;0.2104;0.0968;0.0399;-0.16;0.2397",445.913043478261,530.95701352581,1239.37606372884,0.0840106319155445,85.0439700475494,-41.9033923573575,204.355138912247,89.0172440639515,109.925163607369
500,"natalia_oliveira_2023",9,"[10] Camarri et al. 2006; [45] Kim et al. 2014; [15] Masmoudi et al. 2008; [40] Britto et al. 2013; [27] Alameri et al. 2009; [18] Iwama et al. 2009; [28] Ben Saad et al. 2009; [47] Nusdwinuringtyas et al, 2014; [30] Osses et al. 2010","-0.5719;0.1173;0.2887;-0.1643;0.6314;-0.4979;0.9287;0.4963;-0.2283",460.130434782609,452.7500047615,1406.04707519548,0.244664505192036,-7.3804300211087,-118.579807583969,112.898086400357,51.8876653954231,62.6009342425475
501,"natalia_oliveira_2023",15,"[20] Jenkins et al. 2009; [45] Kim et al. 2014; [13] Chetta et al. 2006; [06] Gibbons et al. 2001; [02] Enright & Sherrill 1998; [40] Britto et al. 2013; [18] Iwama et al. 2009; [27] Alameri et al. 2009; [04] Troosters, Gosselink & Decramer 1999; [50] Zou et al. 2017; [15] Masmoudi et al. 2008; [26] Jenkins et al. 2009; [43] Rao et al. 2013; [34] Dourado, Vidotto, Guerra 2011; [07] Enrigth et al. 2003","-0.3013;0.5253;-0.3874;-0.2095;0.9927;0.0426;-0.0021;0.9957;0.3587;-0.3053;-0.1156;-0.2848;-0.2918;-0.3151;0.298",441.898550724638,474.346061133953,1721.5202110004,0.237767602993535,32.4475104093154,-75.8805259928072,148.056915212058,57.7638575961717,74.3521582315181
502,"natalia_oliveira_2023",9,"[07] Enrigth et al. 2003; [45] Kim et al. 2014; [04] Troosters, Gosselink & Decramer 1999; [30] Osses et al. 2010; [18] Iwama et al. 2009; [50] Zou et al. 2017; [40] Britto et al. 2013; [02] Enright & Sherrill 1998; [27] Alameri et al. 2009","-0.0548;0.402;0.2167;-0.6307;-0.1266;-0.4302;-0.248;1.059;0.8125",429.463768115942,494.109616038202,1965.37597705799,0.38645486153015,64.6458479222605,-62.5171177869401,178.169276932286,79.7353472223306,96.6588028517373
503,"natalia_oliveira_2023",2,"[26] Jenkins et al. 2009; [02] Enright & Sherrill 1998","0.9546;0.0454",461.086956521739,657.573061041757,3208.53338237639,0.147229305963156,196.486104520018,71.4497457139063,334.409179588945,196.486104520018,209.191945741563
504,"natalia_oliveira_2023",9,"[43] Rao et al. 2013; [50] Zou et al. 2017; [32] Soares, Pereira 2011; [37] Hill et al. 2011; [10] Camarri et al. 2006; [45] Kim et al. 2014; [48] Fernandes et al. 2016; [02] Enright & Sherrill 1998; [58] Delbressine et al. 2023","-0.1433;-0.025;-0.5259;0.1985;-0.2702;1.2404;-0.2783;0.9375;-0.1338",439.115942028986,637.823089943311,1841.8193365437,0.247069384481184,198.707147914326,68.416169625155,322.681232888677,198.707147914326,211.507195367382
505,"natalia_oliveira_2023",8,"[27] Alameri et al. 2009; [06] Gibbons et al. 2001; [47] Nusdwinuringtyas et al, 2014; [30] Osses et al. 2010; [26] Jenkins et al. 2009; [43] Rao et al. 2013; [48] Fernandes et al. 2016; [15] Masmoudi et al. 2008","0.3712;0.1656;0.3309;0.0599;0.0661;-0.4521;-0.1029;0.5614",451.072463768116,610.88945201896,703.327153946617,0.258723202893719,159.816988250844,29.0637819670249,290.958894598378,159.816988250844,174.136420579323
506,"natalia_oliveira_2023",13,"[28] Ben Saad et al. 2009; [06] Gibbons et al. 2001; [50] Zou et al. 2017; [58] Delbressine et al. 2023; [26] Jenkins et al. 2009; [48] Fernandes et al. 2016; [37] Hill et al. 2011; [15] Masmoudi et al. 2008; [47] Nusdwinuringtyas et al, 2014; [07] Enrigth et al. 2003; [43] Rao et al. 2013; [02] Enright & Sherrill 1998; [10] Camarri et al. 2006","0.2701;-0.5508;0.0808;-0.0538;-0.0736;-0.4665;0.213;-0.153;1.0484;0.1647;-0.1193;0.6175;0.0224",454.463768115942,578.450485004081,1555.85300834956,0.141803196818788,123.986716888139,-6.99346267515898,251.256244131542,124.797553140331,142.065967504745
507,"natalia_oliveira_2023",20,"[40] Britto et al. 2013; [06] Gibbons et al. 2001; [50] Zou et al. 2017; [10] Camarri et al. 2006; [58] Delbressine et al. 2023; [47] Nusdwinuringtyas et al, 2014; [27] Alameri et al. 2009; [54] Almeida et al. 2019; [30] Osses et al. 2010; [02] Enright & Sherrill 1998; [45] Kim et al. 2014; [43] Rao et al. 2013; [18] Iwama et al. 2009; [32] Soares, Pereira 2011; [07] Enrigth et al. 2003; [13] Chetta et al. 2006; [04] Troosters, Gosselink & Decramer 1999; [15] Masmoudi et al. 2008; [34] Dourado, Vidotto, Guerra 2011; [26] Jenkins et al. 2009","-0.1154;-0.2421;-0.2814;-0.3327;0.1197;0.623;0.8061;0.0495;-0.2609;0.864;0.4097;-0.299;-0.1558;-0.3126;0.3168;-0.3567;0.5397;-0.0392;-0.2302;-0.1027",439.826086956522,493.96709722341,1324.75033134136,0.268447577454613,54.1410102668882,-64.2863852773071,180.627966114754,69.6659842145705,87.6457545188059
508,"natalia_oliveira_2023",2,"[20] Jenkins et al. 2009; [43] Rao et al. 2013","0.5;0.5",443.04347826087,512.04128788328,1070.68304490383,0.199603861706976,68.9978096224099,-19.9639136316337,178.30520515809,72.38163191285,88.9625492327848
509,"natalia_oliveira_2023",18,"[58] Delbressine et al. 2023; [02] Enright & Sherrill 1998; [18] Iwama et al. 2009; [50] Zou et al. 2017; [07] Enrigth et al. 2003; [20] Jenkins et al. 2009; [15] Masmoudi et al. 2008; [47] Nusdwinuringtyas et al, 2014; [37] Hill et al. 2011; [45] Kim et al. 2014; [40] Britto et al. 2013; [30] Osses et al. 2010; [28] Ben Saad et al. 2009; [34] Dourado, Vidotto, Guerra 2011; [04] Troosters, Gosselink & Decramer 1999; [43] Rao et al. 2013; [54] Almeida et al. 2019; [48] Fernandes et al. 2016","-0.1215;0.7072;-0.2094;-0.2713;0.0635;-0.2385;-0.2169;0.9001;0.1066;0.7032;-0.1936;-0.4531;0.3395;-0.2303;0.5297;-0.3208;0.213;-0.3075",434.710144927536,690.872007126822,1728.06976356999,0.326492470075911,256.161862199285,108.956744375308,376.948780120786,256.161862199285,266.726547089973
510,"natalia_oliveira_2023",16,"[18] Iwama et al. 2009; [06] Gibbons et al. 2001; [47] Nusdwinuringtyas et al, 2014; [45] Kim et al. 2014; [54] Almeida et al. 2019; [43] Rao et al. 2013; [02] Enright & Sherrill 1998; [58] Delbressine et al. 2023; [07] Enrigth et al. 2003; [28] Ben Saad et al. 2009; [10] Camarri et al. 2006; [37] Hill et al. 2011; [13] Chetta et al. 2006; [20] Jenkins et al. 2009; [50] Zou et al. 2017; [48] Fernandes et al. 2016","-0.1897;-0.4284;0.8784;0.8357;-0.0535;-0.1554;0.7219;-0.0895;0.1541;0.3089;-0.129;0.266;-0.4109;-0.3931;-0.0419;-0.2737",422.811594202899,572.786334448889,1165.40608685251,0.372401580056127,149.97474024599,29.5443319682928,261.725012159301,149.97474024599,164.076084769152
511,"natalia_oliveira_2023",6,"[27] Alameri et al. 2009; [10] Camarri et al. 2006; [28] Ben Saad et al. 2009; [13] Chetta et al. 2006; [34] Dourado, Vidotto, Guerra 2011; [02] Enright & Sherrill 1998","0.6892;-0.0889;0.2823;-0.0923;-0.1329;0.3425",442.31884057971,491.190102213616,899.28341542128,0.120931287356135,48.8712616339062,-41.7654447904453,175.043967558888,62.6187556189238,79.482927679094
512,"natalia_oliveira_2023",17,"[30] Osses et al. 2010; [32] Soares, Pereira 2011; [27] Alameri et al. 2009; [13] Chetta et al. 2006; [06] Gibbons et al. 2001; [20] Jenkins et al. 2009; [48] Fernandes et al. 2016; [50] Zou et al. 2017; [07] Enrigth et al. 2003; [02] Enright & Sherrill 1998; [43] Rao et al. 2013; [54] Almeida et al. 2019; [04] Troosters, Gosselink & Decramer 1999; [45] Kim et al. 2014; [58] Delbressine et al. 2023; [40] Britto et al. 2013; [15] Masmoudi et al. 2008","-0.4164;-0.5019;1.0628;-0.309;0.0094;-0.392;0.0627;-0.3582;0.4314;1.0276;-0.3019;0.0444;0.3894;0.5329;0.0878;-0.1723;-0.1967",443.36231884058,522.076028254853,1681.3104784411,0.231047496001442,78.7137094142737,-80.1936282676261,198.763941497703,88.6233754987501,108.294177648362
513,"natalia_oliveira_2023",17,"[43] Rao et al. 2013; [32] Soares, Pereira 2011; [06] Gibbons et al. 2001; [58] Delbressine et al. 2023; [27] Alameri et al. 2009; [28] Ben Saad et al. 2009; [15] Masmoudi et al. 2008; [47] Nusdwinuringtyas et al, 2014; [54] Almeida et al. 2019; [48] Fernandes et al. 2016; [37] Hill et al. 2011; [13] Chetta et al. 2006; [04] Troosters, Gosselink & Decramer 1999; [02] Enright & Sherrill 1998; [20] Jenkins et al. 2009; [50] Zou et al. 2017; [45] Kim et al. 2014","-0.3576;-0.3837;-0.2444;0.0395;0.8054;0.3693;-0.1295;0.5186;-0.1844;-0.2657;0.4705;-0.3826;0.2899;0.6931;-0.3035;-0.3246;0.3896",457.579710144928,635.348232669429,1520.20357184169,0.134363975784043,177.768522524501,77.5611630348954,294.964689280061,177.768522524501,189.839298161315
514,"natalia_oliveira_2023",9,"[02] Enright & Sherrill 1998; [15] Masmoudi et al. 2008; [20] Jenkins et al. 2009; [06] Gibbons et al. 2001; [37] Hill et al. 2011; [13] Chetta et al. 2006; [50] Zou et al. 2017; [43] Rao et al. 2013; [54] Almeida et al. 2019","0.69;-0.3582;-0.3709;-0.441;0.302;-0.2726;0.5917;0.3748;0.4843",442.971014492754,520.347425364847,2380.59055530491,0.48098860138969,77.3764108720936,-29.7236065955308,189.713021526821,84.2271690340312,100.536416932703
515,"natalia_oliveira_2023",21,"[48] Fernandes et al. 2016; [43] Rao et al. 2013; [30] Osses et al. 2010; [15] Masmoudi et al. 2008; [40] Britto et al. 2013; [20] Jenkins et al. 2009; [58] Delbressine et al. 2023; [26] Jenkins et al. 2009; [07] Enrigth et al. 2003; [32] Soares, Pereira 2011; [50] Zou et al. 2017; [47] Nusdwinuringtyas et al, 2014; [06] Gibbons et al. 2001; [13] Chetta et al. 2006; [54] Almeida et al. 2019; [28] Ben Saad et al. 2009; [27] Alameri et al. 2009; [04] Troosters, Gosselink & Decramer 1999; [10] Camarri et al. 2006; [37] Hill et al. 2011; [18] Iwama et al. 2009","-0.2259;-0.2687;-0.2234;-0.0468;-0.0736;-0.1353;0.1143;-0.0488;0.3068;-0.2977;-0.2376;0.7133;-0.2937;-0.3868;0.1197;0.5395;0.9528;0.4243;-0.2288;0.4645;-0.1681",431.739130434783,584.917490835435,1156.99271772146,0.268105183252733,153.178360400653,41.0521404530945,254.039414270011,153.634742722565,166.249414469456
516,"natalia_oliveira_2023",21,"[50] Zou et al. 2017; [47] Nusdwinuringtyas et al, 2014; [58] Delbressine et al. 2023; [27] Alameri et al. 2009; [40] Britto et al. 2013; [34] Dourado, Vidotto, Guerra 2011; [18] Iwama et al. 2009; [48] Fernandes et al. 2016; [20] Jenkins et al. 2009; [37] Hill et al. 2011; [32] Soares, Pereira 2011; [10] Camarri et al. 2006; [06] Gibbons et al. 2001; [30] Osses et al. 2010; [02] Enright & Sherrill 1998; [43] Rao et al. 2013; [45] Kim et al. 2014; [07] Enrigth et al. 2003; [15] Masmoudi et al. 2008; [54] Almeida et al. 2019; [04] Troosters, Gosselink & Decramer 1999","-0.1858;0.303;0.0712;0.6171;0.1806;-0.0275;-0.1761;-0.1796;0.0437;0.0545;-0.1085;-0.2109;-0.1429;-0.0422;0.2991;-0.2158;0.2705;0.0872;0.0416;0.1155;0.2053",441.579710144928,555.850860059572,611.601001656095,0.0598574374488367,114.271149914644,0.0938047491238321,235.74817443046,115.984175937497,133.566072128338
517,"natalia_oliveira_2023",19,"[06] Gibbons et al. 2001; [07] Enrigth et al. 2003; [28] Ben Saad et al. 2009; [54] Almeida et al. 2019; [26] Jenkins et al. 2009; [50] Zou et al. 2017; [40] Britto et al. 2013; [02] Enright & Sherrill 1998; [20] Jenkins et al. 2009; [27] Alameri et al. 2009; [32] Soares, Pereira 2011; [30] Osses et al. 2010; [48] Fernandes et al. 2016; [37] Hill et al. 2011; [47] Nusdwinuringtyas et al, 2014; [10] Camarri et al. 2006; [45] Kim et al. 2014; [58] Delbressine et al. 2023; [04] Troosters, Gosselink & Decramer 1999","-0.3998;0.0925;0.4385;0.006;-0.0146;-0.3625;-0.2071;0.7446;-0.1585;0.7478;-0.3788;-0.339;-0.2916;0.116;0.6564;-0.3738;0.3397;-0.0422;0.4263",450.130434782609,467.552320717279,1439.3298331278,0.250778777108219,17.4218859346702,-107.207537133311,145.161311398724,55.5988661712987,72.1569271798273
518,"natalia_oliveira_2023",9,"[54] Almeida et al. 2019; [48] Fernandes et al. 2016; [27] Alameri et al. 2009; [43] Rao et al. 2013; [30] Osses et al. 2010; [50] Zou et al. 2017; [28] Ben Saad et al. 2009; [45] Kim et al. 2014; [20] Jenkins et al. 2009","-0.232;-0.0714;0.8712;-0.3048;-0.1838;-0.3078;1.1763;0.419;-0.3669",440.536231884058,523.003948250032,863.069593113344,0.183475685299208,82.4677163659737,-62.37849423369,220.357666981871,90.0733244437434,108.451294783553
519,"natalia_oliveira_2023",16,"[15] Masmoudi et al. 2008; [47] Nusdwinuringtyas et al, 2014; [54] Almeida et al. 2019; [07] Enrigth et al. 2003; [28] Ben Saad et al. 2009; [26] Jenkins et al. 2009; [32] Soares, Pereira 2011; [37] Hill et al. 2011; [34] Dourado, Vidotto, Guerra 2011; [02] Enright & Sherrill 1998; [10] Camarri et al. 2006; [40] Britto et al. 2013; [04] Troosters, Gosselink & Decramer 1999; [58] Delbressine et al. 2023; [06] Gibbons et al. 2001; [20] Jenkins et al. 2009","-0.2353;1.1758;0.1218;0.0152;0.3706;0.1472;-0.4675;0.0645;-0.1827;0.7278;-0.0438;-0.3375;0.6366;-0.1713;-0.6708;-0.1505",420.159420289855,546.497338779118,2223.65980281118,0.263111196188517,126.337918489263,9.84178150617171,239.240346858059,127.084888797082,145.022453008794
520,"natalia_oliveira_2023",6,"[32] Soares, Pereira 2011; [30] Osses et al. 2010; [04] Troosters, Gosselink & Decramer 1999; [26] Jenkins et al. 2009; [15] Masmoudi et al. 2008; [18] Iwama et al. 2009","-0.2225;-0.2553;0.6535;0.3067;-0.1142;0.6319",446.115942028986,636.966916951254,2179.9915304059,0.211936449304088,190.850974922269,33.5615829821581,296.260193395013,190.850974922269,203.031278204644
521,"natalia_oliveira_2023",10,"[47] Nusdwinuringtyas et al, 2014; [02] Enright & Sherrill 1998; [28] Ben Saad et al. 2009; [45] Kim et al. 2014; [20] Jenkins et al. 2009; [27] Alameri et al. 2009; [32] Soares, Pereira 2011; [18] Iwama et al. 2009; [37] Hill et al. 2011; [34] Dourado, Vidotto, Guerra 2011","0.441;0.7561;0.444;0.2267;-0.2313;0.6271;-0.4958;-0.5531;0.0694;-0.2841",462.826086956522,511.608004053839,1518.0568322763,0.261252790859554,48.7819170973175,-46.7437896916819,180.62125523643,59.852445227067,79.9012693796135
522,"natalia_oliveira_2023",19,"[06] Gibbons et al. 2001; [40] Britto et al. 2013; [02] Enright & Sherrill 1998; [54] Almeida et al. 2019; [10] Camarri et al. 2006; [58] Delbressine et al. 2023; [26] Jenkins et al. 2009; [20] Jenkins et al. 2009; [28] Ben Saad et al. 2009; [47] Nusdwinuringtyas et al, 2014; [07] Enrigth et al. 2003; [04] Troosters, Gosselink & Decramer 1999; [34] Dourado, Vidotto, Guerra 2011; [43] Rao et al. 2013; [37] Hill et al. 2011; [13] Chetta et al. 2006; [48] Fernandes et al. 2016; [30] Osses et al. 2010; [27] Alameri et al. 2009","-0.3568;-0.1203;0.7373;0.0023;-0.2633;0.0234;-0.1201;-0.2099;0.462;0.7264;0.1371;0.4042;-0.2329;-0.2777;0.1133;-0.4326;-0.2333;-0.2765;0.9173",455.31884057971,496.40735784825,1921.00132893908,0.24441487615914,41.0885172685401,-92.1073885139267,164.324306998149,65.2161360225936,82.5812458215162
523,"natalia_oliveira_2023",14,"[27] Alameri et al. 2009; [58] Delbressine et al. 2023; [45] Kim et al. 2014; [28] Ben Saad et al. 2009; [54] Almeida et al. 2019; [30] Osses et al. 2010; [13] Chetta et al. 2006; [18] Iwama et al. 2009; [34] Dourado, Vidotto, Guerra 2011; [40] Britto et al. 2013; [04] Troosters, Gosselink & Decramer 1999; [06] Gibbons et al. 2001; [48] Fernandes et al. 2016; [02] Enright & Sherrill 1998","0.9519;0.0091;0.3345;0.5403;-0.0766;-0.5079;-0.4054;-0.0709;-0.575;-0.215;0.0536;-0.0497;-0.1012;1.1123",436.04347826087,475.111718220022,1763.41613494139,0.108067968663725,39.0682399591525,-115.942067524519,156.383500979727,68.9436031356579,86.2216719668359
524,"natalia_oliveira_2023",9,"[30] Osses et al. 2010; [32] Soares, Pereira 2011; [13] Chetta et al. 2006; [58] Delbressine et al. 2023; [06] Gibbons et al. 2001; [40] Britto et al. 2013; [15] Masmoudi et al. 2008; [43] Rao et al. 2013; [47] Nusdwinuringtyas et al, 2014","-0.0862;-0.2426;-0.4229;0.8267;-0.3158;-0.0993;0.5809;-0.3341;1.0933",453.884057971014,580.22741424018,1262.83252324242,0.287324405702345,126.343356269166,14.2402066406135,258.332435731658,126.501022846821,141.59628735702
525,"natalia_oliveira_2023",6,"[15] Masmoudi et al. 2008; [26] Jenkins et al. 2009; [30] Osses et al. 2010; [27] Alameri et al. 2009; [20] Jenkins et al. 2009; [47] Nusdwinuringtyas et al, 2014","0.7301;-0.0355;-0.0737;0.4346;-0.1604;0.1049",432.014492753623,474.537684365102,958.322622561195,0.21081510718429,42.523191611479,-69.1978118491896,165.774365819454,64.9685884666355,80.8408164350814
526,"natalia_oliveira_2023",24,"[40] Britto et al. 2013; [06] Gibbons et al. 2001; [13] Chetta et al. 2006; [28] Ben Saad et al. 2009; [04] Troosters, Gosselink & Decramer 1999; [48] Fernandes et al. 2016; [18] Iwama et al. 2009; [27] Alameri et al. 2009; [02] Enright & Sherrill 1998; [43] Rao et al. 2013; [45] Kim et al. 2014; [20] Jenkins et al. 2009; [47] Nusdwinuringtyas et al, 2014; [07] Enrigth et al. 2003; [15] Masmoudi et al. 2008; [58] Delbressine et al. 2023; [54] Almeida et al. 2019; [32] Soares, Pereira 2011; [50] Zou et al. 2017; [37] Hill et al. 2011; [34] Dourado, Vidotto, Guerra 2011; [26] Jenkins et al. 2009; [30] Osses et al. 2010; [10] Camarri et al. 2006","0.0972;-0.0835;-0.2025;0.2793;0.0664;-0.1221;-0.1147;0.6234;0.3473;-0.2442;0.2481;-0.029;0.4578;0.08;0.0112;0.0636;0.047;-0.1454;-0.2498;0.1218;-0.0054;0.0061;-0.0194;-0.2332",464.884057971014,550.028929210139,840.626877486633,0.048734432457991,85.1448712391241,-14.4103264362159,228.678514595847,87.3528114394613,107.735816156385
527,"natalia_oliveira_2023",10,"[37] Hill et al. 2011; [20] Jenkins et al. 2009; [54] Almeida et al. 2019; [06] Gibbons et al. 2001; [27] Alameri et al. 2009; [28] Ben Saad et al. 2009; [47] Nusdwinuringtyas et al, 2014; [30] Osses et al. 2010; [43] Rao et al. 2013; [34] Dourado, Vidotto, Guerra 2011","0.3895;-0.065;0.0526;-0.4947;0.6672;0.8908;0.336;-0.2786;-0.3723;-0.1255",440.231884057971,576.5517464288,1750.15418477926,0.33812737798964,136.319862370829,-9.3547400026506,259.973948734469,137.285048930658,155.82240680031
528,"natalia_oliveira_2023",23,"[54] Almeida et al. 2019; [37] Hill et al. 2011; [48] Fernandes et al. 2016; [18] Iwama et al. 2009; [07] Enrigth et al. 2003; [45] Kim et al. 2014; [47] Nusdwinuringtyas et al, 2014; [02] Enright & Sherrill 1998; [50] Zou et al. 2017; [26] Jenkins et al. 2009; [13] Chetta et al. 2006; [04] Troosters, Gosselink & Decramer 1999; [58] Delbressine et al. 2023; [28] Ben Saad et al. 2009; [43] Rao et al. 2013; [20] Jenkins et al. 2009; [10] Camarri et al. 2006; [15] Masmoudi et al. 2008; [32] Soares, Pereira 2011; [30] Osses et al. 2010; [40] Britto et al. 2013; [06] Gibbons et al. 2001; [27] Alameri et al. 2009","0.0193;0.4439;-0.2456;-0.2309;0.2316;0.4319;0.5237;0.5625;-0.3288;-0.0317;-0.3436;0.2486;0.0843;0.3534;-0.3632;-0.142;-0.2703;-0.0551;-0.2698;-0.22;-0.1019;-0.1809;0.8848",448.31884057971,594.31531203806,1370.44085086065,0.0752819432142046,145.99647145835,14.7848160358011,268.754555651601,145.99647145835,161.513470651925
529,"natalia_oliveira_2023",21,"[20] Jenkins et al. 2009; [02] Enright & Sherrill 1998; [34] Dourado, Vidotto, Guerra 2011; [04] Troosters, Gosselink & Decramer 1999; [26] Jenkins et al. 2009; [54] Almeida et al. 2019; [07] Enrigth et al. 2003; [10] Camarri et al. 2006; [43] Rao et al. 2013; [37] Hill et al. 2011; [45] Kim et al. 2014; [18] Iwama et al. 2009; [06] Gibbons et al. 2001; [48] Fernandes et al. 2016; [28] Ben Saad et al. 2009; [58] Delbressine et al. 2023; [13] Chetta et al. 2006; [15] Masmoudi et al. 2008; [40] Britto et al. 2013; [30] Osses et al. 2010; [50] Zou et al. 2017","-0.0864;0.1697;-0.0125;0.07;-0.0254;0.2148;0.0178;-0.0536;-0.0659;0.0476;0.6394;0.0237;-0.0368;-0.0073;0.1374;0.0051;-0.1081;-0.0185;0.1926;-0.0648;-0.0386",453.913043478261,599.108785067346,900.997915579027,0.0700680177772138,145.195741589085,22.850330807304,264.514962140247,145.195741589085,159.773483650703
530,"natalia_oliveira_2023",11,"[50] Zou et al. 2017; [37] Hill et al. 2011; [20] Jenkins et al. 2009; [34] Dourado, Vidotto, Guerra 2011; [10] Camarri et al. 2006; [15] Masmoudi et al. 2008; [28] Ben Saad et al. 2009; [47] Nusdwinuringtyas et al, 2014; [30] Osses et al. 2010; [48] Fernandes et al. 2016; [07] Enrigth et al. 2003","-0.1728;0.0959;0.0604;-0.0133;0.061;0.1607;0.4737;0.9592;-0.2448;-0.6335;0.2534",442.463768115942,617.342640349971,1440.68722409957,0.101497621140009,174.878872234029,34.1130168648527,290.704731074548,174.878872234029,188.814873285438
531,"natalia_oliveira_2023",24,"[37] Hill et al. 2011; [02] Enright & Sherrill 1998; [28] Ben Saad et al. 2009; [18] Iwama et al. 2009; [27] Alameri et al. 2009; [32] Soares, Pereira 2011; [30] Osses et al. 2010; [58] Delbressine et al. 2023; [04] Troosters, Gosselink & Decramer 1999; [43] Rao et al. 2013; [10] Camarri et al. 2006; [40] Britto et al. 2013; [54] Almeida et al. 2019; [50] Zou et al. 2017; [48] Fernandes et al. 2016; [34] Dourado, Vidotto, Guerra 2011; [15] Masmoudi et al. 2008; [20] Jenkins et al. 2009; [47] Nusdwinuringtyas et al, 2014; [13] Chetta et al. 2006; [45] Kim et al. 2014; [26] Jenkins et al. 2009; [07] Enrigth et al. 2003; [06] Gibbons et al. 2001","0.3233;0.681;0.3861;-0.1533;0.777;-0.2777;-0.2465;0.0201;0.2892;-0.2414;-0.1624;-0.1221;0.0567;-0.2081;-0.2005;-0.1606;-0.1062;-0.1549;0.5393;-0.3521;0.4576;-0.0586;0.1729;-0.2589",448.130434782609,568.857312572585,1298.92747806583,0.272226607139974,120.726877789976,0.358794421062447,248.176506007928,121.920479086705,137.785228534756
532,"natalia_oliveira_2023",21,"[48] Fernandes et al. 2016; [27] Alameri et al. 2009; [37] Hill et al. 2011; [20] Jenkins et al. 2009; [10] Camarri et al. 2006; [34] Dourado, Vidotto, Guerra 2011; [50] Zou et al. 2017; [06] Gibbons et al. 2001; [40] Britto et al. 2013; [13] Chetta et al. 2006; [54] Almeida et al. 2019; [45] Kim et al. 2014; [30] Osses et al. 2010; [07] Enrigth et al. 2003; [15] Masmoudi et al. 2008; [58] Delbressine et al. 2023; [47] Nusdwinuringtyas et al, 2014; [43] Rao et al. 2013; [32] Soares, Pereira 2011; [28] Ben Saad et al. 2009; [26] Jenkins et al. 2009","-0.3473;0.8629;0.4879;-0.0885;-0.2978;-0.1186;-0.3351;-0.4021;-0.1435;-0.4734;0.0553;0.45;-0.2152;0.4556;0.0994;0.2517;0.6263;-0.3762;-0.292;0.7453;0.0552",436.028985507246,584.063003390317,1244.92662777057,0.266183690714429,148.034017883071,44.0718559767158,264.996901183328,148.034017883071,162.600497599716
533,"natalia_oliveira_2023",14,"[02] Enright & Sherrill 1998; [45] Kim et al. 2014; [18] Iwama et al. 2009; [43] Rao et al. 2013; [13] Chetta et al. 2006; [37] Hill et al. 2011; [50] Zou et al. 2017; [20] Jenkins et al. 2009; [58] Delbressine et al. 2023; [34] Dourado, Vidotto, Guerra 2011; [40] Britto et al. 2013; [06] Gibbons et al. 2001; [32] Soares, Pereira 2011; [48] Fernandes et al. 2016","0.9642;1.1878;0.0893;-0.0524;-0.3832;0.3236;0.0158;-0.2351;-0.0552;-0.1834;-0.0156;-0.2897;-0.3305;-0.0356",459.507246376812,616.167626792321,2168.4660962625,0.289043951417058,156.660380415509,28.2439351261371,286.118517984797,156.660380415509,170.74359781779
534,"natalia_oliveira_2023",23,"[20] Jenkins et al. 2009; [58] Delbressine et al. 2023; [34] Dourado, Vidotto, Guerra 2011; [40] Britto et al. 2013; [04] Troosters, Gosselink & Decramer 1999; [15] Masmoudi et al. 2008; [30] Osses et al. 2010; [06] Gibbons et al. 2001; [27] Alameri et al. 2009; [10] Camarri et al. 2006; [32] Soares, Pereira 2011; [43] Rao et al. 2013; [54] Almeida et al. 2019; [13] Chetta et al. 2006; [37] Hill et al. 2011; [26] Jenkins et al. 2009; [47] Nusdwinuringtyas et al, 2014; [07] Enrigth et al. 2003; [48] Fernandes et al. 2016; [02] Enright & Sherrill 1998; [50] Zou et al. 2017; [18] Iwama et al. 2009; [28] Ben Saad et al. 2009","-0.1578;0.0649;-0.1919;-0.1339;0.3751;-0.0581;-0.2558;-0.3297;1.0591;-0.2105;-0.284;-0.2604;0.0284;-0.3969;0.3246;-0.0532;0.792;0.2167;-0.2636;0.7101;-0.204;-0.2049;0.4337",445.173913043478,528.393490416784,1687.08831753938,0.155329988644102,83.2195773733055,-48.9247004605214,206.003986737798,88.7519145318351,109.113201675241
535,"natalia_oliveira_2023",21,"[58] Delbressine et al. 2023; [37] Hill et al. 2011; [06] Gibbons et al. 2001; [07] Enrigth et al. 2003; [27] Alameri et al. 2009; [47] Nusdwinuringtyas et al, 2014; [45] Kim et al. 2014; [26] Jenkins et al. 2009; [10] Camarri et al. 2006; [43] Rao et al. 2013; [40] Britto et al. 2013; [32] Soares, Pereira 2011; [04] Troosters, Gosselink & Decramer 1999; [48] Fernandes et al. 2016; [54] Almeida et al. 2019; [18] Iwama et al. 2009; [13] Chetta et al. 2006; [28] Ben Saad et al. 2009; [34] Dourado, Vidotto, Guerra 2011; [30] Osses et al. 2010; [20] Jenkins et al. 2009","0.1438;0.4075;-0.2851;0.2931;0.7547;0.6686;0.3184;-0.0544;-0.3946;-0.4237;0.0398;-0.3004;0.4207;-0.25;0.1487;-0.2006;-0.4625;0.6701;-0.1652;-0.1935;-0.1353",448,604.22809891551,1443.73471710898,0.151320141472034,156.22809891551,31.6842020029234,284.809174928367,156.22809891551,169.897315301684
536,"natalia_oliveira_2023",18,"[26] Jenkins et al. 2009; [47] Nusdwinuringtyas et al, 2014; [04] Troosters, Gosselink & Decramer 1999; [34] Dourado, Vidotto, Guerra 2011; [58] Delbressine et al. 2023; [32] Soares, Pereira 2011; [30] Osses et al. 2010; [10] Camarri et al. 2006; [18] Iwama et al. 2009; [15] Masmoudi et al. 2008; [28] Ben Saad et al. 2009; [54] Almeida et al. 2019; [50] Zou et al. 2017; [37] Hill et al. 2011; [13] Chetta et al. 2006; [40] Britto et al. 2013; [02] Enright & Sherrill 1998; [20] Jenkins et al. 2009","0.1447;1.1806;0.5899;-0.1325;-0.0827;-0.3308;-0.3973;0.1007;-0.2848;-0.1252;0.3584;0.0989;0.0039;0.0893;-0.5238;-0.271;0.6833;-0.1016",439.68115942029,631.970494600981,2197.75094688914,0.189745569283262,192.289335180691,65.9406206152857,320.958623362892,192.289335180691,205.002157248153
537,"natalia_oliveira_2023",20,"[50] Zou et al. 2017; [48] Fernandes et al. 2016; [18] Iwama et al. 2009; [32] Soares, Pereira 2011; [04] Troosters, Gosselink & Decramer 1999; [28] Ben Saad et al. 2009; [10] Camarri et al. 2006; [07] Enrigth et al. 2003; [34] Dourado, Vidotto, Guerra 2011; [02] Enright & Sherrill 1998; [43] Rao et al. 2013; [26] Jenkins et al. 2009; [30] Osses et al. 2010; [54] Almeida et al. 2019; [40] Britto et al. 2013; [06] Gibbons et al. 2001; [37] Hill et al. 2011; [58] Delbressine et al. 2023; [20] Jenkins et al. 2009; [13] Chetta et al. 2006","0.2011;0.1712;0.2899;-0.1892;0.0738;0.1527;0.1245;-0.0283;0.0072;0.2441;0.1439;0.0135;-0.1476;0.2616;-0.0271;-0.0696;0.0647;-0.0657;-0.0888;-0.1319",456.565217391304,548.71715748489,1782.59916359604,0.0946555598718848,92.1519400935854,-26.8365949595368,225.798073841261,98.9489009152623,118.659222764015
538,"natalia_oliveira_2023",15,"[28] Ben Saad et al. 2009; [50] Zou et al. 2017; [04] Troosters, Gosselink & Decramer 1999; [40] Britto et al. 2013; [45] Kim et al. 2014; [43] Rao et al. 2013; [58] Delbressine et al. 2023; [30] Osses et al. 2010; [37] Hill et al. 2011; [47] Nusdwinuringtyas et al, 2014; [13] Chetta et al. 2006; [20] Jenkins et al. 2009; [27] Alameri et al. 2009; [02] Enright & Sherrill 1998; [48] Fernandes et al. 2016","0.305;-0.2132;0.2479;-0.1458;0.4006;-0.2839;-0.0897;-0.4083;0.4169;0.4941;-0.4393;-0.2764;0.6447;0.6486;-0.3011",449.811594202899,635.741183795275,1053.3068239732,0.335745822023803,185.929589592376,112.802905180489,309.455303212847,185.929589592376,195.111782402625
539,"natalia_oliveira_2023",13,"[13] Chetta et al. 2006; [47] Nusdwinuringtyas et al, 2014; [50] Zou et al. 2017; [06] Gibbons et al. 2001; [26] Jenkins et al. 2009; [27] Alameri et al. 2009; [04] Troosters, Gosselink & Decramer 1999; [30] Osses et al. 2010; [54] Almeida et al. 2019; [58] Delbressine et al. 2023; [10] Camarri et al. 2006; [02] Enright & Sherrill 1998; [40] Britto et al. 2013","-0.4042;0.6975;-0.289;-0.3178;-0.1924;0.8385;0.606;-0.3285;-0.0505;0.1159;-0.3926;0.8578;-0.1405",454.565217391304,419.229007682941,1588.88988305408,0.25948676939908,-35.3362097083631,-160.570397880264,99.5396842875608,68.3527683062715,78.7621264284061
540,"natalia_oliveira_2023",17,"[50] Zou et al. 2017; [48] Fernandes et al. 2016; [20] Jenkins et al. 2009; [06] Gibbons et al. 2001; [47] Nusdwinuringtyas et al, 2014; [34] Dourado, Vidotto, Guerra 2011; [10] Camarri et al. 2006; [37] Hill et al. 2011; [58] Delbressine et al. 2023; [02] Enright & Sherrill 1998; [04] Troosters, Gosselink & Decramer 1999; [27] Alameri et al. 2009; [40] Britto et al. 2013; [07] Enrigth et al. 2003; [54] Almeida et al. 2019; [18] Iwama et al. 2009; [45] Kim et al. 2014","-0.2408;-0.186;0.055;-0.1928;0.2711;0.0351;-0.195;-0.0907;0.0786;0.3116;0.3085;0.577;0.1;0.0559;0.0633;-0.1692;0.2184",433.594202898551,509.198679560796,1382.77329953239,0.210084415681826,75.6044766622451,-38.9515495478319,201.840390658131,86.8782592173899,104.876671300231
541,"natalia_oliveira_2023",3,"[04] Troosters, Gosselink & Decramer 1999; [27] Alameri et al. 2009; [07] Enrigth et al. 2003","0.3477;0.4401;0.2123",439.36231884058,542.774805010229,1250.99069829018,0.137917819420228,103.412486169649,-26.013214843656,227.626590258908,108.054946147824,127.731187877575
542,"natalia_oliveira_2023",10,"[10] Camarri et al. 2006; [47] Nusdwinuringtyas et al, 2014; [40] Britto et al. 2013; [32] Soares, Pereira 2011; [06] Gibbons et al. 2001; [48] Fernandes et al. 2016; [30] Osses et al. 2010; [13] Chetta et al. 2006; [04] Troosters, Gosselink & Decramer 1999; [54] Almeida et al. 2019","-0.4153;1.045;0.0364;-0.131;-0.1686;-0.172;-0.0287;-0.4005;1.009;0.2259",446.623188405797,603.791098672955,1632.48918403568,0.179109580791153,157.167910267158,40.5733825859858,287.090455904967,157.167910267158,172.275648237328
543,"natalia_oliveira_2023",17,"[04] Troosters, Gosselink & Decramer 1999; [40] Britto et al. 2013; [18] Iwama et al. 2009; [20] Jenkins et al. 2009; [34] Dourado, Vidotto, Guerra 2011; [58] Delbressine et al. 2023; [26] Jenkins et al. 2009; [54] Almeida et al. 2019; [07] Enrigth et al. 2003; [10] Camarri et al. 2006; [13] Chetta et al. 2006; [27] Alameri et al. 2009; [06] Gibbons et al. 2001; [50] Zou et al. 2017; [28] Ben Saad et al. 2009; [45] Kim et al. 2014; [02] Enright & Sherrill 1998","0.2384;-0.1002;-0.1761;-0.3388;-0.3509;0.0267;-0.2579;0.072;0.293;-0.4595;-0.4188;1.1281;-0.2417;-0.3429;0.4619;0.5763;0.8906",436.057971014493,367.777261225125,1893.51679889162,0.100994273760006,-68.2807097893676,-216.121331554379,64.8147811249831,86.299463662982,103.85552088136
544,"natalia_oliveira_2023",6,"[54] Almeida et al. 2019; [32] Soares, Pereira 2011; [58] Delbressine et al. 2023; [15] Masmoudi et al. 2008; [34] Dourado, Vidotto, Guerra 2011; [40] Britto et al. 2013","0.7454;-0.1131;0.5176;0.2676;-0.1673;-0.2502",446.420289855072,635.91047083248,1820.96564398027,0.0999785311811038,189.490180977408,92.1369787298922,320.529292624363,189.490180977408,201.429283574632
545,"natalia_oliveira_2023",18,"[20] Jenkins et al. 2009; [04] Troosters, Gosselink & Decramer 1999; [58] Delbressine et al. 2023; [45] Kim et al. 2014; [02] Enright & Sherrill 1998; [47] Nusdwinuringtyas et al, 2014; [54] Almeida et al. 2019; [18] Iwama et al. 2009; [43] Rao et al. 2013; [28] Ben Saad et al. 2009; [40] Britto et al. 2013; [30] Osses et al. 2010; [07] Enrigth et al. 2003; [27] Alameri et al. 2009; [13] Chetta et al. 2006; [26] Jenkins et al. 2009; [06] Gibbons et al. 2001; [37] Hill et al. 2011","-0.3241;0.3088;-0.0948;0.3401;0.8636;0.6901;-0.0122;-0.2258;-0.4244;0.4506;-0.1828;-0.4584;0.1017;0.7675;-0.5202;-0.188;-0.38;0.2885",449.594202898551,551.208131657172,1398.68282853554,0.265059051183305,101.613928758622,-29.5416030848643,228.051454449389,105.216301980668,125.008681447531
546,"natalia_oliveira_2023",19,"[15] Masmoudi et al. 2008; [54] Almeida et al. 2019; [58] Delbressine et al. 2023; [04] Troosters, Gosselink & Decramer 1999; [30] Osses et al. 2010; [32] Soares, Pereira 2011; [37] Hill et al. 2011; [34] Dourado, Vidotto, Guerra 2011; [06] Gibbons et al. 2001; [47] Nusdwinuringtyas et al, 2014; [10] Camarri et al. 2006; [27] Alameri et al. 2009; [13] Chetta et al. 2006; [40] Britto et al. 2013; [45] Kim et al. 2014; [50] Zou et al. 2017; [02] Enright & Sherrill 1998; [28] Ben Saad et al. 2009; [07] Enrigth et al. 2003","-0.1026;0.0437;0.022;0.5085;-0.3534;-0.3858;0.219;-0.2607;-0.4117;0.58;-0.3454;0.8207;-0.502;-0.2122;0.4111;-0.3723;0.7216;0.4332;0.1864",438.130434782609,476.259504110461,1692.9170830347,0.271159620094091,38.129069327852,-56.9515764833029,160.704068463311,62.6747893317111,77.5086499768195
547,"natalia_oliveira_2023",19,"[26] Jenkins et al. 2009; [32] Soares, Pereira 2011; [40] Britto et al. 2013; [02] Enright & Sherrill 1998; [07] Enrigth et al. 2003; [50] Zou et al. 2017; [15] Masmoudi et al. 2008; [04] Troosters, Gosselink & Decramer 1999; [18] Iwama et al. 2009; [20] Jenkins et al. 2009; [30] Osses et al. 2010; [34] Dourado, Vidotto, Guerra 2011; [48] Fernandes et al. 2016; [13] Chetta et al. 2006; [58] Delbressine et al. 2023; [06] Gibbons et al. 2001; [37] Hill et al. 2011; [10] Camarri et al. 2006; [54] Almeida et al. 2019","0.0257;-0.3931;-0.3285;0.8653;0.092;0.5256;-0.3501;0.5089;0.3207;-0.2569;-0.599;-0.2087;0.1084;-0.2881;-0.199;-0.3474;0.3323;0.4276;0.764",451.695652173913,681.938263252335,2969.08812228835,0.232868895526865,230.242611078422,129.244056296612,351.311281867717,230.242611078422,240.790956695935
548,"natalia_oliveira_2023",12,"[37] Hill et al. 2011; [13] Chetta et al. 2006; [34] Dourado, Vidotto, Guerra 2011; [58] Delbressine et al. 2023; [50] Zou et al. 2017; [43] Rao et al. 2013; [18] Iwama et al. 2009; [47] Nusdwinuringtyas et al, 2014; [06] Gibbons et al. 2001; [02] Enright & Sherrill 1998; [40] Britto et al. 2013; [48] Fernandes et al. 2016","0.1297;-0.2628;0.0996;0.19;0.0259;-0.0662;-0.1355;1.0248;-0.3011;0.5685;-0.0663;-0.2064",452,583.90548123119,1390.56506855834,0.154384557974831,131.90548123119,5.40731555614086,251.23096537984,132.002319457813,148.912154298898
549,"natalia_oliveira_2023",13,"[32] Soares, Pereira 2011; [02] Enright & Sherrill 1998; [30] Osses et al. 2010; [34] Dourado, Vidotto, Guerra 2011; [13] Chetta et al. 2006; [06] Gibbons et al. 2001; [58] Delbressine et al. 2023; [18] Iwama et al. 2009; [10] Camarri et al. 2006; [47] Nusdwinuringtyas et al, 2014; [40] Britto et al. 2013; [54] Almeida et al. 2019; [07] Enrigth et al. 2003","-0.1877;0.7452;-0.1966;-0.0606;-0.344;-0.3723;0.1793;-0.2544;0.2092;1.0548;-0.1253;0.0374;0.3149",449.695652173913,523.800934581776,1631.72905399017,0.135716406259939,74.1052824078633,-48.5923339312013,202.878825811683,81.074636274753,101.087672278448
550,"natalia_oliveira_2023",17,"[20] Jenkins et al. 2009; [54] Almeida et al. 2019; [32] Soares, Pereira 2011; [18] Iwama et al. 2009; [48] Fernandes et al. 2016; [07] Enrigth et al. 2003; [37] Hill et al. 2011; [27] Alameri et al. 2009; [13] Chetta et al. 2006; [40] Britto et al. 2013; [43] Rao et al. 2013; [28] Ben Saad et al. 2009; [04] Troosters, Gosselink & Decramer 1999; [30] Osses et al. 2010; [47] Nusdwinuringtyas et al, 2014; [58] Delbressine et al. 2023; [10] Camarri et al. 2006","-0.1566;0.128;-0.3229;-0.2727;-0.3162;0.2734;0.3592;1.0701;-0.5151;-0.0499;-0.4667;0.7517;0.3427;-0.2198;0.5919;0.1304;-0.3276",451,625.749207952124,1409.00568824469,0.146716862987073,174.749207952124,44.4311079213038,304.018863079808,174.749207952124,190.885937345642
551,"natalia_oliveira_2023",12,"[15] Masmoudi et al. 2008; [34] Dourado, Vidotto, Guerra 2011; [13] Chetta et al. 2006; [47] Nusdwinuringtyas et al, 2014; [30] Osses et al. 2010; [18] Iwama et al. 2009; [06] Gibbons et al. 2001; [27] Alameri et al. 2009; [07] Enrigth et al. 2003; [48] Fernandes et al. 2016; [02] Enright & Sherrill 1998; [26] Jenkins et al. 2009","0.0565;-0.215;-0.3436;0.5521;-0.2115;-0.0988;-0.2809;0.6029;0.3275;-0.1649;0.8867;-0.1111",469.275362318841,456.350907126406,1884.48978137827,0.347896320844343,-12.9244551924345,-132.485623777189,115.233111979952,54.5362517009034,66.3435886361457
552,"natalia_oliveira_2023",3,"[40] Britto et al. 2013; [54] Almeida et al. 2019; [48] Fernandes et al. 2016","0.3147;0.3208;0.3646",447.492753623188,548.323573655339,927.22210513014,0.216948776334863,100.830820032151,-30.1638968138543,232.986857177744,104.695967434954,124.469531887067
553,"natalia_oliveira_2023",11,"[28] Ben Saad et al. 2009; [40] Britto et al. 2013; [18] Iwama et al. 2009; [13] Chetta et al. 2006; [43] Rao et al. 2013; [15] Masmoudi et al. 2008; [32] Soares, Pereira 2011; [02] Enright & Sherrill 1998; [37] Hill et al. 2011; [47] Nusdwinuringtyas et al, 2014; [48] Fernandes et al. 2016","0.3135;-0.0766;-0.1586;-0.2227;0.0589;0.1815;-0.0432;0.3447;-0.004;0.841;-0.2344",446.695652173913,570.376670504325,1682.62422043599,0.228996249479174,123.681018330412,-9.53648174032659,239.756159046704,124.777045556405,139.291448133459
554,"natalia_oliveira_2023",6,"[43] Rao et al. 2013; [37] Hill et al. 2011; [26] Jenkins et al. 2009; [07] Enrigth et al. 2003; [20] Jenkins et al. 2009; [15] Masmoudi et al. 2008","0.4314;0.0721;0.3325;0.0137;0.1682;-0.0178",435.913043478261,532.517683397328,1305.25212815197,0.068100002828554,96.6046399190676,-44.1221844927917,225.188556790659,103.174330374348,122.605892742552
555,"natalia_oliveira_2023",4,"[02] Enright & Sherrill 1998; [13] Chetta et al. 2006; [32] Soares, Pereira 2011; [06] Gibbons et al. 2001","0.0524;0.2202;0.6081;0.1192",456.492753623188,551.25245125073,1623.02595737905,0.0841314645488709,94.7596976275415,-33.4748579689965,221.592466946617,100.229508018723,117.492873883274
556,"natalia_oliveira_2023",12,"[37] Hill et al. 2011; [34] Dourado, Vidotto, Guerra 2011; [20] Jenkins et al. 2009; [07] Enrigth et al. 2003; [45] Kim et al. 2014; [02] Enright & Sherrill 1998; [06] Gibbons et al. 2001; [18] Iwama et al. 2009; [15] Masmoudi et al. 2008; [47] Nusdwinuringtyas et al, 2014; [30] Osses et al. 2010; [54] Almeida et al. 2019","0.309;-0.1792;-0.1853;0.1913;0.6999;1.1577;-0.6999;-0.5268;-0.1821;0.7545;-0.4772;0.1381",432.579710144928,521.01157142375,1655.5708158763,0.217393352336228,88.4318612788222,-12.8206709422495,201.504526458241,90.0672698925675,112.59834196205
557,"natalia_oliveira_2023",13,"[50] Zou et al. 2017; [30] Osses et al. 2010; [06] Gibbons et al. 2001; [37] Hill et al. 2011; [40] Britto et al. 2013; [27] Alameri et al. 2009; [45] Kim et al. 2014; [54] Almeida et al. 2019; [02] Enright & Sherrill 1998; [07] Enrigth et al. 2003; [48] Fernandes et al. 2016; [10] Camarri et al. 2006; [34] Dourado, Vidotto, Guerra 2011","-0.4381;-0.349;-0.4019;0.4241;-0.0888;1.0792;0.5072;0.0796;0.9903;0.2447;-0.331;-0.4383;-0.278",440.594202898551,446.839542851322,1683.06836970202,0.133438256899705,6.24533995277156,-135.22636092402,129.65621479438,63.3868451953323,76.3003675038864
558,"natalia_oliveira_2023",20,"[47] Nusdwinuringtyas et al, 2014; [26] Jenkins et al. 2009; [15] Masmoudi et al. 2008; [48] Fernandes et al. 2016; [32] Soares, Pereira 2011; [13] Chetta et al. 2006; [45] Kim et al. 2014; [30] Osses et al. 2010; [06] Gibbons et al. 2001; [40] Britto et al. 2013; [20] Jenkins et al. 2009; [50] Zou et al. 2017; [07] Enrigth et al. 2003; [18] Iwama et al. 2009; [27] Alameri et al. 2009; [37] Hill et al. 2011; [54] Almeida et al. 2019; [58] Delbressine et al. 2023; [43] Rao et al. 2013; [10] Camarri et al. 2006","0.8675;0.211;0.2309;-0.3747;-0.3097;-0.5361;0.3539;-0.1281;-0.3758;-0.029;0.0344;-0.5069;0.643;-0.3233;0.9277;0.7841;0.0497;0.4031;-0.5274;-0.3944",436.31884057971,640.502115604715,1237.83476420571,0.135620344956865,204.183275025005,115.221775256196,317.698518225723,204.183275025005,215.848971903357
559,"natalia_oliveira_2023",18,"[10] Camarri et al. 2006; [40] Britto et al. 2013; [58] Delbressine et al. 2023; [45] Kim et al. 2014; [43] Rao et al. 2013; [30] Osses et al. 2010; [20] Jenkins et al. 2009; [48] Fernandes et al. 2016; [15] Masmoudi et al. 2008; [07] Enrigth et al. 2003; [06] Gibbons et al. 2001; [27] Alameri et al. 2009; [26] Jenkins et al. 2009; [50] Zou et al. 2017; [37] Hill et al. 2011; [13] Chetta et al. 2006; [54] Almeida et al. 2019; [02] Enright & Sherrill 1998","-0.3539;0.0259;0.1748;0.5422;-0.2941;-0.1319;-0.1354;-0.2127;0.0577;0.2792;-0.2262;1.0019;-0.0797;-0.2664;0.3088;-0.34;-0.0389;0.6889",452.463768115942,512.816099832456,1441.44247895763,0.132029627076828,60.3523317165137,-55.1503802411379,198.356399909509,71.6827086701038,90.3442786470902
560,"natalia_oliveira_2023",17,"[30] Osses et al. 2010; [20] Jenkins et al. 2009; [27] Alameri et al. 2009; [06] Gibbons et al. 2001; [50] Zou et al. 2017; [34] Dourado, Vidotto, Guerra 2011; [28] Ben Saad et al. 2009; [04] Troosters, Gosselink & Decramer 1999; [07] Enrigth et al. 2003; [26] Jenkins et al. 2009; [48] Fernandes et al. 2016; [45] Kim et al. 2014; [15] Masmoudi et al. 2008; [58] Delbressine et al. 2023; [13] Chetta et al. 2006; [02] Enright & Sherrill 1998; [10] Camarri et al. 2006","-0.2947;-0.2366;0.9397;-0.1351;-0.2805;-0.263;0.4266;0.3068;0.2384;-0.1369;-0.0891;0.4815;-0.1107;0.0517;-0.3138;0.7557;-0.3399",462.101449275362,429.391014121687,2159.85012325252,0.173937069671774,-32.710435153675,-157.63112004226,104.418289610269,64.5730233523179,76.2149256090474
561,"natalia_oliveira_2023",9,"[45] Kim et al. 2014; [18] Iwama et al. 2009; [50] Zou et al. 2017; [20] Jenkins et al. 2009; [06] Gibbons et al. 2001; [10] Camarri et al. 2006; [27] Alameri et al. 2009; [34] Dourado, Vidotto, Guerra 2011; [26] Jenkins et al. 2009","0.1026;-0.1929;-0.2438;0.2581;0.5008;-0.5364;0.6446;0.0382;0.4288",441.31884057971,539.067175076291,470.866518153403,0.108021228707946,97.7483344965812,-11.8269259140636,223.212363083712,98.9383040088213,117.899721317362
562,"natalia_oliveira_2023",20,"[34] Dourado, Vidotto, Guerra 2011; [30] Osses et al. 2010; [50] Zou et al. 2017; [28] Ben Saad et al. 2009; [02] Enright & Sherrill 1998; [07] Enrigth et al. 2003; [43] Rao et al. 2013; [27] Alameri et al. 2009; [54] Almeida et al. 2019; [04] Troosters, Gosselink & Decramer 1999; [37] Hill et al. 2011; [13] Chetta et al. 2006; [58] Delbressine et al. 2023; [32] Soares, Pereira 2011; [45] Kim et al. 2014; [06] Gibbons et al. 2001; [48] Fernandes et al. 2016; [10] Camarri et al. 2006; [18] Iwama et al. 2009; [47] Nusdwinuringtyas et al, 2014","-0.2143;-0.225;-0.316;0.2855;0.4273;0.2422;-0.3298;0.77;-0.0033;0.3915;0.3228;-0.3392;0.1151;-0.2388;0.3454;-0.2459;-0.2203;-0.3234;-0.1734;0.7296",439.289855072464,576.755997539206,1618.74325183898,0.152446464198659,137.466142466742,10.5944224888537,251.707568677567,137.643881035025,153.390182216298
563,"natalia_oliveira_2023",20,"[58] Delbressine et al. 2023; [13] Chetta et al. 2006; [20] Jenkins et al. 2009; [50] Zou et al. 2017; [28] Ben Saad et al. 2009; [15] Masmoudi et al. 2008; [18] Iwama et al. 2009; [47] Nusdwinuringtyas et al, 2014; [04] Troosters, Gosselink & Decramer 1999; [26] Jenkins et al. 2009; [43] Rao et al. 2013; [45] Kim et al. 2014; [34] Dourado, Vidotto, Guerra 2011; [37] Hill et al. 2011; [02] Enright & Sherrill 1998; [06] Gibbons et al. 2001; [54] Almeida et al. 2019; [10] Camarri et al. 2006; [30] Osses et al. 2010; [07] Enrigth et al. 2003","0.0317;-0.4482;-0.1461;-0.2383;0.3585;-0.0229;-0.1821;1.0704;0.5071;0.0153;-0.3022;0.6435;-0.2051;0.1361;0.5735;-0.3813;-0.0468;-0.2103;-0.2939;0.1411",447.202898550725,603.338916757054,2063.7773123435,0.11488655179749,156.136018206329,18.6979373407643,287.91385077525,156.136018206329,172.457194179847
564,"natalia_oliveira_2023",5,"[58] Delbressine et al. 2023; [32] Soares, Pereira 2011; [02] Enright & Sherrill 1998; [47] Nusdwinuringtyas et al, 2014; [18] Iwama et al. 2009","-0.1206;0.0147;0.7421;0.8229;-0.4591",447.449275362319,553.863333085593,2007.91274782179,0.299053868024905,106.414057723274,5.10375476540889,218.796425911435,106.978074628125,127.098870158392
565,"natalia_oliveira_2023",2,"[13] Chetta et al. 2006; [45] Kim et al. 2014","0.5617;0.4383",453.521739130435,557.411624080314,398.284569237897,0.206277813342859,103.889884949879,9.30736360475941,247.14282273963,105.052629715221,121.921217587614
566,"natalia_oliveira_2023",16,"[10] Camarri et al. 2006; [26] Jenkins et al. 2009; [20] Jenkins et al. 2009; [02] Enright & Sherrill 1998; [28] Ben Saad et al. 2009; [07] Enrigth et al. 2003; [58] Delbressine et al. 2023; [32] Soares, Pereira 2011; [13] Chetta et al. 2006; [50] Zou et al. 2017; [30] Osses et al. 2010; [15] Masmoudi et al. 2008; [45] Kim et al. 2014; [18] Iwama et al. 2009; [47] Nusdwinuringtyas et al, 2014; [54] Almeida et al. 2019","0.0341;0.0621;-0.1726;0.7799;0.4516;0.1239;-0.0333;-0.2488;-0.399;0.0133;-0.4228;-0.0972;0.6891;-0.2224;0.535;-0.0928",452.057971014493,562.757806836702,1894.73394847662,0.40957988805789,110.699835822209,-13.3606399990591,231.306300897735,112.424581023589,128.915862713415
567,"natalia_oliveira_2023",20,"[48] Fernandes et al. 2016; [58] Delbressine et al. 2023; [50] Zou et al. 2017; [18] Iwama et al. 2009; [32] Soares, Pereira 2011; [30] Osses et al. 2010; [54] Almeida et al. 2019; [45] Kim et al. 2014; [47] Nusdwinuringtyas et al, 2014; [40] Britto et al. 2013; [10] Camarri et al. 2006; [28] Ben Saad et al. 2009; [43] Rao et al. 2013; [07] Enrigth et al. 2003; [02] Enright & Sherrill 1998; [37] Hill et al. 2011; [20] Jenkins et al. 2009; [04] Troosters, Gosselink & Decramer 1999; [15] Masmoudi et al. 2008; [34] Dourado, Vidotto, Guerra 2011","-0.3183;-0.0613;-0.1981;-0.2323;-0.3209;-0.3313;0.1196;0.7395;0.8158;-0.1817;-0.0172;0.3404;-0.2761;0.0836;0.6487;0.1702;-0.1189;0.3992;-0.1375;-0.1234",470.594202898551,707.89964582193,1761.8400366246,0.266075488693426,237.305442923379,121.594384604567,366.010600976574,237.305442923379,245.774637520254
568,"natalia_oliveira_2023",4,"[58] Delbressine et al. 2023; [02] Enright & Sherrill 1998; [06] Gibbons et al. 2001; [48] Fernandes et al. 2016","0.2595;0.0133;0.0731;0.6541",442.753623188406,509.198687758364,1204.84256573022,0.0407106937227606,66.4450645699585,-39.5474548237315,180.515424577972,73.8929255765496,94.1819200288104
569,"natalia_oliveira_2023",22,"[13] Chetta et al. 2006; [27] Alameri et al. 2009; [34] Dourado, Vidotto, Guerra 2011; [07] Enrigth et al. 2003; [04] Troosters, Gosselink & Decramer 1999; [50] Zou et al. 2017; [48] Fernandes et al. 2016; [15] Masmoudi et al. 2008; [32] Soares, Pereira 2011; [58] Delbressine et al. 2023; [43] Rao et al. 2013; [10] Camarri et al. 2006; [30] Osses et al. 2010; [20] Jenkins et al. 2009; [47] Nusdwinuringtyas et al, 2014; [40] Britto et al. 2013; [26] Jenkins et al. 2009; [28] Ben Saad et al. 2009; [02] Enright & Sherrill 1998; [45] Kim et al. 2014; [37] Hill et al. 2011; [18] Iwama et al. 2009","-0.4299;0.7733;-0.1779;0.1917;0.3896;-0.2761;-0.2559;-0.0411;-0.2758;0.0634;-0.3017;-0.2405;-0.2509;-0.1334;0.6403;-0.1376;-0.0264;0.3981;0.615;0.4441;0.2208;-0.1892",451.130434782609,593.090038157727,2019.49698235863,0.261736611554603,141.959603375118,13.4857028008231,272.858281975861,141.959603375118,157.699519284743
570,"natalia_oliveira_2023",13,"[40] Britto et al. 2013; [37] Hill et al. 2011; [45] Kim et al. 2014; [15] Masmoudi et al. 2008; [58] Delbressine et al. 2023; [02] Enright & Sherrill 1998; [18] Iwama et al. 2009; [30] Osses et al. 2010; [07] Enrigth et al. 2003; [47] Nusdwinuringtyas et al, 2014; [26] Jenkins et al. 2009; [32] Soares, Pereira 2011; [13] Chetta et al. 2006","0.1043;0.2029;0.3132;-0.005;0.0347;0.2085;-0.159;-0.0537;0.076;0.516;0.0767;-0.1111;-0.2036",451.188405797101,593.431507030174,505.330867707686,0.00299132591320159,142.243101233073,45.4212078094665,260.88450709092,142.243101233073,154.886773514965
571,"natalia_oliveira_2023",13,"[54] Almeida et al. 2019; [40] Britto et al. 2013; [10] Camarri et al. 2006; [13] Chetta et al. 2006; [58] Delbressine et al. 2023; [28] Ben Saad et al. 2009; [50] Zou et al. 2017; [37] Hill et al. 2011; [32] Soares, Pereira 2011; [07] Enrigth et al. 2003; [06] Gibbons et al. 2001; [34] Dourado, Vidotto, Guerra 2011; [30] Osses et al. 2010","0.6782;-0.1892;0.373;-0.2546;-0.08;0.6466;0.5979;0.4612;-0.3474;0.2312;-0.2936;-0.2707;-0.5527",442.014492753623,678.883899841378,2333.94215782371,0.225725794208758,236.869407087755,92.5469791258296,345.79092044675,236.869407087755,247.311119373211
572,"natalia_oliveira_2023",15,"[30] Osses et al. 2010; [27] Alameri et al. 2009; [10] Camarri et al. 2006; [07] Enrigth et al. 2003; [50] Zou et al. 2017; [58] Delbressine et al. 2023; [54] Almeida et al. 2019; [34] Dourado, Vidotto, Guerra 2011; [15] Masmoudi et al. 2008; [47] Nusdwinuringtyas et al, 2014; [06] Gibbons et al. 2001; [43] Rao et al. 2013; [40] Britto et al. 2013; [20] Jenkins et al. 2009; [37] Hill et al. 2011","0.013;0.6117;-0.2015;0.1624;-0.2221;0.1729;0.0683;0.0446;0.1672;0.219;-0.2232;-0.2749;0.2241;0.2108;0.0278",457.101449275362,515.300032977522,779.649838834935,0.187474235912415,58.1985837021599,-42.6659063262973,163.530441670084,64.4393971875703,80.0406377067114
573,"natalia_oliveira_2023",5,"[04] Troosters, Gosselink & Decramer 1999; [37] Hill et al. 2011; [15] Masmoudi et al. 2008; [18] Iwama et al. 2009; [32] Soares, Pereira 2011","0.2553;-0.4589;0.1843;0.7118;0.3074",443.347826086957,483.820342025741,792.31931711494,0.0299951793673911,40.4725159387842,-75.7302694336229,157.841640661168,66.9909784295325,80.9696624699958
574,"natalia_oliveira_2023",15,"[54] Almeida et al. 2019; [34] Dourado, Vidotto, Guerra 2011; [13] Chetta et al. 2006; [37] Hill et al. 2011; [02] Enright & Sherrill 1998; [43] Rao et al. 2013; [10] Camarri et al. 2006; [20] Jenkins et al. 2009; [58] Delbressine et al. 2023; [26] Jenkins et al. 2009; [18] Iwama et al. 2009; [15] Masmoudi et al. 2008; [32] Soares, Pereira 2011; [50] Zou et al. 2017; [30] Osses et al. 2010","0.3552;-0.1757;-0.3635;0.3616;0.8243;0.2256;0.3859;-0.155;-0.1123;0.218;0.0336;-0.1818;-0.3399;0.4899;-0.5658",431.623188405797,628.129325282656,2611.91427349986,0.124914853138076,196.506136876859,52.021647659109,327.350303785862,196.506136876859,210.700788944868
575,"natalia_oliveira_2023",23,"[50] Zou et al. 2017; [04] Troosters, Gosselink & Decramer 1999; [32] Soares, Pereira 2011; [54] Almeida et al. 2019; [28] Ben Saad et al. 2009; [02] Enright & Sherrill 1998; [20] Jenkins et al. 2009; [48] Fernandes et al. 2016; [10] Camarri et al. 2006; [43] Rao et al. 2013; [37] Hill et al. 2011; [27] Alameri et al. 2009; [40] Britto et al. 2013; [26] Jenkins et al. 2009; [45] Kim et al. 2014; [58] Delbressine et al. 2023; [15] Masmoudi et al. 2008; [30] Osses et al. 2010; [34] Dourado, Vidotto, Guerra 2011; [07] Enrigth et al. 2003; [18] Iwama et al. 2009; [13] Chetta et al. 2006; [47] Nusdwinuringtyas et al, 2014","-0.3457;0.1395;-0.1291;-0.0149;0.4722;0.6532;-0.0745;-0.2282;-0.2919;-0.357;0.1451;0.8435;-0.0779;0.0119;0.3979;0.0492;-0.0476;-0.1256;-0.0893;0.0979;-0.2017;-0.3765;0.5495",448.434782608696,568.793156112458,1210.35126834549,0.103450847429362,120.358373503762,-6.46812923078289,244.460319754321,121.159913770208,138.17606694949
576,"natalia_oliveira_2023",11,"[58] Delbressine et al. 2023; [10] Camarri et al. 2006; [45] Kim et al. 2014; [43] Rao et al. 2013; [34] Dourado, Vidotto, Guerra 2011; [26] Jenkins et al. 2009; [28] Ben Saad et al. 2009; [30] Osses et al. 2010; [13] Chetta et al. 2006; [07] Enrigth et al. 2003; [48] Fernandes et al. 2016","0.1785;-0.349;1.2094;-0.2753;-0.1511;-0.1202;0.7447;-0.2049;-0.4043;0.4017;-0.0295",447.202898550725,598.92662571324,1798.18869558223,0.105320198974543,151.723727162516,58.2295586165559,285.602261235772,151.723727162516,166.427599096823
577,"natalia_oliveira_2023",14,"[47] Nusdwinuringtyas et al, 2014; [04] Troosters, Gosselink & Decramer 1999; [13] Chetta et al. 2006; [20] Jenkins et al. 2009; [58] Delbressine et al. 2023; [02] Enright & Sherrill 1998; [28] Ben Saad et al. 2009; [40] Britto et al. 2013; [32] Soares, Pereira 2011; [45] Kim et al. 2014; [18] Iwama et al. 2009; [15] Masmoudi et al. 2008; [37] Hill et al. 2011; [30] Osses et al. 2010","0.7361;0.3087;-0.5904;-0.2057;-0.022;0.8305;0.4633;-0.1788;-0.3972;0.7251;-0.399;-0.1589;0.2438;-0.3554",461.594202898551,637.88600845039,2423.27909321192,0.145720766818074,176.291805551839,54.4497104709232,305.607836499928,176.291805551839,191.174910442541
578,"natalia_oliveira_2023",14,"[06] Gibbons et al. 2001; [02] Enright & Sherrill 1998; [04] Troosters, Gosselink & Decramer 1999; [30] Osses et al. 2010; [34] Dourado, Vidotto, Guerra 2011; [18] Iwama et al. 2009; [28] Ben Saad et al. 2009; [45] Kim et al. 2014; [50] Zou et al. 2017; [54] Almeida et al. 2019; [32] Soares, Pereira 2011; [47] Nusdwinuringtyas et al, 2014; [37] Hill et al. 2011; [58] Delbressine et al. 2023","-0.4212;0.5397;0.3362;-0.3209;-0.1927;-0.3046;0.3102;0.5755;-0.3514;0.0479;-0.3485;0.835;0.294;7e-04",462.405797101449,594.06737076173,1621.43417523535,0.12135266360824,131.661573660281,19.2240977292971,258.985453742696,131.661573660281,147.813954986863
579,"natalia_oliveira_2023",1,"[28] Ben Saad et al. 2009","1",451.695652173913,603.276869565217,5969.8092226445,0.149985172072464,151.581217391304,34.12,318.635,152.128898550725,172.642600602634
580,"natalia_oliveira_2023",5,"[37] Hill et al. 2011; [07] Enrigth et al. 2003; [20] Jenkins et al. 2009; [54] Almeida et al. 2019; [30] Osses et al. 2010","0.4191;0.2294;0.1361;0.5234;-0.3079",460.115942028986,659.08137630567,2514.07617894255,0.127563946980275,198.965434276684,65.4912588467934,332.325422956718,198.965434276684,212.440844497538
581,"natalia_oliveira_2023",7,"[43] Rao et al. 2013; [37] Hill et al. 2011; [32] Soares, Pereira 2011; [40] Britto et al. 2013; [28] Ben Saad et al. 2009; [47] Nusdwinuringtyas et al, 2014; [30] Osses et al. 2010","-0.2756;0.1414;-0.1225;-0.1988;0.843;0.8114;-0.1989",437.971014492754,626.42798952228,1447.14253267715,0.177228512995769,188.456975029526,83.9925334052648,303.303969552426,188.456975029526,199.175611990283
582,"natalia_oliveira_2023",14,"[18] Iwama et al. 2009; [07] Enrigth et al. 2003; [06] Gibbons et al. 2001; [54] Almeida et al. 2019; [13] Chetta et al. 2006; [10] Camarri et al. 2006; [40] Britto et al. 2013; [43] Rao et al. 2013; [04] Troosters, Gosselink & Decramer 1999; [15] Masmoudi et al. 2008; [37] Hill et al. 2011; [20] Jenkins et al. 2009; [58] Delbressine et al. 2023; [48] Fernandes et al. 2016","0.1573;-0.0262;-0.0233;0.3514;-0.0789;0.154;0.035;0.0845;0.1363;0.0146;-0.0869;0.1832;0.0034;0.0959",438.927536231884,589.894482161219,1105.13043811979,0.167194661019353,150.966945929335,52.8643042673496,268.840500449581,150.966945929335,162.838008141014
583,"natalia_oliveira_2023",8,"[54] Almeida et al. 2019; [34] Dourado, Vidotto, Guerra 2011; [13] Chetta et al. 2006; [50] Zou et al. 2017; [20] Jenkins et al. 2009; [30] Osses et al. 2010; [45] Kim et al. 2014; [58] Delbressine et al. 2023","0.0777;-0.1583;-0.4687;-0.4669;-0.0903;0.0046;1.0407;1.0612",436.68115942029,626.642962607609,1283.52945571048,0.191445732132721,189.961803187319,40.8984424012157,312.039721676049,189.961803187319,206.216842466745
584,"natalia_oliveira_2023",20,"[45] Kim et al. 2014; [58] Delbressine et al. 2023; [54] Almeida et al. 2019; [48] Fernandes et al. 2016; [02] Enright & Sherrill 1998; [32] Soares, Pereira 2011; [06] Gibbons et al. 2001; [40] Britto et al. 2013; [30] Osses et al. 2010; [20] Jenkins et al. 2009; [26] Jenkins et al. 2009; [10] Camarri et al. 2006; [37] Hill et al. 2011; [34] Dourado, Vidotto, Guerra 2011; [27] Alameri et al. 2009; [13] Chetta et al. 2006; [15] Masmoudi et al. 2008; [47] Nusdwinuringtyas et al, 2014; [18] Iwama et al. 2009; [28] Ben Saad et al. 2009","0.4118;0.0584;8e-04;-0.2971;0.9197;-0.3455;-0.3467;-0.1736;-0.3128;-0.1276;0.0529;-0.2576;0.3848;-0.1791;0.8092;-0.4362;-0.0628;0.6046;-0.2482;0.5451",442.289855072464,516.92334699882,1203.45966287074,0.226207586321318,74.6334919263566,-47.1759543274378,201.379700960583,82.0377380413707,103.641604497286
585,"natalia_oliveira_2023",2,"[50] Zou et al. 2017; [40] Britto et al. 2013","0.5;0.5",443.985507246377,554.810411920882,970.455435689621,0.0416554957138333,110.824904674505,-15.796809362958,232.241221992654,112.792110384438,130.155356166457
586,"natalia_oliveira_2023",17,"[10] Camarri et al. 2006; [50] Zou et al. 2017; [04] Troosters, Gosselink & Decramer 1999; [47] Nusdwinuringtyas et al, 2014; [20] Jenkins et al. 2009; [37] Hill et al. 2011; [58] Delbressine et al. 2023; [26] Jenkins et al. 2009; [18] Iwama et al. 2009; [13] Chetta et al. 2006; [48] Fernandes et al. 2016; [40] Britto et al. 2013; [34] Dourado, Vidotto, Guerra 2011; [15] Masmoudi et al. 2008; [45] Kim et al. 2014; [30] Osses et al. 2010; [28] Ben Saad et al. 2009","-0.2061;-0.3145;0.463;0.8792;-0.1424;0.4129;0.0649;0.012;-0.2749;-0.5763;-0.3545;-0.0164;-0.1483;-0.1347;0.864;-0.3157;0.7878",447.304347826087,698.130678480194,1398.4287242605,0.247120982638883,250.826330654107,100.045484811288,365.989119375413,250.826330654107,261.328805402374
587,"natalia_oliveira_2023",17,"[06] Gibbons et al. 2001; [34] Dourado, Vidotto, Guerra 2011; [02] Enright & Sherrill 1998; [45] Kim et al. 2014; [48] Fernandes et al. 2016; [43] Rao et al. 2013; [50] Zou et al. 2017; [20] Jenkins et al. 2009; [32] Soares, Pereira 2011; [10] Camarri et al. 2006; [15] Masmoudi et al. 2008; [47] Nusdwinuringtyas et al, 2014; [58] Delbressine et al. 2023; [07] Enrigth et al. 2003; [18] Iwama et al. 2009; [37] Hill et al. 2011; [27] Alameri et al. 2009","-0.3837;-0.1668;0.882;0.5051;-0.3877;-0.3587;-0.2975;-0.1355;-0.3265;-0.2131;-0.0718;0.5112;0.077;0.2798;-0.3513;0.5082;0.9293",447.724637681159,574.420122932524,1231.05683959964,0.159556910759724,126.695485251364,-9.05476002780324,252.454606274415,127.83358424175,147.939225898245
588,"natalia_oliveira_2023",8,"[15] Masmoudi et al. 2008; [06] Gibbons et al. 2001; [34] Dourado, Vidotto, Guerra 2011; [13] Chetta et al. 2006; [58] Delbressine et al. 2023; [07] Enrigth et al. 2003; [26] Jenkins et al. 2009; [40] Britto et al. 2013","-0.0572;0.1873;0.0415;0.212;0.0617;0.2336;0.2712;0.0499",449.536231884058,604.550105617942,2529.57318220694,0.0860013796184105,155.013873733884,5.02030102773881,269.72387217543,155.013873733884,172.545819271627
589,"natalia_oliveira_2023",17,"[34] Dourado, Vidotto, Guerra 2011; [30] Osses et al. 2010; [32] Soares, Pereira 2011; [04] Troosters, Gosselink & Decramer 1999; [13] Chetta et al. 2006; [40] Britto et al. 2013; [20] Jenkins et al. 2009; [18] Iwama et al. 2009; [15] Masmoudi et al. 2008; [45] Kim et al. 2014; [26] Jenkins et al. 2009; [37] Hill et al. 2011; [54] Almeida et al. 2019; [02] Enright & Sherrill 1998; [48] Fernandes et al. 2016; [06] Gibbons et al. 2001; [43] Rao et al. 2013","-0.093;-0.1575;-0.0792;0.2322;-0.2503;-0.1056;-0.1134;0.0033;-0.0284;0.9397;-0.0246;0.3781;0.229;0.4001;-0.0535;-0.0932;-0.1837",436.391304347826,685.47234776018,1494.29842482491,0.13641784958837,249.081043412354,160.06717148655,369.640300733234,249.081043412354,258.478158509986
590,"natalia_oliveira_2023",18,"[02] Enright & Sherrill 1998; [37] Hill et al. 2011; [58] Delbressine et al. 2023; [27] Alameri et al. 2009; [13] Chetta et al. 2006; [26] Jenkins et al. 2009; [10] Camarri et al. 2006; [43] Rao et al. 2013; [30] Osses et al. 2010; [18] Iwama et al. 2009; [04] Troosters, Gosselink & Decramer 1999; [40] Britto et al. 2013; [54] Almeida et al. 2019; [45] Kim et al. 2014; [34] Dourado, Vidotto, Guerra 2011; [32] Soares, Pereira 2011; [20] Jenkins et al. 2009; [07] Enrigth et al. 2003","0.5927;0.3398;0.0712;0.8797;-0.4193;-0.0022;-0.3016;-0.347;-0.2446;-0.1863;0.353;-0.0529;0.1672;0.5031;-0.132;-0.3167;-0.1249;0.2207",443.04347826087,596.30675342401,1686.83235916308,0.267702262017803,153.26327516314,53.7583866840391,266.763867950524,153.26327516314,164.126495326285
591,"natalia_oliveira_2023",1,"[13] Chetta et al. 2006","1",472.985507246377,543.179260869565,1386.45149010742,0.16900524662107,70.1937536231883,-61.021,213.365,80.2999275362318,100.348703377959
592,"natalia_oliveira_2023",23,"[18] Iwama et al. 2009; [37] Hill et al. 2011; [50] Zou et al. 2017; [02] Enright & Sherrill 1998; [47] Nusdwinuringtyas et al, 2014; [48] Fernandes et al. 2016; [54] Almeida et al. 2019; [07] Enrigth et al. 2003; [45] Kim et al. 2014; [04] Troosters, Gosselink & Decramer 1999; [34] Dourado, Vidotto, Guerra 2011; [32] Soares, Pereira 2011; [58] Delbressine et al. 2023; [15] Masmoudi et al. 2008; [20] Jenkins et al. 2009; [43] Rao et al. 2013; [06] Gibbons et al. 2001; [28] Ben Saad et al. 2009; [26] Jenkins et al. 2009; [10] Camarri et al. 2006; [13] Chetta et al. 2006; [30] Osses et al. 2010; [40] Britto et al. 2013","-0.1983;0.426;-0.1268;0.773;0.9034;-0.259;0.0544;0.113;0.8484;0.2874;-0.1195;-0.341;-0.068;-0.1797;-0.1086;-0.2125;-0.3283;0.3962;0.0984;-0.0384;-0.4057;-0.3405;-0.1741",461.884057971014,684.420716416941,1528.90176633685,0.142471596298057,222.536658445927,98.0762895967796,356.646845680221,222.536658445927,234.133956032666
593,"natalia_oliveira_2023",16,"[54] Almeida et al. 2019; [02] Enright & Sherrill 1998; [18] Iwama et al. 2009; [48] Fernandes et al. 2016; [30] Osses et al. 2010; [32] Soares, Pereira 2011; [50] Zou et al. 2017; [06] Gibbons et al. 2001; [45] Kim et al. 2014; [28] Ben Saad et al. 2009; [26] Jenkins et al. 2009; [10] Camarri et al. 2006; [47] Nusdwinuringtyas et al, 2014; [40] Britto et al. 2013; [27] Alameri et al. 2009; [20] Jenkins et al. 2009","-0.1469;0.9851;-0.2292;-0.2642;-0.2477;-0.3201;-0.2225;-0.2672;0.4086;0.6375;-0.0305;-0.3121;0.5891;-0.1962;0.7834;-0.167",433.217391304348,441.971219142715,1427.08767129953,0.231201151325847,8.75382783836752,-108.119490995108,129.467281203895,58.3980204006216,71.2757506356889
594,"natalia_oliveira_2023",10,"[37] Hill et al. 2011; [20] Jenkins et al. 2009; [43] Rao et al. 2013; [27] Alameri et al. 2009; [07] Enrigth et al. 2003; [45] Kim et al. 2014; [04] Troosters, Gosselink & Decramer 1999; [28] Ben Saad et al. 2009; [13] Chetta et al. 2006; [02] Enright & Sherrill 1998","0.4734;-0.6165;-0.6226;0.9583;0.105;0.368;0.1987;0.2;-0.6695;0.6052",441.173913043478,638.208388071801,1763.79112953468,0.149885862264336,197.034475028323,54.6133338109404,309.317146750454,197.034475028323,209.065605103295
595,"natalia_oliveira_2023",7,"[10] Camarri et al. 2006; [15] Masmoudi et al. 2008; [54] Almeida et al. 2019; [43] Rao et al. 2013; [58] Delbressine et al. 2023; [34] Dourado, Vidotto, Guerra 2011; [07] Enrigth et al. 2003","0.1273;-0.0463;0.3817;0.1473;0.1136;-0.1452;0.4215",453.173913043478,560.86655705989,1827.50438832447,0.0311465875244942,107.692644016412,-23.8657828012381,245.782923936974,111.277555419953,133.211699029129
596,"natalia_oliveira_2023",7,"[40] Britto et al. 2013; [28] Ben Saad et al. 2009; [26] Jenkins et al. 2009; [43] Rao et al. 2013; [18] Iwama et al. 2009; [15] Masmoudi et al. 2008; [27] Alameri et al. 2009","-0.1918;1.1119;-0.4548;-0.52;-0.1404;0.103;1.0921",451.985507246377,541.843082300702,1200.01759737088,0.120264791019817,89.8575750543252,-64.8540846013412,229.147080086914,98.1426199988774,117.732627087732
597,"natalia_oliveira_2023",4,"[15] Masmoudi et al. 2008; [13] Chetta et al. 2006; [48] Fernandes et al. 2016; [04] Troosters, Gosselink & Decramer 1999","-0.2555;-0.0962;0.6897;0.662",446.202898550725,561.476407099368,2888.44763622999,0.28905435514897,115.273508548643,9.18286180593208,229.561307530178,115.572477703043,132.368622732181
598,"natalia_oliveira_2023",22,"[02] Enright & Sherrill 1998; [06] Gibbons et al. 2001; [13] Chetta et al. 2006; [34] Dourado, Vidotto, Guerra 2011; [18] Iwama et al. 2009; [26] Jenkins et al. 2009; [43] Rao et al. 2013; [58] Delbressine et al. 2023; [15] Masmoudi et al. 2008; [04] Troosters, Gosselink & Decramer 1999; [27] Alameri et al. 2009; [47] Nusdwinuringtyas et al, 2014; [32] Soares, Pereira 2011; [54] Almeida et al. 2019; [40] Britto et al. 2013; [07] Enrigth et al. 2003; [37] Hill et al. 2011; [48] Fernandes et al. 2016; [45] Kim et al. 2014; [20] Jenkins et al. 2009; [28] Ben Saad et al. 2009; [10] Camarri et al. 2006","0.7885;-0.3134;-0.4592;-0.2171;-0.2761;-0.1267;-0.3878;0.0288;-0.131;0.2487;0.8989;0.5546;-0.3346;0.0233;-0.0591;0.2101;0.4628;-0.3115;0.4623;-0.1971;0.4384;-0.3028",435.188405797101,589.273153311447,1645.86674341393,0.0991610749004133,154.084747514345,19.2360504939755,280.388004686068,154.084747514345,171.081244994128
599,"natalia_oliveira_2023",21,"[18] Iwama et al. 2009; [47] Nusdwinuringtyas et al, 2014; [58] Delbressine et al. 2023; [54] Almeida et al. 2019; [37] Hill et al. 2011; [26] Jenkins et al. 2009; [30] Osses et al. 2010; [43] Rao et al. 2013; [04] Troosters, Gosselink & Decramer 1999; [06] Gibbons et al. 2001; [28] Ben Saad et al. 2009; [02] Enright & Sherrill 1998; [27] Alameri et al. 2009; [15] Masmoudi et al. 2008; [20] Jenkins et al. 2009; [50] Zou et al. 2017; [13] Chetta et al. 2006; [45] Kim et al. 2014; [34] Dourado, Vidotto, Guerra 2011; [10] Camarri et al. 2006; [32] Soares, Pereira 2011","-0.2445;0.4702;0.0702;-0.0205;0.3096;-0.0853;-0.2431;-0.2809;0.2909;-0.3044;0.4595;0.7635;0.8473;-0.0709;-0.1775;-0.2336;-0.3814;0.4893;-0.2068;-0.1676;-0.284",469.913043478261,546.648119791257,1498.47984311962,0.210546456287215,76.7350763129963,-39.7710267825483,204.585846876901,85.5526611116856,103.962540345205
600,"natalia_oliveira_2023",11,"[34] Dourado, Vidotto, Guerra 2011; [02] Enright & Sherrill 1998; [48] Fernandes et al. 2016; [54] Almeida et al. 2019; [07] Enrigth et al. 2003; [10] Camarri et al. 2006; [45] Kim et al. 2014; [18] Iwama et al. 2009; [20] Jenkins et al. 2009; [50] Zou et al. 2017; [47] Nusdwinuringtyas et al, 2014","-0.171;0.8118;-0.499;0.1218;0.2587;-0.1526;0.876;-0.437;-0.159;-0.2704;0.6208",450.898550724638,599.140010507743,1386.3661350005,0.239714442714097,148.241459783105,32.8630720548274,269.78093467744,148.241459783105,162.042710737647
601,"natalia_oliveira_2023",9,"[43] Rao et al. 2013; [04] Troosters, Gosselink & Decramer 1999; [07] Enrigth et al. 2003; [13] Chetta et al. 2006; [37] Hill et al. 2011; [28] Ben Saad et al. 2009; [20] Jenkins et al. 2009; [30] Osses et al. 2010; [26] Jenkins et al. 2009","0.5343;0.1389;-0.0904;-0.0125;0.0516;0.3882;0.0277;-0.2572;0.2193",446.130434782609,513.985777466437,3266.49641257809,0.27638113548555,67.8553426838278,-59.409291084429,211.227509343225,78.7640392861656,98.5547129702973
602,"natalia_oliveira_2023",12,"[47] Nusdwinuringtyas et al, 2014; [43] Rao et al. 2013; [32] Soares, Pereira 2011; [15] Masmoudi et al. 2008; [54] Almeida et al. 2019; [50] Zou et al. 2017; [34] Dourado, Vidotto, Guerra 2011; [37] Hill et al. 2011; [13] Chetta et al. 2006; [27] Alameri et al. 2009; [30] Osses et al. 2010; [10] Camarri et al. 2006","0.405;-0.5232;-0.215;0.6715;-0.093;-0.3982;0.2046;0.712;-0.6307;1.0374;0.043;-0.2134",442.217391304348,608.376711585288,773.169615506966,0.216596468542358,166.15932028094,61.2333738037255,302.724419706556,166.15932028094,181.503224438114
603,"natalia_oliveira_2023",23,"[04] Troosters, Gosselink & Decramer 1999; [45] Kim et al. 2014; [20] Jenkins et al. 2009; [13] Chetta et al. 2006; [02] Enright & Sherrill 1998; [43] Rao et al. 2013; [50] Zou et al. 2017; [48] Fernandes et al. 2016; [54] Almeida et al. 2019; [30] Osses et al. 2010; [27] Alameri et al. 2009; [28] Ben Saad et al. 2009; [40] Britto et al. 2013; [15] Masmoudi et al. 2008; [37] Hill et al. 2011; [58] Delbressine et al. 2023; [10] Camarri et al. 2006; [07] Enrigth et al. 2003; [34] Dourado, Vidotto, Guerra 2011; [32] Soares, Pereira 2011; [47] Nusdwinuringtyas et al, 2014; [06] Gibbons et al. 2001; [18] Iwama et al. 2009","0.3784;0.4234;-0.168;-0.3816;0.6577;-0.2851;-0.2583;-0.1869;0.0113;-0.2495;0.7768;0.3727;-0.1227;-0.0831;0.339;0.0307;-0.2221;0.1851;-0.1849;-0.2895;0.6497;-0.2567;-0.1362",445.68115942029,571.244240516496,1593.79106629291,0.238317632774435,125.563081096206,-4.25731943148639,253.226154127047,126.106450685254,143.586946679664
604,"natalia_oliveira_2023",20,"[45] Kim et al. 2014; [26] Jenkins et al. 2009; [02] Enright & Sherrill 1998; [34] Dourado, Vidotto, Guerra 2011; [28] Ben Saad et al. 2009; [50] Zou et al. 2017; [18] Iwama et al. 2009; [20] Jenkins et al. 2009; [04] Troosters, Gosselink & Decramer 1999; [07] Enrigth et al. 2003; [48] Fernandes et al. 2016; [47] Nusdwinuringtyas et al, 2014; [13] Chetta et al. 2006; [43] Rao et al. 2013; [54] Almeida et al. 2019; [37] Hill et al. 2011; [58] Delbressine et al. 2023; [06] Gibbons et al. 2001; [32] Soares, Pereira 2011; [40] Britto et al. 2013","0.7582;-0.0643;0.7607;-0.2297;0.4289;-0.1571;-0.1405;-0.1888;0.376;0.0885;-0.2135;0.9657;-0.409;-0.2184;0.0176;0.1592;-0.0499;-0.3437;-0.3687;-0.1712",461.014492753623,639.515729666753,1640.03091784291,0.179141116837232,178.50123691313,80.191098154739,308.195934780654,178.50123691313,191.33971320926
605,"natalia_oliveira_2023",10,"[34] Dourado, Vidotto, Guerra 2011; [45] Kim et al. 2014; [58] Delbressine et al. 2023; [40] Britto et al. 2013; [27] Alameri et al. 2009; [43] Rao et al. 2013; [47] Nusdwinuringtyas et al, 2014; [32] Soares, Pereira 2011; [50] Zou et al. 2017; [30] Osses et al. 2010","-0.0754;0.193;1.044;0.0232;0.725;-0.548;0.2955;-0.2522;-0.4735;0.0684",442.246376811594,616.313211619432,639.527653117472,0.0696168248650489,174.066834807838,49.1762857003401,311.854556368432,174.066834807838,190.016591438401
606,"natalia_oliveira_2023",8,"[02] Enright & Sherrill 1998; [26] Jenkins et al. 2009; [54] Almeida et al. 2019; [45] Kim et al. 2014; [37] Hill et al. 2011; [13] Chetta et al. 2006; [40] Britto et al. 2013; [47] Nusdwinuringtyas et al, 2014","0.4507;0.0741;0.0864;0.3227;0.0013;-0.3514;-0.0029;0.4191",445.275362318841,575.634193568577,827.442111854988,0.09139406920864,130.358831249737,10.587283409157,260.947418571219,130.358831249737,145.524122073089
607,"natalia_oliveira_2023",7,"[07] Enrigth et al. 2003; [06] Gibbons et al. 2001; [48] Fernandes et al. 2016; [26] Jenkins et al. 2009; [45] Kim et al. 2014; [02] Enright & Sherrill 1998; [28] Ben Saad et al. 2009","-0.0239;-0.4145;-0.186;-0.6361;1.0432;0.864;0.3533",456.95652173913,525.803805483298,2580.81378744197,0.257779517211574,68.8472837441678,-53.1497881270161,191.088089562857,75.5636686946992,97.0433254779029
608,"natalia_oliveira_2023",1,"[50] Zou et al. 2017","1",432.63768115942,560.108637681159,796.328362205029,0.117506654580477,127.470956521739,24.643,250.2884,127.900782608696,146.319105460871
609,"natalia_oliveira_2023",10,"[54] Almeida et al. 2019; [06] Gibbons et al. 2001; [26] Jenkins et al. 2009; [45] Kim et al. 2014; [10] Camarri et al. 2006; [15] Masmoudi et al. 2008; [07] Enrigth et al. 2003; [43] Rao et al. 2013; [18] Iwama et al. 2009; [30] Osses et al. 2010","0.2522;-0.233;-0.0754;1.0235;-0.4626;0.2341;0.8636;-0.409;-0.0177;-0.1757",460.159420289855,551.92280271897,2147.01885989236,0.167993936185294,91.7633824291146,-37.2106605043676,217.099048712378,97.5788254645439,113.469738580713
610,"natalia_oliveira_2023",7,"[37] Hill et al. 2011; [26] Jenkins et al. 2009; [54] Almeida et al. 2019; [47] Nusdwinuringtyas et al, 2014; [30] Osses et al. 2010; [10] Camarri et al. 2006; [58] Delbressine et al. 2023","0.2906;0.4066;0.0733;0.5291;-0.402;-0.2682;0.3707",448.579710144928,594.219130190909,1637.62052112306,0.232712603701721,145.639420045981,15.8249297627835,271.16069219752,145.728087179185,162.931998814877
611,"natalia_oliveira_2023",5,"[20] Jenkins et al. 2009; [47] Nusdwinuringtyas et al, 2014; [13] Chetta et al. 2006; [28] Ben Saad et al. 2009; [34] Dourado, Vidotto, Guerra 2011","-0.1312;0.8029;-0.3958;0.9809;-0.2568",440.492753623188,556.742045757201,1832.72534377701,0.304119260524441,116.249292134013,-13.2401722019905,229.824155747664,118.965491309318,141.301496294299
612,"natalia_oliveira_2023",22,"[47] Nusdwinuringtyas et al, 2014; [54] Almeida et al. 2019; [34] Dourado, Vidotto, Guerra 2011; [45] Kim et al. 2014; [26] Jenkins et al. 2009; [20] Jenkins et al. 2009; [48] Fernandes et al. 2016; [27] Alameri et al. 2009; [13] Chetta et al. 2006; [28] Ben Saad et al. 2009; [40] Britto et al. 2013; [50] Zou et al. 2017; [04] Troosters, Gosselink & Decramer 1999; [37] Hill et al. 2011; [32] Soares, Pereira 2011; [06] Gibbons et al. 2001; [43] Rao et al. 2013; [58] Delbressine et al. 2023; [10] Camarri et al. 2006; [30] Osses et al. 2010; [07] Enrigth et al. 2003; [15] Masmoudi et al. 2008","0.4976;0.1376;-0.1314;0.3365;0.0054;-0.1002;-0.2964;0.9131;-0.3692;0.4176;-0.0878;-0.4266;0.4331;0.4798;-0.2002;-0.2139;-0.4496;0.1774;-0.3335;-0.1637;0.3297;0.0446",450.304347826087,619.125169223757,1339.86428724586,0.0522915047738745,168.82082139767,42.6924342898226,296.598175571511,168.82082139767,184.81039011466
613,"natalia_oliveira_2023",6,"[37] Hill et al. 2011; [58] Delbressine et al. 2023; [34] Dourado, Vidotto, Guerra 2011; [54] Almeida et al. 2019; [50] Zou et al. 2017; [20] Jenkins et al. 2009","-0.1861;0.1145;0.2887;0.1166;0.3502;0.3162",450.333333333333,578.866146231219,1031.76331803055,0.257176541161038,128.532812897886,32.7781027288405,227.542499377032,128.532812897886,139.434818738439
614,"natalia_oliveira_2023",22,"[15] Masmoudi et al. 2008; [34] Dourado, Vidotto, Guerra 2011; [58] Delbressine et al. 2023; [07] Enrigth et al. 2003; [02] Enright & Sherrill 1998; [50] Zou et al. 2017; [37] Hill et al. 2011; [54] Almeida et al. 2019; [43] Rao et al. 2013; [13] Chetta et al. 2006; [40] Britto et al. 2013; [04] Troosters, Gosselink & Decramer 1999; [26] Jenkins et al. 2009; [30] Osses et al. 2010; [47] Nusdwinuringtyas et al, 2014; [45] Kim et al. 2014; [06] Gibbons et al. 2001; [27] Alameri et al. 2009; [20] Jenkins et al. 2009; [32] Soares, Pereira 2011; [18] Iwama et al. 2009; [10] Camarri et al. 2006","0.075;-0.1256;0.1663;0.2649;0.6113;-0.313;0.2366;0.0057;-0.3423;-0.3996;0.0308;0.4828;-0.0182;-0.1471;0.6292;0.4276;-0.324;0.8259;-0.1009;-0.3825;-0.2462;-0.3566",458.898550724638,537.376354950999,1712.43482238352,0.198591857587587,78.477804226361,-34.8082104797062,199.500948551623,83.3206049833478,102.770302235693
615,"natalia_oliveira_2023",20,"[37] Hill et al. 2011; [30] Osses et al. 2010; [47] Nusdwinuringtyas et al, 2014; [50] Zou et al. 2017; [58] Delbressine et al. 2023; [45] Kim et al. 2014; [20] Jenkins et al. 2009; [40] Britto et al. 2013; [18] Iwama et al. 2009; [54] Almeida et al. 2019; [32] Soares, Pereira 2011; [34] Dourado, Vidotto, Guerra 2011; [48] Fernandes et al. 2016; [06] Gibbons et al. 2001; [28] Ben Saad et al. 2009; [02] Enright & Sherrill 1998; [07] Enrigth et al. 2003; [26] Jenkins et al. 2009; [13] Chetta et al. 2006; [43] Rao et al. 2013","0.1973;-0.2675;1.0025;-0.1473;0.0761;0.7235;-0.0967;-0.213;-0.144;-0.0618;-0.298;-0.1486;-0.2227;-0.3648;0.493;0.7828;0.214;0.0671;-0.3914;-0.2005",451.623188405797,611.056997867851,1831.34797560288,0.210138870130793,159.433809462054,36.2167407080779,283.926985219712,159.433809462054,174.259271053363
616,"natalia_oliveira_2023",7,"[07] Enrigth et al. 2003; [30] Osses et al. 2010; [27] Alameri et al. 2009; [28] Ben Saad et al. 2009; [06] Gibbons et al. 2001; [02] Enright & Sherrill 1998; [58] Delbressine et al. 2023","0.2481;-0.1953;0.5497;0.0499;0.0977;0.1501;0.0999",462.478260869565,503.361039716148,867.562573750141,0.0275153390409175,40.8827788465824,-49.4239365603062,170.167596591981,55.8551871135845,75.3705212269096
617,"natalia_oliveira_2023",5,"[26] Jenkins et al. 2009; [20] Jenkins et al. 2009; [02] Enright & Sherrill 1998; [45] Kim et al. 2014; [18] Iwama et al. 2009","-0.0233;-0.3126;0.7809;0.8458;-0.2907",444,571.254251652024,2479.23961451773,0.366920007488256,127.254251652024,-18.288434561675,241.106766014496,128.944089838838,145.860898746964
618,"natalia_oliveira_2023",13,"[15] Masmoudi et al. 2008; [43] Rao et al. 2013; [45] Kim et al. 2014; [20] Jenkins et al. 2009; [40] Britto et al. 2013; [28] Ben Saad et al. 2009; [04] Troosters, Gosselink & Decramer 1999; [30] Osses et al. 2010; [27] Alameri et al. 2009; [18] Iwama et al. 2009; [37] Hill et al. 2011; [48] Fernandes et al. 2016; [47] Nusdwinuringtyas et al, 2014","-0.1723;-0.6703;0.1554;-0.2574;-0.0481;0.8118;0.3921;-0.3482;0.7067;-0.3354;0.4827;-0.3791;0.662",435.101449275362,737.923365867576,1354.1562845033,0.133186703887153,302.821916592214,163.08631761004,430.08533949321,302.821916592214,311.133142927799
619,"natalia_oliveira_2023",23,"[48] Fernandes et al. 2016; [02] Enright & Sherrill 1998; [40] Britto et al. 2013; [30] Osses et al. 2010; [32] Soares, Pereira 2011; [45] Kim et al. 2014; [54] Almeida et al. 2019; [37] Hill et al. 2011; [07] Enrigth et al. 2003; [10] Camarri et al. 2006; [18] Iwama et al. 2009; [27] Alameri et al. 2009; [13] Chetta et al. 2006; [50] Zou et al. 2017; [20] Jenkins et al. 2009; [43] Rao et al. 2013; [34] Dourado, Vidotto, Guerra 2011; [58] Delbressine et al. 2023; [28] Ben Saad et al. 2009; [47] Nusdwinuringtyas et al, 2014; [15] Masmoudi et al. 2008; [06] Gibbons et al. 2001; [04] Troosters, Gosselink & Decramer 1999","-0.2653;0.727;-0.0974;-0.2256;-0.269;0.4869;-0.0436;0.3098;0.2093;-0.3678;-0.217;0.9226;-0.4306;-0.3313;-0.1346;-0.357;-0.204;0.0851;0.4908;0.7492;-0.0482;-0.2974;0.3079",441.63768115942,556.019272261638,1524.40285683412,0.136023674258373,114.381591102218,16.2848053486846,232.526598821434,114.413727651625,133.889687628663
620,"natalia_oliveira_2023",8,"[34] Dourado, Vidotto, Guerra 2011; [32] Soares, Pereira 2011; [02] Enright & Sherrill 1998; [40] Britto et al. 2013; [10] Camarri et al. 2006; [04] Troosters, Gosselink & Decramer 1999; [48] Fernandes et al. 2016; [20] Jenkins et al. 2009","0.0552;-0.1396;0.2213;0.0776;0.4369;0.0666;0.2588;0.0232",447.623188405797,594.167746295143,1792.07009850494,0.104793531566036,146.544557889346,12.2219264866005,287.286113817075,146.544557889346,166.211168808836
621,"natalia_oliveira_2023",20,"[07] Enrigth et al. 2003; [40] Britto et al. 2013; [37] Hill et al. 2011; [20] Jenkins et al. 2009; [15] Masmoudi et al. 2008; [10] Camarri et al. 2006; [04] Troosters, Gosselink & Decramer 1999; [47] Nusdwinuringtyas et al, 2014; [34] Dourado, Vidotto, Guerra 2011; [30] Osses et al. 2010; [43] Rao et al. 2013; [27] Alameri et al. 2009; [48] Fernandes et al. 2016; [13] Chetta et al. 2006; [18] Iwama et al. 2009; [02] Enright & Sherrill 1998; [50] Zou et al. 2017; [32] Soares, Pereira 2011; [45] Kim et al. 2014; [26] Jenkins et al. 2009","0.1786;-0.004;0.1253;-0.0345;0.0365;-0.3644;0.42;0.5321;-0.1048;-0.149;-0.3476;0.8463;-0.2393;-0.3592;-0.2074;0.7014;-0.3313;-0.1974;0.394;0.1046",436.608695652174,576.882950447729,1433.26305850157,0.192569818372268,140.274254795555,36.2542652996461,258.410941832863,140.274254795555,155.141136003021
622,"natalia_oliveira_2023",17,"[20] Jenkins et al. 2009; [15] Masmoudi et al. 2008; [02] Enright & Sherrill 1998; [43] Rao et al. 2013; [48] Fernandes et al. 2016; [27] Alameri et al. 2009; [10] Camarri et al. 2006; [06] Gibbons et al. 2001; [47] Nusdwinuringtyas et al, 2014; [30] Osses et al. 2010; [37] Hill et al. 2011; [40] Britto et al. 2013; [58] Delbressine et al. 2023; [34] Dourado, Vidotto, Guerra 2011; [26] Jenkins et al. 2009; [28] Ben Saad et al. 2009; [54] Almeida et al. 2019","-0.171;-0.0396;0.8957;-0.4842;-0.5317;1.0767;-0.2603;-0.5875;0.7278;-0.3555;0.4772;-0.1914;0.0987;-0.1977;0.008;0.5199;0.0149",439.521739130435,557.002622177884,1801.23624355105,0.145220636277213,117.480883047449,17.4965622906663,241.869609178765,118.169779550027,141.28295133069
623,"natalia_oliveira_2023",9,"[10] Camarri et al. 2006; [06] Gibbons et al. 2001; [28] Ben Saad et al. 2009; [40] Britto et al. 2013; [18] Iwama et al. 2009; [30] Osses et al. 2010; [15] Masmoudi et al. 2008; [48] Fernandes et al. 2016; [37] Hill et al. 2011","0.4158;-0.0885;0.2835;0.0962;0.2404;-0.0818;5e-04;0.1263;0.0075",457.608695652174,592.712947578006,1477.45789088122,0.152767157526223,135.104251925832,7.73079494136766,252.679534231293,135.104251925832,149.74972498309
624,"natalia_oliveira_2023",8,"[47] Nusdwinuringtyas et al, 2014; [18] Iwama et al. 2009; [54] Almeida et al. 2019; [48] Fernandes et al. 2016; [34] Dourado, Vidotto, Guerra 2011; [04] Troosters, Gosselink & Decramer 1999; [28] Ben Saad et al. 2009; [26] Jenkins et al. 2009","1.2477;-0.4754;0.1776;-0.5813;-0.4454;0.6035;0.6435;-0.1701",447.231884057971,659.478743043072,1482.88131275712,0.150134489888253,212.246858985101,72.1191804357924,338.041802121354,212.246858985101,225.911449934556
625,"natalia_oliveira_2023",4,"[10] Camarri et al. 2006; [43] Rao et al. 2013; [27] Alameri et al. 2009; [06] Gibbons et al. 2001","0.4554;-0.0884;0.1244;0.5086",433.376811594203,655.911963734486,896.39211262842,0.238956304289247,222.535152140283,76.240133195122,358.615199478563,222.535152140283,237.694717615803
626,"natalia_oliveira_2023",16,"[06] Gibbons et al. 2001; [04] Troosters, Gosselink & Decramer 1999; [13] Chetta et al. 2006; [30] Osses et al. 2010; [28] Ben Saad et al. 2009; [18] Iwama et al. 2009; [54] Almeida et al. 2019; [47] Nusdwinuringtyas et al, 2014; [32] Soares, Pereira 2011; [10] Camarri et al. 2006; [45] Kim et al. 2014; [48] Fernandes et al. 2016; [34] Dourado, Vidotto, Guerra 2011; [58] Delbressine et al. 2023; [37] Hill et al. 2011; [40] Britto et al. 2013","-0.3495;0.5452;-0.4841;-0.295;0.8254;-0.1612;0.1044;0.9763;-0.3996;-0.3852;0.658;-0.2337;-0.1362;0.0443;0.3257;-0.0348",444.536231884058,624.22914616315,1565.7588379183,0.233659926730216,179.692914279092,45.209093733091,304.966586217242,179.692914279092,194.997297693493
627,"natalia_oliveira_2023",5,"[20] Jenkins et al. 2009; [13] Chetta et al. 2006; [32] Soares, Pereira 2011; [18] Iwama et al. 2009; [37] Hill et al. 2011","0.3369;0.0787;0.0341;0.4524;0.098",450.68115942029,586.042146836093,1331.49115083607,0.133155454844037,135.360987415803,32.6082574274225,259.167020052805,135.360987415803,149.378787366166
628,"natalia_oliveira_2023",14,"[40] Britto et al. 2013; [07] Enrigth et al. 2003; [37] Hill et al. 2011; [54] Almeida et al. 2019; [30] Osses et al. 2010; [32] Soares, Pereira 2011; [27] Alameri et al. 2009; [43] Rao et al. 2013; [10] Camarri et al. 2006; [26] Jenkins et al. 2009; [58] Delbressine et al. 2023; [02] Enright & Sherrill 1998; [47] Nusdwinuringtyas et al, 2014; [48] Fernandes et al. 2016","-0.1436;0.3148;0.4267;0.0708;-0.2214;-0.2974;0.9598;-0.494;-0.2015;0.0597;0.1502;0.4861;0.3896;-0.4997",447.376811594203,630.747738999731,1197.17340167398,0.0580714721263584,183.370927405528,46.7162494197274,309.650628306429,183.370927405528,197.870383288169
629,"natalia_oliveira_2023",16,"[58] Delbressine et al. 2023; [20] Jenkins et al. 2009; [04] Troosters, Gosselink & Decramer 1999; [13] Chetta et al. 2006; [07] Enrigth et al. 2003; [27] Alameri et al. 2009; [02] Enright & Sherrill 1998; [37] Hill et al. 2011; [47] Nusdwinuringtyas et al, 2014; [10] Camarri et al. 2006; [50] Zou et al. 2017; [54] Almeida et al. 2019; [26] Jenkins et al. 2009; [43] Rao et al. 2013; [48] Fernandes et al. 2016; [28] Ben Saad et al. 2009","0.007;-0.2618;0.5751;-0.4719;0.1393;1.1352;0.5185;0.0969;0.652;-0.3598;-0.3319;-0.1655;-0.0928;-0.3824;-0.3823;0.3243",440.869565217391,538.090823634345,1491.76324278614,0.183606011473911,97.221258416954,-24.2407207549392,199.333793779054,100.37085965225,120.325342826497
630,"natalia_oliveira_2023",12,"[32] Soares, Pereira 2011; [13] Chetta et al. 2006; [27] Alameri et al. 2009; [30] Osses et al. 2010; [54] Almeida et al. 2019; [10] Camarri et al. 2006; [07] Enrigth et al. 2003; [28] Ben Saad et al. 2009; [04] Troosters, Gosselink & Decramer 1999; [48] Fernandes et al. 2016; [26] Jenkins et al. 2009; [18] Iwama et al. 2009","-0.3593;-0.3248;0.9675;-0.3026;0.1328;-0.3295;0.4452;0.6552;0.3079;-0.0052;-0.2752;0.088",465.231884057971,436.417994605914,1540.65533703847,0.234756405909595,-28.8138894520572,-146.921954663197,113.031313424095,59.1281139330344,74.7371657436507
631,"natalia_oliveira_2023",9,"[20] Jenkins et al. 2009; [28] Ben Saad et al. 2009; [58] Delbressine et al. 2023; [02] Enright & Sherrill 1998; [47] Nusdwinuringtyas et al, 2014; [37] Hill et al. 2011; [45] Kim et al. 2014; [48] Fernandes et al. 2016; [40] Britto et al. 2013","-0.5276;0.5182;-0.2517;1.0585;0.8486;0.0487;0.5208;-0.8203;-0.3953",443.594202898551,619.022217938154,2099.08827705901,0.118619357216273,175.428015039603,45.8680515375596,306.025370023486,175.428015039603,192.353125211931
632,"natalia_oliveira_2023",6,"[04] Troosters, Gosselink & Decramer 1999; [15] Masmoudi et al. 2008; [28] Ben Saad et al. 2009; [58] Delbressine et al. 2023; [26] Jenkins et al. 2009; [48] Fernandes et al. 2016","0.5055;-0.3311;0.4062;-0.1518;0.0675;0.5037",454.768115942029,579.048794243424,3042.85508786248,0.187482794847079,124.280678301395,6.07037779229629,277.437255233848,125.850936173094,147.476423326994
633,"natalia_oliveira_2023",24,"[18] Iwama et al. 2009; [26] Jenkins et al. 2009; [06] Gibbons et al. 2001; [13] Chetta et al. 2006; [58] Delbressine et al. 2023; [45] Kim et al. 2014; [04] Troosters, Gosselink & Decramer 1999; [27] Alameri et al. 2009; [32] Soares, Pereira 2011; [43] Rao et al. 2013; [02] Enright & Sherrill 1998; [37] Hill et al. 2011; [28] Ben Saad et al. 2009; [15] Masmoudi et al. 2008; [40] Britto et al. 2013; [47] Nusdwinuringtyas et al, 2014; [34] Dourado, Vidotto, Guerra 2011; [10] Camarri et al. 2006; [30] Osses et al. 2010; [20] Jenkins et al. 2009; [50] Zou et al. 2017; [48] Fernandes et al. 2016; [07] Enrigth et al. 2003; [54] Almeida et al. 2019","-0.2043;-0.0435;-0.2906;-0.3969;0.0666;0.4474;0.4142;0.9253;-0.3229;-0.3347;0.7925;0.2507;0.511;-0.0476;-0.1218;0.7155;-0.1917;-0.3547;-0.239;-0.1534;-0.3144;-0.2491;0.1906;-0.0494",458.855072463768,541.773780303831,1954.19771843714,0.108597109471152,82.9187078400628,-42.3497306290631,221.811646640661,90.1018358677749,114.261227393843
634,"natalia_oliveira_2023",14,"[50] Zou et al. 2017; [27] Alameri et al. 2009; [10] Camarri et al. 2006; [20] Jenkins et al. 2009; [58] Delbressine et al. 2023; [04] Troosters, Gosselink & Decramer 1999; [15] Masmoudi et al. 2008; [06] Gibbons et al. 2001; [30] Osses et al. 2010; [40] Britto et al. 2013; [32] Soares, Pereira 2011; [45] Kim et al. 2014; [02] Enright & Sherrill 1998; [43] Rao et al. 2013","-0.3278;1.0029;-0.4124;-0.1715;0.1586;0.3953;0.0034;-0.1566;-0.1866;-0.0293;-0.3214;0.4723;0.9081;-0.335",447.188405797101,501.472404984996,1523.55858591325,0.138716463980369,54.2839991878947,-76.8854794974968,160.72744593654,70.8226937062364,86.4311741987715
635,"natalia_oliveira_2023",4,"[06] Gibbons et al. 2001; [58] Delbressine et al. 2023; [40] Britto et al. 2013; [34] Dourado, Vidotto, Guerra 2011","0.3256;0.3095;0.1472;0.2177",442.521739130435,613.563361471972,3271.0055417745,0.262925422517696,171.041622341537,64.1906335474524,297.526268916436,171.041622341537,183.437570165715
636,"natalia_oliveira_2023",20,"[54] Almeida et al. 2019; [28] Ben Saad et al. 2009; [06] Gibbons et al. 2001; [34] Dourado, Vidotto, Guerra 2011; [48] Fernandes et al. 2016; [47] Nusdwinuringtyas et al, 2014; [37] Hill et al. 2011; [58] Delbressine et al. 2023; [20] Jenkins et al. 2009; [07] Enrigth et al. 2003; [18] Iwama et al. 2009; [13] Chetta et al. 2006; [10] Camarri et al. 2006; [27] Alameri et al. 2009; [32] Soares, Pereira 2011; [45] Kim et al. 2014; [04] Troosters, Gosselink & Decramer 1999; [40] Britto et al. 2013; [50] Zou et al. 2017; [02] Enright & Sherrill 1998","0.0165;0.384;-0.3304;-0.2094;-0.2888;0.5689;0.4029;-0.0259;-0.2177;0.1576;-0.2425;-0.412;-0.2538;0.83;-0.3596;0.4635;0.1696;-0.1322;-0.255;0.7345",445.231884057971,521.720892343267,1367.96901282532,0.191097858635935,76.4890082852959,-69.4663872973217,202.186102100881,91.0358722806038,108.015005481672
637,"natalia_oliveira_2023",8,"[34] Dourado, Vidotto, Guerra 2011; [26] Jenkins et al. 2009; [06] Gibbons et al. 2001; [15] Masmoudi et al. 2008; [58] Delbressine et al. 2023; [07] Enrigth et al. 2003; [43] Rao et al. 2013; [28] Ben Saad et al. 2009","0.0108;0.2641;0.0237;-0.1891;-0.0634;0.1216;0.4743;0.3579",454.623188405797,518.088300070095,2047.11736882724,0.0958827123834332,63.4651116642977,-66.5153515290999,205.040898401083,75.7892769756556,98.6842859325555
638,"natalia_oliveira_2023",12,"[34] Dourado, Vidotto, Guerra 2011; [43] Rao et al. 2013; [02] Enright & Sherrill 1998; [26] Jenkins et al. 2009; [58] Delbressine et al. 2023; [04] Troosters, Gosselink & Decramer 1999; [30] Osses et al. 2010; [47] Nusdwinuringtyas et al, 2014; [18] Iwama et al. 2009; [27] Alameri et al. 2009; [06] Gibbons et al. 2001; [10] Camarri et al. 2006","-0.2207;-0.3816;0.7256;-0.0988;0.1262;0.557;-0.2674;0.6241;-0.1966;0.7515;-0.2775;-0.3419",458.768115942029,501.467710378414,1612.04087567374,0.223439751865528,42.6995944363848,-74.8147153015462,174.018774330543,58.9486626823881,76.8560383425042
639,"natalia_oliveira_2023",9,"[18] Iwama et al. 2009; [45] Kim et al. 2014; [15] Masmoudi et al. 2008; [04] Troosters, Gosselink & Decramer 1999; [48] Fernandes et al. 2016; [32] Soares, Pereira 2011; [30] Osses et al. 2010; [43] Rao et al. 2013; [20] Jenkins et al. 2009","0.17;0.5086;0.2038;0.2037;0.1824;-0.1638;0.1067;-0.1311;-0.0804",457.492753623188,585.049113583102,916.035916235771,0.0995136911346999,127.556359959913,8.83448313275983,223.807212854003,128.203067365269,139.881974683576
640,"natalia_oliveira_2023",14,"[04] Troosters, Gosselink & Decramer 1999; [26] Jenkins et al. 2009; [30] Osses et al. 2010; [07] Enrigth et al. 2003; [45] Kim et al. 2014; [54] Almeida et al. 2019; [34] Dourado, Vidotto, Guerra 2011; [40] Britto et al. 2013; [02] Enright & Sherrill 1998; [20] Jenkins et al. 2009; [48] Fernandes et al. 2016; [27] Alameri et al. 2009; [37] Hill et al. 2011; [50] Zou et al. 2017","0.3031;-0.1298;-0.4089;0.0292;0.3885;0.1123;-0.2851;-0.0521;1.0796;-0.2651;-0.334;0.9515;0.14;-0.5292",439.144927536232,507.624857745249,1746.49617693156,0.126435381358643,68.4799302090172,-75.4918726825205,187.581133312973,80.3852292044694,99.3461414593528
641,"natalia_oliveira_2023",18,"[04] Troosters, Gosselink & Decramer 1999; [06] Gibbons et al. 2001; [37] Hill et al. 2011; [15] Masmoudi et al. 2008; [32] Soares, Pereira 2011; [54] Almeida et al. 2019; [50] Zou et al. 2017; [48] Fernandes et al. 2016; [18] Iwama et al. 2009; [02] Enright & Sherrill 1998; [28] Ben Saad et al. 2009; [47] Nusdwinuringtyas et al, 2014; [45] Kim et al. 2014; [20] Jenkins et al. 2009; [58] Delbressine et al. 2023; [13] Chetta et al. 2006; [30] Osses et al. 2010; [10] Camarri et al. 2006","0.5269;-0.3523;0.1581;-0.0814;-0.3346;-0.0323;-0.2123;-0.2139;-0.1326;0.6905;0.4236;1.0138;0.736;-0.1835;0.0123;-0.4144;-0.3469;-0.2572",457.652173913043,585.914289845467,1974.94103041715,0.210021624055534,128.262115932423,2.39141447334612,250.326692994237,128.306957323668,146.12141284477
642,"natalia_oliveira_2023",22,"[13] Chetta et al. 2006; [34] Dourado, Vidotto, Guerra 2011; [54] Almeida et al. 2019; [04] Troosters, Gosselink & Decramer 1999; [07] Enrigth et al. 2003; [26] Jenkins et al. 2009; [28] Ben Saad et al. 2009; [43] Rao et al. 2013; [50] Zou et al. 2017; [18] Iwama et al. 2009; [40] Britto et al. 2013; [58] Delbressine et al. 2023; [20] Jenkins et al. 2009; [02] Enright & Sherrill 1998; [47] Nusdwinuringtyas et al, 2014; [15] Masmoudi et al. 2008; [37] Hill et al. 2011; [32] Soares, Pereira 2011; [27] Alameri et al. 2009; [48] Fernandes et al. 2016; [10] Camarri et al. 2006; [06] Gibbons et al. 2001","-0.3745;-0.2269;0.0942;0.462;0.183;-0.0821;0.3943;-0.2449;-0.191;-0.1591;-0.1743;0.0483;-0.188;0.6425;0.7501;-0.0521;0.1952;-0.2797;0.9824;-0.2236;-0.2355;-0.3201",445.536231884058,513.719826890319,1832.43088404755,0.214652819691971,68.1835950062613,-37.3653076603399,200.073079934994,73.9919812974075,97.1302697408449
643,"natalia_oliveira_2023",21,"[43] Rao et al. 2013; [28] Ben Saad et al. 2009; [47] Nusdwinuringtyas et al, 2014; [10] Camarri et al. 2006; [30] Osses et al. 2010; [37] Hill et al. 2011; [02] Enright & Sherrill 1998; [04] Troosters, Gosselink & Decramer 1999; [18] Iwama et al. 2009; [50] Zou et al. 2017; [20] Jenkins et al. 2009; [48] Fernandes et al. 2016; [13] Chetta et al. 2006; [32] Soares, Pereira 2011; [54] Almeida et al. 2019; [26] Jenkins et al. 2009; [45] Kim et al. 2014; [58] Delbressine et al. 2023; [27] Alameri et al. 2009; [15] Masmoudi et al. 2008; [34] Dourado, Vidotto, Guerra 2011","-0.3607;0.339;0.5429;-0.2215;-0.2146;0.5217;0.5472;0.3838;-0.2815;-0.3023;-0.1856;-0.3172;-0.3976;-0.3099;0.0384;-0.1172;0.4876;0.1496;0.8941;0;-0.1962",444.115942028986,647.784098133571,1558.39638784665,0.160412146061788,203.668156104585,79.515006941126,312.065626076019,203.668156104585,214.103614487701
644,"natalia_oliveira_2023",13,"[15] Masmoudi et al. 2008; [45] Kim et al. 2014; [06] Gibbons et al. 2001; [32] Soares, Pereira 2011; [58] Delbressine et al. 2023; [04] Troosters, Gosselink & Decramer 1999; [48] Fernandes et al. 2016; [30] Osses et al. 2010; [07] Enrigth et al. 2003; [18] Iwama et al. 2009; [40] Britto et al. 2013; [28] Ben Saad et al. 2009; [54] Almeida et al. 2019","-0.4001;0.9964;-0.2176;-0.7343;0.0659;0.3214;-0.0702;-0.6145;0.4951;0.0413;-0.1696;0.9941;0.2922",439.434782608696,632.980341213409,2265.35373906231,0.282944297376815,193.545558604713,45.6661598151137,297.610614815839,193.545558604713,206.277433499019
645,"natalia_oliveira_2023",2,"[37] Hill et al. 2011; [48] Fernandes et al. 2016","0.5;0.5",441.478260869565,577.203847826087,2739.53114993606,0.249987885362456,135.725586956522,27.902,249.3545,135.725586956522,152.442303384328
646,"natalia_oliveira_2023",15,"[13] Chetta et al. 2006; [48] Fernandes et al. 2016; [15] Masmoudi et al. 2008; [54] Almeida et al. 2019; [34] Dourado, Vidotto, Guerra 2011; [28] Ben Saad et al. 2009; [43] Rao et al. 2013; [18] Iwama et al. 2009; [10] Camarri et al. 2006; [40] Britto et al. 2013; [07] Enrigth et al. 2003; [47] Nusdwinuringtyas et al, 2014; [30] Osses et al. 2010; [50] Zou et al. 2017; [32] Soares, Pereira 2011","-0.3459;-0.2677;0.1412;0.0781;0.1185;0.6356;-0.1798;-0.215;0.0952;-0.0093;0.1583;1.0483;-0.0815;-0.0666;-0.1094",447.246376811594,628.38755468384,1092.49727474106,0.0826443843262492,181.141177872246,62.3884527910628,318.682802626229,181.141177872246,195.249824946785
647,"natalia_oliveira_2023",6,"[07] Enrigth et al. 2003; [20] Jenkins et al. 2009; [28] Ben Saad et al. 2009; [02] Enright & Sherrill 1998; [37] Hill et al. 2011; [13] Chetta et al. 2006","0.0697;0.3352;0.0789;0.1019;0.0141;0.4001",445.260869565217,579.533539371227,2518.49326005973,0.258376034452213,134.272669806009,30.1984444639356,248.428623981115,134.272669806009,147.334670711602
648,"natalia_oliveira_2023",16,"[13] Chetta et al. 2006; [06] Gibbons et al. 2001; [07] Enrigth et al. 2003; [32] Soares, Pereira 2011; [10] Camarri et al. 2006; [48] Fernandes et al. 2016; [34] Dourado, Vidotto, Guerra 2011; [40] Britto et al. 2013; [27] Alameri et al. 2009; [54] Almeida et al. 2019; [20] Jenkins et al. 2009; [15] Masmoudi et al. 2008; [37] Hill et al. 2011; [04] Troosters, Gosselink & Decramer 1999; [45] Kim et al. 2014; [28] Ben Saad et al. 2009","-0.5395;-0.2908;0.3117;-0.4508;-0.5683;-0.2579;-0.2019;-0.0218;1.0345;0.2449;-0.173;-0.1033;0.5683;0.4802;0.3449;0.6227",446.579710144928,536.102455531145,2082.98128591139,0.109193771932559,89.5227453862172,-44.5473781320139,220.676917919674,100.953158862081,119.29359840546
649,"natalia_oliveira_2023",1,"[54] Almeida et al. 2019","1",433.840579710145,630.926173057314,913.318801910054,0.196962875283713,197.085593347169,91.4986667362566,344.650880214861,197.085593347169,210.158783709982
650,"natalia_oliveira_2023",17,"[13] Chetta et al. 2006; [47] Nusdwinuringtyas et al, 2014; [43] Rao et al. 2013; [07] Enrigth et al. 2003; [15] Masmoudi et al. 2008; [27] Alameri et al. 2009; [20] Jenkins et al. 2009; [06] Gibbons et al. 2001; [10] Camarri et al. 2006; [48] Fernandes et al. 2016; [28] Ben Saad et al. 2009; [30] Osses et al. 2010; [34] Dourado, Vidotto, Guerra 2011; [58] Delbressine et al. 2023; [54] Almeida et al. 2019; [02] Enright & Sherrill 1998; [50] Zou et al. 2017","-0.3371;0.6675;-0.1673;0.3093;0.0092;0.8884;-0.2199;-0.3353;-0.1568;-0.2488;0.4651;-0.2752;-0.2532;0.137;-0.1277;0.7423;-0.0975",465.144927536232,433.545413031023,1638.53234217657,0.285687196236873,-31.599514505209,-146.317200658778,108.71781179083,64.0079468271691,75.5503935079173
651,"natalia_oliveira_2023",13,"[26] Jenkins et al. 2009; [48] Fernandes et al. 2016; [54] Almeida et al. 2019; [37] Hill et al. 2011; [04] Troosters, Gosselink & Decramer 1999; [34] Dourado, Vidotto, Guerra 2011; [10] Camarri et al. 2006; [15] Masmoudi et al. 2008; [32] Soares, Pereira 2011; [43] Rao et al. 2013; [58] Delbressine et al. 2023; [47] Nusdwinuringtyas et al, 2014; [40] Britto et al. 2013","0.1105;-0.5411;0.3085;0.3936;0.7026;-0.0825;-0.0737;-0.0625;-0.4164;-0.3933;0.0878;1.0838;-0.1173",454.942028985507,808.066351368208,1517.34912592297,0.226880750875956,353.124322382701,263.182823913244,475.63442539252,353.124322382701,358.623057758561
652,"natalia_oliveira_2023",16,"[47] Nusdwinuringtyas et al, 2014; [32] Soares, Pereira 2011; [30] Osses et al. 2010; [06] Gibbons et al. 2001; [20] Jenkins et al. 2009; [43] Rao et al. 2013; [58] Delbressine et al. 2023; [27] Alameri et al. 2009; [54] Almeida et al. 2019; [07] Enrigth et al. 2003; [04] Troosters, Gosselink & Decramer 1999; [02] Enright & Sherrill 1998; [40] Britto et al. 2013; [26] Jenkins et al. 2009; [48] Fernandes et al. 2016; [37] Hill et al. 2011","0.5424;-0.284;-0.1922;-0.2948;-0.1166;-0.4649;0.0349;0.7429;0.0913;0.1216;0.1601;0.8036;-0.0432;-0.0159;-0.3124;0.2272",448.086956521739,595.849892662509,1147.43561013396,0.0744451894128729,147.76293614077,50.648054676122,276.675208323969,147.76293614077,162.581196089156
653,"natalia_oliveira_2023",10,"[40] Britto et al. 2013; [20] Jenkins et al. 2009; [06] Gibbons et al. 2001; [34] Dourado, Vidotto, Guerra 2011; [43] Rao et al. 2013; [02] Enright & Sherrill 1998; [07] Enrigth et al. 2003; [47] Nusdwinuringtyas et al, 2014; [18] Iwama et al. 2009; [32] Soares, Pereira 2011","-0.2767;0.0019;-0.6704;-0.102;0.0303;0.9528;0.3544;1.2386;-0.2443;-0.2846",446.057971014493,464.875168943904,2080.18103229706,0.315493087600822,18.8171979294116,-100.117063075095,131.173399569945,63.4789745199223,76.0130476505258
654,"natalia_oliveira_2023",21,"[37] Hill et al. 2011; [27] Alameri et al. 2009; [30] Osses et al. 2010; [32] Soares, Pereira 2011; [48] Fernandes et al. 2016; [20] Jenkins et al. 2009; [58] Delbressine et al. 2023; [50] Zou et al. 2017; [45] Kim et al. 2014; [47] Nusdwinuringtyas et al, 2014; [06] Gibbons et al. 2001; [43] Rao et al. 2013; [10] Camarri et al. 2006; [28] Ben Saad et al. 2009; [13] Chetta et al. 2006; [04] Troosters, Gosselink & Decramer 1999; [54] Almeida et al. 2019; [07] Enrigth et al. 2003; [26] Jenkins et al. 2009; [34] Dourado, Vidotto, Guerra 2011; [02] Enright & Sherrill 1998","0.2393;0.8088;-0.2963;-0.2918;-0.2544;-0.1863;0.0029;-0.2226;0.459;0.6809;-0.3566;-0.2697;-0.2508;0.4085;-0.4155;0.416;-0.0537;0.1592;-0.0883;-0.2247;0.7363",441.739130434783,524.881259541782,1279.47193527005,0.224214007844339,83.1421291069996,-50.2320827515925,207.17602779262,90.6397709172178,110.481503612424
655,"natalia_oliveira_2023",21,"[13] Chetta et al. 2006; [58] Delbressine et al. 2023; [43] Rao et al. 2013; [45] Kim et al. 2014; [28] Ben Saad et al. 2009; [27] Alameri et al. 2009; [26] Jenkins et al. 2009; [54] Almeida et al. 2019; [10] Camarri et al. 2006; [40] Britto et al. 2013; [02] Enright & Sherrill 1998; [34] Dourado, Vidotto, Guerra 2011; [32] Soares, Pereira 2011; [04] Troosters, Gosselink & Decramer 1999; [18] Iwama et al. 2009; [47] Nusdwinuringtyas et al, 2014; [07] Enrigth et al. 2003; [48] Fernandes et al. 2016; [37] Hill et al. 2011; [20] Jenkins et al. 2009; [06] Gibbons et al. 2001","-0.3312;-0.1004;-0.157;0.4264;0.4507;0.6309;-0.0993;0.094;-0.1454;-0.132;0.8146;-0.2484;-0.2926;0.2974;-0.0938;0.4543;0.0193;-0.1512;0.0615;-0.222;-0.2758",425.884057971014,525.534972279412,1621.78788078389,0.383726926408284,99.6509143083973,-49.130940393616,216.549124050005,105.920873167334,122.310775434524
656,"natalia_oliveira_2023",18,"[27] Alameri et al. 2009; [34] Dourado, Vidotto, Guerra 2011; [40] Britto et al. 2013; [15] Masmoudi et al. 2008; [58] Delbressine et al. 2023; [45] Kim et al. 2014; [47] Nusdwinuringtyas et al, 2014; [32] Soares, Pereira 2011; [06] Gibbons et al. 2001; [28] Ben Saad et al. 2009; [30] Osses et al. 2010; [13] Chetta et al. 2006; [50] Zou et al. 2017; [48] Fernandes et al. 2016; [37] Hill et al. 2011; [10] Camarri et al. 2006; [18] Iwama et al. 2009; [02] Enright & Sherrill 1998","0.8215;-0.1589;-0.0519;0.0912;0.176;0.3894;0.5217;-0.2274;-0.2496;0.4819;-0.1483;-0.3421;-0.3053;-0.2872;0.2578;-0.3305;-0.2677;0.6293",437.31884057971,505.523378881967,1472.85331444268,0.118955872131766,68.2045383022566,-70.5905084254587,189.363814985328,82.3056875205042,99.9944685068298
657,"natalia_oliveira_2023",7,"[47] Nusdwinuringtyas et al, 2014; [28] Ben Saad et al. 2009; [26] Jenkins et al. 2009; [18] Iwama et al. 2009; [07] Enrigth et al. 2003; [27] Alameri et al. 2009; [15] Masmoudi et al. 2008","0.3962;0.8359;-0.4126;-0.7168;0.399;0.7043;-0.2059",455.68115942029,472.217261439997,1148.76393554018,0.188569890946614,16.5361020197073,-111.11069430697,143.983819365845,56.8988792994141,71.6904363586398
658,"natalia_oliveira_2023",18,"[27] Alameri et al. 2009; [02] Enright & Sherrill 1998; [58] Delbressine et al. 2023; [32] Soares, Pereira 2011; [15] Masmoudi et al. 2008; [48] Fernandes et al. 2016; [30] Osses et al. 2010; [06] Gibbons et al. 2001; [54] Almeida et al. 2019; [34] Dourado, Vidotto, Guerra 2011; [07] Enrigth et al. 2003; [47] Nusdwinuringtyas et al, 2014; [18] Iwama et al. 2009; [43] Rao et al. 2013; [20] Jenkins et al. 2009; [45] Kim et al. 2014; [37] Hill et al. 2011; [26] Jenkins et al. 2009","0.7933;1.0004;0.1181;-0.3413;-0.031;-0.3599;-0.3143;-0.4265;0.0483;-0.206;0.2943;0.622;-0.2966;-0.4861;-0.1413;0.3428;0.3522;0.0314",446.405797101449,592.970233908057,1875.27566753332,0.226622044629771,146.564436806608,13.9650721067818,269.910433907077,146.564436806608,164.91601978595
659,"natalia_oliveira_2023",11,"[10] Camarri et al. 2006; [45] Kim et al. 2014; [13] Chetta et al. 2006; [32] Soares, Pereira 2011; [07] Enrigth et al. 2003; [27] Alameri et al. 2009; [18] Iwama et al. 2009; [06] Gibbons et al. 2001; [43] Rao et al. 2013; [40] Britto et al. 2013; [28] Ben Saad et al. 2009","-0.6159;0.5585;-0.3574;-0.5247;0.5516;1.0439;-0.0587;-0.0938;-0.3253;-0.1769;0.9986",433.913043478261,466.957430006621,1062.30936809536,0.18071748828407,33.0443865283599,-69.9664090993963,159.736796303031,64.9042808591263,80.2906904897068
660,"natalia_oliveira_2023",6,"[43] Rao et al. 2013; [40] Britto et al. 2013; [50] Zou et al. 2017; [30] Osses et al. 2010; [13] Chetta et al. 2006; [15] Masmoudi et al. 2008","0.2284;0.3081;0.3703;-0.1688;-0.1768;0.4387",438.855072463768,503.035058646306,1704.95284413053,0.199587039415303,64.1799861825382,-40.57768508822,188.381068217355,78.5309003345368,99.7613751064777
661,"natalia_oliveira_2023",8,"[37] Hill et al. 2011; [43] Rao et al. 2013; [07] Enrigth et al. 2003; [02] Enright & Sherrill 1998; [10] Camarri et al. 2006; [04] Troosters, Gosselink & Decramer 1999; [58] Delbressine et al. 2023; [40] Britto et al. 2013","0.2132;0.5087;-0.219;0.8662;0.2678;0.2197;-0.6154;-0.2412",442.695652173913,541.937508782534,3703.41871402863,0.29801597255738,99.2418566086209,-0.712983744865895,220.348782689828,100.053397987501,122.199734183418
662,"natalia_oliveira_2023",7,"[50] Zou et al. 2017; [20] Jenkins et al. 2009; [02] Enright & Sherrill 1998; [54] Almeida et al. 2019; [04] Troosters, Gosselink & Decramer 1999; [30] Osses et al. 2010; [48] Fernandes et al. 2016","0.7131;-0.3372;0.8496;0.4714;0.1331;-0.8023;-0.0278",440.04347826087,554.548702570171,2702.46606455068,0.200496308174168,114.505224309302,-29.3705965624733,235.539128849149,117.511951372947,138.594925262218
663,"natalia_oliveira_2023",12,"[37] Hill et al. 2011; [40] Britto et al. 2013; [43] Rao et al. 2013; [27] Alameri et al. 2009; [02] Enright & Sherrill 1998; [45] Kim et al. 2014; [54] Almeida et al. 2019; [30] Osses et al. 2010; [15] Masmoudi et al. 2008; [47] Nusdwinuringtyas et al, 2014; [04] Troosters, Gosselink & Decramer 1999; [20] Jenkins et al. 2009","0.0455;-0.043;-0.6468;0.6991;0.753;0.2167;-0.0491;-0.2487;-0.097;0.2241;0.2902;-0.1441",445.579710144928,614.68144685605,1026.56005488555,0.110145365170129,169.101736711123,69.678078856431,288.129621933567,169.101736711123,181.679799681998
664,"natalia_oliveira_2023",7,"[04] Troosters, Gosselink & Decramer 1999; [26] Jenkins et al. 2009; [02] Enright & Sherrill 1998; [40] Britto et al. 2013; [28] Ben Saad et al. 2009; [47] Nusdwinuringtyas et al, 2014; [30] Osses et al. 2010","0.3898;0.0501;0.6638;-0.2687;0.2576;0.7704;-0.863",442.95652173913,559.830193854447,2222.12037626348,0.251782123327199,116.873672115317,5.81089288133445,233.155262682596,118.444902371525,135.289065034893
665,"natalia_oliveira_2023",19,"[10] Camarri et al. 2006; [27] Alameri et al. 2009; [13] Chetta et al. 2006; [37] Hill et al. 2011; [26] Jenkins et al. 2009; [04] Troosters, Gosselink & Decramer 1999; [15] Masmoudi et al. 2008; [43] Rao et al. 2013; [07] Enrigth et al. 2003; [45] Kim et al. 2014; [02] Enright & Sherrill 1998; [47] Nusdwinuringtyas et al, 2014; [58] Delbressine et al. 2023; [34] Dourado, Vidotto, Guerra 2011; [48] Fernandes et al. 2016; [20] Jenkins et al. 2009; [50] Zou et al. 2017; [40] Britto et al. 2013; [30] Osses et al. 2010","-0.2894;0.7771;-0.4431;0.1302;-7e-04;0.536;-0.1109;-0.3095;0.1132;0.4142;0.9062;0.616;-0.0182;-0.2046;-0.2651;-0.1656;-0.2694;-0.091;-0.3254",428.608695652174,565.969506309467,1267.40071789624,0.294414079795366,137.360810657293,-15.28259444622,247.755145736882,139.524345760578,155.856662583079
666,"natalia_oliveira_2023",15,"[34] Dourado, Vidotto, Guerra 2011; [07] Enrigth et al. 2003; [37] Hill et al. 2011; [58] Delbressine et al. 2023; [47] Nusdwinuringtyas et al, 2014; [43] Rao et al. 2013; [18] Iwama et al. 2009; [06] Gibbons et al. 2001; [30] Osses et al. 2010; [45] Kim et al. 2014; [27] Alameri et al. 2009; [02] Enright & Sherrill 1998; [20] Jenkins et al. 2009; [50] Zou et al. 2017; [28] Ben Saad et al. 2009","-0.3238;0.2768;0.3655;0.0551;0.5601;-0.456;-0.3991;-0.499;-0.4145;0.4249;0.875;0.7643;-0.2632;-0.3986;0.4326",430.04347826087,515.651609326111,1435.07395791402,0.250431726263974,85.6081310652412,-17.2407297119503,199.420273966755,89.0139703387934,109.574588381117
667,"natalia_oliveira_2023",9,"[47] Nusdwinuringtyas et al, 2014; [13] Chetta et al. 2006; [27] Alameri et al. 2009; [06] Gibbons et al. 2001; [32] Soares, Pereira 2011; [20] Jenkins et al. 2009; [40] Britto et al. 2013; [28] Ben Saad et al. 2009; [04] Troosters, Gosselink & Decramer 1999","0.6191;-0.4497;0.49;-0.2535;-0.3386;-0.2236;-0.154;0.6989;0.6114",466.565217391304,548.749907742028,2097.20083959427,0.343540324663861,82.184690350724,-18.5349809818378,214.76363158633,85.9222036139716,106.916884574161
668,"natalia_oliveira_2023",3,"[15] Masmoudi et al. 2008; [02] Enright & Sherrill 1998; [58] Delbressine et al. 2023","0.6027;-0.0259;0.4232",452.927536231884,566.432869948734,3933.77760617842,0.104908837752779,113.50533371685,-44.6693267047288,238.312020589284,120.18302957123,136.947433391708
669,"natalia_oliveira_2023",8,"[06] Gibbons et al. 2001; [26] Jenkins et al. 2009; [43] Rao et al. 2013; [13] Chetta et al. 2006; [10] Camarri et al. 2006; [04] Troosters, Gosselink & Decramer 1999; [07] Enrigth et al. 2003; [18] Iwama et al. 2009","-0.2255;-0.2118;0.3619;-0.3999;0.0941;0.5687;0.1529;0.6596",449.405797101449,502.183929046094,2505.42901234266,0.230138940344239,52.7781319446442,-74.3782854505502,183.672796762266,75.8467079986899,94.9131133833666
670,"natalia_oliveira_2023",12,"[02] Enright & Sherrill 1998; [07] Enrigth et al. 2003; [40] Britto et al. 2013; [54] Almeida et al. 2019; [10] Camarri et al. 2006; [13] Chetta et al. 2006; [26] Jenkins et al. 2009; [58] Delbressine et al. 2023; [04] Troosters, Gosselink & Decramer 1999; [30] Osses et al. 2010; [37] Hill et al. 2011; [45] Kim et al. 2014","1.1089;-0.0461;-0.2442;0.2573;-0.1623;-0.4018;-0.2523;-0.2723;0.3512;-0.6103;0.1555;1.1165",441.101449275362,596.092930505089,2049.10226479312,0.411505369611361,154.991481229726,57.2830584387232,271.837111300677,154.991481229726,167.974767254709
671,"natalia_oliveira_2023",13,"[40] Britto et al. 2013; [15] Masmoudi et al. 2008; [32] Soares, Pereira 2011; [30] Osses et al. 2010; [27] Alameri et al. 2009; [58] Delbressine et al. 2023; [20] Jenkins et al. 2009; [02] Enright & Sherrill 1998; [54] Almeida et al. 2019; [37] Hill et al. 2011; [45] Kim et al. 2014; [43] Rao et al. 2013; [50] Zou et al. 2017","-0.1917;0.07;-0.3334;-0.2458;0.9634;0.1713;-0.0603;0.7989;-0.0436;0.4355;0.432;-0.5393;-0.4571",453.420289855072,620.419347023727,1675.00204366608,0.099445785417382,166.999057168654,47.2262903617366,303.586175426664,166.999057168654,181.907499821914
672,"natalia_oliveira_2023",8,"[32] Soares, Pereira 2011; [07] Enrigth et al. 2003; [50] Zou et al. 2017; [58] Delbressine et al. 2023; [26] Jenkins et al. 2009; [37] Hill et al. 2011; [40] Britto et al. 2013; [27] Alameri et al. 2009","-0.5745;0.4958;-0.8665;0.2212;0.2138;0.4749;-0.0966;1.132",439.36231884058,517.087917814351,1185.3713739886,0.181253104737989,77.7255989737717,-63.0568947480198,210.458731641742,86.908147818845,107.19336190974
673,"natalia_oliveira_2023",11,"[40] Britto et al. 2013; [13] Chetta et al. 2006; [58] Delbressine et al. 2023; [04] Troosters, Gosselink & Decramer 1999; [07] Enrigth et al. 2003; [48] Fernandes et al. 2016; [26] Jenkins et al. 2009; [54] Almeida et al. 2019; [45] Kim et al. 2014; [34] Dourado, Vidotto, Guerra 2011; [30] Osses et al. 2010","0.2315;-0.6553;0.2235;0.5917;0.544;-0.0976;-0.3253;0.4007;0.7975;-0.3545;-0.3562",436,610.568662745577,2324.67340861443,0.114110063722887,174.568662745577,31.1776247991257,308.654285616078,174.568662745577,192.421020202536
674,"natalia_oliveira_2023",4,"[06] Gibbons et al. 2001; [32] Soares, Pereira 2011; [07] Enrigth et al. 2003; [48] Fernandes et al. 2016","-0.1787;0.2241;0.3607;0.5939",451.478260869565,470.359096527975,2258.95863236792,0.24628469828337,18.88083565841,-74.4404042335961,136.462490281852,53.9631303813587,66.8515405550354
675,"natalia_oliveira_2023",16,"[18] Iwama et al. 2009; [15] Masmoudi et al. 2008; [28] Ben Saad et al. 2009; [30] Osses et al. 2010; [48] Fernandes et al. 2016; [07] Enrigth et al. 2003; [50] Zou et al. 2017; [43] Rao et al. 2013; [20] Jenkins et al. 2009; [02] Enright & Sherrill 1998; [37] Hill et al. 2011; [40] Britto et al. 2013; [10] Camarri et al. 2006; [26] Jenkins et al. 2009; [27] Alameri et al. 2009; [04] Troosters, Gosselink & Decramer 1999","-0.1103;-0.2374;0.3806;-0.3848;-0.1984;0.0522;-0.1618;-0.2172;-0.2497;0.7714;0.2466;-0.0876;-0.2076;-0.1307;1.3049;0.2299",453.173913043478,507.856621924107,1607.78699343143,0.163241159025436,54.6827088806287,-86.4626290035199,188.28755504148,71.539283938978,91.1815586604257
676,"natalia_oliveira_2023",1,"[20] Jenkins et al. 2009","1",448.260869565217,633.351956782712,2624.6604721471,0.115949490033341,185.091087217494,69.0969928364577,323.013652571501,185.091087217494,199.332075124313
677,"natalia_oliveira_2023",18,"[34] Dourado, Vidotto, Guerra 2011; [10] Camarri et al. 2006; [02] Enright & Sherrill 1998; [50] Zou et al. 2017; [20] Jenkins et al. 2009; [58] Delbressine et al. 2023; [18] Iwama et al. 2009; [26] Jenkins et al. 2009; [43] Rao et al. 2013; [48] Fernandes et al. 2016; [15] Masmoudi et al. 2008; [47] Nusdwinuringtyas et al, 2014; [07] Enrigth et al. 2003; [30] Osses et al. 2010; [06] Gibbons et al. 2001; [27] Alameri et al. 2009; [40] Britto et al. 2013; [04] Troosters, Gosselink & Decramer 1999","-0.1549;-0.0239;0.6791;0.0253;-0.1333;-0.0321;0.0317;-0.0579;-0.0129;-0.0124;-0.1316;0.3414;0.1542;-0.2492;-0.128;0.2996;0.0515;0.3536",446.826086956522,508.706031843712,2715.04786927231,0.450535292305779,61.8799448871901,-50.1519751398131,186.013974585666,76.4672504060674,95.7165510126454
678,"natalia_oliveira_2023",1,"[07] Enrigth et al. 2003","1",446.115942028986,520.462739130435,5658.3370618133,0.283996937430202,74.3467971014493,-34.8609999999999,211.7145,84.174768115942,106.498459878705
679,"natalia_oliveira_2023",21,"[50] Zou et al. 2017; [34] Dourado, Vidotto, Guerra 2011; [13] Chetta et al. 2006; [18] Iwama et al. 2009; [02] Enright & Sherrill 1998; [10] Camarri et al. 2006; [45] Kim et al. 2014; [40] Britto et al. 2013; [37] Hill et al. 2011; [15] Masmoudi et al. 2008; [28] Ben Saad et al. 2009; [27] Alameri et al. 2009; [32] Soares, Pereira 2011; [48] Fernandes et al. 2016; [58] Delbressine et al. 2023; [54] Almeida et al. 2019; [04] Troosters, Gosselink & Decramer 1999; [47] Nusdwinuringtyas et al, 2014; [30] Osses et al. 2010; [07] Enrigth et al. 2003; [20] Jenkins et al. 2009","-0.3585;-0.1978;-0.4835;-0.2625;0.7439;-0.3855;0.426;-0.1184;0.1393;-0.0622;0.4898;0.8604;-0.3313;-0.3207;0.0437;-0.0334;0.4372;0.6576;-0.2615;0.1608;-0.1434",451,524.373050520318,1836.15264040633,0.190098710184693,73.3730505203182,-43.946983439972,197.558748754074,79.6494544035353,101.8518840208
680,"natalia_oliveira_2023",17,"[27] Alameri et al. 2009; [32] Soares, Pereira 2011; [15] Masmoudi et al. 2008; [37] Hill et al. 2011; [06] Gibbons et al. 2001; [45] Kim et al. 2014; [04] Troosters, Gosselink & Decramer 1999; [02] Enright & Sherrill 1998; [47] Nusdwinuringtyas et al, 2014; [20] Jenkins et al. 2009; [10] Camarri et al. 2006; [13] Chetta et al. 2006; [07] Enrigth et al. 2003; [40] Britto et al. 2013; [50] Zou et al. 2017; [28] Ben Saad et al. 2009; [58] Delbressine et al. 2023","0.9603;-0.4728;-0.1107;0.2854;-0.4896;0.4328;0.3907;0.7741;0.5265;-0.2466;-0.4753;-0.5651;0.1841;-0.2605;-0.4417;0.4818;0.0265",453,453.017988511455,1556.92405928355,0.0693562637507516,0.0179885114548748,-133.392801468227,128.511343153952,70.4704505191369,80.575251280951
681,"natalia_oliveira_2023",19,"[07] Enrigth et al. 2003; [47] Nusdwinuringtyas et al, 2014; [30] Osses et al. 2010; [20] Jenkins et al. 2009; [40] Britto et al. 2013; [06] Gibbons et al. 2001; [58] Delbressine et al. 2023; [28] Ben Saad et al. 2009; [37] Hill et al. 2011; [54] Almeida et al. 2019; [34] Dourado, Vidotto, Guerra 2011; [13] Chetta et al. 2006; [26] Jenkins et al. 2009; [43] Rao et al. 2013; [50] Zou et al. 2017; [48] Fernandes et al. 2016; [27] Alameri et al. 2009; [02] Enright & Sherrill 1998; [32] Soares, Pereira 2011","0.1558;0.6023;-0.2566;-0.1331;-0.1717;-0.3125;0.0415;0.4603;0.2076;0.0775;-0.1575;-0.3477;0.0101;-0.1777;-0.1187;-0.2234;0.8219;0.7593;-0.2375",457.666666666667,522.009520501937,1502.61206677177,0.296815101556989,64.3428538352704,-58.5238631395364,194.32882862546,74.4241120028013,89.9289661786669
682,"natalia_oliveira_2023",10,"[20] Jenkins et al. 2009; [13] Chetta et al. 2006; [15] Masmoudi et al. 2008; [43] Rao et al. 2013; [40] Britto et al. 2013; [47] Nusdwinuringtyas et al, 2014; [18] Iwama et al. 2009; [58] Delbressine et al. 2023; [10] Camarri et al. 2006; [54] Almeida et al. 2019","-0.0411;-0.5672;0.4947;-0.3296;-0.1541;1.2212;-0.3624;0.7519;-0.1085;0.0951",445.898550724638,613.712843052898,1107.56002990689,0.345290130529366,167.814292328261,86.2712039024925,287.971562487519,167.814292328261,180.144293464783
683,"natalia_oliveira_2023",14,"[10] Camarri et al. 2006; [15] Masmoudi et al. 2008; [26] Jenkins et al. 2009; [07] Enrigth et al. 2003; [40] Britto et al. 2013; [47] Nusdwinuringtyas et al, 2014; [20] Jenkins et al. 2009; [50] Zou et al. 2017; [48] Fernandes et al. 2016; [13] Chetta et al. 2006; [43] Rao et al. 2013; [28] Ben Saad et al. 2009; [37] Hill et al. 2011; [18] Iwama et al. 2009","0.1241;-0.1129;0.1553;0.2966;-0.1274;1.2875;-0.111;-0.0055;-0.4614;-0.5369;-0.1765;0.5399;0.4759;-0.3477",459.594202898551,722.498159817893,1471.96213871093,0.199585947928328,262.903956919342,138.900737040626,388.194739377299,262.903956919342,272.071887187804
684,"natalia_oliveira_2023",2,"[13] Chetta et al. 2006; [30] Osses et al. 2010","0.5;0.5",463.63768115942,574.791855072464,1853.54371634633,0.0171713975577872,111.154173913043,-26.0755,253.08805,113.864304347826,134.256897649645
685,"natalia_oliveira_2023",10,"[32] Soares, Pereira 2011; [20] Jenkins et al. 2009; [27] Alameri et al. 2009; [04] Troosters, Gosselink & Decramer 1999; [13] Chetta et al. 2006; [10] Camarri et al. 2006; [18] Iwama et al. 2009; [43] Rao et al. 2013; [26] Jenkins et al. 2009; [15] Masmoudi et al. 2008","-0.337;-0.0048;1.1684;0.9936;-0.2828;-0.7428;0.2937;-0.3709;0.0135;0.269",443.913043478261,510.416619566467,1694.48972651545,0.279768477499908,66.5035760882056,-42.9182782176543,183.33665813807,75.2063071959757,92.3799712172842
686,"natalia_oliveira_2023",22,"[58] Delbressine et al. 2023; [28] Ben Saad et al. 2009; [04] Troosters, Gosselink & Decramer 1999; [13] Chetta et al. 2006; [18] Iwama et al. 2009; [43] Rao et al. 2013; [45] Kim et al. 2014; [30] Osses et al. 2010; [54] Almeida et al. 2019; [47] Nusdwinuringtyas et al, 2014; [37] Hill et al. 2011; [40] Britto et al. 2013; [26] Jenkins et al. 2009; [50] Zou et al. 2017; [02] Enright & Sherrill 1998; [06] Gibbons et al. 2001; [15] Masmoudi et al. 2008; [10] Camarri et al. 2006; [34] Dourado, Vidotto, Guerra 2011; [27] Alameri et al. 2009; [20] Jenkins et al. 2009; [48] Fernandes et al. 2016","0.1477;0.3102;0.2647;-0.2987;-0.2196;-0.3386;0.351;-0.152;0.013;0.5951;0.4178;0.0165;-0.0582;-0.3191;0.4533;-0.1747;0.0321;-0.2876;-0.1838;0.7897;-0.1209;-0.238",454.753623188406,594.203674622708,1585.44270021482,0.078162502661654,139.450051434302,7.30695703579556,268.148158235847,139.450051434302,157.881017404699
687,"natalia_oliveira_2023",6,"[27] Alameri et al. 2009; [28] Ben Saad et al. 2009; [37] Hill et al. 2011; [40] Britto et al. 2013; [07] Enrigth et al. 2003; [30] Osses et al. 2010","0.6817;1.0205;0.0401;-0.2747;0.2371;-0.7048",451.130434782609,507.285412724593,2116.75094855139,0.256346237925246,56.1549779419847,-58.2789206055752,169.383102357138,69.0616954983325,86.3049671049045
688,"natalia_oliveira_2023",7,"[10] Camarri et al. 2006; [20] Jenkins et al. 2009; [02] Enright & Sherrill 1998; [43] Rao et al. 2013; [07] Enrigth et al. 2003; [37] Hill et al. 2011; [40] Britto et al. 2013","0.4719;-0.2568;0.6079;0.2832;-0.234;0.2153;-0.0874",465.144927536232,581.292561746107,2723.46021847072,0.336994553030635,116.147634209875,22.0639445487656,262.32646983853,116.655500833195,136.018314774029
689,"natalia_oliveira_2023",13,"[04] Troosters, Gosselink & Decramer 1999; [48] Fernandes et al. 2016; [47] Nusdwinuringtyas et al, 2014; [13] Chetta et al. 2006; [06] Gibbons et al. 2001; [45] Kim et al. 2014; [43] Rao et al. 2013; [20] Jenkins et al. 2009; [02] Enright & Sherrill 1998; [58] Delbressine et al. 2023; [18] Iwama et al. 2009; [30] Osses et al. 2010; [15] Masmoudi et al. 2008","0.5407;-0.1601;0.9598;-0.3353;-0.1879;0.5155;-0.2649;-0.4032;0.9485;0.0923;-0.1086;-0.4569;-0.1401",444.478260869565,607.375966030696,1592.03352252677,0.235359202942951,162.897705161131,62.7985885522752,298.514793996259,162.897705161131,177.630746491281
690,"natalia_oliveira_2023",7,"[32] Soares, Pereira 2011; [58] Delbressine et al. 2023; [34] Dourado, Vidotto, Guerra 2011; [45] Kim et al. 2014; [47] Nusdwinuringtyas et al, 2014; [30] Osses et al. 2010; [04] Troosters, Gosselink & Decramer 1999","-0.2448;0.0971;0.0462;0.0495;0.546;-0.1974;0.7035",433.086956521739,602.026957906045,1874.1500116821,0.291504959358631,168.940001384306,42.1663521374538,297.426987373517,168.940001384306,183.122252831275
691,"natalia_oliveira_2023",19,"[32] Soares, Pereira 2011; [45] Kim et al. 2014; [58] Delbressine et al. 2023; [34] Dourado, Vidotto, Guerra 2011; [50] Zou et al. 2017; [43] Rao et al. 2013; [13] Chetta et al. 2006; [06] Gibbons et al. 2001; [02] Enright & Sherrill 1998; [18] Iwama et al. 2009; [54] Almeida et al. 2019; [10] Camarri et al. 2006; [48] Fernandes et al. 2016; [07] Enrigth et al. 2003; [04] Troosters, Gosselink & Decramer 1999; [26] Jenkins et al. 2009; [37] Hill et al. 2011; [40] Britto et al. 2013; [27] Alameri et al. 2009","-0.3679;0.5977;-0.0505;-0.2435;-0.2368;-0.2243;-0.3696;-0.2055;0.7676;0.0341;0.1311;-0.3538;-0.0446;0.1359;0.399;-0.138;0.3108;-0.1448;1.0031",443.014492753623,537.897274847144,1623.63370864155,0.39153093069211,94.8827820935206,-2.34397704796828,213.964808921048,96.5466366296875,114.421169350913
692,"natalia_oliveira_2023",13,"[40] Britto et al. 2013; [02] Enright & Sherrill 1998; [32] Soares, Pereira 2011; [07] Enrigth et al. 2003; [30] Osses et al. 2010; [13] Chetta et al. 2006; [45] Kim et al. 2014; [15] Masmoudi et al. 2008; [48] Fernandes et al. 2016; [28] Ben Saad et al. 2009; [58] Delbressine et al. 2023; [20] Jenkins et al. 2009; [04] Troosters, Gosselink & Decramer 1999","-0.0476;0.8645;-0.4014;0.1259;-0.3832;-0.3391;1.0358;-0.2486;0.0786;0.4504;-0.0738;-0.3345;0.2731",436.521739130435,576.310096125572,2206.42758235666,0.222459099877678,139.788356995138,44.9464394643094,252.438052058202,139.788356995138,151.883341086727
693,"natalia_oliveira_2023",1,"[07] Enrigth et al. 2003","1",449.797101449275,524.682014492754,5085.14058722038,0.206193090120975,74.8849130434783,-38.627,218.9105,85.9130289855073,106.733011535625
694,"natalia_oliveira_2023",15,"[30] Osses et al. 2010; [02] Enright & Sherrill 1998; [07] Enrigth et al. 2003; [26] Jenkins et al. 2009; [06] Gibbons et al. 2001; [58] Delbressine et al. 2023; [04] Troosters, Gosselink & Decramer 1999; [50] Zou et al. 2017; [40] Britto et al. 2013; [10] Camarri et al. 2006; [54] Almeida et al. 2019; [48] Fernandes et al. 2016; [47] Nusdwinuringtyas et al, 2014; [27] Alameri et al. 2009; [18] Iwama et al. 2009","-0.2535;0.8464;0.1391;-0.0519;-0.3164;0.0497;0.3141;-0.3367;-0.0519;-0.3698;-0.0259;-0.2508;0.6236;0.8791;-0.1951",449.739130434783,437.232042611262,1399.7202186903,0.275739693731544,-12.5070878235206,-100.116903986453,103.636743890515,51.1206070349389,60.2430082961366
695,"natalia_oliveira_2023",14,"[06] Gibbons et al. 2001; [45] Kim et al. 2014; [48] Fernandes et al. 2016; [13] Chetta et al. 2006; [20] Jenkins et al. 2009; [02] Enright & Sherrill 1998; [07] Enrigth et al. 2003; [43] Rao et al. 2013; [28] Ben Saad et al. 2009; [15] Masmoudi et al. 2008; [54] Almeida et al. 2019; [47] Nusdwinuringtyas et al, 2014; [37] Hill et al. 2011; [58] Delbressine et al. 2023","-0.144;0.4512;-0.1909;-0.2147;-0.1115;0.198;0.1494;-0.2122;0.1224;-3e-04;0.0219;0.5785;0.2923;0.0599",455.159420289855,641.166039950294,828.744323656591,0.0290617614386557,186.006619660439,53.0992654909614,312.2766563635,186.006619660439,199.684643180097
696,"natalia_oliveira_2023",8,"[27] Alameri et al. 2009; [37] Hill et al. 2011; [02] Enright & Sherrill 1998; [18] Iwama et al. 2009; [32] Soares, Pereira 2011; [13] Chetta et al. 2006; [26] Jenkins et al. 2009; [10] Camarri et al. 2006","0.75;0.374;0.3371;-0.2311;-0.0401;-0.1421;-0.0116;-0.0362",447.376811594203,546.075986950843,1244.39010510337,0.207600914286443,98.6991753566401,-23.3095357700887,209.956973563872,101.192078458791,116.408312921131
697,"natalia_oliveira_2023",11,"[54] Almeida et al. 2019; [50] Zou et al. 2017; [32] Soares, Pereira 2011; [58] Delbressine et al. 2023; [07] Enrigth et al. 2003; [28] Ben Saad et al. 2009; [26] Jenkins et al. 2009; [04] Troosters, Gosselink & Decramer 1999; [13] Chetta et al. 2006; [20] Jenkins et al. 2009; [34] Dourado, Vidotto, Guerra 2011","0.8229;0.5759;-0.3485;-0.1107;0.278;0.3013;-0.15;0.5868;-0.2721;-0.3713;-0.3123",443.217391304348,627.837729713731,3119.59481740746,0.217944683356092,184.620338409383,81.8099108881241,303.946329038092,184.620338409383,197.59797696209
698,"natalia_oliveira_2023",12,"[34] Dourado, Vidotto, Guerra 2011; [04] Troosters, Gosselink & Decramer 1999; [18] Iwama et al. 2009; [13] Chetta et al. 2006; [54] Almeida et al. 2019; [37] Hill et al. 2011; [32] Soares, Pereira 2011; [58] Delbressine et al. 2023; [26] Jenkins et al. 2009; [45] Kim et al. 2014; [43] Rao et al. 2013; [40] Britto et al. 2013","-0.1916;0.3393;0.0079;-0.4795;0.3094;0.6401;-0.3863;0.1348;-0.0748;0.93;-0.3341;0.1047",444.260869565217,789.221225339071,1951.92995455654,0.12626570534498,344.960355773853,208.634796396765,461.062707179168,344.960355773853,352.663220090094
699,"natalia_oliveira_2023",10,"[26] Jenkins et al. 2009; [43] Rao et al. 2013; [37] Hill et al. 2011; [04] Troosters, Gosselink & Decramer 1999; [15] Masmoudi et al. 2008; [54] Almeida et al. 2019; [47] Nusdwinuringtyas et al, 2014; [27] Alameri et al. 2009; [30] Osses et al. 2010; [28] Ben Saad et al. 2009","-0.1147;-0.8469;0.3193;0.5485;-0.1663;-0.0666;0.477;0.73;-0.4954;0.6149",456.028985507246,710.203082542548,1523.69268474407,0.157708023100654,254.174097035302,127.504087858688,377.939541427177,254.174097035302,262.982009395327
700,"natalia_oliveira_2023",9,"[58] Delbressine et al. 2023; [26] Jenkins et al. 2009; [34] Dourado, Vidotto, Guerra 2011; [28] Ben Saad et al. 2009; [48] Fernandes et al. 2016; [27] Alameri et al. 2009; [04] Troosters, Gosselink & Decramer 1999; [37] Hill et al. 2011; [20] Jenkins et al. 2009","-0.027;-0.0861;-0.2631;0.7209;-0.3735;0.8302;0.3464;0.0713;-0.2191",452.536231884058,547.125705840298,2250.49763783017,0.327913801372762,94.58947395624,-8.52567956952783,204.272372391439,96.838856428676,111.914164243368
701,"natalia_oliveira_2023",18,"[54] Almeida et al. 2019; [02] Enright & Sherrill 1998; [50] Zou et al. 2017; [20] Jenkins et al. 2009; [43] Rao et al. 2013; [32] Soares, Pereira 2011; [13] Chetta et al. 2006; [18] Iwama et al. 2009; [48] Fernandes et al. 2016; [40] Britto et al. 2013; [15] Masmoudi et al. 2008; [26] Jenkins et al. 2009; [34] Dourado, Vidotto, Guerra 2011; [06] Gibbons et al. 2001; [10] Camarri et al. 2006; [58] Delbressine et al. 2023; [45] Kim et al. 2014; [28] Ben Saad et al. 2009","0.1473;0.8653;-0.0131;-0.2149;-0.0817;-0.3246;-0.2923;0.0768;-0.0242;-0.1793;-0.0381;-0.0608;-0.2709;-0.1969;-0.1549;0.0933;1.1645;0.5047",451.710144927536,577.77470014782,2236.76810560384,0.164158051570866,126.064555220284,-7.68982234589828,252.446450726754,126.986048838277,142.668116267592
702,"natalia_oliveira_2023",4,"[10] Camarri et al. 2006; [06] Gibbons et al. 2001; [34] Dourado, Vidotto, Guerra 2011; [04] Troosters, Gosselink & Decramer 1999","0.3826;0.2663;-0.0727;0.4237",442.797101449275,650.607532988433,2625.9592327107,0.35527660256626,207.810431539157,108.640771227351,334.472648190447,207.810431539157,217.166286827995
703,"natalia_oliveira_2023",18,"[28] Ben Saad et al. 2009; [15] Masmoudi et al. 2008; [13] Chetta et al. 2006; [27] Alameri et al. 2009; [45] Kim et al. 2014; [30] Osses et al. 2010; [02] Enright & Sherrill 1998; [48] Fernandes et al. 2016; [37] Hill et al. 2011; [26] Jenkins et al. 2009; [58] Delbressine et al. 2023; [47] Nusdwinuringtyas et al, 2014; [06] Gibbons et al. 2001; [04] Troosters, Gosselink & Decramer 1999; [34] Dourado, Vidotto, Guerra 2011; [32] Soares, Pereira 2011; [54] Almeida et al. 2019; [50] Zou et al. 2017","0.3371;-0.0209;-0.3541;0.6624;0.2894;-0.221;0.5203;-0.2753;0.3695;-0.1168;0.1071;0.4524;-0.2521;0.3511;-0.2094;-0.2585;-0.0378;-0.3434",453.405797101449,563.637229554665,1477.90718001612,0.170772891335064,110.231432453216,32.2206189119494,237.755651986624,110.516049914246,124.400548913723
704,"natalia_oliveira_2023",6,"[37] Hill et al. 2011; [10] Camarri et al. 2006; [26] Jenkins et al. 2009; [48] Fernandes et al. 2016; [45] Kim et al. 2014; [06] Gibbons et al. 2001","0.5377;-0.2143;0.2711;-0.1242;0.688;-0.1583",454.173913043478,644.713617785662,1210.65460780735,0.136169968549059,190.539704742184,61.6798878819064,307.711539958077,190.539704742184,200.348557576934
705,"natalia_oliveira_2023",5,"[50] Zou et al. 2017; [06] Gibbons et al. 2001; [30] Osses et al. 2010; [54] Almeida et al. 2019; [37] Hill et al. 2011","0.4097;-0.1061;0.057;0.4212;0.2182",439.376811594203,610.82228721735,751.261231847377,0.0863200616119337,171.445475623148,60.9309603793033,293.072853516035,171.445475623148,182.989662107124
706,"natalia_oliveira_2023",13,"[30] Osses et al. 2010; [10] Camarri et al. 2006; [07] Enrigth et al. 2003; [48] Fernandes et al. 2016; [27] Alameri et al. 2009; [02] Enright & Sherrill 1998; [37] Hill et al. 2011; [20] Jenkins et al. 2009; [47] Nusdwinuringtyas et al, 2014; [13] Chetta et al. 2006; [58] Delbressine et al. 2023; [45] Kim et al. 2014; [15] Masmoudi et al. 2008","-0.3044;-0.4029;0.3079;-0.5635;0.8035;0.8104;0.3062;-0.1833;0.3679;-0.6209;0.1476;0.3006;0.0309",447.347826086957,512.8063967292,1627.96910891085,0.152669258594607,65.4585706422438,-21.2860148928984,191.460303210381,70.5501698278636,93.1688659588908
707,"natalia_oliveira_2023",12,"[06] Gibbons et al. 2001; [02] Enright & Sherrill 1998; [07] Enrigth et al. 2003; [18] Iwama et al. 2009; [13] Chetta et al. 2006; [58] Delbressine et al. 2023; [27] Alameri et al. 2009; [32] Soares, Pereira 2011; [28] Ben Saad et al. 2009; [20] Jenkins et al. 2009; [47] Nusdwinuringtyas et al, 2014; [15] Masmoudi et al. 2008","-0.4067;0.8694;0.4208;-0.3974;-0.4441;0.1304;0.8398;-0.5129;0.4567;-0.5479;0.6696;-0.0777",434.753623188406,406.23839283633,1855.07965389859,0.170668293135515,-28.5152303520753,-149.163767021728,100.642738071758,68.9921332617947,80.1443429361823
708,"natalia_oliveira_2023",19,"[02] Enright & Sherrill 1998; [10] Camarri et al. 2006; [54] Almeida et al. 2019; [26] Jenkins et al. 2009; [58] Delbressine et al. 2023; [20] Jenkins et al. 2009; [07] Enrigth et al. 2003; [04] Troosters, Gosselink & Decramer 1999; [28] Ben Saad et al. 2009; [37] Hill et al. 2011; [43] Rao et al. 2013; [40] Britto et al. 2013; [18] Iwama et al. 2009; [47] Nusdwinuringtyas et al, 2014; [50] Zou et al. 2017; [13] Chetta et al. 2006; [30] Osses et al. 2010; [15] Masmoudi et al. 2008; [32] Soares, Pereira 2011","0.6799;0.0828;0.1973;0.1375;-0.1201;-0.1453;0.0911;0.7157;0.3219;0.1069;-0.1633;-0.378;-0.2226;1.384;-0.0401;-0.5605;-0.5012;-0.1849;-0.4012",431.811594202899,676.780606694333,2056.29685485738,0.2692058503965,244.969012491434,112.795710470077,354.805592862525,244.969012491434,256.628517763618
709,"natalia_oliveira_2023",12,"[50] Zou et al. 2017; [34] Dourado, Vidotto, Guerra 2011; [48] Fernandes et al. 2016; [13] Chetta et al. 2006; [58] Delbressine et al. 2023; [30] Osses et al. 2010; [06] Gibbons et al. 2001; [07] Enrigth et al. 2003; [18] Iwama et al. 2009; [37] Hill et al. 2011; [45] Kim et al. 2014; [54] Almeida et al. 2019","-0.2342;-0.0811;-0.1019;-0.514;0.153;-0.3238;-0.2796;0.4066;-7e-04;0.6682;0.9786;0.3288",449.898550724638,664.15802856643,1240.04082432323,0.257000774480456,214.259477841793,83.7948804272272,346.960696005078,214.259477841793,227.158570933273
710,"natalia_oliveira_2023",6,"[34] Dourado, Vidotto, Guerra 2011; [07] Enrigth et al. 2003; [02] Enright & Sherrill 1998; [18] Iwama et al. 2009; [13] Chetta et al. 2006; [43] Rao et al. 2013","-0.2794;-0.1142;0.7445;0.4713;-0.3779;0.5556",428.072463768116,442.681102956819,2849.28438832526,0.24218968303214,14.6086391887031,-126.623901361455,135.82335003702,62.973405538909,76.3275036556546
711,"natalia_oliveira_2023",20,"[30] Osses et al. 2010; [07] Enrigth et al. 2003; [50] Zou et al. 2017; [13] Chetta et al. 2006; [28] Ben Saad et al. 2009; [37] Hill et al. 2011; [58] Delbressine et al. 2023; [43] Rao et al. 2013; [06] Gibbons et al. 2001; [54] Almeida et al. 2019; [40] Britto et al. 2013; [15] Masmoudi et al. 2008; [02] Enright & Sherrill 1998; [18] Iwama et al. 2009; [45] Kim et al. 2014; [27] Alameri et al. 2009; [04] Troosters, Gosselink & Decramer 1999; [34] Dourado, Vidotto, Guerra 2011; [10] Camarri et al. 2006; [32] Soares, Pereira 2011","-0.2292;0.1898;-0.2704;-0.3091;0.3358;0.2933;0.0732;-0.2591;-0.1626;0.0753;-0.0795;-0.0435;0.4948;-0.0334;0.5404;0.9789;0.283;-0.2241;-0.3612;-0.2924",437.130434782609,538.830716724458,1908.25004621785,0.198761826140984,101.70028194185,-2.85581538281733,224.691145904661,103.440948409956,121.779108987687
712,"natalia_oliveira_2023",6,"[54] Almeida et al. 2019; [45] Kim et al. 2014; [40] Britto et al. 2013; [18] Iwama et al. 2009; [30] Osses et al. 2010; [37] Hill et al. 2011","0.3427;0.6627;0.0384;-0.5081;-0.3258;0.79",462.36231884058,712.599751329761,1491.90335371525,0.182678663491266,250.237432489182,143.616786649645,371.196389370835,250.237432489182,257.25402531133
713,"natalia_oliveira_2023",16,"[06] Gibbons et al. 2001; [30] Osses et al. 2010; [54] Almeida et al. 2019; [48] Fernandes et al. 2016; [15] Masmoudi et al. 2008; [28] Ben Saad et al. 2009; [10] Camarri et al. 2006; [45] Kim et al. 2014; [26] Jenkins et al. 2009; [58] Delbressine et al. 2023; [47] Nusdwinuringtyas et al, 2014; [07] Enrigth et al. 2003; [43] Rao et al. 2013; [27] Alameri et al. 2009; [04] Troosters, Gosselink & Decramer 1999; [40] Britto et al. 2013","-0.3165;-0.4615;0.0767;-0.2316;-0.1842;0.752;-0.5445;0.2935;-0.1344;0.0524;0.6133;0.3209;-0.4554;0.6684;0.6276;-0.0769",427.173913043478,545.302821782771,1550.57992704402,0.350992001104417,118.128908739293,-2.13876831772721,233.57477497614,121.163718427858,139.707605030804
714,"natalia_oliveira_2023",2,"[13] Chetta et al. 2006; [47] Nusdwinuringtyas et al, 2014","0.5;0.5",425.101449275362,530.512652173913,319.920789649297,0.126513410150663,105.411202898551,9.66399999999999,256.9705,105.411202898551,126.686354957768
715,"natalia_oliveira_2023",18,"[27] Alameri et al. 2009; [02] Enright & Sherrill 1998; [37] Hill et al. 2011; [20] Jenkins et al. 2009; [13] Chetta et al. 2006; [50] Zou et al. 2017; [10] Camarri et al. 2006; [45] Kim et al. 2014; [32] Soares, Pereira 2011; [18] Iwama et al. 2009; [07] Enrigth et al. 2003; [43] Rao et al. 2013; [06] Gibbons et al. 2001; [58] Delbressine et al. 2023; [47] Nusdwinuringtyas et al, 2014; [48] Fernandes et al. 2016; [28] Ben Saad et al. 2009; [54] Almeida et al. 2019","0.6636;0.4109;0.2182;-0.0214;-0.2539;-0.225;-0.2749;0.3133;-0.0667;-0.1774;0.1515;-0.2611;-0.1587;0.0879;0.5394;-0.1931;0.3074;-0.0601",438.202898550725,540.382294061501,1026.21434777002,0.0805900214647281,102.179395510776,-12.8515049136639,232.745541501983,104.05988606478,121.71548919521
716,"natalia_oliveira_2023",22,"[45] Kim et al. 2014; [10] Camarri et al. 2006; [02] Enright & Sherrill 1998; [37] Hill et al. 2011; [34] Dourado, Vidotto, Guerra 2011; [48] Fernandes et al. 2016; [30] Osses et al. 2010; [32] Soares, Pereira 2011; [26] Jenkins et al. 2009; [47] Nusdwinuringtyas et al, 2014; [58] Delbressine et al. 2023; [20] Jenkins et al. 2009; [07] Enrigth et al. 2003; [50] Zou et al. 2017; [04] Troosters, Gosselink & Decramer 1999; [06] Gibbons et al. 2001; [28] Ben Saad et al. 2009; [27] Alameri et al. 2009; [40] Britto et al. 2013; [15] Masmoudi et al. 2008; [54] Almeida et al. 2019; [18] Iwama et al. 2009","0.4124;-0.4315;0.7608;-0.0235;-0.1724;-0.3047;-0.2272;-0.2708;-0.0159;0.531;0.0251;-0.1302;0.0838;-0.3615;0.4241;-0.3647;0.5483;0.8811;-0.1085;-0.0568;0.0593;-0.2582",440.04347826087,451.384073193737,1574.89715644124,0.221997196505105,11.3405949328677,-110.974994247217,119.42324564825,57.9272839487401,68.7643688292415
717,"natalia_oliveira_2023",13,"[58] Delbressine et al. 2023; [40] Britto et al. 2013; [30] Osses et al. 2010; [15] Masmoudi et al. 2008; [02] Enright & Sherrill 1998; [04] Troosters, Gosselink & Decramer 1999; [34] Dourado, Vidotto, Guerra 2011; [54] Almeida et al. 2019; [18] Iwama et al. 2009; [43] Rao et al. 2013; [27] Alameri et al. 2009; [48] Fernandes et al. 2016; [37] Hill et al. 2011","-0.0914;-0.1204;-0.4876;-0.2709;1.012;0.4355;-0.3964;0.1476;-0.059;-0.4925;1.1654;-0.1595;0.3171",427.710144927536,605.640948785446,2120.56080145786,0.184734812001163,177.93080385791,34.2136323867314,294.924140336701,177.93080385791,191.61780764062
718,"natalia_oliveira_2023",1,"[02] Enright & Sherrill 1998","1",449.188405797101,575.051550724638,9148.60902975107,0.178898799936916,125.863144927536,-38.9290000000001,295.945,132.141115942029,158.212037477365
719,"natalia_oliveira_2023",15,"[04] Troosters, Gosselink & Decramer 1999; [47] Nusdwinuringtyas et al, 2014; [18] Iwama et al. 2009; [20] Jenkins et al. 2009; [58] Delbressine et al. 2023; [06] Gibbons et al. 2001; [34] Dourado, Vidotto, Guerra 2011; [32] Soares, Pereira 2011; [07] Enrigth et al. 2003; [27] Alameri et al. 2009; [10] Camarri et al. 2006; [54] Almeida et al. 2019; [43] Rao et al. 2013; [40] Britto et al. 2013; [15] Masmoudi et al. 2008","0.5838;0.5388;-0.2948;-0.1135;0.2877;-0.1679;-0.1143;-0.4034;0.6295;0.8649;-0.425;0.1902;-0.6166;0.0458;-0.0052",441.304347826087,544.734898282915,971.549929355832,0.0787217766649515,103.430550456828,-29.2949675546426,234.109719243067,108.804223989697,128.287235567897
720,"natalia_oliveira_2023",5,"[27] Alameri et al. 2009; [50] Zou et al. 2017; [13] Chetta et al. 2006; [32] Soares, Pereira 2011; [37] Hill et al. 2011","0.6617;-0.2396;-0.3146;0.2048;0.6877",472.231884057971,603.37018195459,1380.1869124729,0.268136044284946,131.138297896619,21.9145846190265,265.569832562142,131.138297896619,146.517239423998
721,"natalia_oliveira_2023",14,"[27] Alameri et al. 2009; [20] Jenkins et al. 2009; [50] Zou et al. 2017; [54] Almeida et al. 2019; [15] Masmoudi et al. 2008; [26] Jenkins et al. 2009; [48] Fernandes et al. 2016; [28] Ben Saad et al. 2009; [37] Hill et al. 2011; [07] Enrigth et al. 2003; [04] Troosters, Gosselink & Decramer 1999; [30] Osses et al. 2010; [34] Dourado, Vidotto, Guerra 2011; [43] Rao et al. 2013","1.2987;-0.2233;-0.4137;0.1765;-0.18;-0.079;-0.3293;0.6833;0.476;0.2366;0.3929;-0.3742;-0.2251;-0.4394",442.173913043478,629.824477246872,1672.32125957435,0.144710282602135,187.650564203394,41.2982430257703,312.87189668859,187.650564203394,202.434064243746
722,"natalia_oliveira_2023",11,"[37] Hill et al. 2011; [15] Masmoudi et al. 2008; [26] Jenkins et al. 2009; [10] Camarri et al. 2006; [32] Soares, Pereira 2011; [28] Ben Saad et al. 2009; [45] Kim et al. 2014; [43] Rao et al. 2013; [06] Gibbons et al. 2001; [54] Almeida et al. 2019; [20] Jenkins et al. 2009","0.4741;-0.1549;0.0092;-0.0976;-0.3779;0.8082;1.0907;-0.1816;-0.4969;0.1727;-0.2461",452.797101449275,649.082422420697,1484.61661960719,0.364182563732628,196.285320971421,68.3091385770676,331.543004986323,196.285320971421,207.824065991522
723,"natalia_oliveira_2023",19,"[58] Delbressine et al. 2023; [40] Britto et al. 2013; [04] Troosters, Gosselink & Decramer 1999; [18] Iwama et al. 2009; [47] Nusdwinuringtyas et al, 2014; [07] Enrigth et al. 2003; [32] Soares, Pereira 2011; [15] Masmoudi et al. 2008; [06] Gibbons et al. 2001; [28] Ben Saad et al. 2009; [13] Chetta et al. 2006; [26] Jenkins et al. 2009; [02] Enright & Sherrill 1998; [50] Zou et al. 2017; [54] Almeida et al. 2019; [27] Alameri et al. 2009; [30] Osses et al. 2010; [43] Rao et al. 2013; [20] Jenkins et al. 2009","0.0399;-0.1779;0.3717;-0.1549;0.6852;0.202;-0.353;-0.1096;-0.2617;0.491;-0.364;-0.1206;0.8466;-0.2166;-0.0741;0.9878;-0.3083;-0.2538;-0.2297",454.072463768116,484.651158344529,1315.80159577362,0.232266145639354,30.5786945764134,-81.0405968300557,145.411024454575,57.8933551459467,72.4946032118906
724,"natalia_oliveira_2023",23,"[54] Almeida et al. 2019; [02] Enright & Sherrill 1998; [04] Troosters, Gosselink & Decramer 1999; [13] Chetta et al. 2006; [34] Dourado, Vidotto, Guerra 2011; [58] Delbressine et al. 2023; [40] Britto et al. 2013; [07] Enrigth et al. 2003; [06] Gibbons et al. 2001; [18] Iwama et al. 2009; [27] Alameri et al. 2009; [10] Camarri et al. 2006; [28] Ben Saad et al. 2009; [47] Nusdwinuringtyas et al, 2014; [30] Osses et al. 2010; [37] Hill et al. 2011; [43] Rao et al. 2013; [32] Soares, Pereira 2011; [50] Zou et al. 2017; [45] Kim et al. 2014; [26] Jenkins et al. 2009; [48] Fernandes et al. 2016; [15] Masmoudi et al. 2008","0.0187;0.7177;0.4082;-0.402;-0.2311;0.0406;-0.1326;0.1875;-0.3021;-0.1487;0.8227;-0.3122;0.4504;0.6635;-0.2769;0.249;-0.2735;-0.3269;-0.2377;0.4882;-0.1061;-0.2083;-0.0886",448.507246376812,551.418799610994,1602.10166878874,0.284513656859871,102.911553234182,5.62006191543378,212.588147929614,104.097216837293,121.745334392861
725,"natalia_oliveira_2023",13,"[26] Jenkins et al. 2009; [04] Troosters, Gosselink & Decramer 1999; [48] Fernandes et al. 2016; [06] Gibbons et al. 2001; [50] Zou et al. 2017; [37] Hill et al. 2011; [32] Soares, Pereira 2011; [47] Nusdwinuringtyas et al, 2014; [45] Kim et al. 2014; [18] Iwama et al. 2009; [15] Masmoudi et al. 2008; [58] Delbressine et al. 2023; [27] Alameri et al. 2009","-0.013;0.5221;-0.2995;-0.2753;-0.6622;0.5558;-0.3708;0.6561;0.1373;-0.2637;0.0756;0.2828;0.6547",463.028985507246,626.433841268302,1502.61476405495,0.165346548788657,163.404855761056,45.3764405960184,297.499836477012,163.404855761056,175.345584496212
726,"natalia_oliveira_2023",23,"[28] Ben Saad et al. 2009; [54] Almeida et al. 2019; [07] Enrigth et al. 2003; [45] Kim et al. 2014; [13] Chetta et al. 2006; [18] Iwama et al. 2009; [43] Rao et al. 2013; [06] Gibbons et al. 2001; [50] Zou et al. 2017; [34] Dourado, Vidotto, Guerra 2011; [48] Fernandes et al. 2016; [47] Nusdwinuringtyas et al, 2014; [32] Soares, Pereira 2011; [58] Delbressine et al. 2023; [26] Jenkins et al. 2009; [10] Camarri et al. 2006; [30] Osses et al. 2010; [15] Masmoudi et al. 2008; [40] Britto et al. 2013; [20] Jenkins et al. 2009; [02] Enright & Sherrill 1998; [04] Troosters, Gosselink & Decramer 1999; [37] Hill et al. 2011","0.5635;-0.165;0.0518;0.7567;-0.3815;-0.1543;-0.1858;-0.3486;-0.1206;-0.1445;-0.2239;1.1316;-0.3371;-0.0369;0.0889;-0.2511;-0.2853;-0.1028;-0.1593;-0.0817;0.9036;0.4049;0.0774",450.913043478261,603.816063929247,2180.3658356174,0.0827796434752111,152.903020450986,15.1175293728066,296.038377517442,152.903020450986,173.515463534321
727,"natalia_oliveira_2023",9,"[30] Osses et al. 2010; [18] Iwama et al. 2009; [26] Jenkins et al. 2009; [50] Zou et al. 2017; [10] Camarri et al. 2006; [58] Delbressine et al. 2023; [06] Gibbons et al. 2001; [20] Jenkins et al. 2009; [45] Kim et al. 2014","-0.0299;-0.003;0.1548;-0.3342;-0.3918;0.7372;-0.0402;0.0086;0.8985",449.521739130435,570.103604397871,1297.81338081755,0.100966321479864,120.581865267436,-9.21863864234649,260.236018025101,121.790078634398,140.642230550773
728,"natalia_oliveira_2023",3,"[30] Osses et al. 2010; [18] Iwama et al. 2009; [20] Jenkins et al. 2009","0.2338;0.4262;0.34",451.202898550725,585.867953057859,1913.66373868215,0.187104213014316,134.665054507134,4.61790452169157,264.815849487628,134.665054507134,156.652250887485
729,"natalia_oliveira_2023",24,"[27] Alameri et al. 2009; [20] Jenkins et al. 2009; [50] Zou et al. 2017; [04] Troosters, Gosselink & Decramer 1999; [43] Rao et al. 2013; [37] Hill et al. 2011; [32] Soares, Pereira 2011; [15] Masmoudi et al. 2008; [34] Dourado, Vidotto, Guerra 2011; [02] Enright & Sherrill 1998; [40] Britto et al. 2013; [48] Fernandes et al. 2016; [28] Ben Saad et al. 2009; [26] Jenkins et al. 2009; [18] Iwama et al. 2009; [06] Gibbons et al. 2001; [45] Kim et al. 2014; [10] Camarri et al. 2006; [54] Almeida et al. 2019; [13] Chetta et al. 2006; [58] Delbressine et al. 2023; [47] Nusdwinuringtyas et al, 2014; [30] Osses et al. 2010; [07] Enrigth et al. 2003","0.753;-0.1279;-0.25;0.3612;-0.2759;0.259;-0.2913;-0.029;-0.1744;0.5754;-0.0754;-0.1883;0.385;-0.0211;-0.1429;-0.2355;0.4312;-0.2429;0.008;-0.3524;0.075;0.5819;-0.213;0.1902",450.028985507246,565.716848752615,1695.01975176298,0.240649250626221,115.687863245368,30.4152749084888,248.302853790213,116.227252330848,131.376684746077
730,"natalia_oliveira_2023",10,"[34] Dourado, Vidotto, Guerra 2011; [37] Hill et al. 2011; [54] Almeida et al. 2019; [06] Gibbons et al. 2001; [26] Jenkins et al. 2009; [07] Enrigth et al. 2003; [20] Jenkins et al. 2009; [04] Troosters, Gosselink & Decramer 1999; [02] Enright & Sherrill 1998; [15] Masmoudi et al. 2008","0.0171;-0.0332;0.4461;0.1799;0.1646;0.0077;0.0088;0.3516;-0.1917;0.0493",452.855072463768,658.896729317141,1903.57352558152,0.151559010727781,206.041656853373,64.7100017967734,346.746681455944,206.041656853373,218.446612856198
731,"natalia_oliveira_2023",18,"[10] Camarri et al. 2006; [13] Chetta et al. 2006; [26] Jenkins et al. 2009; [30] Osses et al. 2010; [18] Iwama et al. 2009; [45] Kim et al. 2014; [43] Rao et al. 2013; [02] Enright & Sherrill 1998; [58] Delbressine et al. 2023; [54] Almeida et al. 2019; [34] Dourado, Vidotto, Guerra 2011; [32] Soares, Pereira 2011; [20] Jenkins et al. 2009; [50] Zou et al. 2017; [06] Gibbons et al. 2001; [15] Masmoudi et al. 2008; [04] Troosters, Gosselink & Decramer 1999; [28] Ben Saad et al. 2009","-0.2292;-0.2389;-0.0137;-0.2099;0.1232;1.0356;-0.0895;0.4747;0.0292;0.1177;-0.1591;-0.0721;-0.1094;-0.0722;-0.1117;-0.0609;0.2604;0.3258",455.072463768116,600.383830742452,1803.89100209838,0.136227315817836,145.311366974336,47.8694658609443,278.358053547893,145.311366974336,161.644865757045
732,"natalia_oliveira_2023",9,"[10] Camarri et al. 2006; [45] Kim et al. 2014; [47] Nusdwinuringtyas et al, 2014; [04] Troosters, Gosselink & Decramer 1999; [27] Alameri et al. 2009; [32] Soares, Pereira 2011; [40] Britto et al. 2013; [13] Chetta et al. 2006; [15] Masmoudi et al. 2008","-0.559;0.1487;0.5419;0.9046;0.4948;-0.2501;-0.0161;-0.4889;0.224",458.173913043478,519.289149878223,1746.94589898973,0.35323952925077,61.1152368347451,-47.0291169117571,200.104972559874,68.8017665806666,88.9876307323613
733,"natalia_oliveira_2023",7,"[34] Dourado, Vidotto, Guerra 2011; [40] Britto et al. 2013; [15] Masmoudi et al. 2008; [07] Enrigth et al. 2003; [04] Troosters, Gosselink & Decramer 1999; [06] Gibbons et al. 2001; [32] Soares, Pereira 2011","0.1565;0.2307;-0.2468;0.0761;0.4345;0.4059;-0.0569",437.521739130435,637.881889635905,2888.5843527192,0.139205916927696,200.36015050547,79.7015201134941,340.5286501875,200.36015050547,214.202965519583
734,"natalia_oliveira_2023",9,"[30] Osses et al. 2010; [13] Chetta et al. 2006; [06] Gibbons et al. 2001; [37] Hill et al. 2011; [58] Delbressine et al. 2023; [50] Zou et al. 2017; [02] Enright & Sherrill 1998; [26] Jenkins et al. 2009; [18] Iwama et al. 2009","-0.2335;-0.0692;-0.046;0.1281;-0.1009;0.4118;0.258;0.3599;0.292",432.115942028986,580.061204404084,1505.44803059642,0.113065724223318,147.945262375099,6.32829100471272,268.030297000249,147.945262375099,166.059331513551
735,"natalia_oliveira_2023",2,"[48] Fernandes et al. 2016; [30] Osses et al. 2010","0.5;0.5",450.884057971014,523.638384057971,1577.81810089077,0.0546875667957273,72.7543260869566,-66.2155,191.63,81.9912681159421,105.074451363242
736,"natalia_oliveira_2023",6,"[47] Nusdwinuringtyas et al, 2014; [07] Enrigth et al. 2003; [54] Almeida et al. 2019; [28] Ben Saad et al. 2009; [40] Britto et al. 2013; [50] Zou et al. 2017","0.8491;0.2202;0.0773;0.6722;-0.4428;-0.3759",444.028985507246,552.12566649878,1267.19406166934,0.162261062826819,108.096680991533,-12.8711124349685,231.444433896786,109.58230898816,127.226426230451
737,"natalia_oliveira_2023",2,"[07] Enrigth et al. 2003; [10] Camarri et al. 2006","0.4556;0.5444",440.449275362319,609.332352911461,3047.53154168137,0.264498888854445,168.883077549142,23.6278582867285,284.301476795445,168.883077549142,183.552351476357
738,"natalia_oliveira_2023",22,"[04] Troosters, Gosselink & Decramer 1999; [47] Nusdwinuringtyas et al, 2014; [45] Kim et al. 2014; [50] Zou et al. 2017; [48] Fernandes et al. 2016; [26] Jenkins et al. 2009; [13] Chetta et al. 2006; [20] Jenkins et al. 2009; [27] Alameri et al. 2009; [37] Hill et al. 2011; [15] Masmoudi et al. 2008; [02] Enright & Sherrill 1998; [07] Enrigth et al. 2003; [43] Rao et al. 2013; [58] Delbressine et al. 2023; [28] Ben Saad et al. 2009; [34] Dourado, Vidotto, Guerra 2011; [30] Osses et al. 2010; [40] Britto et al. 2013; [10] Camarri et al. 2006; [54] Almeida et al. 2019; [18] Iwama et al. 2009","0.2836;0.5822;0.508;-0.3418;-0.363;-0.0641;-0.4593;-0.1785;0.9842;0.3424;-0.1008;0.7415;0.1916;-0.3936;0.0424;0.4609;-0.2227;-0.2775;-0.036;-0.3397;-0.0297;-0.3303",447.594202898551,591.337652044882,1506.74147927651,0.0905073626426864,143.743449146332,10.6241310765475,269.926954761826,143.743449146332,161.980075804294
739,"natalia_oliveira_2023",19,"[30] Osses et al. 2010; [13] Chetta et al. 2006; [43] Rao et al. 2013; [32] Soares, Pereira 2011; [28] Ben Saad et al. 2009; [26] Jenkins et al. 2009; [02] Enright & Sherrill 1998; [20] Jenkins et al. 2009; [54] Almeida et al. 2019; [27] Alameri et al. 2009; [15] Masmoudi et al. 2008; [34] Dourado, Vidotto, Guerra 2011; [10] Camarri et al. 2006; [48] Fernandes et al. 2016; [37] Hill et al. 2011; [04] Troosters, Gosselink & Decramer 1999; [50] Zou et al. 2017; [18] Iwama et al. 2009; [45] Kim et al. 2014","-0.2772;-0.3746;-0.2765;-0.292;0.4609;-0.1284;0.8064;-0.2117;0.0763;1.1165;-0.1065;-0.24;-0.2466;-0.2027;0.3997;0.2788;-0.2541;-0.1458;0.6175",467.855072463768,582.072741758683,1661.93252362706,0.139465110233761,114.217669294915,-4.28595256427409,242.146550473746,114.773576148924,136.274194349328
740,"natalia_oliveira_2023",24,"[27] Alameri et al. 2009; [28] Ben Saad et al. 2009; [47] Nusdwinuringtyas et al, 2014; [20] Jenkins et al. 2009; [04] Troosters, Gosselink & Decramer 1999; [30] Osses et al. 2010; [15] Masmoudi et al. 2008; [48] Fernandes et al. 2016; [34] Dourado, Vidotto, Guerra 2011; [07] Enrigth et al. 2003; [10] Camarri et al. 2006; [37] Hill et al. 2011; [43] Rao et al. 2013; [32] Soares, Pereira 2011; [02] Enright & Sherrill 1998; [26] Jenkins et al. 2009; [06] Gibbons et al. 2001; [13] Chetta et al. 2006; [50] Zou et al. 2017; [54] Almeida et al. 2019; [45] Kim et al. 2014; [58] Delbressine et al. 2023; [18] Iwama et al. 2009; [40] Britto et al. 2013","0.79;0.4214;0.5763;-0.1678;0.2989;-0.2645;-0.1208;-0.2056;-0.188;0.1524;-0.1836;0.2659;-0.2135;-0.289;0.7527;-0.079;-0.2865;-0.3492;-0.1726;0.045;0.4752;0.0029;-0.1534;-0.1069",446.652173913043,545.668494595725,1185.14244155833,0.27442871691828,99.0163206826817,-46.6541372558277,226.915617874824,103.984400735994,122.081807343708
741,"natalia_oliveira_2023",6,"[32] Soares, Pereira 2011; [34] Dourado, Vidotto, Guerra 2011; [28] Ben Saad et al. 2009; [27] Alameri et al. 2009; [10] Camarri et al. 2006; [02] Enright & Sherrill 1998","0.0448;-0.1344;0.2331;0.3646;-0.0037;0.4956",449.246376811594,529.063585720033,3659.84007484085,0.45813976639699,79.8172089084391,-31.3952421471424,226.939462655077,86.2258346819752,107.256455103457
742,"natalia_oliveira_2023",8,"[58] Delbressine et al. 2023; [50] Zou et al. 2017; [54] Almeida et al. 2019; [26] Jenkins et al. 2009; [02] Enright & Sherrill 1998; [34] Dourado, Vidotto, Guerra 2011; [48] Fernandes et al. 2016; [15] Masmoudi et al. 2008","-0.1499;0.5695;0.358;0.1141;0.6932;-0.3045;-0.0832;-0.1972",433.884057971014,605.774825218602,2394.0623524706,0.271878921842139,171.890767247587,69.9770537197489,270.416316780495,171.890767247587,183.329394886469
743,"natalia_oliveira_2023",11,"[37] Hill et al. 2011; [43] Rao et al. 2013; [27] Alameri et al. 2009; [10] Camarri et al. 2006; [02] Enright & Sherrill 1998; [15] Masmoudi et al. 2008; [20] Jenkins et al. 2009; [54] Almeida et al. 2019; [18] Iwama et al. 2009; [34] Dourado, Vidotto, Guerra 2011; [06] Gibbons et al. 2001","0.4561;-0.2328;1.1815;-0.1146;0.88;-0.0956;-0.2227;0.0837;-0.2175;-0.2623;-0.4557",441.159420289855,484.157640387983,1650.90410486967,0.369909150896433,42.9982200981276,-98.2687587036076,162.809539295448,64.1461733405244,81.8700978692147
744,"natalia_oliveira_2023",1,"[18] Iwama et al. 2009","1",459,531.177637681159,738.225166646207,0.165580250928941,72.1776376811594,-57.535,229.8178,82.8916666666667,106.900350498809
745,"natalia_oliveira_2023",22,"[43] Rao et al. 2013; [40] Britto et al. 2013; [10] Camarri et al. 2006; [04] Troosters, Gosselink & Decramer 1999; [30] Osses et al. 2010; [50] Zou et al. 2017; [32] Soares, Pereira 2011; [13] Chetta et al. 2006; [06] Gibbons et al. 2001; [20] Jenkins et al. 2009; [45] Kim et al. 2014; [18] Iwama et al. 2009; [26] Jenkins et al. 2009; [07] Enrigth et al. 2003; [15] Masmoudi et al. 2008; [28] Ben Saad et al. 2009; [34] Dourado, Vidotto, Guerra 2011; [37] Hill et al. 2011; [54] Almeida et al. 2019; [02] Enright & Sherrill 1998; [58] Delbressine et al. 2023; [27] Alameri et al. 2009","-0.2141;-0.1338;-0.2456;0.3351;-0.303;-0.2071;-0.3276;-0.3491;-0.2058;-0.1735;0.5906;-0.0115;-0.0468;0.1226;-0.1536;0.4294;-0.2091;0.2873;0.0747;0.7647;-0.029;1.0053",434.579710144928,527.842105738082,1809.13461622988,0.269454450453737,93.2623955931549,-26.7168910576189,215.076704399968,97.528121793759,116.307730746529
746,"natalia_oliveira_2023",15,"[32] Soares, Pereira 2011; [45] Kim et al. 2014; [04] Troosters, Gosselink & Decramer 1999; [18] Iwama et al. 2009; [06] Gibbons et al. 2001; [58] Delbressine et al. 2023; [34] Dourado, Vidotto, Guerra 2011; [28] Ben Saad et al. 2009; [10] Camarri et al. 2006; [20] Jenkins et al. 2009; [47] Nusdwinuringtyas et al, 2014; [37] Hill et al. 2011; [43] Rao et al. 2013; [40] Britto et al. 2013; [30] Osses et al. 2010","-0.3888;0.6802;0.5462;-0.2926;-0.4888;0.0704;-0.0958;0.8696;-0.3276;-0.0851;0.986;0.2662;-0.4354;-0.0342;-0.2703",445.101449275362,644.106603410955,1403.58762493534,0.105418793743705,199.005154135592,67.8671274539608,334.973520144167,199.005154135592,212.928102554063
747,"natalia_oliveira_2023",1,"[45] Kim et al. 2014","1",452.63768115942,580.46,324.1758,0.0117781948901594,127.82231884058,25.1800000000001,312.513,128.195072463768,147.665314620696
748,"natalia_oliveira_2023",23,"[06] Gibbons et al. 2001; [54] Almeida et al. 2019; [28] Ben Saad et al. 2009; [26] Jenkins et al. 2009; [40] Britto et al. 2013; [48] Fernandes et al. 2016; [50] Zou et al. 2017; [27] Alameri et al. 2009; [34] Dourado, Vidotto, Guerra 2011; [07] Enrigth et al. 2003; [32] Soares, Pereira 2011; [43] Rao et al. 2013; [45] Kim et al. 2014; [20] Jenkins et al. 2009; [10] Camarri et al. 2006; [02] Enright & Sherrill 1998; [15] Masmoudi et al. 2008; [13] Chetta et al. 2006; [04] Troosters, Gosselink & Decramer 1999; [37] Hill et al. 2011; [47] Nusdwinuringtyas et al, 2014; [30] Osses et al. 2010; [18] Iwama et al. 2009","-0.1681;3e-04;0.3108;0.0376;-0.0566;-0.1865;-0.2993;0.7545;-0.0947;0.1756;-0.1367;-0.3044;0.3095;-0.0617;-0.2847;0.3975;0.055;-0.2703;0.32;0.1944;0.5857;-0.115;-0.163",444.072463768116,558.378186276438,1451.67315700102,0.102778363934828,114.305722508322,-18.3668876036515,246.694398417787,116.93058505694,135.237298432831
749,"natalia_oliveira_2023",19,"[10] Camarri et al. 2006; [32] Soares, Pereira 2011; [30] Osses et al. 2010; [28] Ben Saad et al. 2009; [43] Rao et al. 2013; [27] Alameri et al. 2009; [50] Zou et al. 2017; [18] Iwama et al. 2009; [06] Gibbons et al. 2001; [40] Britto et al. 2013; [34] Dourado, Vidotto, Guerra 2011; [07] Enrigth et al. 2003; [26] Jenkins et al. 2009; [20] Jenkins et al. 2009; [58] Delbressine et al. 2023; [45] Kim et al. 2014; [54] Almeida et al. 2019; [02] Enright & Sherrill 1998; [13] Chetta et al. 2006","-0.2395;-0.3162;-0.2362;0.5141;-0.2214;1.0218;-0.1797;-0.1295;-0.1624;-0.0852;-0.2303;0.323;-0.1511;-0.2182;0.1183;0.5945;-0.0026;0.8906;-0.29",445.188405797101,449.536783166101,1551.3701784488,0.135746184268605,4.34837736899934,-137.054294249741,136.588626164395,60.1839292520982,72.4861554244234
750,"natalia_oliveira_2023",17,"[32] Soares, Pereira 2011; [07] Enrigth et al. 2003; [04] Troosters, Gosselink & Decramer 1999; [06] Gibbons et al. 2001; [54] Almeida et al. 2019; [18] Iwama et al. 2009; [48] Fernandes et al. 2016; [43] Rao et al. 2013; [34] Dourado, Vidotto, Guerra 2011; [02] Enright & Sherrill 1998; [13] Chetta et al. 2006; [27] Alameri et al. 2009; [28] Ben Saad et al. 2009; [37] Hill et al. 2011; [30] Osses et al. 2010; [26] Jenkins et al. 2009; [47] Nusdwinuringtyas et al, 2014","-0.0942;0.1614;0.3865;-0.2021;-0.0938;-0.1736;-0.1988;-0.224;-0.0971;0.2622;-0.2352;0.7665;0.2384;0.0797;-0.0849;0.0343;0.4748",451.565217391304,561.310523587431,1518.73130050784,0.203496888483021,109.745306196127,-3.35067343820901,234.932139094731,110.706458815853,128.66511637308
751,"natalia_oliveira_2023",3,"[02] Enright & Sherrill 1998; [15] Masmoudi et al. 2008; [27] Alameri et al. 2009","0.8103;-0.3559;0.5456",440.36231884058,514.408822051256,1792.96103779078,0.276124475673606,74.0465032106768,-60.6138635165346,180.76317113443,82.4060265242021,98.5500655452255
752,"natalia_oliveira_2023",13,"[58] Delbressine et al. 2023; [10] Camarri et al. 2006; [32] Soares, Pereira 2011; [40] Britto et al. 2013; [06] Gibbons et al. 2001; [37] Hill et al. 2011; [50] Zou et al. 2017; [27] Alameri et al. 2009; [04] Troosters, Gosselink & Decramer 1999; [02] Enright & Sherrill 1998; [18] Iwama et al. 2009; [26] Jenkins et al. 2009; [20] Jenkins et al. 2009","-0.0775;-0.1427;-0.3865;-0.1006;-0.3286;0.4298;-0.2692;1.2353;0.2445;0.767;-0.1335;-0.0434;-0.1944",475.420289855072,458.869675842065,1354.4970091882,0.179621044651146,-16.5506140130078,-127.154980842883,129.952011830199,62.5431134245735,73.0041979596186
753,"natalia_oliveira_2023",10,"[50] Zou et al. 2017; [37] Hill et al. 2011; [27] Alameri et al. 2009; [02] Enright & Sherrill 1998; [43] Rao et al. 2013; [58] Delbressine et al. 2023; [48] Fernandes et al. 2016; [10] Camarri et al. 2006; [15] Masmoudi et al. 2008; [47] Nusdwinuringtyas et al, 2014","-0.2593;0.5998;1.1419;0.7083;-0.4199;-0.0348;-0.6668;-0.2286;-0.2135;0.3728",439.550724637681,638.091348093373,856.219411522458,0.242457340658233,198.540623455692,63.7420665189226,325.677833661919,198.540623455692,212.987584881749
754,"natalia_oliveira_2023",15,"[13] Chetta et al. 2006; [06] Gibbons et al. 2001; [27] Alameri et al. 2009; [28] Ben Saad et al. 2009; [58] Delbressine et al. 2023; [40] Britto et al. 2013; [54] Almeida et al. 2019; [18] Iwama et al. 2009; [10] Camarri et al. 2006; [02] Enright & Sherrill 1998; [32] Soares, Pereira 2011; [07] Enrigth et al. 2003; [47] Nusdwinuringtyas et al, 2014; [50] Zou et al. 2017; [43] Rao et al. 2013","-0.3332;-0.2842;1.0082;0.4326;0.0018;-0.3108;-0.1788;-0.1742;-0.2132;0.8547;-0.4314;0.2232;0.6848;-0.1034;-0.176",438.811594202899,431.10470771541,1044.48072345925,0.288118574063992,-7.70688648748863,-165.03396673093,116.87153629393,62.337730000508,74.815211895047
755,"natalia_oliveira_2023",21,"[54] Almeida et al. 2019; [50] Zou et al. 2017; [30] Osses et al. 2010; [37] Hill et al. 2011; [40] Britto et al. 2013; [34] Dourado, Vidotto, Guerra 2011; [32] Soares, Pereira 2011; [20] Jenkins et al. 2009; [45] Kim et al. 2014; [28] Ben Saad et al. 2009; [15] Masmoudi et al. 2008; [04] Troosters, Gosselink & Decramer 1999; [06] Gibbons et al. 2001; [43] Rao et al. 2013; [27] Alameri et al. 2009; [10] Camarri et al. 2006; [47] Nusdwinuringtyas et al, 2014; [18] Iwama et al. 2009; [58] Delbressine et al. 2023; [07] Enrigth et al. 2003; [26] Jenkins et al. 2009","0.2279;-0.4296;-0.2781;0.4807;-0.1216;-0.1171;-0.3374;-0.1151;0.387;0.5968;-0.0894;0.4503;-0.377;-0.4517;0.8496;-0.2894;0.5175;-0.3038;0.08;0.2864;0.0338",447.057971014493,612.260350285822,1077.21467167697,0.219206269837202,165.202379271329,77.3635951659764,294.667055273174,165.202379271329,177.42049138172
756,"natalia_oliveira_2023",7,"[58] Delbressine et al. 2023; [20] Jenkins et al. 2009; [27] Alameri et al. 2009; [40] Britto et al. 2013; [50] Zou et al. 2017; [47] Nusdwinuringtyas et al, 2014; [07] Enrigth et al. 2003","0.4231;-0.0773;0.7931;-0.1687;-0.9487;0.3298;0.6486",443.898550724638,455.709405737277,1133.98095096792,0.134751415282202,11.8108550126389,-89.3103785832159,136.57238954291,57.2976181295902,70.8180697750454
757,"natalia_oliveira_2023",3,"[20] Jenkins et al. 2009; [43] Rao et al. 2013; [58] Delbressine et al. 2023","0.1183;0.4423;0.4394",447.840579710145,506.45525908902,2429.01454452719,0.295869866405193,58.6146793788749,-34.8362606350948,176.43719252535,70.2163022503383,90.3065532383579
758,"natalia_oliveira_2023",19,"[37] Hill et al. 2011; [18] Iwama et al. 2009; [27] Alameri et al. 2009; [48] Fernandes et al. 2016; [07] Enrigth et al. 2003; [26] Jenkins et al. 2009; [02] Enright & Sherrill 1998; [47] Nusdwinuringtyas et al, 2014; [15] Masmoudi et al. 2008; [04] Troosters, Gosselink & Decramer 1999; [45] Kim et al. 2014; [58] Delbressine et al. 2023; [20] Jenkins et al. 2009; [50] Zou et al. 2017; [34] Dourado, Vidotto, Guerra 2011; [13] Chetta et al. 2006; [40] Britto et al. 2013; [06] Gibbons et al. 2001; [30] Osses et al. 2010","0.4141;-0.16;0.6765;-0.2071;0.1682;-0.0269;0.7419;0.5193;-0.1518;0.2923;0.3377;-0.0136;-0.1588;-0.3112;-0.1574;-0.4052;-0.0067;-0.2593;-0.2922",455.289855072464,544.341520365581,1090.10775699757,0.277071762348386,89.0516652931177,-37.7433505909195,222.777919604027,93.4138367588859,109.085524721413
759,"natalia_oliveira_2023",5,"[48] Fernandes et al. 2016; [06] Gibbons et al. 2001; [45] Kim et al. 2014; [15] Masmoudi et al. 2008; [28] Ben Saad et al. 2009","-0.1605;-0.04;0.656;-0.2783;0.8228",446.072463768116,622.35305016481,1698.49556112071,0.234623342223476,176.280586396695,50.5739511901213,314.310956541005,176.280586396695,190.02816404997
760,"natalia_oliveira_2023",21,"[34] Dourado, Vidotto, Guerra 2011; [10] Camarri et al. 2006; [43] Rao et al. 2013; [47] Nusdwinuringtyas et al, 2014; [07] Enrigth et al. 2003; [45] Kim et al. 2014; [32] Soares, Pereira 2011; [50] Zou et al. 2017; [20] Jenkins et al. 2009; [27] Alameri et al. 2009; [06] Gibbons et al. 2001; [26] Jenkins et al. 2009; [04] Troosters, Gosselink & Decramer 1999; [54] Almeida et al. 2019; [18] Iwama et al. 2009; [15] Masmoudi et al. 2008; [58] Delbressine et al. 2023; [28] Ben Saad et al. 2009; [48] Fernandes et al. 2016; [02] Enright & Sherrill 1998; [30] Osses et al. 2010","-0.1981;-0.31;-0.2884;0.5713;0.2527;0.3941;-0.1927;-0.2496;-0.1485;0.7;-0.2185;-0.0594;0.2772;0.0436;-0.1927;-0.0298;0.1125;0.4001;-0.2296;0.5896;-0.2239",443.710144927536,514.164926074827,1410.44226890666,0.207036179935427,70.4547811472907,-3.07230048525633,195.872512541723,70.903814222949,91.7202686907687
761,"natalia_oliveira_2023",6,"[13] Chetta et al. 2006; [10] Camarri et al. 2006; [47] Nusdwinuringtyas et al, 2014; [34] Dourado, Vidotto, Guerra 2011; [04] Troosters, Gosselink & Decramer 1999; [15] Masmoudi et al. 2008","-0.7678;-0.3516;1.0985;-0.1603;1.0759;0.1052",443.159420289855,584.919967201926,1657.1736710446,0.134128113684084,141.760546912071,8.78881358847426,274.473076285475,141.760546912071,159.963756501968
762,"natalia_oliveira_2023",23,"[45] Kim et al. 2014; [54] Almeida et al. 2019; [27] Alameri et al. 2009; [20] Jenkins et al. 2009; [18] Iwama et al. 2009; [10] Camarri et al. 2006; [34] Dourado, Vidotto, Guerra 2011; [50] Zou et al. 2017; [04] Troosters, Gosselink & Decramer 1999; [48] Fernandes et al. 2016; [06] Gibbons et al. 2001; [15] Masmoudi et al. 2008; [40] Britto et al. 2013; [26] Jenkins et al. 2009; [43] Rao et al. 2013; [07] Enrigth et al. 2003; [58] Delbressine et al. 2023; [28] Ben Saad et al. 2009; [37] Hill et al. 2011; [30] Osses et al. 2010; [32] Soares, Pereira 2011; [02] Enright & Sherrill 1998; [13] Chetta et al. 2006","0.6253;0.0977;1.0588;-0.2092;-0.0605;-0.2243;-0.2231;-0.1936;0.2508;-0.1241;-0.2238;-0.1548;-0.0864;-0.1334;-0.2215;0.1598;-0.0063;0.4413;0.3601;-0.2796;-0.3111;0.8154;-0.3575",461.217391304348,532.003258988725,1526.27978547951,0.189402541292302,70.7858676843771,-49.5829007862504,200.40361005361,80.6783855137059,100.748171456097
763,"natalia_oliveira_2023",4,"[45] Kim et al. 2014; [40] Britto et al. 2013; [34] Dourado, Vidotto, Guerra 2011; [10] Camarri et al. 2006","0.3321;0.3779;0.3198;-0.0298",460.550724637681,575.381736126731,1126.57559857981,0.320816917791342,114.83101148905,-11.6363668550762,262.585114071746,116.383087042464,135.465229181262
764,"natalia_oliveira_2023",15,"[54] Almeida et al. 2019; [58] Delbressine et al. 2023; [50] Zou et al. 2017; [45] Kim et al. 2014; [40] Britto et al. 2013; [20] Jenkins et al. 2009; [13] Chetta et al. 2006; [30] Osses et al. 2010; [34] Dourado, Vidotto, Guerra 2011; [18] Iwama et al. 2009; [02] Enright & Sherrill 1998; [26] Jenkins et al. 2009; [07] Enrigth et al. 2003; [47] Nusdwinuringtyas et al, 2014; [04] Troosters, Gosselink & Decramer 1999","0.1876;-0.0566;-0.3547;0.5806;-0.1972;-0.2038;-0.5355;-0.4442;-0.2286;-0.2238;0.8094;0.0239;0.1572;0.8949;0.5908",437.246376811594,579.076262789482,1420.11572563589,0.249432748828415,141.829885977888,10.2848373169759,266.85696080499,141.829885977888,157.949596396482
765,"natalia_oliveira_2023",11,"[48] Fernandes et al. 2016; [43] Rao et al. 2013; [45] Kim et al. 2014; [58] Delbressine et al. 2023; [40] Britto et al. 2013; [54] Almeida et al. 2019; [04] Troosters, Gosselink & Decramer 1999; [26] Jenkins et al. 2009; [27] Alameri et al. 2009; [10] Camarri et al. 2006; [18] Iwama et al. 2009","-0.1185;-0.55;0.3923;0.4149;0.0466;0.0532;0.7802;-0.1548;1.0581;-0.8557;-0.0663",426.405797101449,547.570254045117,1307.95388937823,0.254454603447792,121.164456943668,-13.7594390938043,247.139493002868,122.949148201346,140.665839129777
766,"natalia_oliveira_2023",16,"[04] Troosters, Gosselink & Decramer 1999; [50] Zou et al. 2017; [40] Britto et al. 2013; [45] Kim et al. 2014; [15] Masmoudi et al. 2008; [54] Almeida et al. 2019; [37] Hill et al. 2011; [27] Alameri et al. 2009; [18] Iwama et al. 2009; [13] Chetta et al. 2006; [30] Osses et al. 2010; [47] Nusdwinuringtyas et al, 2014; [26] Jenkins et al. 2009; [34] Dourado, Vidotto, Guerra 2011; [10] Camarri et al. 2006; [58] Delbressine et al. 2023","0.7842;-0.6223;0.0321;0.2772;0.0295;0.128;0.6082;0.8418;-0.379;-0.6523;-0.254;0.5947;0.0228;-0.1715;-0.4694;0.2301",452.159420289855,586.819411779302,1258.83333959929,0.177171230382189,134.659991489447,-4.13239856371206,264.113434858749,135.019330494987,154.826036709594
767,"natalia_oliveira_2023",2,"[07] Enrigth et al. 2003; [04] Troosters, Gosselink & Decramer 1999","0.5;0.5",441.710144927536,583.523007246377,7256.8405394448,0.312689502095462,141.81286231884,0.207749999999983,277.029,143.694963768116,162.081594933023
768,"natalia_oliveira_2023",6,"[37] Hill et al. 2011; [45] Kim et al. 2014; [43] Rao et al. 2013; [20] Jenkins et al. 2009; [28] Ben Saad et al. 2009; [18] Iwama et al. 2009","-0.0343;0.5786;-0.2167;0.1053;0.4131;0.154",453.652173913043,625.710385628632,1043.71679869449,0.135420616590444,172.058211715589,60.9269597076558,286.978518160602,172.058211715589,182.529332825773
769,"natalia_oliveira_2023",21,"[15] Masmoudi et al. 2008; [48] Fernandes et al. 2016; [50] Zou et al. 2017; [28] Ben Saad et al. 2009; [32] Soares, Pereira 2011; [30] Osses et al. 2010; [20] Jenkins et al. 2009; [43] Rao et al. 2013; [06] Gibbons et al. 2001; [18] Iwama et al. 2009; [34] Dourado, Vidotto, Guerra 2011; [47] Nusdwinuringtyas et al, 2014; [04] Troosters, Gosselink & Decramer 1999; [40] Britto et al. 2013; [54] Almeida et al. 2019; [27] Alameri et al. 2009; [07] Enrigth et al. 2003; [45] Kim et al. 2014; [58] Delbressine et al. 2023; [26] Jenkins et al. 2009; [13] Chetta et al. 2006","0.0595;-0.1283;-0.4081;0.6498;-0.3242;-0.1639;-0.1572;-0.3742;-0.1618;-0.0839;-0.207;0.7785;0.5546;-0.0366;-0.0148;0.646;0.3905;0.2112;0.222;-0.0995;-0.3526",464.608695652174,582.470097640906,1843.57152467663,0.179257764375633,117.861401988732,-3.87823746355082,240.532351865214,118.424222119571,135.256282394884
770,"natalia_oliveira_2023",6,"[20] Jenkins et al. 2009; [04] Troosters, Gosselink & Decramer 1999; [26] Jenkins et al. 2009; [47] Nusdwinuringtyas et al, 2014; [02] Enright & Sherrill 1998; [48] Fernandes et al. 2016","-0.1457;0.289;0.068;0.8266;0.4602;-0.4981",428.014492753623,614.79981679412,1375.12984748293,0.10370091355483,186.785324040497,35.5955254749623,297.292727040955,186.785324040497,199.529186323921
771,"natalia_oliveira_2023",8,"[54] Almeida et al. 2019; [37] Hill et al. 2011; [47] Nusdwinuringtyas et al, 2014; [20] Jenkins et al. 2009; [40] Britto et al. 2013; [02] Enright & Sherrill 1998; [43] Rao et al. 2013; [32] Soares, Pereira 2011","0.0384;-0.1678;0.8067;0.078;-0.4128;0.9892;-0.1139;-0.2178",452.057971014493,560.523754418154,1988.89346757326,0.364620295171066,108.465783403661,-10.7711237714204,220.766761637504,109.923530824318,130.413670917338
772,"natalia_oliveira_2023",2,"[58] Delbressine et al. 2023; [28] Ben Saad et al. 2009","0.5;0.5",434.695652173913,602.183992753623,4001.03625915803,0.166547788707101,167.48834057971,41.47,314.1575,167.48834057971,183.429256532904
773,"natalia_oliveira_2023",9,"[45] Kim et al. 2014; [18] Iwama et al. 2009; [06] Gibbons et al. 2001; [10] Camarri et al. 2006; [48] Fernandes et al. 2016; [40] Britto et al. 2013; [20] Jenkins et al. 2009; [32] Soares, Pereira 2011; [26] Jenkins et al. 2009","0.6635;-0.0719;0.2478;-0.5305;-0.0615;0.1745;0.2286;-0.0321;0.3814",442.63768115942,589.745889779431,894.984506287575,0.21605397727554,147.108208620011,9.74528831645591,290.059132140461,147.663236023379,168.928219775276
774,"natalia_oliveira_2023",10,"[04] Troosters, Gosselink & Decramer 1999; [50] Zou et al. 2017; [26] Jenkins et al. 2009; [13] Chetta et al. 2006; [43] Rao et al. 2013; [28] Ben Saad et al. 2009; [06] Gibbons et al. 2001; [30] Osses et al. 2010; [34] Dourado, Vidotto, Guerra 2011; [32] Soares, Pereira 2011","0.1673;0.588;0.0421;-0.2446;0.4893;0.7565;0.023;-0.4626;-0.0365;-0.3225",445.869565217391,504.732540829842,2587.64292752957,0.30726724744991,58.8629756124507,-66.0856745651018,171.913579730731,74.726234990639,90.6671352504591
775,"natalia_oliveira_2023",16,"[34] Dourado, Vidotto, Guerra 2011; [47] Nusdwinuringtyas et al, 2014; [58] Delbressine et al. 2023; [50] Zou et al. 2017; [32] Soares, Pereira 2011; [04] Troosters, Gosselink & Decramer 1999; [27] Alameri et al. 2009; [10] Camarri et al. 2006; [20] Jenkins et al. 2009; [07] Enrigth et al. 2003; [18] Iwama et al. 2009; [28] Ben Saad et al. 2009; [37] Hill et al. 2011; [45] Kim et al. 2014; [30] Osses et al. 2010; [15] Masmoudi et al. 2008","-0.0812;0.4386;0.0283;-0.4462;-0.3354;0.5935;0.6246;-0.3135;-0.0675;0.1298;-0.2233;0.6354;0.0494;0.3098;-0.2809;-0.0614",444.217391304348,520.127097551129,1762.62849964467,0.386609773774785,75.9097062467808,-14.146957433345,201.337830363997,77.8661177038579,95.9118671863684
776,"natalia_oliveira_2023",15,"[47] Nusdwinuringtyas et al, 2014; [43] Rao et al. 2013; [10] Camarri et al. 2006; [02] Enright & Sherrill 1998; [28] Ben Saad et al. 2009; [18] Iwama et al. 2009; [34] Dourado, Vidotto, Guerra 2011; [15] Masmoudi et al. 2008; [54] Almeida et al. 2019; [50] Zou et al. 2017; [32] Soares, Pereira 2011; [40] Britto et al. 2013; [04] Troosters, Gosselink & Decramer 1999; [20] Jenkins et al. 2009; [30] Osses et al. 2010","0.839;-0.1394;0.0347;0.2785;0.2026;-0.2246;-0.0253;0.0035;0.1238;-0.0385;-0.1002;-0.0261;0.2131;-0.0075;-0.1335",441.31884057971,599.665240421681,965.033283448982,0.0628294277212386,158.346399841971,68.3513037600444,281.398260115427,158.346399841971,172.056363764651
777,"natalia_oliveira_2023",10,"[47] Nusdwinuringtyas et al, 2014; [43] Rao et al. 2013; [20] Jenkins et al. 2009; [45] Kim et al. 2014; [07] Enrigth et al. 2003; [26] Jenkins et al. 2009; [50] Zou et al. 2017; [37] Hill et al. 2011; [15] Masmoudi et al. 2008; [30] Osses et al. 2010","0.4934;-0.7129;-0.0543;0.8454;0.5249;0.3086;-0.5551;0.477;0.0922;-0.4192",443.478260869565,735.060787990339,1382.319189127,0.199205125894397,291.582527120773,145.66660072912,422.166897268899,291.582527120773,301.418540112799
778,"natalia_oliveira_2023",8,"[10] Camarri et al. 2006; [27] Alameri et al. 2009; [43] Rao et al. 2013; [58] Delbressine et al. 2023; [28] Ben Saad et al. 2009; [32] Soares, Pereira 2011; [30] Osses et al. 2010; [06] Gibbons et al. 2001","-0.4229;1.0627;-0.3028;0.5208;0.8194;-0.3173;-0.2462;-0.1137",458.246376811594,484.475342661556,1451.6999273739,0.206995586475436,26.2289658499622,-89.8864282209796,149.547418843735,53.4908460045482,69.0096795771412
779,"natalia_oliveira_2023",20,"[28] Ben Saad et al. 2009; [43] Rao et al. 2013; [26] Jenkins et al. 2009; [13] Chetta et al. 2006; [37] Hill et al. 2011; [58] Delbressine et al. 2023; [06] Gibbons et al. 2001; [27] Alameri et al. 2009; [47] Nusdwinuringtyas et al, 2014; [54] Almeida et al. 2019; [02] Enright & Sherrill 1998; [32] Soares, Pereira 2011; [34] Dourado, Vidotto, Guerra 2011; [48] Fernandes et al. 2016; [04] Troosters, Gosselink & Decramer 1999; [07] Enrigth et al. 2003; [18] Iwama et al. 2009; [10] Camarri et al. 2006; [30] Osses et al. 2010; [40] Britto et al. 2013","0.4096;-0.3057;-0.0187;-0.4166;0.3016;-0.0237;-0.2802;0.9538;0.7652;-0.0138;0.738;-0.3518;-0.2018;-0.204;0.3716;0.1264;-0.1489;-0.2303;-0.309;-0.1617",442.507246376812,546.01899105403,1540.8422317815,0.176900065197579,103.511744677219,-31.545590282162,227.515113357127,107.550311772363,126.365820980652
780,"natalia_oliveira_2023",13,"[50] Zou et al. 2017; [37] Hill et al. 2011; [26] Jenkins et al. 2009; [47] Nusdwinuringtyas et al, 2014; [32] Soares, Pereira 2011; [18] Iwama et al. 2009; [13] Chetta et al. 2006; [07] Enrigth et al. 2003; [28] Ben Saad et al. 2009; [06] Gibbons et al. 2001; [43] Rao et al. 2013; [15] Masmoudi et al. 2008; [40] Britto et al. 2013","0.0859;0.298;0.2513;1.0921;-0.3451;-0.1067;-0.4442;0.3121;0.6583;-0.4651;-0.0569;-0.0151;-0.2646",444.753623188406,584.210405592609,1549.24564362268,0.386633041484773,139.456782404203,8.82197290997851,254.605118548776,139.525573669162,154.983761765862
781,"natalia_oliveira_2023",11,"[30] Osses et al. 2010; [47] Nusdwinuringtyas et al, 2014; [10] Camarri et al. 2006; [45] Kim et al. 2014; [18] Iwama et al. 2009; [43] Rao et al. 2013; [20] Jenkins et al. 2009; [13] Chetta et al. 2006; [48] Fernandes et al. 2016; [26] Jenkins et al. 2009; [50] Zou et al. 2017","0.377;0.6923;-0.2907;0.216;-0.2077;-0.1975;0.1885;0.1941;-0.1213;0.2732;-0.1241",450.304347826087,616.152852541431,617.348371677825,0.0238832237909414,165.848504715344,47.6908955858067,294.13122258275,165.848504715344,181.44700711663
782,"natalia_oliveira_2023",7,"[32] Soares, Pereira 2011; [58] Delbressine et al. 2023; [28] Ben Saad et al. 2009; [04] Troosters, Gosselink & Decramer 1999; [26] Jenkins et al. 2009; [27] Alameri et al. 2009; [47] Nusdwinuringtyas et al, 2014","-0.7574;-0.0491;0.7312;0.5298;-0.285;0.6015;0.229",446.753623188406,542.641153321019,1972.82180163151,0.173882901066168,95.8875301326132,-18.5339020658773,224.819579594811,98.5500958139871,117.798252122025
783,"natalia_oliveira_2023",8,"[07] Enrigth et al. 2003; [30] Osses et al. 2010; [40] Britto et al. 2013; [32] Soares, Pereira 2011; [26] Jenkins et al. 2009; [27] Alameri et al. 2009; [58] Delbressine et al. 2023; [15] Masmoudi et al. 2008","0.4729;-0.2076;0.0758;-0.4555;0.1837;0.5036;0.3053;0.1217",457.347826086957,522.054436924494,2250.87063453817,0.326637620933405,64.7066108375373,-73.5714765355775,182.032227897867,78.9529538446133,96.0126428770464
784,"natalia_oliveira_2023",14,"[07] Enrigth et al. 2003; [27] Alameri et al. 2009; [54] Almeida et al. 2019; [34] Dourado, Vidotto, Guerra 2011; [10] Camarri et al. 2006; [58] Delbressine et al. 2023; [48] Fernandes et al. 2016; [02] Enright & Sherrill 1998; [47] Nusdwinuringtyas et al, 2014; [06] Gibbons et al. 2001; [04] Troosters, Gosselink & Decramer 1999; [37] Hill et al. 2011; [28] Ben Saad et al. 2009; [15] Masmoudi et al. 2008","0.0604;0.8638;-0.0958;-0.4102;-0.5223;-0.1063;-0.4179;0.7931;0.6694;-0.517;0.4001;0.104;0.4187;-0.2399",446.36231884058,437.675874797401,1667.73662989203,0.214051515662453,-8.68644404317829,-143.76822789523,117.032140327666,60.1539321558277,71.9560586135715
785,"natalia_oliveira_2023",9,"[30] Osses et al. 2010; [20] Jenkins et al. 2009; [54] Almeida et al. 2019; [50] Zou et al. 2017; [40] Britto et al. 2013; [07] Enrigth et al. 2003; [34] Dourado, Vidotto, Guerra 2011; [10] Camarri et al. 2006; [27] Alameri et al. 2009","-0.1432;0.1038;0.0497;-0.6288;0.0132;0.9033;0.0404;-0.3626;1.0242",447.231884057971,378.652221583356,1086.73393572913,0.19873566680377,-68.5796624746146,-200.489227508567,55.7634876323603,83.4814724534426,96.74381637582
786,"natalia_oliveira_2023",19,"[10] Camarri et al. 2006; [13] Chetta et al. 2006; [54] Almeida et al. 2019; [26] Jenkins et al. 2009; [43] Rao et al. 2013; [27] Alameri et al. 2009; [28] Ben Saad et al. 2009; [50] Zou et al. 2017; [30] Osses et al. 2010; [04] Troosters, Gosselink & Decramer 1999; [40] Britto et al. 2013; [34] Dourado, Vidotto, Guerra 2011; [47] Nusdwinuringtyas et al, 2014; [32] Soares, Pereira 2011; [15] Masmoudi et al. 2008; [20] Jenkins et al. 2009; [02] Enright & Sherrill 1998; [06] Gibbons et al. 2001; [45] Kim et al. 2014","-0.2616;-0.3763;0.0442;-0.0896;-0.2367;0.7518;0.4899;-0.219;-0.2883;0.6467;-0.2437;-0.2162;0.5246;-0.2068;-0.0241;-0.1999;0.7347;-0.3078;0.4781",437.463768115942,510.421968491516,1914.02341578293,0.408150339788249,72.9582003755744,-20.3868996635425,184.75538936649,77.9111826507608,97.6337460466602
787,"natalia_oliveira_2023",16,"[04] Troosters, Gosselink & Decramer 1999; [45] Kim et al. 2014; [37] Hill et al. 2011; [27] Alameri et al. 2009; [32] Soares, Pereira 2011; [34] Dourado, Vidotto, Guerra 2011; [02] Enright & Sherrill 1998; [20] Jenkins et al. 2009; [07] Enrigth et al. 2003; [40] Britto et al. 2013; [58] Delbressine et al. 2023; [28] Ben Saad et al. 2009; [06] Gibbons et al. 2001; [13] Chetta et al. 2006; [18] Iwama et al. 2009; [47] Nusdwinuringtyas et al, 2014","0.1882;0.288;0.2783;0.6677;-0.4172;-0.289;0.7725;-0.2804;0.1334;-0.1385;-0.0287;0.425;-0.3908;-0.52;-0.2594;0.5709",455.927536231884,505.747258089289,1949.37105187347,0.218341001771399,49.8197218574053,-77.7885846506949,185.504860935646,68.7317763409772,87.0917930759216
788,"natalia_oliveira_2023",7,"[07] Enrigth et al. 2003; [40] Britto et al. 2013; [48] Fernandes et al. 2016; [20] Jenkins et al. 2009; [30] Osses et al. 2010; [43] Rao et al. 2013; [45] Kim et al. 2014","0.8289;0.2952;-0.1248;-0.0848;-0.2867;-0.5615;0.9337",441.333333333333,638.055725123284,1556.27610701773,0.353566101794857,196.722391789951,74.3259710185832,310.786950125496,196.722391789951,207.522806617192
789,"natalia_oliveira_2023",23,"[54] Almeida et al. 2019; [15] Masmoudi et al. 2008; [02] Enright & Sherrill 1998; [50] Zou et al. 2017; [04] Troosters, Gosselink & Decramer 1999; [07] Enrigth et al. 2003; [37] Hill et al. 2011; [30] Osses et al. 2010; [45] Kim et al. 2014; [48] Fernandes et al. 2016; [18] Iwama et al. 2009; [32] Soares, Pereira 2011; [13] Chetta et al. 2006; [06] Gibbons et al. 2001; [28] Ben Saad et al. 2009; [10] Camarri et al. 2006; [26] Jenkins et al. 2009; [34] Dourado, Vidotto, Guerra 2011; [58] Delbressine et al. 2023; [27] Alameri et al. 2009; [40] Britto et al. 2013; [43] Rao et al. 2013; [20] Jenkins et al. 2009","0.1037;-0.1565;0.7727;-0.2105;0.2341;0.1803;0.3815;-0.2764;0.6269;-0.1385;-0.0816;-0.2972;-0.3453;-0.216;0.4443;-0.2597;-0.0879;-0.2033;0.0074;1.0457;-0.1201;-0.2269;-0.1769",441.376811594203,540.446400395894,1727.32453295017,0.23912154655334,99.0695888016912,-9.13626958778741,221.754632643821,101.008356986517,121.121119749394
790,"natalia_oliveira_2023",22,"[48] Fernandes et al. 2016; [13] Chetta et al. 2006; [18] Iwama et al. 2009; [43] Rao et al. 2013; [40] Britto et al. 2013; [15] Masmoudi et al. 2008; [26] Jenkins et al. 2009; [28] Ben Saad et al. 2009; [32] Soares, Pereira 2011; [54] Almeida et al. 2019; [04] Troosters, Gosselink & Decramer 1999; [07] Enrigth et al. 2003; [27] Alameri et al. 2009; [37] Hill et al. 2011; [02] Enright & Sherrill 1998; [34] Dourado, Vidotto, Guerra 2011; [10] Camarri et al. 2006; [47] Nusdwinuringtyas et al, 2014; [06] Gibbons et al. 2001; [20] Jenkins et al. 2009; [30] Osses et al. 2010; [50] Zou et al. 2017","-0.2142;-0.2802;-0.1788;-0.2685;-0.0918;0.0971;0.07;0.2481;-0.1412;-0.0616;0.4529;0.2228;0.8878;0.2272;0.2997;-0.1184;-0.2749;0.7672;-0.2221;-0.0444;-0.1406;-0.2362",434.695652173913,540.035380539381,1522.67593444905,0.133383768443745,105.339728365468,12.1421401822656,220.718963541318,106.499038160631,126.901732447207
791,"natalia_oliveira_2023",16,"[13] Chetta et al. 2006; [43] Rao et al. 2013; [28] Ben Saad et al. 2009; [20] Jenkins et al. 2009; [07] Enrigth et al. 2003; [30] Osses et al. 2010; [15] Masmoudi et al. 2008; [40] Britto et al. 2013; [10] Camarri et al. 2006; [47] Nusdwinuringtyas et al, 2014; [54] Almeida et al. 2019; [26] Jenkins et al. 2009; [18] Iwama et al. 2009; [45] Kim et al. 2014; [02] Enright & Sherrill 1998; [06] Gibbons et al. 2001","-0.4521;-0.2705;0.5057;-0.2126;0.3201;-0.3829;-0.0112;-0.2327;-0.1721;0.9435;-0.04;-0.0079;-0.2212;0.7772;0.8662;-0.4097",443.826086956522,532.296653589584,1712.32674099387,0.25537907684098,88.4705666330621,-46.0540800050509,205.674002335589,92.8808268532665,112.853668740734
792,"natalia_oliveira_2023",20,"[15] Masmoudi et al. 2008; [02] Enright & Sherrill 1998; [30] Osses et al. 2010; [54] Almeida et al. 2019; [18] Iwama et al. 2009; [45] Kim et al. 2014; [26] Jenkins et al. 2009; [07] Enrigth et al. 2003; [43] Rao et al. 2013; [06] Gibbons et al. 2001; [34] Dourado, Vidotto, Guerra 2011; [37] Hill et al. 2011; [04] Troosters, Gosselink & Decramer 1999; [20] Jenkins et al. 2009; [10] Camarri et al. 2006; [58] Delbressine et al. 2023; [50] Zou et al. 2017; [48] Fernandes et al. 2016; [27] Alameri et al. 2009; [47] Nusdwinuringtyas et al, 2014","0.0731;0.2368;-0.0466;0.1186;-0.1478;0.1959;0.0677;0.1122;-0.2277;-0.137;-0.0309;0.0869;0.2288;-0.002;-0.2127;0.0918;-0.2058;-0.1618;0.5362;0.4241",453.028985507246,566.121825823401,1053.77146848578,0.111250841654559,113.092840316154,2.28386708639687,245.634998725936,113.420403712656,129.476485273186
793,"natalia_oliveira_2023",3,"[04] Troosters, Gosselink & Decramer 1999; [07] Enrigth et al. 2003; [27] Alameri et al. 2009","0.35;0.2082;0.4418",429.36231884058,533.329558208472,1559.31101815719,0.238196132020225,103.967239367892,-28.0410707206351,227.1986421425,107.783087939699,124.219827346717
794,"natalia_oliveira_2023",11,"[54] Almeida et al. 2019; [34] Dourado, Vidotto, Guerra 2011; [20] Jenkins et al. 2009; [26] Jenkins et al. 2009; [40] Britto et al. 2013; [28] Ben Saad et al. 2009; [07] Enrigth et al. 2003; [18] Iwama et al. 2009; [06] Gibbons et al. 2001; [47] Nusdwinuringtyas et al, 2014; [13] Chetta et al. 2006","0.1302;-0.169;-0.0252;0.2765;-0.1792;0.6259;0.4104;-0.2606;-0.4144;0.9956;-0.3902",440.913043478261,542.002523953087,1456.89857069876,0.261265093319717,101.089480474826,7.03824938462913,209.325927979901,101.089480474826,118.104308063469
795,"natalia_oliveira_2023",24,"[15] Masmoudi et al. 2008; [18] Iwama et al. 2009; [32] Soares, Pereira 2011; [47] Nusdwinuringtyas et al, 2014; [28] Ben Saad et al. 2009; [45] Kim et al. 2014; [58] Delbressine et al. 2023; [10] Camarri et al. 2006; [40] Britto et al. 2013; [48] Fernandes et al. 2016; [20] Jenkins et al. 2009; [26] Jenkins et al. 2009; [02] Enright & Sherrill 1998; [04] Troosters, Gosselink & Decramer 1999; [34] Dourado, Vidotto, Guerra 2011; [54] Almeida et al. 2019; [43] Rao et al. 2013; [27] Alameri et al. 2009; [37] Hill et al. 2011; [50] Zou et al. 2017; [30] Osses et al. 2010; [06] Gibbons et al. 2001; [07] Enrigth et al. 2003; [13] Chetta et al. 2006","-0.0192;-0.2228;-0.2668;0.5409;0.2997;0.4134;0.1051;-0.211;-0.0224;-0.2514;-0.1429;-0.0739;0.4799;0.2732;-0.1543;0.0942;-0.3169;0.7665;0.4571;-0.2594;-0.1842;-0.2186;0.2552;-0.3413",434.536231884058,602.125087211715,1328.30581764513,0.13997492719354,167.588855327657,80.6278352071019,283.42874497564,167.588855327657,176.991381128987
796,"natalia_oliveira_2023",12,"[18] Iwama et al. 2009; [06] Gibbons et al. 2001; [27] Alameri et al. 2009; [47] Nusdwinuringtyas et al, 2014; [40] Britto et al. 2013; [50] Zou et al. 2017; [45] Kim et al. 2014; [15] Masmoudi et al. 2008; [48] Fernandes et al. 2016; [32] Soares, Pereira 2011; [58] Delbressine et al. 2023; [02] Enright & Sherrill 1998","-0.1678;-0.265;0.6101;0.5674;-0.4267;-0.2897;0.3051;-0.1064;-0.2157;-0.3477;0.1126;1.2238",440.652173913043,515.853917508087,1190.70287488562,0.316435891367171,75.2017435950437,-41.1076448215042,198.463820491081,81.8596049331756,103.96650578751
797,"natalia_oliveira_2023",20,"[50] Zou et al. 2017; [37] Hill et al. 2011; [43] Rao et al. 2013; [32] Soares, Pereira 2011; [18] Iwama et al. 2009; [30] Osses et al. 2010; [27] Alameri et al. 2009; [54] Almeida et al. 2019; [26] Jenkins et al. 2009; [45] Kim et al. 2014; [20] Jenkins et al. 2009; [40] Britto et al. 2013; [10] Camarri et al. 2006; [15] Masmoudi et al. 2008; [13] Chetta et al. 2006; [02] Enright & Sherrill 1998; [04] Troosters, Gosselink & Decramer 1999; [06] Gibbons et al. 2001; [47] Nusdwinuringtyas et al, 2014; [58] Delbressine et al. 2023","-0.4404;0.4473;-0.4516;-0.3506;-0.2318;-0.2684;0.9033;-0.0499;0.0366;0.3505;-0.13;-0.1576;-0.3697;0.0261;-0.4635;0.8241;0.677;-0.3066;0.8077;0.1475",434.985507246377,590.839578924161,2078.80058905153,0.0926895227687268,155.854071677784,4.652248454811,288.33553693521,155.854071677784,176.173922814306
798,"natalia_oliveira_2023",19,"[02] Enright & Sherrill 1998; [18] Iwama et al. 2009; [40] Britto et al. 2013; [30] Osses et al. 2010; [20] Jenkins et al. 2009; [26] Jenkins et al. 2009; [34] Dourado, Vidotto, Guerra 2011; [58] Delbressine et al. 2023; [27] Alameri et al. 2009; [45] Kim et al. 2014; [04] Troosters, Gosselink & Decramer 1999; [07] Enrigth et al. 2003; [47] Nusdwinuringtyas et al, 2014; [10] Camarri et al. 2006; [28] Ben Saad et al. 2009; [32] Soares, Pereira 2011; [06] Gibbons et al. 2001; [37] Hill et al. 2011; [54] Almeida et al. 2019","0.5705;-0.298;-0.0562;-0.2235;-0.0813;0.0501;-0.1412;0.0144;0.6627;0.233;0.3438;0.0737;0.4147;-0.4133;0.4126;-0.3103;-0.3716;0.0103;0.1096",463.304347826087,461.378885919122,1557.71104213009,0.194458473216874,-1.92546190696514,-102.920426555061,126.434326138247,48.8987108767224,63.2234795830644
799,"natalia_oliveira_2023",18,"[18] Iwama et al. 2009; [34] Dourado, Vidotto, Guerra 2011; [27] Alameri et al. 2009; [10] Camarri et al. 2006; [37] Hill et al. 2011; [45] Kim et al. 2014; [48] Fernandes et al. 2016; [13] Chetta et al. 2006; [04] Troosters, Gosselink & Decramer 1999; [20] Jenkins et al. 2009; [40] Britto et al. 2013; [50] Zou et al. 2017; [26] Jenkins et al. 2009; [02] Enright & Sherrill 1998; [58] Delbressine et al. 2023; [15] Masmoudi et al. 2008; [54] Almeida et al. 2019; [32] Soares, Pereira 2011","-0.041;0.0369;0.6338;-0.1932;0.0566;0.2684;-0.0509;-0.1523;0.0819;-0.0226;0.2186;-0.1815;0.0295;0.333;0.0429;0.0107;0.1438;-0.2146",450.623188405797,520.243018363412,673.927183735099,0.0600519860259161,69.6198299576146,-53.904173646369,194.167117179579,79.0355108535812,97.679589170243
800,"natalia_oliveira_2023",22,"[48] Fernandes et al. 2016; [13] Chetta et al. 2006; [37] Hill et al. 2011; [43] Rao et al. 2013; [02] Enright & Sherrill 1998; [47] Nusdwinuringtyas et al, 2014; [50] Zou et al. 2017; [27] Alameri et al. 2009; [28] Ben Saad et al. 2009; [34] Dourado, Vidotto, Guerra 2011; [20] Jenkins et al. 2009; [06] Gibbons et al. 2001; [45] Kim et al. 2014; [32] Soares, Pereira 2011; [04] Troosters, Gosselink & Decramer 1999; [40] Britto et al. 2013; [54] Almeida et al. 2019; [26] Jenkins et al. 2009; [15] Masmoudi et al. 2008; [10] Camarri et al. 2006; [18] Iwama et al. 2009; [30] Osses et al. 2010","-0.224;-0.3064;0.4051;-0.2601;0.6393;0.4985;-0.2316;0.7906;0.4015;-0.1703;-0.1513;-0.2261;0.4372;-0.2802;0.3749;-0.0986;0.0972;-0.0561;-0.0193;-0.2147;-0.189;-0.2165",453.869565217391,592.450254681409,1552.64720446491,0.225553406761469,138.580689464018,15.6701127954504,259.42535039828,138.580689464018,152.937630791818
801,"natalia_oliveira_2023",10,"[37] Hill et al. 2011; [26] Jenkins et al. 2009; [32] Soares, Pereira 2011; [34] Dourado, Vidotto, Guerra 2011; [02] Enright & Sherrill 1998; [18] Iwama et al. 2009; [27] Alameri et al. 2009; [07] Enrigth et al. 2003; [58] Delbressine et al. 2023; [47] Nusdwinuringtyas et al, 2014","0.074;-0.0331;-0.5149;-0.3218;1.0875;-0.6959;0.8666;0.1337;-0.0338;0.4377",442.347826086957,481.041833900415,1759.91039489099,0.195183472823233,38.6940078134581,-74.3740397436141,158.177441512149,64.2563302611128,83.0896063997874
802,"natalia_oliveira_2023",13,"[58] Delbressine et al. 2023; [10] Camarri et al. 2006; [37] Hill et al. 2011; [20] Jenkins et al. 2009; [40] Britto et al. 2013; [43] Rao et al. 2013; [54] Almeida et al. 2019; [18] Iwama et al. 2009; [02] Enright & Sherrill 1998; [27] Alameri et al. 2009; [45] Kim et al. 2014; [50] Zou et al. 2017; [47] Nusdwinuringtyas et al, 2014","0.0894;-0.2866;0.1917;-0.1104;-0.1676;-0.458;-0.1682;-0.4385;0.9788;0.8745;0.4223;-0.3927;0.4653",452.507246376812,546.397134017995,1295.76717183751,0.1557807505283,93.8898876411831,-41.9086340966619,220.90537911937,100.534587272914,119.148634162133
803,"natalia_oliveira_2023",3,"[20] Jenkins et al. 2009; [02] Enright & Sherrill 1998; [18] Iwama et al. 2009","0.5746;0.0747;0.3507",442.115942028986,594.024506996209,2092.97977342438,0.226065844115427,151.908564967224,16.2833225270298,285.486744383028,151.908564967224,167.06447177246
804,"natalia_oliveira_2023",12,"[50] Zou et al. 2017; [04] Troosters, Gosselink & Decramer 1999; [47] Nusdwinuringtyas et al, 2014; [28] Ben Saad et al. 2009; [06] Gibbons et al. 2001; [10] Camarri et al. 2006; [54] Almeida et al. 2019; [15] Masmoudi et al. 2008; [02] Enright & Sherrill 1998; [34] Dourado, Vidotto, Guerra 2011; [32] Soares, Pereira 2011; [13] Chetta et al. 2006","-0.0014;0.3433;0.8692;0.1877;-0.2091;-0.0597;-0.0312;0.055;0.2615;-0.0884;-0.1375;-0.1894",440.942028985507,544.213670209734,1351.98094268323,0.0813903707024699,103.271641224227,-29.2394688594842,225.66614145224,108.458710854568,129.004513964327
805,"natalia_oliveira_2023",1,"[10] Camarri et al. 2006","1",439.04347826087,674.430072463768,1503.08020403879,0.287608001743526,235.386594202899,95.447,370.297,235.386594202899,246.50662384242
806,"natalia_oliveira_2023",11,"[47] Nusdwinuringtyas et al, 2014; [37] Hill et al. 2011; [18] Iwama et al. 2009; [13] Chetta et al. 2006; [32] Soares, Pereira 2011; [45] Kim et al. 2014; [28] Ben Saad et al. 2009; [04] Troosters, Gosselink & Decramer 1999; [10] Camarri et al. 2006; [07] Enrigth et al. 2003; [20] Jenkins et al. 2009","0.7447;0.4247;-0.4571;-0.7433;-0.468;0.7584;0.5623;0.3768;-0.2327;0.2139;-0.1796",444.449275362319,647.92910105523,1646.01970189984,0.157625821305291,203.479825692911,66.3733827626266,326.285936967596,203.479825692911,215.335604296144
807,"natalia_oliveira_2023",16,"[50] Zou et al. 2017; [58] Delbressine et al. 2023; [43] Rao et al. 2013; [06] Gibbons et al. 2001; [13] Chetta et al. 2006; [47] Nusdwinuringtyas et al, 2014; [28] Ben Saad et al. 2009; [48] Fernandes et al. 2016; [27] Alameri et al. 2009; [26] Jenkins et al. 2009; [18] Iwama et al. 2009; [07] Enrigth et al. 2003; [04] Troosters, Gosselink & Decramer 1999; [32] Soares, Pereira 2011; [02] Enright & Sherrill 1998; [34] Dourado, Vidotto, Guerra 2011","-0.2482;0.0507;-0.2961;-0.2372;-0.341;0.8361;0.4068;-0.257;0.9434;-0.2596;-0.2249;0.2999;0.4083;-0.4394;0.7959;-0.4377",437.31884057971,517.335484250351,1606.30337728813,0.0948018335971161,80.0166436706407,-36.1162608056344,209.995597998635,87.4120753223278,109.375750533066
808,"natalia_oliveira_2023",6,"[34] Dourado, Vidotto, Guerra 2011; [18] Iwama et al. 2009; [54] Almeida et al. 2019; [32] Soares, Pereira 2011; [15] Masmoudi et al. 2008; [58] Delbressine et al. 2023","-0.0734;0.2209;0.4195;-0.1575;0.206;0.3845",448.753623188406,589.035597114971,1876.10387443885,0.220493785980342,140.281973926565,7.18437302415373,275.425957638847,140.281973926565,159.164256762617
809,"natalia_oliveira_2023",16,"[04] Troosters, Gosselink & Decramer 1999; [15] Masmoudi et al. 2008; [06] Gibbons et al. 2001; [13] Chetta et al. 2006; [50] Zou et al. 2017; [32] Soares, Pereira 2011; [20] Jenkins et al. 2009; [02] Enright & Sherrill 1998; [26] Jenkins et al. 2009; [34] Dourado, Vidotto, Guerra 2011; [40] Britto et al. 2013; [58] Delbressine et al. 2023; [27] Alameri et al. 2009; [43] Rao et al. 2013; [45] Kim et al. 2014; [18] Iwama et al. 2009","0.5058;-0.0748;-0.0743;-0.2898;-0.2684;-0.3399;-0.2306;0.9005;-0.1723;-0.2719;-0.0546;0.107;0.8929;-0.2232;0.4759;0.1177",446.695652173913,537.852876197779,1871.01842228036,0.345089568879177,91.1572240238656,-31.1134930148877,220.104581132986,95.7248008450835,111.516835386859
810,"natalia_oliveira_2023",17,"[50] Zou et al. 2017; [04] Troosters, Gosselink & Decramer 1999; [43] Rao et al. 2013; [18] Iwama et al. 2009; [27] Alameri et al. 2009; [28] Ben Saad et al. 2009; [20] Jenkins et al. 2009; [45] Kim et al. 2014; [40] Britto et al. 2013; [47] Nusdwinuringtyas et al, 2014; [48] Fernandes et al. 2016; [37] Hill et al. 2011; [10] Camarri et al. 2006; [58] Delbressine et al. 2023; [34] Dourado, Vidotto, Guerra 2011; [13] Chetta et al. 2006; [26] Jenkins et al. 2009","-0.3736;0.487;-0.3811;-0.1846;0.8104;0.7082;-0.1783;0.401;-0.0454;0.6582;-0.2482;0.3421;-0.3419;0.0756;-0.2134;-0.4828;-0.0331",433.710144927536,624.705782129474,1114.02838233878,0.260129581271472,190.995637201938,78.6996772053899,321.181754759411,190.995637201938,203.241733174629
811,"natalia_oliveira_2023",9,"[40] Britto et al. 2013; [54] Almeida et al. 2019; [26] Jenkins et al. 2009; [58] Delbressine et al. 2023; [18] Iwama et al. 2009; [48] Fernandes et al. 2016; [27] Alameri et al. 2009; [10] Camarri et al. 2006; [20] Jenkins et al. 2009","0.1677;-0.0779;0.1544;0.9179;-0.2215;-0.2689;1.1397;-0.8168;0.0055",433.072463768116,425.609820827111,1002.1341220778,0.206907765129359,-7.46264294100515,-112.792225910566,121.541434169723,58.9425547009299,70.25197360885
812,"natalia_oliveira_2023",5,"[50] Zou et al. 2017; [10] Camarri et al. 2006; [20] Jenkins et al. 2009; [32] Soares, Pereira 2011; [26] Jenkins et al. 2009","0.4494;-0.0177;0.2067;0.0154;0.3462",444.304347826087,603.017147418637,1596.55496719613,0.122351033232868,158.71279959255,37.2740560847361,304.099952512003,158.71279959255,176.08248173529
813,"natalia_oliveira_2023",16,"[43] Rao et al. 2013; [07] Enrigth et al. 2003; [10] Camarri et al. 2006; [02] Enright & Sherrill 1998; [58] Delbressine et al. 2023; [26] Jenkins et al. 2009; [20] Jenkins et al. 2009; [27] Alameri et al. 2009; [15] Masmoudi et al. 2008; [50] Zou et al. 2017; [40] Britto et al. 2013; [34] Dourado, Vidotto, Guerra 2011; [48] Fernandes et al. 2016; [18] Iwama et al. 2009; [45] Kim et al. 2014; [28] Ben Saad et al. 2009","-0.2748;0.3458;-0.2751;0.5652;0.158;-0.1484;-0.2303;0.8898;-0.0052;-0.2256;-0.1411;-0.2383;-0.2518;-0.1852;0.6223;0.3947",446.420289855072,508.568135777149,1790.54471228709,0.348343114863867,62.1478459220763,-20.8330538624697,174.088676038498,67.6428730130295,84.9856353956669
814,"natalia_oliveira_2023",23,"[47] Nusdwinuringtyas et al, 2014; [54] Almeida et al. 2019; [18] Iwama et al. 2009; [20] Jenkins et al. 2009; [06] Gibbons et al. 2001; [30] Osses et al. 2010; [34] Dourado, Vidotto, Guerra 2011; [50] Zou et al. 2017; [27] Alameri et al. 2009; [58] Delbressine et al. 2023; [40] Britto et al. 2013; [37] Hill et al. 2011; [32] Soares, Pereira 2011; [10] Camarri et al. 2006; [13] Chetta et al. 2006; [28] Ben Saad et al. 2009; [07] Enrigth et al. 2003; [43] Rao et al. 2013; [26] Jenkins et al. 2009; [45] Kim et al. 2014; [48] Fernandes et al. 2016; [02] Enright & Sherrill 1998; [15] Masmoudi et al. 2008","0.6808;-0.1138;-0.2614;-0.1162;-0.3485;-0.2588;-0.1854;-0.2548;0.9549;0.1111;-0.1764;0.354;-0.3163;-0.3101;-0.4215;0.5733;0.2752;-0.3123;0.0245;0.5389;-0.3076;0.884;-0.0137",424.347826086957,533.668831425697,1614.6733286553,0.181942305573569,109.321005338741,-10.5074930653791,215.142823598173,110.920145034149,131.086639972847
815,"natalia_oliveira_2023",15,"[40] Britto et al. 2013; [20] Jenkins et al. 2009; [37] Hill et al. 2011; [54] Almeida et al. 2019; [26] Jenkins et al. 2009; [30] Osses et al. 2010; [32] Soares, Pereira 2011; [13] Chetta et al. 2006; [50] Zou et al. 2017; [47] Nusdwinuringtyas et al, 2014; [48] Fernandes et al. 2016; [45] Kim et al. 2014; [18] Iwama et al. 2009; [10] Camarri et al. 2006; [07] Enrigth et al. 2003","-0.0597;0.0972;0.5424;0.062;0.3376;-0.1449;-0.2923;-0.6615;-0.3573;1.0396;-0.4325;0.6702;-0.3289;-0.1864;0.7143",451.724637681159,677.818133207544,1098.76362756577,0.298066018067287,226.093495526385,83.0643846631436,352.915122669559,226.093495526385,238.553017646153
816,"natalia_oliveira_2023",6,"[45] Kim et al. 2014; [54] Almeida et al. 2019; [06] Gibbons et al. 2001; [47] Nusdwinuringtyas et al, 2014; [27] Alameri et al. 2009; [13] Chetta et al. 2006","0.0395;0.242;0.3064;0.0124;0.2458;0.154",433.115942028986,571.818598372396,456.801806206349,0.287451524781472,138.702656343411,13.1337490110376,275.041078820503,139.550155786112,158.044271577688
817,"natalia_oliveira_2023",2,"[13] Chetta et al. 2006; [26] Jenkins et al. 2009","0.5;0.5",472.347826086957,601.034500261461,1640.13440132787,0.18435378054961,128.686674174505,12.9725723155588,263.212321760503,128.686674174505,144.87597973931
818,"natalia_oliveira_2023",7,"[40] Britto et al. 2013; [45] Kim et al. 2014; [54] Almeida et al. 2019; [06] Gibbons et al. 2001; [34] Dourado, Vidotto, Guerra 2011; [30] Osses et al. 2010; [37] Hill et al. 2011","0.1844;0.3519;0.292;-0.3466;0.0603;-0.0093;0.4673",463.855072463768,627.140774339328,1758.73760132765,0.314827296515964,163.28570187556,46.7671708677273,292.090130955608,163.28570187556,175.07641043641
819,"natalia_oliveira_2023",13,"[13] Chetta et al. 2006; [58] Delbressine et al. 2023; [18] Iwama et al. 2009; [02] Enright & Sherrill 1998; [20] Jenkins et al. 2009; [07] Enrigth et al. 2003; [04] Troosters, Gosselink & Decramer 1999; [37] Hill et al. 2011; [26] Jenkins et al. 2009; [28] Ben Saad et al. 2009; [48] Fernandes et al. 2016; [27] Alameri et al. 2009; [34] Dourado, Vidotto, Guerra 2011","-0.445;-0.1154;-0.1663;0.7088;-0.2791;0.0713;0.0988;0.322;-0.1807;0.3323;-0.2351;1.1354;-0.2469",462.565217391304,498.17061987414,1559.19486331458,0.199130914212361,35.6054024828361,-85.9571055756485,171.277667016009,56.1656682827537,75.3241801940419
820,"natalia_oliveira_2023",17,"[47] Nusdwinuringtyas et al, 2014; [10] Camarri et al. 2006; [50] Zou et al. 2017; [28] Ben Saad et al. 2009; [48] Fernandes et al. 2016; [26] Jenkins et al. 2009; [37] Hill et al. 2011; [02] Enright & Sherrill 1998; [27] Alameri et al. 2009; [07] Enrigth et al. 2003; [40] Britto et al. 2013; [15] Masmoudi et al. 2008; [20] Jenkins et al. 2009; [13] Chetta et al. 2006; [43] Rao et al. 2013; [04] Troosters, Gosselink & Decramer 1999; [06] Gibbons et al. 2001","0.663;-0.298;-0.2511;0.366;-0.3228;-0.1107;0.309;0.6039;1.0496;0.1909;-0.1708;-0.0899;-0.2316;-0.4092;-0.3202;0.3478;-0.3259",444.275362318841,535.745963583515,1695.69262531671,0.12812020054677,91.4706012646747,-56.5418380102446,216.015822662018,99.2428937765696,119.200617739405
821,"natalia_oliveira_2023",3,"[48] Fernandes et al. 2016; [54] Almeida et al. 2019; [18] Iwama et al. 2009","0.296;0.4171;0.2869",449.652173913043,555.263203983512,670.839988754528,0.269045738432819,105.611030070468,-8.63708965870592,235.717724502719,106.675677790508,125.096656531936
822,"natalia_oliveira_2023",9,"[02] Enright & Sherrill 1998; [27] Alameri et al. 2009; [07] Enrigth et al. 2003; [58] Delbressine et al. 2023; [10] Camarri et al. 2006; [26] Jenkins et al. 2009; [28] Ben Saad et al. 2009; [48] Fernandes et al. 2016; [30] Osses et al. 2010","0.5294;0.9853;0.2468;0.0821;-0.3691;-0.2134;0.3125;-0.3115;-0.2622",458.652173913043,422.50205468906,1313.10893324602,0.0824572350560616,-36.1501192239836,-155.490175491706,96.1532950730397,61.2242591883455,72.4683517169946
823,"natalia_oliveira_2023",7,"[37] Hill et al. 2011; [47] Nusdwinuringtyas et al, 2014; [04] Troosters, Gosselink & Decramer 1999; [28] Ben Saad et al. 2009; [48] Fernandes et al. 2016; [32] Soares, Pereira 2011; [18] Iwama et al. 2009","0.2645;1.2415;0.4052;0.6035;-0.5413;-0.5317;-0.4417",451.405797101449,693.335082860213,1667.19325313591,0.119949695954897,241.929285758763,119.897148225495,369.542968373099,241.929285758763,252.838128277682
824,"natalia_oliveira_2023",5,"[18] Iwama et al. 2009; [20] Jenkins et al. 2009; [13] Chetta et al. 2006; [07] Enrigth et al. 2003; [50] Zou et al. 2017","0.2871;0.1802;-0.2352;0.4064;0.3615",437.115942028986,545.487790828278,1488.60986273365,0.0734750049162935,108.371848799293,-31.519029831524,233.593526278852,112.802435259283,134.089224554894
825,"natalia_oliveira_2023",18,"[48] Fernandes et al. 2016; [43] Rao et al. 2013; [37] Hill et al. 2011; [18] Iwama et al. 2009; [06] Gibbons et al. 2001; [15] Masmoudi et al. 2008; [07] Enrigth et al. 2003; [40] Britto et al. 2013; [04] Troosters, Gosselink & Decramer 1999; [13] Chetta et al. 2006; [34] Dourado, Vidotto, Guerra 2011; [26] Jenkins et al. 2009; [45] Kim et al. 2014; [54] Almeida et al. 2019; [28] Ben Saad et al. 2009; [30] Osses et al. 2010; [50] Zou et al. 2017; [10] Camarri et al. 2006","-0.0727;-0.2523;0.5106;0.0022;-0.145;-0.1471;0.2422;-0.0467;0.3422;-0.3465;-0.2178;-0.0229;1.1182;0.4159;0.3682;-0.353;-0.2324;-0.163",441.420289855072,727.44926634687,1698.73427553757,0.13707390636388,286.028976491798,147.087389123442,396.579553025336,286.028976491798,295.058577532658
826,"natalia_oliveira_2023",22,"[28] Ben Saad et al. 2009; [18] Iwama et al. 2009; [04] Troosters, Gosselink & Decramer 1999; [34] Dourado, Vidotto, Guerra 2011; [47] Nusdwinuringtyas et al, 2014; [07] Enrigth et al. 2003; [48] Fernandes et al. 2016; [40] Britto et al. 2013; [02] Enright & Sherrill 1998; [32] Soares, Pereira 2011; [30] Osses et al. 2010; [06] Gibbons et al. 2001; [10] Camarri et al. 2006; [58] Delbressine et al. 2023; [45] Kim et al. 2014; [26] Jenkins et al. 2009; [13] Chetta et al. 2006; [27] Alameri et al. 2009; [54] Almeida et al. 2019; [15] Masmoudi et al. 2008; [43] Rao et al. 2013; [37] Hill et al. 2011","0.4742;-0.2089;0.2787;-0.2136;0.7027;0.2115;-0.2725;-0.16;0.7851;-0.3314;-0.2775;-0.3521;-0.3283;0.0445;0.4461;-0.1326;-0.4473;0.8232;0.0517;-0.1121;-0.3306;0.3491",446.840579710145,566.701349816658,1841.96723122953,0.20964804080919,119.860770106513,10.5444498895539,248.362880813509,120.302546962486,140.12916912668
827,"natalia_oliveira_2023",23,"[04] Troosters, Gosselink & Decramer 1999; [27] Alameri et al. 2009; [34] Dourado, Vidotto, Guerra 2011; [48] Fernandes et al. 2016; [28] Ben Saad et al. 2009; [18] Iwama et al. 2009; [37] Hill et al. 2011; [02] Enright & Sherrill 1998; [10] Camarri et al. 2006; [13] Chetta et al. 2006; [43] Rao et al. 2013; [47] Nusdwinuringtyas et al, 2014; [07] Enrigth et al. 2003; [06] Gibbons et al. 2001; [40] Britto et al. 2013; [30] Osses et al. 2010; [26] Jenkins et al. 2009; [15] Masmoudi et al. 2008; [20] Jenkins et al. 2009; [45] Kim et al. 2014; [50] Zou et al. 2017; [54] Almeida et al. 2019; [32] Soares, Pereira 2011","0.3747;0.7912;-0.1712;-0.2042;0.3904;-0.1497;0.2904;0.7063;-0.2124;-0.3481;-0.2382;0.6282;0.1659;-0.286;-0.1465;-0.2852;-0.0511;-0.1112;-0.1668;0.4363;-0.2095;0.1026;-0.3059",448.449275362319,556.307024652971,1275.83801369885,0.250893058171079,107.857749290652,-22.3934205476917,241.310344274105,112.059068199167,130.539055835664
828,"natalia_oliveira_2023",7,"[50] Zou et al. 2017; [40] Britto et al. 2013; [37] Hill et al. 2011; [06] Gibbons et al. 2001; [30] Osses et al. 2010; [34] Dourado, Vidotto, Guerra 2011; [20] Jenkins et al. 2009","0.5383;0.3179;0.5792;-0.3109;-0.4032;0.1816;0.097",454.173913043478,609.880496404875,2466.3566691622,0.399451118081956,155.706583361396,57.6593082310803,272.260161255473,155.706583361396,167.150671041519
829,"natalia_oliveira_2023",12,"[04] Troosters, Gosselink & Decramer 1999; [58] Delbressine et al. 2023; [02] Enright & Sherrill 1998; [47] Nusdwinuringtyas et al, 2014; [13] Chetta et al. 2006; [15] Masmoudi et al. 2008; [43] Rao et al. 2013; [45] Kim et al. 2014; [54] Almeida et al. 2019; [48] Fernandes et al. 2016; [40] Britto et al. 2013; [37] Hill et al. 2011","0.3907;0.0098;0.6443;0.936;-0.596;-0.1496;-0.4646;0.5615;-0.1415;-0.3421;-0.1659;0.3174",452.014492753623,762.137114014269,1934.93220771141,0.236249577135298,310.122621260646,216.138637273435,428.400337942274,310.122621260646,316.718468206642
830,"natalia_oliveira_2023",23,"[32] Soares, Pereira 2011; [10] Camarri et al. 2006; [04] Troosters, Gosselink & Decramer 1999; [26] Jenkins et al. 2009; [50] Zou et al. 2017; [02] Enright & Sherrill 1998; [20] Jenkins et al. 2009; [28] Ben Saad et al. 2009; [43] Rao et al. 2013; [48] Fernandes et al. 2016; [54] Almeida et al. 2019; [34] Dourado, Vidotto, Guerra 2011; [30] Osses et al. 2010; [45] Kim et al. 2014; [40] Britto et al. 2013; [15] Masmoudi et al. 2008; [06] Gibbons et al. 2001; [13] Chetta et al. 2006; [18] Iwama et al. 2009; [07] Enrigth et al. 2003; [37] Hill et al. 2011; [58] Delbressine et al. 2023; [27] Alameri et al. 2009","-0.1874;-0.2039;0.0832;-0.0222;-0.2033;0.2714;-0.0568;0.1907;-0.1995;-0.0475;0.1461;-0.109;-0.0804;0.3347;0.1004;0.0014;-0.025;-0.1542;-0.0269;0.1302;0.2446;0.0736;0.7397",461.971014492754,563.214967040749,946.771807348284,0.0662723935199255,101.243952547995,-17.0986520738998,228.151463018505,103.488041645696,118.550326198045
831,"natalia_oliveira_2023",5,"[47] Nusdwinuringtyas et al, 2014; [02] Enright & Sherrill 1998; [32] Soares, Pereira 2011; [40] Britto et al. 2013; [27] Alameri et al. 2009","0.1384;0.5702;-0.3089;0.003;0.5973",451.753623188406,498.438728125181,793.214897913229,0.0690302424399983,46.6851049367756,-77.0985586102245,169.335632680597,71.8844722174104,88.8964369364096
832,"natalia_oliveira_2023",10,"[13] Chetta et al. 2006; [40] Britto et al. 2013; [02] Enright & Sherrill 1998; [28] Ben Saad et al. 2009; [07] Enrigth et al. 2003; [10] Camarri et al. 2006; [06] Gibbons et al. 2001; [54] Almeida et al. 2019; [32] Soares, Pereira 2011; [18] Iwama et al. 2009","0.0357;-0.4686;0.6147;0.2196;-0.1299;0.5135;-0.1538;0.1062;-0.3545;0.6171",450.333333333333,626.867118073095,2716.81561334302,0.229214204744845,176.533784739761,65.1573237772631,315.512972659591,176.533784739761,191.549886145562
833,"natalia_oliveira_2023",13,"[54] Almeida et al. 2019; [37] Hill et al. 2011; [10] Camarri et al. 2006; [47] Nusdwinuringtyas et al, 2014; [48] Fernandes et al. 2016; [06] Gibbons et al. 2001; [28] Ben Saad et al. 2009; [07] Enrigth et al. 2003; [45] Kim et al. 2014; [15] Masmoudi et al. 2008; [30] Osses et al. 2010; [04] Troosters, Gosselink & Decramer 1999; [02] Enright & Sherrill 1998","-0.2421;-0.0898;-0.4902;1.023;-0.317;-0.507;0.4888;-0.0417;0.6944;-0.3033;-0.5526;0.3983;0.9392",440.623188405797,492.508336183926,1503.18964245818,0.259972319090887,51.8851477781292,-66.7602507501946,171.545437991723,70.0489478457056,89.6061463479213
834,"natalia_oliveira_2023",7,"[43] Rao et al. 2013; [15] Masmoudi et al. 2008; [40] Britto et al. 2013; [28] Ben Saad et al. 2009; [54] Almeida et al. 2019; [30] Osses et al. 2010; [47] Nusdwinuringtyas et al, 2014","-0.4014;0.1749;-0.2834;0.9035;0.1325;-0.3824;0.8564",451.942028985507,627.060238889662,1141.97642501985,0.149959349319363,175.118209904155,48.9411898558858,302.502800616183,175.118209904155,191.823894287076
835,"natalia_oliveira_2023",7,"[37] Hill et al. 2011; [26] Jenkins et al. 2009; [47] Nusdwinuringtyas et al, 2014; [43] Rao et al. 2013; [48] Fernandes et al. 2016; [06] Gibbons et al. 2001; [10] Camarri et al. 2006","0.9591;0.3551;1.0792;-0.3856;-0.5581;-0.5241;0.0743",451.289855072464,782.877118907206,1364.61755257962,0.0818023531246315,331.587263834742,213.191159399007,461.507086894548,331.587263834742,339.51430118836
836,"natalia_oliveira_2023",10,"[15] Masmoudi et al. 2008; [27] Alameri et al. 2009; [58] Delbressine et al. 2023; [07] Enrigth et al. 2003; [40] Britto et al. 2013; [04] Troosters, Gosselink & Decramer 1999; [47] Nusdwinuringtyas et al, 2014; [18] Iwama et al. 2009; [06] Gibbons et al. 2001; [10] Camarri et al. 2006","0.0279;0.6836;0.2615;0.4546;0.1363;0.396;0.5567;-0.4244;-0.3485;-0.7436",451.333333333333,394.355822244308,1458.40710544664,0.121772047239401,-56.9775110890257,-185.573851477311,64.8461054070088,71.1868968864744,87.7214921563576
837,"natalia_oliveira_2023",4,"[13] Chetta et al. 2006; [10] Camarri et al. 2006; [43] Rao et al. 2013; [40] Britto et al. 2013","0.1216;0.1847;0.3149;0.3788",445.63768115942,518.974710172081,1272.69321871305,0.154666583291054,73.3370290126608,-66.0556127349274,205.458436187942,85.0791183143918,106.195078893969
838,"natalia_oliveira_2023",17,"[58] Delbressine et al. 2023; [45] Kim et al. 2014; [40] Britto et al. 2013; [07] Enrigth et al. 2003; [43] Rao et al. 2013; [30] Osses et al. 2010; [48] Fernandes et al. 2016; [04] Troosters, Gosselink & Decramer 1999; [54] Almeida et al. 2019; [06] Gibbons et al. 2001; [26] Jenkins et al. 2009; [02] Enright & Sherrill 1998; [18] Iwama et al. 2009; [10] Camarri et al. 2006; [20] Jenkins et al. 2009; [37] Hill et al. 2011; [28] Ben Saad et al. 2009","-0.1651;1.1092;-0.1293;0.0341;-0.1954;-0.4871;-0.1032;0.2916;0.3389;-0.3072;-0.1634;0.7349;0.0034;-0.2115;-0.3348;0.2388;0.3463",441.231884057971,609.253098196168,2566.07644918263,0.28099542344131,168.021214138197,24.1533510716865,279.931124089107,168.021214138197,180.938347882809
839,"natalia_oliveira_2023",13,"[40] Britto et al. 2013; [58] Delbressine et al. 2023; [26] Jenkins et al. 2009; [54] Almeida et al. 2019; [43] Rao et al. 2013; [07] Enrigth et al. 2003; [06] Gibbons et al. 2001; [30] Osses et al. 2010; [20] Jenkins et al. 2009; [18] Iwama et al. 2009; [37] Hill et al. 2011; [02] Enright & Sherrill 1998; [13] Chetta et al. 2006","-0.1264;0.0898;0.2703;0.2863;0.2954;0.1277;-0.1255;-0.1722;0.0539;0.2482;-0.0324;0.1164;-0.0314",449.536231884058,535.469645986983,1881.91950074693,0.243338455296935,85.9334141029246,-8.4650808991305,216.699626931733,87.7883420381619,105.765521098465
840,"natalia_oliveira_2023",4,"[27] Alameri et al. 2009; [58] Delbressine et al. 2023; [13] Chetta et al. 2006; [02] Enright & Sherrill 1998","0.6525;0.156;-0.3498;0.5414",455.275362318841,508.36249015026,1361.67194979899,0.194507512977137,53.0871278314195,-27.0332881955306,166.32371790616,61.0324058929788,78.6246678901908
841,"natalia_oliveira_2023",23,"[20] Jenkins et al. 2009; [58] Delbressine et al. 2023; [10] Camarri et al. 2006; [50] Zou et al. 2017; [18] Iwama et al. 2009; [13] Chetta et al. 2006; [15] Masmoudi et al. 2008; [37] Hill et al. 2011; [04] Troosters, Gosselink & Decramer 1999; [34] Dourado, Vidotto, Guerra 2011; [02] Enright & Sherrill 1998; [28] Ben Saad et al. 2009; [07] Enrigth et al. 2003; [40] Britto et al. 2013; [43] Rao et al. 2013; [27] Alameri et al. 2009; [54] Almeida et al. 2019; [06] Gibbons et al. 2001; [30] Osses et al. 2010; [48] Fernandes et al. 2016; [32] Soares, Pereira 2011; [45] Kim et al. 2014; [47] Nusdwinuringtyas et al, 2014","-0.1697;0.0316;-0.2643;-0.2972;-0.1636;-0.3686;-0.0924;0.3493;0.4643;-0.2056;0.67;0.375;0.2056;-0.1445;-0.3165;0.8579;0.1255;-0.2536;-0.2995;-0.2089;-0.3255;0.4176;0.6132",435.391304347826,577.918581247419,1507.16876011621,0.210285450481883,142.527276899593,2.52126570328417,254.244922425185,142.559487107442,158.589052441201
842,"natalia_oliveira_2023",6,"[45] Kim et al. 2014; [13] Chetta et al. 2006; [18] Iwama et al. 2009; [47] Nusdwinuringtyas et al, 2014; [50] Zou et al. 2017; [58] Delbressine et al. 2023","0.4154;-0.3507;-0.4012;0.7987;-0.4322;0.97",464.391304347826,610.87952161933,801.764358245486,0.0945839961087973,146.488217271504,53.9874260482803,271.636699336396,146.488217271504,158.907391138979
843,"natalia_oliveira_2023",20,"[02] Enright & Sherrill 1998; [32] Soares, Pereira 2011; [48] Fernandes et al. 2016; [04] Troosters, Gosselink & Decramer 1999; [28] Ben Saad et al. 2009; [10] Camarri et al. 2006; [50] Zou et al. 2017; [13] Chetta et al. 2006; [26] Jenkins et al. 2009; [45] Kim et al. 2014; [47] Nusdwinuringtyas et al, 2014; [20] Jenkins et al. 2009; [58] Delbressine et al. 2023; [27] Alameri et al. 2009; [30] Osses et al. 2010; [43] Rao et al. 2013; [34] Dourado, Vidotto, Guerra 2011; [18] Iwama et al. 2009; [40] Britto et al. 2013; [07] Enrigth et al. 2003","0.7345;-0.316;-0.2618;0.4393;0.4971;-0.3284;-0.2745;-0.4163;-0.0839;0.4891;0.6277;-0.1719;0.0845;0.8685;-0.2369;-0.3076;-0.2104;-0.2074;-0.1307;0.2051",441.565217391304,536.084295609563,1868.5805415847,0.237393252921441,94.5190782182586,-36.2375171968707,221.927417561273,98.5356878514204,118.280609148782
844,"natalia_oliveira_2023",15,"[18] Iwama et al. 2009; [06] Gibbons et al. 2001; [48] Fernandes et al. 2016; [04] Troosters, Gosselink & Decramer 1999; [30] Osses et al. 2010; [40] Britto et al. 2013; [07] Enrigth et al. 2003; [47] Nusdwinuringtyas et al, 2014; [28] Ben Saad et al. 2009; [34] Dourado, Vidotto, Guerra 2011; [15] Masmoudi et al. 2008; [27] Alameri et al. 2009; [13] Chetta et al. 2006; [54] Almeida et al. 2019; [26] Jenkins et al. 2009","-0.2173;-0.2294;-0.2595;0.4654;-0.3478;8e-04;0.5855;0.7309;0.848;-0.3776;-0.1201;0.6923;-0.5681;0.1437;-0.3467",448.739130434783,489.727789005355,1358.08324945428,0.206839019520081,40.9886585705729,-60.5738155549366,171.579584618034,63.3437431501442,82.1987291360151
845,"natalia_oliveira_2023",7,"[04] Troosters, Gosselink & Decramer 1999; [15] Masmoudi et al. 2008; [30] Osses et al. 2010; [32] Soares, Pereira 2011; [45] Kim et al. 2014; [40] Britto et al. 2013; [47] Nusdwinuringtyas et al, 2014","0.8587;0.1004;-0.2482;-0.5907;0.1633;0.1572;0.5592",454.710144927536,618.126567260664,1518.33289513806,0.106443830450015,163.416422333128,33.2788783489088,288.739626176037,163.416422333128,176.873150296819
846,"natalia_oliveira_2023",8,"[18] Iwama et al. 2009; [37] Hill et al. 2011; [15] Masmoudi et al. 2008; [30] Osses et al. 2010; [10] Camarri et al. 2006; [45] Kim et al. 2014; [43] Rao et al. 2013; [47] Nusdwinuringtyas et al, 2014","-0.3152;0.3847;0.3856;0.0797;0.0075;0.4926;-0.4118;0.3769",443.173913043478,687.661801950091,1346.43922333375,0.355441735610598,244.487888906612,127.820158271856,379.885854357158,244.487888906612,253.560689952338
847,"natalia_oliveira_2023",22,"[54] Almeida et al. 2019; [34] Dourado, Vidotto, Guerra 2011; [45] Kim et al. 2014; [58] Delbressine et al. 2023; [27] Alameri et al. 2009; [28] Ben Saad et al. 2009; [48] Fernandes et al. 2016; [40] Britto et al. 2013; [06] Gibbons et al. 2001; [18] Iwama et al. 2009; [50] Zou et al. 2017; [02] Enright & Sherrill 1998; [47] Nusdwinuringtyas et al, 2014; [26] Jenkins et al. 2009; [37] Hill et al. 2011; [20] Jenkins et al. 2009; [32] Soares, Pereira 2011; [43] Rao et al. 2013; [15] Masmoudi et al. 2008; [07] Enrigth et al. 2003; [10] Camarri et al. 2006; [13] Chetta et al. 2006","-0.0191;-0.1377;0.4406;0.1463;0.8311;0.4119;-0.2774;-0.1201;-0.2609;-0.2483;-0.2426;0.57;0.521;-0.0035;0.2951;-0.1087;-0.2448;-0.2787;0.0454;0.2617;-0.2706;-0.3108",450.710144927536,550.704513917195,1483.48223788506,0.151318721754053,99.994368989659,-35.2254922231061,230.236926365222,103.481093099907,120.491260473682
848,"natalia_oliveira_2023",8,"[34] Dourado, Vidotto, Guerra 2011; [02] Enright & Sherrill 1998; [50] Zou et al. 2017; [37] Hill et al. 2011; [48] Fernandes et al. 2016; [13] Chetta et al. 2006; [30] Osses et al. 2010; [27] Alameri et al. 2009","-0.0052;0.4724;-0.0341;0.2501;-0.2563;-0.1756;-0.0256;0.7744",440.217391304348,548.926182983827,1223.10958608718,0.240411316160132,108.708791679479,27.3528869863712,222.405052513839,109.608550221968,123.594886612782
849,"natalia_oliveira_2023",9,"[20] Jenkins et al. 2009; [58] Delbressine et al. 2023; [45] Kim et al. 2014; [06] Gibbons et al. 2001; [15] Masmoudi et al. 2008; [30] Osses et al. 2010; [13] Chetta et al. 2006; [54] Almeida et al. 2019; [10] Camarri et al. 2006","-0.2905;0.9096;0.9762;-0.2031;0.4119;-0.2244;-0.4547;0.3808;-0.5058",439.101449275362,533.081188602536,1378.2649566669,0.366361086474958,93.9797393271732,-63.7668970727813,226.713157339348,101.338807817,118.166503859318
850,"natalia_oliveira_2023",21,"[28] Ben Saad et al. 2009; [45] Kim et al. 2014; [58] Delbressine et al. 2023; [02] Enright & Sherrill 1998; [26] Jenkins et al. 2009; [34] Dourado, Vidotto, Guerra 2011; [40] Britto et al. 2013; [37] Hill et al. 2011; [48] Fernandes et al. 2016; [15] Masmoudi et al. 2008; [10] Camarri et al. 2006; [54] Almeida et al. 2019; [30] Osses et al. 2010; [27] Alameri et al. 2009; [04] Troosters, Gosselink & Decramer 1999; [47] Nusdwinuringtyas et al, 2014; [18] Iwama et al. 2009; [32] Soares, Pereira 2011; [13] Chetta et al. 2006; [06] Gibbons et al. 2001; [50] Zou et al. 2017","0.5799;0.4756;0.0476;0.9619;-0.0924;-0.2176;-0.147;0.4196;-0.3295;-0.1145;-0.421;-0.0531;-0.2882;0.966;0.3509;0.6579;-0.2943;-0.3972;-0.4369;-0.3339;-0.3338",431.086956521739,509.41872176754,1643.15493504142,0.0832047165336387,78.3317652458008,-68.5095380137608,190.765635119678,91.2961869176716,112.039997152775
851,"natalia_oliveira_2023",17,"[40] Britto et al. 2013; [28] Ben Saad et al. 2009; [02] Enright & Sherrill 1998; [27] Alameri et al. 2009; [07] Enrigth et al. 2003; [54] Almeida et al. 2019; [10] Camarri et al. 2006; [32] Soares, Pereira 2011; [43] Rao et al. 2013; [13] Chetta et al. 2006; [47] Nusdwinuringtyas et al, 2014; [30] Osses et al. 2010; [18] Iwama et al. 2009; [26] Jenkins et al. 2009; [37] Hill et al. 2011; [48] Fernandes et al. 2016; [06] Gibbons et al. 2001","-0.1262;0.4704;0.6893;1.0244;0.2981;-0.0266;-0.2121;-0.3262;-0.216;-0.3519;0.6649;-0.2592;-0.2494;-0.0649;0.3229;-0.3003;-0.3371",439.391304347826,510.864904396,1491.2379051376,0.206814569705586,71.4736000481736,-35.022276326425,185.858329566902,78.3885556286522,98.6450129809195
852,"natalia_oliveira_2023",19,"[02] Enright & Sherrill 1998; [18] Iwama et al. 2009; [58] Delbressine et al. 2023; [06] Gibbons et al. 2001; [37] Hill et al. 2011; [43] Rao et al. 2013; [34] Dourado, Vidotto, Guerra 2011; [40] Britto et al. 2013; [26] Jenkins et al. 2009; [15] Masmoudi et al. 2008; [50] Zou et al. 2017; [32] Soares, Pereira 2011; [04] Troosters, Gosselink & Decramer 1999; [10] Camarri et al. 2006; [27] Alameri et al. 2009; [28] Ben Saad et al. 2009; [30] Osses et al. 2010; [13] Chetta et al. 2006; [54] Almeida et al. 2019","0.4459;-0.046;0.0976;-0.1145;0.3334;-0.2086;-0.142;-0.1231;-0.0606;-0.0086;-0.1992;-0.2344;0.2879;-0.2208;1.1875;0.3016;-0.1806;-0.2326;0.1173",454.869565217391,531.392217336048,1653.34390493127,0.115985447681281,76.5226521186571,-51.3109014033102,210.649413528831,85.5404982442625,104.286798671205
853,"natalia_oliveira_2023",12,"[30] Osses et al. 2010; [47] Nusdwinuringtyas et al, 2014; [27] Alameri et al. 2009; [06] Gibbons et al. 2001; [58] Delbressine et al. 2023; [26] Jenkins et al. 2009; [40] Britto et al. 2013; [28] Ben Saad et al. 2009; [50] Zou et al. 2017; [13] Chetta et al. 2006; [45] Kim et al. 2014; [34] Dourado, Vidotto, Guerra 2011","-0.2278;0.6259;0.607;-0.3579;0.5434;-0.0871;-0.238;1.1009;-0.4035;-0.4243;0.1895;-0.3281",445.391304347826,490.109038570238,1229.06278364353,0.289382400160787,44.7177342224116,-73.968764699648,161.57467205408,62.151214469179,78.0179445100122
854,"natalia_oliveira_2023",19,"[15] Masmoudi et al. 2008; [04] Troosters, Gosselink & Decramer 1999; [47] Nusdwinuringtyas et al, 2014; [28] Ben Saad et al. 2009; [43] Rao et al. 2013; [20] Jenkins et al. 2009; [06] Gibbons et al. 2001; [30] Osses et al. 2010; [26] Jenkins et al. 2009; [27] Alameri et al. 2009; [40] Britto et al. 2013; [13] Chetta et al. 2006; [54] Almeida et al. 2019; [50] Zou et al. 2017; [37] Hill et al. 2011; [34] Dourado, Vidotto, Guerra 2011; [07] Enrigth et al. 2003; [45] Kim et al. 2014; [18] Iwama et al. 2009","-0.1444;0.527;0.6827;0.7028;-0.5464;-0.2229;-0.3701;-0.3806;-0.0549;0.9551;-0.1227;-0.5696;0.2156;-0.5403;0.7056;-0.2499;0.3646;0.3641;-0.3155",443.927536231884,657.448825604854,1010.2165448363,0.135315967481267,213.52128937297,103.519964804602,349.54063310233,213.52128937297,227.413656144772
855,"natalia_oliveira_2023",19,"[32] Soares, Pereira 2011; [13] Chetta et al. 2006; [02] Enright & Sherrill 1998; [15] Masmoudi et al. 2008; [07] Enrigth et al. 2003; [28] Ben Saad et al. 2009; [06] Gibbons et al. 2001; [47] Nusdwinuringtyas et al, 2014; [27] Alameri et al. 2009; [54] Almeida et al. 2019; [04] Troosters, Gosselink & Decramer 1999; [48] Fernandes et al. 2016; [30] Osses et al. 2010; [50] Zou et al. 2017; [26] Jenkins et al. 2009; [43] Rao et al. 2013; [20] Jenkins et al. 2009; [45] Kim et al. 2014; [18] Iwama et al. 2009","-0.2154;-0.2446;0.5249;0.0342;0.3514;0.3577;-0.069;0.6631;0.647;-0.1216;0.2433;-0.1536;-0.1612;-0.3245;-0.1586;-0.3222;-0.1923;0.2803;-0.1387",444.014492753623,536.972354618653,1293.70255058185,0.125805152036814,92.9578618650298,-3.98085737247885,213.944905734937,94.7808350239324,111.019281905275
856,"natalia_oliveira_2023",20,"[43] Rao et al. 2013; [07] Enrigth et al. 2003; [02] Enright & Sherrill 1998; [45] Kim et al. 2014; [48] Fernandes et al. 2016; [54] Almeida et al. 2019; [37] Hill et al. 2011; [58] Delbressine et al. 2023; [47] Nusdwinuringtyas et al, 2014; [27] Alameri et al. 2009; [30] Osses et al. 2010; [10] Camarri et al. 2006; [18] Iwama et al. 2009; [06] Gibbons et al. 2001; [13] Chetta et al. 2006; [40] Britto et al. 2013; [15] Masmoudi et al. 2008; [26] Jenkins et al. 2009; [20] Jenkins et al. 2009; [32] Soares, Pereira 2011","-0.2259;0.2233;1.0448;0.4583;-0.2335;0.0251;0.3295;0.047;0.4977;0.7361;-0.3174;-0.1608;-0.1845;-0.3031;-0.3657;-0.1318;-0.0748;0.0755;-0.1246;-0.3153",449.797101449275,548.003394320763,1068.97507353363,0.325701634566128,98.2062928714879,-41.041618633252,229.086611042303,102.950389652229,121.031098582453
857,"natalia_oliveira_2023",12,"[02] Enright & Sherrill 1998; [27] Alameri et al. 2009; [26] Jenkins et al. 2009; [48] Fernandes et al. 2016; [34] Dourado, Vidotto, Guerra 2011; [43] Rao et al. 2013; [50] Zou et al. 2017; [10] Camarri et al. 2006; [06] Gibbons et al. 2001; [07] Enrigth et al. 2003; [28] Ben Saad et al. 2009; [20] Jenkins et al. 2009","0.3895;0.9839;0.0661;-0.1829;-0.1396;-0.1629;-0.1171;-0.1632;-0.1842;0.274;0.3211;-0.0848",449.840579710145,469.868243674991,1499.76957186967,0.232520136160228,20.0276639648461,-99.3983058631378,137.722725698117,50.503460784762,65.4855219212116
858,"natalia_oliveira_2023",6,"[34] Dourado, Vidotto, Guerra 2011; [04] Troosters, Gosselink & Decramer 1999; [30] Osses et al. 2010; [58] Delbressine et al. 2023; [26] Jenkins et al. 2009; [02] Enright & Sherrill 1998","0.2574;0.1087;0.0989;0.1098;0.2492;0.1761",446.623188405797,619.22559174832,3397.99778168697,0.147190989436896,172.602403342523,23.8811822849464,330.116755829074,172.602403342523,189.724245258627
859,"natalia_oliveira_2023",5,"[28] Ben Saad et al. 2009; [58] Delbressine et al. 2023; [06] Gibbons et al. 2001; [18] Iwama et al. 2009; [02] Enright & Sherrill 1998","0.1085;-0.1459;-0.2296;0.6775;0.5895",448.115942028986,527.619563231803,2953.61090352105,0.203400555445755,79.5036212028176,-43.6171260879087,200.561191764423,86.3221664362299,108.041443027628
860,"natalia_oliveira_2023",2,"[58] Delbressine et al. 2023; [34] Dourado, Vidotto, Guerra 2011","0.5;0.5",443.550724637681,597.687502173913,2927.64087845645,0.224685221372368,154.136777536232,65.8241800000001,281.3034045,154.136777536232,167.553601498906
861,"natalia_oliveira_2023",22,"[58] Delbressine et al. 2023; [13] Chetta et al. 2006; [30] Osses et al. 2010; [40] Britto et al. 2013; [47] Nusdwinuringtyas et al, 2014; [10] Camarri et al. 2006; [04] Troosters, Gosselink & Decramer 1999; [34] Dourado, Vidotto, Guerra 2011; [07] Enrigth et al. 2003; [50] Zou et al. 2017; [37] Hill et al. 2011; [48] Fernandes et al. 2016; [06] Gibbons et al. 2001; [26] Jenkins et al. 2009; [32] Soares, Pereira 2011; [43] Rao et al. 2013; [18] Iwama et al. 2009; [15] Masmoudi et al. 2008; [02] Enright & Sherrill 1998; [28] Ben Saad et al. 2009; [27] Alameri et al. 2009; [54] Almeida et al. 2019","0.0173;-0.3816;-0.3152;-0.1694;0.8081;-0.2247;0.3784;-0.2047;0.202;-0.1878;0.3802;-0.276;-0.3404;-0.0517;-0.3297;-0.2496;-0.2183;-0.1103;0.7559;0.4144;1.0529;0.0503",445.782608695652,546.871144777621,1696.36514604984,0.130139515645697,101.088536081969,-32.6056333157577,222.813363270393,105.377188478935,126.843783205324
862,"natalia_oliveira_2023",12,"[07] Enrigth et al. 2003; [50] Zou et al. 2017; [32] Soares, Pereira 2011; [30] Osses et al. 2010; [37] Hill et al. 2011; [54] Almeida et al. 2019; [45] Kim et al. 2014; [02] Enright & Sherrill 1998; [58] Delbressine et al. 2023; [26] Jenkins et al. 2009; [20] Jenkins et al. 2009; [34] Dourado, Vidotto, Guerra 2011","0.0848;-0.1512;-0.34;-0.3843;0.0452;0.0073;1.0098;1.0406;-0.0634;0.0475;-0.1463;-0.15",456.086956521739,575.932534553308,1921.99505962289,0.275198859835544,119.845578031569,-4.00980753509361,242.629107560717,120.648308129488,135.682954260464
863,"natalia_oliveira_2023",17,"[20] Jenkins et al. 2009; [15] Masmoudi et al. 2008; [40] Britto et al. 2013; [50] Zou et al. 2017; [48] Fernandes et al. 2016; [07] Enrigth et al. 2003; [47] Nusdwinuringtyas et al, 2014; [30] Osses et al. 2010; [28] Ben Saad et al. 2009; [02] Enright & Sherrill 1998; [32] Soares, Pereira 2011; [54] Almeida et al. 2019; [27] Alameri et al. 2009; [26] Jenkins et al. 2009; [04] Troosters, Gosselink & Decramer 1999; [06] Gibbons et al. 2001; [37] Hill et al. 2011","-0.1965;-0.1291;-0.2117;-0.4185;-0.3206;0.1237;0.7566;-0.3509;0.4333;0.7467;-0.4183;0.011;0.7955;-0.0487;0.442;-0.421;0.2066",432.449275362319,508.216521006058,2091.7481687085,0.190852853064476,75.7672456437395,-39.7083458519803,199.70720961742,83.2783617018093,104.59761447122
864,"natalia_oliveira_2023",23,"[13] Chetta et al. 2006; [28] Ben Saad et al. 2009; [07] Enrigth et al. 2003; [20] Jenkins et al. 2009; [34] Dourado, Vidotto, Guerra 2011; [02] Enright & Sherrill 1998; [47] Nusdwinuringtyas et al, 2014; [32] Soares, Pereira 2011; [06] Gibbons et al. 2001; [43] Rao et al. 2013; [30] Osses et al. 2010; [45] Kim et al. 2014; [58] Delbressine et al. 2023; [26] Jenkins et al. 2009; [27] Alameri et al. 2009; [10] Camarri et al. 2006; [54] Almeida et al. 2019; [37] Hill et al. 2011; [40] Britto et al. 2013; [18] Iwama et al. 2009; [04] Troosters, Gosselink & Decramer 1999; [15] Masmoudi et al. 2008; [48] Fernandes et al. 2016","-0.4242;0.4601;0.1866;-0.2005;-0.2215;0.7048;0.6265;-0.3158;-0.2976;-0.3589;-0.269;0.3976;0.0618;-0.0971;0.8303;-0.3566;0.1367;0.174;-0.1281;-0.1534;0.5058;-0.0496;-0.2117",433.434782608696,554.520747769373,2164.90307576241,0.277009120911948,121.085965160678,-7.68309880430825,242.158522159973,122.651942808554,140.334031976749
865,"natalia_oliveira_2023",11,"[40] Britto et al. 2013; [15] Masmoudi et al. 2008; [13] Chetta et al. 2006; [58] Delbressine et al. 2023; [10] Camarri et al. 2006; [06] Gibbons et al. 2001; [37] Hill et al. 2011; [27] Alameri et al. 2009; [47] Nusdwinuringtyas et al, 2014; [20] Jenkins et al. 2009; [34] Dourado, Vidotto, Guerra 2011","0.0832;0.2481;-0.7124;0.4681;-0.4644;-0.546;0.7518;0.8855;0.276;0.0395;-0.0294",458.666666666667,495.541279355606,997.228451541761,0.167218336957393,36.8746126889391,-95.6141412239992,164.194103204752,57.0154788447008,74.3867103390706
866,"natalia_oliveira_2023",8,"[18] Iwama et al. 2009; [15] Masmoudi et al. 2008; [58] Delbressine et al. 2023; [43] Rao et al. 2013; [10] Camarri et al. 2006; [50] Zou et al. 2017; [32] Soares, Pereira 2011; [40] Britto et al. 2013","0.1148;0.1206;0.3545;0.0866;0.1621;0.291;-0.2973;0.1677",459.884057971014,570.477226745085,1485.31114545036,0.0382457469067821,110.593168774071,-9.34736041369263,243.089086532824,111.897824142168,134.866716236348
867,"natalia_oliveira_2023",20,"[45] Kim et al. 2014; [27] Alameri et al. 2009; [37] Hill et al. 2011; [26] Jenkins et al. 2009; [58] Delbressine et al. 2023; [20] Jenkins et al. 2009; [02] Enright & Sherrill 1998; [48] Fernandes et al. 2016; [07] Enrigth et al. 2003; [34] Dourado, Vidotto, Guerra 2011; [18] Iwama et al. 2009; [40] Britto et al. 2013; [54] Almeida et al. 2019; [06] Gibbons et al. 2001; [15] Masmoudi et al. 2008; [50] Zou et al. 2017; [13] Chetta et al. 2006; [30] Osses et al. 2010; [28] Ben Saad et al. 2009; [43] Rao et al. 2013","0.5041;0.9905;0.4954;-0.134;0.0532;-0.2435;0.7301;-0.1668;0.2503;-0.2421;-0.1217;-0.1066;0.148;-0.1944;-0.1041;-0.287;-0.3557;-0.2959;0.3934;-0.313",447.913043478261,581.236819482781,1664.61577882839,0.148061440730061,133.32377600452,15.8366765939478,254.831811901786,134.144299303416,149.415243806906
868,"natalia_oliveira_2023",8,"[15] Masmoudi et al. 2008; [26] Jenkins et al. 2009; [13] Chetta et al. 2006; [10] Camarri et al. 2006; [07] Enrigth et al. 2003; [58] Delbressine et al. 2023; [37] Hill et al. 2011; [02] Enright & Sherrill 1998","-0.1338;0.1201;0.1885;0.4638;-0.0068;-0.0935;0.0715;0.3901",445.246376811594,634.83213518849,2544.25320979939,0.126956177792643,189.585758376895,45.3549754905085,333.378165697825,189.585758376895,205.392237413888
869,"natalia_oliveira_2023",18,"[34] Dourado, Vidotto, Guerra 2011; [30] Osses et al. 2010; [06] Gibbons et al. 2001; [13] Chetta et al. 2006; [18] Iwama et al. 2009; [02] Enright & Sherrill 1998; [26] Jenkins et al. 2009; [15] Masmoudi et al. 2008; [54] Almeida et al. 2019; [43] Rao et al. 2013; [47] Nusdwinuringtyas et al, 2014; [28] Ben Saad et al. 2009; [40] Britto et al. 2013; [20] Jenkins et al. 2009; [58] Delbressine et al. 2023; [32] Soares, Pereira 2011; [48] Fernandes et al. 2016; [07] Enrigth et al. 2003","-0.0818;-0.3231;-0.3246;-0.2316;-0.2135;0.7123;0.1555;-0.0206;0.1355;0.0621;1.1743;0.3584;-0.2553;-0.0869;0.0971;-0.2439;-0.2797;0.3656",459.391304347826,537.088676613882,1447.10869347478,0.10523254566139,77.6973722660556,-27.2140831865719,206.484596052963,82.1518946868835,102.991709918885
870,"natalia_oliveira_2023",2,"[43] Rao et al. 2013; [18] Iwama et al. 2009","0.5;0.5",454.579710144928,458.313760869565,526.809719548594,0.235076032238119,3.73405072463758,-131.8498,129.2119,60.674268115942,73.4525831172589
871,"natalia_oliveira_2023",24,"[34] Dourado, Vidotto, Guerra 2011; [28] Ben Saad et al. 2009; [47] Nusdwinuringtyas et al, 2014; [10] Camarri et al. 2006; [04] Troosters, Gosselink & Decramer 1999; [30] Osses et al. 2010; [18] Iwama et al. 2009; [07] Enrigth et al. 2003; [37] Hill et al. 2011; [48] Fernandes et al. 2016; [50] Zou et al. 2017; [43] Rao et al. 2013; [02] Enright & Sherrill 1998; [15] Masmoudi et al. 2008; [26] Jenkins et al. 2009; [20] Jenkins et al. 2009; [32] Soares, Pereira 2011; [54] Almeida et al. 2019; [40] Britto et al. 2013; [58] Delbressine et al. 2023; [27] Alameri et al. 2009; [45] Kim et al. 2014; [06] Gibbons et al. 2001; [13] Chetta et al. 2006","-0.1881;0.4151;0.6585;-0.2208;0.3342;-0.2582;-0.1969;0.1939;0.3703;-0.2459;-0.2401;-0.2858;0.7545;-0.0911;-0.0754;-0.168;-0.3033;0.0613;-0.1297;0.0313;0.8285;0.4398;-0.2982;-0.3859",452.666666666667,569.365828994281,1329.15624628434,0.116454260689137,116.699162327614,-7.257148272765,254.498389936247,117.795160070899,137.441947373774
872,"natalia_oliveira_2023",12,"[20] Jenkins et al. 2009; [30] Osses et al. 2010; [27] Alameri et al. 2009; [47] Nusdwinuringtyas et al, 2014; [50] Zou et al. 2017; [54] Almeida et al. 2019; [40] Britto et al. 2013; [10] Camarri et al. 2006; [02] Enright & Sherrill 1998; [04] Troosters, Gosselink & Decramer 1999; [26] Jenkins et al. 2009; [15] Masmoudi et al. 2008","-0.1361;-0.3661;0.7412;0.3167;-0.3766;0.0542;-0.1387;-0.2272;0.7115;0.4768;0.0673;-0.123",448.971014492754,480.280877195495,1524.34978415997,0.29652321788775,31.309862702741,-66.5268684068915,165.04370093904,51.9369542406754,70.2743097776973
873,"natalia_oliveira_2023",14,"[13] Chetta et al. 2006; [37] Hill et al. 2011; [40] Britto et al. 2013; [10] Camarri et al. 2006; [50] Zou et al. 2017; [20] Jenkins et al. 2009; [02] Enright & Sherrill 1998; [48] Fernandes et al. 2016; [30] Osses et al. 2010; [27] Alameri et al. 2009; [43] Rao et al. 2013; [18] Iwama et al. 2009; [54] Almeida et al. 2019; [58] Delbressine et al. 2023","-0.342;0.5202;-0.0556;-0.1814;-0.092;-0.2359;0.89;-0.2299;-0.2751;1.2995;-0.1827;-0.1832;0.0132;0.055",450.202898550725,530.712066173934,1245.27083593457,0.14254987269063,80.5091676232098,-52.0871992614624,203.072112250185,87.583075097613,106.157566494468
874,"natalia_oliveira_2023",9,"[04] Troosters, Gosselink & Decramer 1999; [30] Osses et al. 2010; [07] Enrigth et al. 2003; [02] Enright & Sherrill 1998; [34] Dourado, Vidotto, Guerra 2011; [15] Masmoudi et al. 2008; [20] Jenkins et al. 2009; [32] Soares, Pereira 2011; [58] Delbressine et al. 2023","0.2281;-0.1238;0.1957;0.4129;0.2174;-0.2842;0.0506;0.4592;-0.1559",436.202898550725,584.288233343807,4276.69445263457,0.245762522234029,148.085334793082,27.1980955867403,302.12109756621,148.085334793082,165.430573678104
875,"natalia_oliveira_2023",1,"[18] Iwama et al. 2009","1",448.521739130435,532.916623188406,514.427122385337,0.117151218809387,84.394884057971,-44.018,193.1906,90.3738405797102,109.643081424176
876,"natalia_oliveira_2023",14,"[04] Troosters, Gosselink & Decramer 1999; [13] Chetta et al. 2006; [27] Alameri et al. 2009; [37] Hill et al. 2011; [50] Zou et al. 2017; [06] Gibbons et al. 2001; [28] Ben Saad et al. 2009; [54] Almeida et al. 2019; [18] Iwama et al. 2009; [15] Masmoudi et al. 2008; [47] Nusdwinuringtyas et al, 2014; [02] Enright & Sherrill 1998; [34] Dourado, Vidotto, Guerra 2011; [45] Kim et al. 2014","0.3925;-0.508;0.7033;0.2029;-0.4568;-0.3544;0.3971;-0.2451;-0.2006;-0.1908;0.7536;0.7431;-0.4988;0.262",444.246376811594,499.950764033858,1811.18636837691,0.240197826293558,55.7043872222636,-57.0444869801384,184.002195464043,67.6225125222874,89.4587384035015
877,"natalia_oliveira_2023",17,"[06] Gibbons et al. 2001; [50] Zou et al. 2017; [04] Troosters, Gosselink & Decramer 1999; [07] Enrigth et al. 2003; [40] Britto et al. 2013; [54] Almeida et al. 2019; [47] Nusdwinuringtyas et al, 2014; [13] Chetta et al. 2006; [58] Delbressine et al. 2023; [10] Camarri et al. 2006; [02] Enright & Sherrill 1998; [45] Kim et al. 2014; [20] Jenkins et al. 2009; [18] Iwama et al. 2009; [37] Hill et al. 2011; [15] Masmoudi et al. 2008; [43] Rao et al. 2013","-0.2017;-0.1031;0.3607;0.1037;0.0126;0.1174;0.525;-0.2049;0.0538;-0.1446;0.1986;0.5607;-0.0094;-0.1904;0.0592;0.032;-0.1696",442.536231884058,609.132942614764,902.43115850481,0.134621898291568,166.596710730706,79.7697156104247,281.153873726942,166.596710730706,177.468432949205
878,"natalia_oliveira_2023",12,"[02] Enright & Sherrill 1998; [37] Hill et al. 2011; [32] Soares, Pereira 2011; [30] Osses et al. 2010; [58] Delbressine et al. 2023; [04] Troosters, Gosselink & Decramer 1999; [10] Camarri et al. 2006; [43] Rao et al. 2013; [28] Ben Saad et al. 2009; [13] Chetta et al. 2006; [15] Masmoudi et al. 2008; [40] Britto et al. 2013","0.7408;0.3608;-0.2113;-0.4756;-0.3439;0.1776;0.7503;0.4848;0.2051;-0.1766;-0.4401;-0.0719",443.710144927536,626.472353677833,2901.31416713571,0.22057969242045,182.762208750297,56.1067890914451,325.277553714456,182.762208750297,197.495141006421
879,"natalia_oliveira_2023",19,"[45] Kim et al. 2014; [48] Fernandes et al. 2016; [58] Delbressine et al. 2023; [15] Masmoudi et al. 2008; [30] Osses et al. 2010; [06] Gibbons et al. 2001; [10] Camarri et al. 2006; [27] Alameri et al. 2009; [26] Jenkins et al. 2009; [40] Britto et al. 2013; [34] Dourado, Vidotto, Guerra 2011; [54] Almeida et al. 2019; [18] Iwama et al. 2009; [50] Zou et al. 2017; [20] Jenkins et al. 2009; [04] Troosters, Gosselink & Decramer 1999; [47] Nusdwinuringtyas et al, 2014; [02] Enright & Sherrill 1998; [32] Soares, Pereira 2011","0.2675;-0.2488;0.184;0.0499;-0.1474;-0.2703;-0.3768;0.6811;-0.059;-0.0152;-0.153;-0.0439;-0.2085;-0.3559;-0.1197;0.4891;0.6824;0.9583;-0.3137",459.565217391304,470.196413150026,1994.61327173572,0.0859307594347322,10.6311957587221,-114.213400000137,164.505251302791,57.472608757406,73.4761398835252
880,"natalia_oliveira_2023",23,"[13] Chetta et al. 2006; [30] Osses et al. 2010; [32] Soares, Pereira 2011; [07] Enrigth et al. 2003; [18] Iwama et al. 2009; [27] Alameri et al. 2009; [47] Nusdwinuringtyas et al, 2014; [58] Delbressine et al. 2023; [10] Camarri et al. 2006; [28] Ben Saad et al. 2009; [54] Almeida et al. 2019; [15] Masmoudi et al. 2008; [48] Fernandes et al. 2016; [02] Enright & Sherrill 1998; [40] Britto et al. 2013; [06] Gibbons et al. 2001; [43] Rao et al. 2013; [37] Hill et al. 2011; [34] Dourado, Vidotto, Guerra 2011; [50] Zou et al. 2017; [45] Kim et al. 2014; [20] Jenkins et al. 2009; [04] Troosters, Gosselink & Decramer 1999","-0.3957;-0.3757;-0.3318;0.1679;-0.1069;0.773;0.6275;-0.0333;-0.2018;0.4152;0.1743;-0.1708;-0.178;0.7885;-0.1868;-0.3168;-0.2293;0.2857;-0.236;-0.1967;0.4825;-0.2282;0.4731",440.144927536232,559.881067147169,1420.22398614156,0.353590280927667,119.736139610937,-10.1674366106725,247.370606599028,121.055762851044,139.570088904142
881,"natalia_oliveira_2023",13,"[27] Alameri et al. 2009; [15] Masmoudi et al. 2008; [04] Troosters, Gosselink & Decramer 1999; [34] Dourado, Vidotto, Guerra 2011; [30] Osses et al. 2010; [07] Enrigth et al. 2003; [45] Kim et al. 2014; [18] Iwama et al. 2009; [43] Rao et al. 2013; [50] Zou et al. 2017; [28] Ben Saad et al. 2009; [06] Gibbons et al. 2001; [10] Camarri et al. 2006","1.1235;-0.1169;0.4494;-0.3713;-0.3447;0.5003;0.537;-0.0145;-0.3715;-0.4148;0.7577;-0.1765;-0.5576",451.072463768116,473.454157151325,1450.13682583431,0.181102700048645,22.3816933832092,-110.007496718944,154.686260592377,63.5439934499168,78.4053911935658
882,"natalia_oliveira_2023",4,"[45] Kim et al. 2014; [34] Dourado, Vidotto, Guerra 2011; [30] Osses et al. 2010; [13] Chetta et al. 2006","0.5389;0.1107;0.5635;-0.2131",442.260869565217,600.804021324026,1208.82940453341,0.202488508804955,158.543151758808,23.0760911490582,296.601944959176,158.543151758808,176.288925949634
883,"natalia_oliveira_2023",8,"[54] Almeida et al. 2019; [30] Osses et al. 2010; [32] Soares, Pereira 2011; [02] Enright & Sherrill 1998; [20] Jenkins et al. 2009; [28] Ben Saad et al. 2009; [04] Troosters, Gosselink & Decramer 1999; [48] Fernandes et al. 2016","0.4499;-0.0553;0.0605;0.0165;0.1175;0.0309;0.1577;0.2223",445.188405797101,592.848511504196,1486.1651216888,0.106386511732528,147.660105707095,16.5716117457862,280.284123160982,147.660105707095,163.322438197017
884,"natalia_oliveira_2023",3,"[20] Jenkins et al. 2009; [06] Gibbons et al. 2001; [26] Jenkins et al. 2009","0.1764;0.4323;0.3913",457.289855072464,648.241753587725,1629.2203922005,0.0114770624670786,190.951898515261,64.9857306316882,338.799321628816,190.951898515261,204.130189246378
885,"natalia_oliveira_2023",9,"[32] Soares, Pereira 2011; [34] Dourado, Vidotto, Guerra 2011; [02] Enright & Sherrill 1998; [40] Britto et al. 2013; [30] Osses et al. 2010; [45] Kim et al. 2014; [07] Enrigth et al. 2003; [47] Nusdwinuringtyas et al, 2014; [18] Iwama et al. 2009","-0.1111;-0.0495;0.4334;-0.0706;-0.0924;0.435;0.2933;0.5036;-0.3416",449.594202898551,550.884961176558,1106.95271926586,0.123381090242137,101.290758278008,-20.920896255067,220.816336533939,103.89774938466,119.862707327035
886,"natalia_oliveira_2023",19,"[28] Ben Saad et al. 2009; [54] Almeida et al. 2019; [34] Dourado, Vidotto, Guerra 2011; [43] Rao et al. 2013; [27] Alameri et al. 2009; [20] Jenkins et al. 2009; [18] Iwama et al. 2009; [06] Gibbons et al. 2001; [47] Nusdwinuringtyas et al, 2014; [13] Chetta et al. 2006; [48] Fernandes et al. 2016; [10] Camarri et al. 2006; [45] Kim et al. 2014; [50] Zou et al. 2017; [30] Osses et al. 2010; [04] Troosters, Gosselink & Decramer 1999; [07] Enrigth et al. 2003; [37] Hill et al. 2011; [15] Masmoudi et al. 2008","0.5341;0.2736;-0.1842;-0.2441;0.5709;-0.2108;-0.0589;-0.2408;0.4558;-0.3684;-0.1202;-0.192;0.3407;-0.2335;-0.3119;0.541;0.2381;0.3365;-0.126",448.31884057971,604.925950784211,1617.89517723879,0.421245294227618,156.607110204501,31.5009585950673,292.757705154928,156.607110204501,170.591595737379
887,"natalia_oliveira_2023",10,"[15] Masmoudi et al. 2008; [02] Enright & Sherrill 1998; [06] Gibbons et al. 2001; [10] Camarri et al. 2006; [47] Nusdwinuringtyas et al, 2014; [58] Delbressine et al. 2023; [37] Hill et al. 2011; [18] Iwama et al. 2009; [26] Jenkins et al. 2009; [54] Almeida et al. 2019","-0.12;0.6769;-0.4914;-0.0326;0.9667;-0.0605;0.3008;-0.3406;0.2033;-0.1026",448.782608695652,545.885379476219,1298.99422749408,0.176770356036386,97.1027707805672,-29.3487699966885,223.811250105379,100.173623843812,117.186523203147
888,"natalia_oliveira_2023",16,"[15] Masmoudi et al. 2008; [48] Fernandes et al. 2016; [06] Gibbons et al. 2001; [43] Rao et al. 2013; [45] Kim et al. 2014; [04] Troosters, Gosselink & Decramer 1999; [20] Jenkins et al. 2009; [18] Iwama et al. 2009; [28] Ben Saad et al. 2009; [54] Almeida et al. 2019; [58] Delbressine et al. 2023; [30] Osses et al. 2010; [34] Dourado, Vidotto, Guerra 2011; [10] Camarri et al. 2006; [27] Alameri et al. 2009; [32] Soares, Pereira 2011","0.1009;-0.0519;0.0637;-0.3962;0.3267;0.3488;-0.1812;-0.0377;0.6098;0.1473;0.3425;-0.0975;-0.223;-0.5316;0.8866;-0.3073",438.811594202899,544.37002547067,1410.72463492761,0.0777703164994556,105.558431267772,-35.3969525611278,229.155037998534,108.962783011534,125.552448156001
889,"natalia_oliveira_2023",5,"[26] Jenkins et al. 2009; [06] Gibbons et al. 2001; [10] Camarri et al. 2006; [20] Jenkins et al. 2009; [54] Almeida et al. 2019","0.2473;0.2959;0.1705;0.0717;0.2146",462.797101449275,647.590377014876,1354.30243873226,0.319647996111592,184.793275565601,64.4401770839829,342.417215322341,184.793275565601,199.199910656014
890,"natalia_oliveira_2023",24,"[32] Soares, Pereira 2011; [30] Osses et al. 2010; [26] Jenkins et al. 2009; [06] Gibbons et al. 2001; [40] Britto et al. 2013; [18] Iwama et al. 2009; [07] Enrigth et al. 2003; [15] Masmoudi et al. 2008; [37] Hill et al. 2011; [02] Enright & Sherrill 1998; [13] Chetta et al. 2006; [45] Kim et al. 2014; [43] Rao et al. 2013; [54] Almeida et al. 2019; [48] Fernandes et al. 2016; [27] Alameri et al. 2009; [34] Dourado, Vidotto, Guerra 2011; [20] Jenkins et al. 2009; [28] Ben Saad et al. 2009; [04] Troosters, Gosselink & Decramer 1999; [58] Delbressine et al. 2023; [47] Nusdwinuringtyas et al, 2014; [50] Zou et al. 2017; [10] Camarri et al. 2006","-0.2788;-0.2269;-0.0898;-0.3059;-0.1259;-0.2246;0.2447;-0.0523;0.3773;0.7084;-0.3907;0.4498;-0.3177;0.0731;-0.274;0.8783;-0.1912;-0.1611;0.4308;0.2858;0.0906;0.6656;-0.299;-0.2665",460.130434782609,572.052344578669,1841.15036705154,0.130073876214572,111.921909796061,-12.4197766188246,249.279809200552,113.866071987056,134.720387746341
891,"natalia_oliveira_2023",24,"[54] Almeida et al. 2019; [15] Masmoudi et al. 2008; [58] Delbressine et al. 2023; [50] Zou et al. 2017; [32] Soares, Pereira 2011; [47] Nusdwinuringtyas et al, 2014; [07] Enrigth et al. 2003; [13] Chetta et al. 2006; [18] Iwama et al. 2009; [02] Enright & Sherrill 1998; [45] Kim et al. 2014; [10] Camarri et al. 2006; [34] Dourado, Vidotto, Guerra 2011; [26] Jenkins et al. 2009; [43] Rao et al. 2013; [40] Britto et al. 2013; [30] Osses et al. 2010; [48] Fernandes et al. 2016; [28] Ben Saad et al. 2009; [04] Troosters, Gosselink & Decramer 1999; [27] Alameri et al. 2009; [37] Hill et al. 2011; [06] Gibbons et al. 2001; [20] Jenkins et al. 2009","0.1753;-0.1188;0.0222;-0.2747;-0.3215;0.556;0.2248;-0.3605;-0.2045;0.6555;0.4269;-0.1759;-0.1696;0.0065;-0.3044;-0.162;-0.3087;-0.2454;0.3294;0.3318;0.8495;0.4821;-0.2608;-0.153",452.188405797101,605.811032893583,1281.24927333727,0.161852448255582,153.622627096481,29.1900789115205,282.91437124597,153.622627096481,168.512597731278
892,"natalia_oliveira_2023",24,"[37] Hill et al. 2011; [32] Soares, Pereira 2011; [40] Britto et al. 2013; [50] Zou et al. 2017; [15] Masmoudi et al. 2008; [47] Nusdwinuringtyas et al, 2014; [54] Almeida et al. 2019; [26] Jenkins et al. 2009; [18] Iwama et al. 2009; [04] Troosters, Gosselink & Decramer 1999; [27] Alameri et al. 2009; [28] Ben Saad et al. 2009; [02] Enright & Sherrill 1998; [10] Camarri et al. 2006; [06] Gibbons et al. 2001; [45] Kim et al. 2014; [13] Chetta et al. 2006; [43] Rao et al. 2013; [07] Enrigth et al. 2003; [34] Dourado, Vidotto, Guerra 2011; [48] Fernandes et al. 2016; [58] Delbressine et al. 2023; [20] Jenkins et al. 2009; [30] Osses et al. 2010","0.2431;-0.34;-0.1604;-0.2208;-0.1365;0.68;-0.0589;-0.0242;-0.1591;0.3355;0.8762;0.5075;0.9039;-0.2255;-0.2815;0.4848;-0.377;-0.2576;0.1074;-0.2001;-0.2092;-0.0264;-0.1635;-0.2976",459.275362318841,539.555460183411,1000.80406473653,0.155006957643031,80.2800978645705,-38.4876358387577,222.511252392471,87.5629748902312,110.742297476209
893,"natalia_oliveira_2023",7,"[28] Ben Saad et al. 2009; [07] Enrigth et al. 2003; [13] Chetta et al. 2006; [02] Enright & Sherrill 1998; [15] Masmoudi et al. 2008; [27] Alameri et al. 2009; [54] Almeida et al. 2019","0.3054;0.1118;-0.4548;0.8264;-0.4219;0.9803;-0.3473",455.536231884058,466.964908797137,2260.66494777244,0.32152147053239,11.4286769130794,-120.4707979074,135.495091419604,59.2360367156646,74.4783285831856
894,"natalia_oliveira_2023",12,"[58] Delbressine et al. 2023; [54] Almeida et al. 2019; [50] Zou et al. 2017; [45] Kim et al. 2014; [10] Camarri et al. 2006; [26] Jenkins et al. 2009; [30] Osses et al. 2010; [32] Soares, Pereira 2011; [37] Hill et al. 2011; [48] Fernandes et al. 2016; [18] Iwama et al. 2009; [40] Britto et al. 2013","0.3845;0.3394;-0.366;1.257;-0.2874;0.2172;-0.2558;-0.4273;0.7391;-0.3764;-0.2353;0.0111",447.782608695652,761.522852350586,1379.55172068728,0.26303652268214,313.740243654934,178.005822712989,446.123263314698,313.740243654934,322.641773019682
895,"natalia_oliveira_2023",18,"[40] Britto et al. 2013; [48] Fernandes et al. 2016; [13] Chetta et al. 2006; [26] Jenkins et al. 2009; [47] Nusdwinuringtyas et al, 2014; [50] Zou et al. 2017; [15] Masmoudi et al. 2008; [04] Troosters, Gosselink & Decramer 1999; [18] Iwama et al. 2009; [02] Enright & Sherrill 1998; [06] Gibbons et al. 2001; [32] Soares, Pereira 2011; [20] Jenkins et al. 2009; [28] Ben Saad et al. 2009; [30] Osses et al. 2010; [27] Alameri et al. 2009; [45] Kim et al. 2014; [54] Almeida et al. 2019","-0.1994;-0.1494;-0.3625;-0.2511;0.718;-0.29;-0.0849;0.4889;-0.0955;0.9355;-0.2138;-0.397;-0.3204;0.5116;-0.3324;0.7176;0.3595;-0.0347",449,488.14200900424,1465.86192990424,0.258616509337339,39.1420090042402,-91.8165226867794,176.364392275945,71.5086992460409,86.9929417027349
896,"natalia_oliveira_2023",10,"[20] Jenkins et al. 2009; [04] Troosters, Gosselink & Decramer 1999; [27] Alameri et al. 2009; [58] Delbressine et al. 2023; [13] Chetta et al. 2006; [28] Ben Saad et al. 2009; [06] Gibbons et al. 2001; [10] Camarri et al. 2006; [47] Nusdwinuringtyas et al, 2014; [40] Britto et al. 2013","-0.4218;0.6316;0.8046;0.1638;-0.594;0.8432;-0.3226;-0.6448;0.703;-0.1631",435.695652173913,416.007728831482,1198.64151789004,0.159651564949749,-19.6879233424311,-159.161121999454,114.087114329188,68.5327726880104,83.2417187646094
897,"natalia_oliveira_2023",8,"[04] Troosters, Gosselink & Decramer 1999; [58] Delbressine et al. 2023; [07] Enrigth et al. 2003; [54] Almeida et al. 2019; [43] Rao et al. 2013; [48] Fernandes et al. 2016; [37] Hill et al. 2011; [13] Chetta et al. 2006","0.6551;-0.4487;0.0237;0.2842;0.3392;0.3467;0.289;-0.4893",437.840579710145,571.746044508565,3181.29209782103,0.326062617765865,133.90546479842,27.0984470509781,253.428716507063,134.386889074493,152.119729759322
898,"natalia_oliveira_2023",11,"[37] Hill et al. 2011; [50] Zou et al. 2017; [04] Troosters, Gosselink & Decramer 1999; [58] Delbressine et al. 2023; [06] Gibbons et al. 2001; [43] Rao et al. 2013; [45] Kim et al. 2014; [13] Chetta et al. 2006; [07] Enrigth et al. 2003; [47] Nusdwinuringtyas et al, 2014; [40] Britto et al. 2013","0.71;-0.4592;0.5051;0.0893;-0.5695;-0.5757;0.7068;-0.7268;0.3519;1.0266;-0.0586",442.217391304348,749.792865172347,1227.24684490196,0.0630933618672318,307.575473867999,191.94401051048,423.922635975395,307.575473867999,316.768793490336
899,"natalia_oliveira_2023",21,"[04] Troosters, Gosselink & Decramer 1999; [45] Kim et al. 2014; [54] Almeida et al. 2019; [20] Jenkins et al. 2009; [27] Alameri et al. 2009; [10] Camarri et al. 2006; [28] Ben Saad et al. 2009; [47] Nusdwinuringtyas et al, 2014; [06] Gibbons et al. 2001; [13] Chetta et al. 2006; [02] Enright & Sherrill 1998; [40] Britto et al. 2013; [07] Enrigth et al. 2003; [34] Dourado, Vidotto, Guerra 2011; [15] Masmoudi et al. 2008; [58] Delbressine et al. 2023; [18] Iwama et al. 2009; [30] Osses et al. 2010; [26] Jenkins et al. 2009; [50] Zou et al. 2017; [32] Soares, Pereira 2011","0.4642;0.3643;0.1389;-0.183;0.6871;-0.2459;0.402;0.5816;-0.2858;-0.3755;0.678;-0.1839;0.2322;-0.2049;-0.0616;0.065;-0.1247;-0.2929;-0.0646;-0.2832;-0.3071",447.115942028986,469.354872865969,1651.93954113926,0.332910167237791,22.2389308369836,-111.544475908078,149.126520726093,51.9898395204966,68.8973832004164
900,"natalia_oliveira_2023",22,"[47] Nusdwinuringtyas et al, 2014; [04] Troosters, Gosselink & Decramer 1999; [06] Gibbons et al. 2001; [20] Jenkins et al. 2009; [27] Alameri et al. 2009; [26] Jenkins et al. 2009; [50] Zou et al. 2017; [48] Fernandes et al. 2016; [45] Kim et al. 2014; [13] Chetta et al. 2006; [32] Soares, Pereira 2011; [43] Rao et al. 2013; [18] Iwama et al. 2009; [28] Ben Saad et al. 2009; [40] Britto et al. 2013; [58] Delbressine et al. 2023; [30] Osses et al. 2010; [54] Almeida et al. 2019; [07] Enrigth et al. 2003; [34] Dourado, Vidotto, Guerra 2011; [37] Hill et al. 2011; [10] Camarri et al. 2006","0.4946;0.4593;-0.19;-0.0488;0.7756;0.0269;-0.2799;-0.2134;0.3463;-0.2612;-0.3692;-0.292;-0.1931;0.3716;0.185;0.1903;-0.0491;0.031;0.2316;-0.0699;0.1535;-0.2991",454,588.826094820344,1565.90532703956,0.186685488499897,134.826094820344,19.3977504755761,268.179965805062,135.514662024321,152.065504494279
901,"natalia_oliveira_2023",5,"[40] Britto et al. 2013; [28] Ben Saad et al. 2009; [47] Nusdwinuringtyas et al, 2014; [43] Rao et al. 2013; [37] Hill et al. 2011","0.1209;0.6544;0.316;0.0145;-0.1057",439.217391304348,548.589661341335,2611.42043198803,0.471863918702291,109.372270036987,6.17235788338843,213.804003999491,110.546892331531,127.010314673764
902,"natalia_oliveira_2023",9,"[40] Britto et al. 2013; [27] Alameri et al. 2009; [34] Dourado, Vidotto, Guerra 2011; [43] Rao et al. 2013; [15] Masmoudi et al. 2008; [13] Chetta et al. 2006; [45] Kim et al. 2014; [58] Delbressine et al. 2023; [47] Nusdwinuringtyas et al, 2014","-0.1235;0.6695;-0.2897;-0.7904;0.5241;-0.4808;-0.0218;0.9278;0.5848",435.695652173913,638.158300920227,1015.83938088592,0.109253343605928,202.462648746314,70.8406300789429,318.265595582505,202.462648746314,214.320947041973
903,"natalia_oliveira_2023",3,"[07] Enrigth et al. 2003; [47] Nusdwinuringtyas et al, 2014; [28] Ben Saad et al. 2009","0.1181;0.4477;0.4342",431.608695652174,553.151276363029,1023.61918161915,0.0673801060193611,121.542580710855,3.44820710839508,232.90186741141,122.56197647571,140.747772138631
904,"natalia_oliveira_2023",5,"[10] Camarri et al. 2006; [47] Nusdwinuringtyas et al, 2014; [37] Hill et al. 2011; [43] Rao et al. 2013; [34] Dourado, Vidotto, Guerra 2011","0.3645;0.5804;0.5149;-0.5064;0.0467",455.608695652174,744.31540397579,1118.73655879976,0.246144953899107,288.706708323616,171.803654224585,420.871218602095,288.706708323616,297.153956511873
905,"natalia_oliveira_2023",9,"[43] Rao et al. 2013; [32] Soares, Pereira 2011; [47] Nusdwinuringtyas et al, 2014; [02] Enright & Sherrill 1998; [28] Ben Saad et al. 2009; [07] Enrigth et al. 2003; [13] Chetta et al. 2006; [58] Delbressine et al. 2023; [15] Masmoudi et al. 2008","-0.0606;0.0821;0.7134;0.1579;0.2067;0.1094;-0.5375;0.0863;0.2423",432.971014492754,556.641729644371,1483.68688718502,0.155518447567418,123.670715151617,20.3698023867159,228.999978662347,124.52806352513,141.477436233754
906,"natalia_oliveira_2023",7,"[06] Gibbons et al. 2001; [48] Fernandes et al. 2016; [50] Zou et al. 2017; [43] Rao et al. 2013; [10] Camarri et al. 2006; [04] Troosters, Gosselink & Decramer 1999; [34] Dourado, Vidotto, Guerra 2011","0.0327;0.2909;0.1074;0.0324;0.1743;0.3638;-0.0015",439.36231884058,587.909291658828,1251.83484471738,0.105638910208848,148.546972818248,49.0763735324752,274.108090635645,148.546972818248,164.991616160646
907,"natalia_oliveira_2023",19,"[02] Enright & Sherrill 1998; [58] Delbressine et al. 2023; [37] Hill et al. 2011; [50] Zou et al. 2017; [43] Rao et al. 2013; [30] Osses et al. 2010; [26] Jenkins et al. 2009; [32] Soares, Pereira 2011; [40] Britto et al. 2013; [54] Almeida et al. 2019; [45] Kim et al. 2014; [13] Chetta et al. 2006; [07] Enrigth et al. 2003; [34] Dourado, Vidotto, Guerra 2011; [20] Jenkins et al. 2009; [27] Alameri et al. 2009; [15] Masmoudi et al. 2008; [10] Camarri et al. 2006; [47] Nusdwinuringtyas et al, 2014","0.7702;0.1301;0.4514;-0.3684;-0.4733;-0.319;0.1632;-0.3574;-0.2612;0.0354;0.4628;-0.6039;0.3605;-0.0961;-0.0611;0.9167;0.0251;-0.0987;0.3236",443.739130434783,610.252363888797,1349.71254079753,0.195585840926744,166.513233454015,34.5510461412283,283.038068883348,166.513233454015,182.277845315775
908,"natalia_oliveira_2023",3,"[20] Jenkins et al. 2009; [48] Fernandes et al. 2016; [02] Enright & Sherrill 1998","0.703;0.398;-0.101",448.884057971014,575.081181359304,1283.98422211114,0.120987022970354,126.197123388289,24.4109751157865,252.089707921821,126.763447698183,144.326074589514
909,"natalia_oliveira_2023",13,"[10] Camarri et al. 2006; [47] Nusdwinuringtyas et al, 2014; [26] Jenkins et al. 2009; [13] Chetta et al. 2006; [15] Masmoudi et al. 2008; [45] Kim et al. 2014; [37] Hill et al. 2011; [40] Britto et al. 2013; [04] Troosters, Gosselink & Decramer 1999; [50] Zou et al. 2017; [20] Jenkins et al. 2009; [07] Enrigth et al. 2003; [18] Iwama et al. 2009","-0.368;0.9161;0.1756;-0.6304;-0.0657;0.6237;0.3447;-0.0669;0.6894;-0.4729;-0.0797;0.2618;-0.3277",452.159420289855,636.965925472881,1233.04959841792,0.128012463593262,184.806505183026,46.5134879235299,317.009912709358,184.806505183026,199.431443712941
910,"natalia_oliveira_2023",18,"[28] Ben Saad et al. 2009; [06] Gibbons et al. 2001; [48] Fernandes et al. 2016; [13] Chetta et al. 2006; [47] Nusdwinuringtyas et al, 2014; [43] Rao et al. 2013; [50] Zou et al. 2017; [07] Enrigth et al. 2003; [40] Britto et al. 2013; [27] Alameri et al. 2009; [20] Jenkins et al. 2009; [26] Jenkins et al. 2009; [15] Masmoudi et al. 2008; [54] Almeida et al. 2019; [02] Enright & Sherrill 1998; [34] Dourado, Vidotto, Guerra 2011; [04] Troosters, Gosselink & Decramer 1999; [37] Hill et al. 2011","0.4031;-0.391;-0.3487;-0.4732;0.7817;-0.352;-0.298;0.2442;-0.0412;1.0319;-0.2573;-0.1912;-0.0682;-0.1007;0.6508;-0.2939;0.3425;0.3611",463.36231884058,550.019149953047,2002.92239155146,0.144377006789411,86.6568311124675,-41.6121182368166,224.469301085557,95.0401349711034,116.642462496545
911,"natalia_oliveira_2023",17,"[27] Alameri et al. 2009; [30] Osses et al. 2010; [04] Troosters, Gosselink & Decramer 1999; [15] Masmoudi et al. 2008; [20] Jenkins et al. 2009; [32] Soares, Pereira 2011; [58] Delbressine et al. 2023; [37] Hill et al. 2011; [26] Jenkins et al. 2009; [02] Enright & Sherrill 1998; [18] Iwama et al. 2009; [48] Fernandes et al. 2016; [43] Rao et al. 2013; [47] Nusdwinuringtyas et al, 2014; [28] Ben Saad et al. 2009; [40] Britto et al. 2013; [13] Chetta et al. 2006","0.6141;-0.1113;0.1037;0.0024;-0.0959;-0.1262;0.1049;0.4411;-0.0641;0.2956;-0.1871;-0.1928;-0.2988;0.5528;0.1925;0.008;-0.239",441.376811594203,627.189018159776,972.499059212663,0.0641708269362711,185.812206565573,97.4720158586516,300.310776635273,185.812206565573,195.156793991434
912,"natalia_oliveira_2023",21,"[02] Enright & Sherrill 1998; [26] Jenkins et al. 2009; [48] Fernandes et al. 2016; [47] Nusdwinuringtyas et al, 2014; [37] Hill et al. 2011; [32] Soares, Pereira 2011; [54] Almeida et al. 2019; [18] Iwama et al. 2009; [04] Troosters, Gosselink & Decramer 1999; [40] Britto et al. 2013; [07] Enrigth et al. 2003; [50] Zou et al. 2017; [20] Jenkins et al. 2009; [43] Rao et al. 2013; [34] Dourado, Vidotto, Guerra 2011; [58] Delbressine et al. 2023; [13] Chetta et al. 2006; [27] Alameri et al. 2009; [45] Kim et al. 2014; [10] Camarri et al. 2006; [06] Gibbons et al. 2001","0.7716;-0.0793;-0.2265;0.5327;0.3392;-0.2792;0.0323;-0.1855;0.2609;-0.0396;0.1952;-0.1994;-0.1453;-0.246;-0.1523;0.0556;-0.3488;0.7505;0.4323;-0.2051;-0.2632",455.304347826087,558.033593354765,1371.49723374369,0.192271806417641,102.729245528679,-23.6532677399294,237.209750243878,106.064778732099,123.257862479941
913,"natalia_oliveira_2023",20,"[50] Zou et al. 2017; [28] Ben Saad et al. 2009; [48] Fernandes et al. 2016; [26] Jenkins et al. 2009; [45] Kim et al. 2014; [02] Enright & Sherrill 1998; [54] Almeida et al. 2019; [58] Delbressine et al. 2023; [34] Dourado, Vidotto, Guerra 2011; [20] Jenkins et al. 2009; [32] Soares, Pereira 2011; [06] Gibbons et al. 2001; [43] Rao et al. 2013; [18] Iwama et al. 2009; [15] Masmoudi et al. 2008; [47] Nusdwinuringtyas et al, 2014; [37] Hill et al. 2011; [04] Troosters, Gosselink & Decramer 1999; [40] Britto et al. 2013; [27] Alameri et al. 2009","-0.2631;0.2335;-0.1881;-0.031;0.2469;0.2861;0.0835;0.1105;-0.101;-0.0967;-0.1956;-0.1553;-0.2834;-0.1711;0.0584;0.4406;0.1728;0.2983;-0.0694;0.624",447.246376811594,604.237511187637,1105.94909786921,0.147811782162714,156.991134376042,62.4265185490833,272.104748582383,156.991134376042,168.143426411273
914,"natalia_oliveira_2023",1,"[26] Jenkins et al. 2009","1",442.797101449275,662.852214043353,2719.06052091163,0.0491458970789748,220.055112594078,59.5295578899817,373.661423324151,220.055112594078,236.381255466164
915,"natalia_oliveira_2023",3,"[04] Troosters, Gosselink & Decramer 1999; [37] Hill et al. 2011; [02] Enright & Sherrill 1998","0.3639;0.3978;0.2383",449.536231884058,662.358185876413,5903.64585860091,0.256928991154327,212.821953992355,109.268415752156,345.486718966437,212.821953992355,224.678268309691
916,"natalia_oliveira_2023",12,"[50] Zou et al. 2017; [27] Alameri et al. 2009; [04] Troosters, Gosselink & Decramer 1999; [47] Nusdwinuringtyas et al, 2014; [43] Rao et al. 2013; [40] Britto et al. 2013; [18] Iwama et al. 2009; [10] Camarri et al. 2006; [45] Kim et al. 2014; [54] Almeida et al. 2019; [34] Dourado, Vidotto, Guerra 2011; [58] Delbressine et al. 2023","-0.5361;0.7928;0.8469;0.6422;-0.5178;0.0392;-0.256;-0.5319;0.2059;0.0776;-0.2198;0.457",446.231884057971,594.269128030193,1384.67707386443,0.142919795571855,148.037243972222,29.8146205891347,279.666041052751,148.258877547285,164.409985087063
917,"natalia_oliveira_2023",21,"[18] Iwama et al. 2009; [28] Ben Saad et al. 2009; [02] Enright & Sherrill 1998; [54] Almeida et al. 2019; [07] Enrigth et al. 2003; [32] Soares, Pereira 2011; [13] Chetta et al. 2006; [20] Jenkins et al. 2009; [48] Fernandes et al. 2016; [04] Troosters, Gosselink & Decramer 1999; [43] Rao et al. 2013; [37] Hill et al. 2011; [10] Camarri et al. 2006; [50] Zou et al. 2017; [15] Masmoudi et al. 2008; [06] Gibbons et al. 2001; [45] Kim et al. 2014; [58] Delbressine et al. 2023; [47] Nusdwinuringtyas et al, 2014; [34] Dourado, Vidotto, Guerra 2011; [26] Jenkins et al. 2009","-0.1245;0.3454;0.5859;0.0797;0.1337;-0.2756;-0.3326;-0.1928;-0.1961;0.4071;-0.1604;0.1283;-0.1443;-0.1111;-0.0798;-0.3191;0.7125;0.0093;0.8222;-0.2076;-0.0801",464.536231884058,608.352950949827,2156.97476540722,0.246117442812712,143.816719065769,23.2703303874644,288.944229547042,143.816719065769,159.344036396136
918,"natalia_oliveira_2023",4,"[47] Nusdwinuringtyas et al, 2014; [50] Zou et al. 2017; [07] Enrigth et al. 2003; [30] Osses et al. 2010","0.705;-0.2867;0.6731;-0.0913",450.536231884058,508.766674257613,1032.27209659792,0.143284002105438,58.2304423735549,-67.0614810691965,182.630923790146,72.9434523547997,94.0913334920446
919,"natalia_oliveira_2023",24,"[54] Almeida et al. 2019; [27] Alameri et al. 2009; [06] Gibbons et al. 2001; [10] Camarri et al. 2006; [47] Nusdwinuringtyas et al, 2014; [43] Rao et al. 2013; [02] Enright & Sherrill 1998; [34] Dourado, Vidotto, Guerra 2011; [37] Hill et al. 2011; [28] Ben Saad et al. 2009; [15] Masmoudi et al. 2008; [58] Delbressine et al. 2023; [50] Zou et al. 2017; [40] Britto et al. 2013; [45] Kim et al. 2014; [07] Enrigth et al. 2003; [48] Fernandes et al. 2016; [26] Jenkins et al. 2009; [18] Iwama et al. 2009; [13] Chetta et al. 2006; [30] Osses et al. 2010; [04] Troosters, Gosselink & Decramer 1999; [32] Soares, Pereira 2011; [20] Jenkins et al. 2009","0.0822;0.8882;-0.3197;-0.1372;0.5498;-0.2221;0.8751;-0.1959;0.415;0.4281;-0.1983;-0.0609;-0.1385;-0.1242;0.5538;0.1338;-0.2694;-0.0561;-0.2233;-0.3768;-0.3353;0.2485;-0.3256;-0.191",434.507246376812,563.658105192031,703.076209215681,0.190549834853103,129.15085881522,-11.1785374076983,265.021433912817,130.899139173485,150.055157510942
920,"natalia_oliveira_2023",12,"[58] Delbressine et al. 2023; [40] Britto et al. 2013; [30] Osses et al. 2010; [50] Zou et al. 2017; [26] Jenkins et al. 2009; [32] Soares, Pereira 2011; [43] Rao et al. 2013; [06] Gibbons et al. 2001; [13] Chetta et al. 2006; [18] Iwama et al. 2009; [45] Kim et al. 2014; [04] Troosters, Gosselink & Decramer 1999","0.3757;0.1359;-0.2723;-0.3137;-0.13;-0.41;-0.2427;0.1114;-0.2802;0.3235;0.954;0.7484",463.159420289855,691.712588265,1760.04842249609,0.170140919968735,228.553167975145,100.226860125713,376.407588839158,228.553167975145,240.286913584782
921,"natalia_oliveira_2023",21,"[30] Osses et al. 2010; [54] Almeida et al. 2019; [26] Jenkins et al. 2009; [34] Dourado, Vidotto, Guerra 2011; [28] Ben Saad et al. 2009; [47] Nusdwinuringtyas et al, 2014; [43] Rao et al. 2013; [20] Jenkins et al. 2009; [02] Enright & Sherrill 1998; [48] Fernandes et al. 2016; [37] Hill et al. 2011; [13] Chetta et al. 2006; [07] Enrigth et al. 2003; [04] Troosters, Gosselink & Decramer 1999; [40] Britto et al. 2013; [18] Iwama et al. 2009; [15] Masmoudi et al. 2008; [27] Alameri et al. 2009; [58] Delbressine et al. 2023; [10] Camarri et al. 2006; [50] Zou et al. 2017","-0.1356;-0.0274;-0.0386;-0.1494;0.1516;0.6176;-0.2751;-0.1026;0.2182;-0.2425;0.3439;-0.2567;0.2212;0.2795;0.0333;-0.2262;0.05;0.8302;0.1178;-0.1865;-0.2228",448.927536231884,569.386395286577,1123.59837894439,0.0591938451025154,120.458859054692,-5.18222279759544,241.419757348789,121.501709622341,138.677643848929
922,"natalia_oliveira_2023",13,"[32] Soares, Pereira 2011; [58] Delbressine et al. 2023; [48] Fernandes et al. 2016; [45] Kim et al. 2014; [04] Troosters, Gosselink & Decramer 1999; [47] Nusdwinuringtyas et al, 2014; [10] Camarri et al. 2006; [34] Dourado, Vidotto, Guerra 2011; [37] Hill et al. 2011; [13] Chetta et al. 2006; [07] Enrigth et al. 2003; [28] Ben Saad et al. 2009; [15] Masmoudi et al. 2008","-0.2336;0.0867;-0.24;0.4294;0.155;0.6347;-0.2116;0.0681;0.1192;-0.3866;0.1078;0.4463;0.0247",466.217391304348,607.903936376204,985.892346550726,0.0592383174931676,141.686545071856,25.7728604842424,266.918364551377,141.686545071856,155.797515507873
923,"natalia_oliveira_2023",11,"[34] Dourado, Vidotto, Guerra 2011; [26] Jenkins et al. 2009; [47] Nusdwinuringtyas et al, 2014; [58] Delbressine et al. 2023; [02] Enright & Sherrill 1998; [10] Camarri et al. 2006; [43] Rao et al. 2013; [54] Almeida et al. 2019; [18] Iwama et al. 2009; [37] Hill et al. 2011; [27] Alameri et al. 2009","-0.256;0.0719;0.5655;0.0771;0.8877;-0.3233;-0.5391;-0.1195;-0.6047;0.228;1.0125",440.260869565217,542.101808485373,1235.84006415936,0.208259318179978,101.840938920156,1.74453493638322,224.885514624922,103.358273413255,122.867272494389
924,"natalia_oliveira_2023",15,"[26] Jenkins et al. 2009; [34] Dourado, Vidotto, Guerra 2011; [04] Troosters, Gosselink & Decramer 1999; [40] Britto et al. 2013; [28] Ben Saad et al. 2009; [58] Delbressine et al. 2023; [10] Camarri et al. 2006; [32] Soares, Pereira 2011; [30] Osses et al. 2010; [43] Rao et al. 2013; [54] Almeida et al. 2019; [48] Fernandes et al. 2016; [50] Zou et al. 2017; [06] Gibbons et al. 2001; [27] Alameri et al. 2009","-0.1289;-0.2334;0.5722;-0.0195;0.733;0.2548;-0.482;-0.2832;-0.1899;-0.2427;0.1417;-0.0265;-0.2536;-0.0839;1.2418",448.826086956522,487.692999677814,1803.63653087224,0.191494382104604,38.8669127212925,-89.857441255485,148.668884308518,62.0415850777071,76.4336403994469
925,"natalia_oliveira_2023",15,"[50] Zou et al. 2017; [30] Osses et al. 2010; [27] Alameri et al. 2009; [06] Gibbons et al. 2001; [10] Camarri et al. 2006; [13] Chetta et al. 2006; [04] Troosters, Gosselink & Decramer 1999; [28] Ben Saad et al. 2009; [02] Enright & Sherrill 1998; [32] Soares, Pereira 2011; [47] Nusdwinuringtyas et al, 2014; [54] Almeida et al. 2019; [20] Jenkins et al. 2009; [15] Masmoudi et al. 2008; [18] Iwama et al. 2009","-0.3065;-0.2556;1.0548;-0.2004;-0.3906;-0.317;0.505;0.478;0.725;-0.3058;0.6131;-0.1243;-0.2454;0.0293;-0.2597",439.724637681159,415.320278444241,1429.24362142894,0.0906361293122211,-24.4043592369183,-164.019774243036,102.837894673332,67.7791341662721,79.3410438120751
926,"natalia_oliveira_2023",4,"[27] Alameri et al. 2009; [10] Camarri et al. 2006; [02] Enright & Sherrill 1998; [45] Kim et al. 2014","0.725;-0.6079;0.6616;0.2212",430.63768115942,420.564648490317,894.076457510634,0.0928228659350111,-10.0730326691032,-145.624220950659,106.699312515193,64.6373671069191,74.586799157462
927,"natalia_oliveira_2023",11,"[48] Fernandes et al. 2016; [15] Masmoudi et al. 2008; [54] Almeida et al. 2019; [27] Alameri et al. 2009; [20] Jenkins et al. 2009; [45] Kim et al. 2014; [10] Camarri et al. 2006; [30] Osses et al. 2010; [32] Soares, Pereira 2011; [07] Enrigth et al. 2003; [37] Hill et al. 2011","-0.7495;0.1043;0.3553;0.8617;0.1856;0.1842;-0.4313;-0.2334;-0.401;0.4952;0.6289",440.376811594203,605.32701947775,973.3745310844,0.144229286322293,164.950207883547,33.560049133971,287.575308710203,164.950207883547,180.072651247578
928,"natalia_oliveira_2023",7,"[26] Jenkins et al. 2009; [04] Troosters, Gosselink & Decramer 1999; [43] Rao et al. 2013; [32] Soares, Pereira 2011; [15] Masmoudi et al. 2008; [37] Hill et al. 2011; [10] Camarri et al. 2006","0.3188;0.2405;0.2941;-0.2302;-0.2053;0.3315;0.2505",457.710144927536,650.094736389545,1619.16479148723,0.114430027799114,192.384591462009,92.3251856351407,321.310867508319,192.384591462009,203.302458920049
929,"natalia_oliveira_2023",2,"[58] Delbressine et al. 2023; [30] Osses et al. 2010","0.5;0.5",430.797101449275,590.27097826087,3720.65939470908,0.172855703873761,159.473876811594,-0.623750000000006,305.87275,159.801702898551,176.321248748514
930,"natalia_oliveira_2023",3,"[48] Fernandes et al. 2016; [06] Gibbons et al. 2001; [40] Britto et al. 2013","0.3384;0.2552;0.4064",451.565217391304,546.034228096555,1152.62023576284,0.130517308463297,94.4690107052512,-26.9988697107286,217.051230864278,98.9255600020454,118.232971873784
931,"natalia_oliveira_2023",21,"[34] Dourado, Vidotto, Guerra 2011; [43] Rao et al. 2013; [20] Jenkins et al. 2009; [27] Alameri et al. 2009; [37] Hill et al. 2011; [26] Jenkins et al. 2009; [47] Nusdwinuringtyas et al, 2014; [30] Osses et al. 2010; [45] Kim et al. 2014; [18] Iwama et al. 2009; [50] Zou et al. 2017; [10] Camarri et al. 2006; [15] Masmoudi et al. 2008; [06] Gibbons et al. 2001; [54] Almeida et al. 2019; [48] Fernandes et al. 2016; [40] Britto et al. 2013; [04] Troosters, Gosselink & Decramer 1999; [07] Enrigth et al. 2003; [32] Soares, Pereira 2011; [02] Enright & Sherrill 1998","-0.0287;-0.2402;-0.0198;0.6003;0.1743;0.015;0.3233;-0.0241;0.2571;-0.159;-0.2055;-0.2271;0.0451;-0.0809;0.1136;-0.1547;0.0581;0.1503;0.1325;-0.0167;0.2871",451.840579710145,563.847417952556,615.308194865074,0.0424057737074556,112.006838242411,-0.989779334525995,230.517833625598,113.391686155285,127.636856270695
932,"natalia_oliveira_2023",12,"[32] Soares, Pereira 2011; [27] Alameri et al. 2009; [13] Chetta et al. 2006; [07] Enrigth et al. 2003; [37] Hill et al. 2011; [54] Almeida et al. 2019; [26] Jenkins et al. 2009; [10] Camarri et al. 2006; [18] Iwama et al. 2009; [58] Delbressine et al. 2023; [50] Zou et al. 2017; [40] Britto et al. 2013","-0.2119;1.1419;-0.4422;0.3937;0.3695;0.0846;0.2559;-0.4094;-0.2705;0.2888;-0.3669;0.1665",438.463768115942,488.504597932502,1108.51186459267,0.10203340059936,50.0408298165597,-82.4202103822147,174.706481850431,75.6421120104667,93.056369318507
933,"natalia_oliveira_2023",10,"[50] Zou et al. 2017; [06] Gibbons et al. 2001; [10] Camarri et al. 2006; [37] Hill et al. 2011; [28] Ben Saad et al. 2009; [13] Chetta et al. 2006; [54] Almeida et al. 2019; [02] Enright & Sherrill 1998; [04] Troosters, Gosselink & Decramer 1999; [07] Enrigth et al. 2003","0.3766;-0.0506;0.0617;0.0387;0.0197;-0.0842;0.3212;0.1577;0.2077;-0.0486",446.144927536232,612.319180301338,2184.5216215809,0.191457960418575,166.174252765106,40.1317810488251,293.635216740423,166.174252765106,179.691095616873
934,"natalia_oliveira_2023",24,"[13] Chetta et al. 2006; [48] Fernandes et al. 2016; [07] Enrigth et al. 2003; [32] Soares, Pereira 2011; [54] Almeida et al. 2019; [04] Troosters, Gosselink & Decramer 1999; [34] Dourado, Vidotto, Guerra 2011; [27] Alameri et al. 2009; [37] Hill et al. 2011; [18] Iwama et al. 2009; [26] Jenkins et al. 2009; [50] Zou et al. 2017; [02] Enright & Sherrill 1998; [28] Ben Saad et al. 2009; [15] Masmoudi et al. 2008; [47] Nusdwinuringtyas et al, 2014; [30] Osses et al. 2010; [43] Rao et al. 2013; [58] Delbressine et al. 2023; [06] Gibbons et al. 2001; [20] Jenkins et al. 2009; [45] Kim et al. 2014; [10] Camarri et al. 2006; [40] Britto et al. 2013","-0.3878;-0.1844;0.1032;-0.2982;0.0078;0.3982;-0.2272;0.8498;0.0623;-0.1228;-0.0343;-0.228;0.8576;0.5699;-0.0959;0.6166;-0.276;-0.2491;0.0118;-0.2961;-0.162;0.5022;-0.2859;-0.1318",449.202898550725,521.589087676657,1864.62943029618,0.317321031346559,72.3861891259321,-55.8159022474451,196.812893861517,81.5540275400716,101.660943985835
935,"natalia_oliveira_2023",10,"[15] Masmoudi et al. 2008; [18] Iwama et al. 2009; [50] Zou et al. 2017; [20] Jenkins et al. 2009; [27] Alameri et al. 2009; [06] Gibbons et al. 2001; [54] Almeida et al. 2019; [30] Osses et al. 2010; [02] Enright & Sherrill 1998; [07] Enrigth et al. 2003","0.0412;-0.2047;-0.3834;-0.3108;1.1628;-0.2663;-0.0471;-0.2914;0.886;0.4137",440.608695652174,375.059462692825,2147.59305001144,0.223947658474559,-65.5492329593489,-204.972218942786,66.8203554980507,80.4344918228258,98.8898999601046
936,"natalia_oliveira_2023",18,"[50] Zou et al. 2017; [58] Delbressine et al. 2023; [15] Masmoudi et al. 2008; [45] Kim et al. 2014; [43] Rao et al. 2013; [13] Chetta et al. 2006; [27] Alameri et al. 2009; [07] Enrigth et al. 2003; [34] Dourado, Vidotto, Guerra 2011; [06] Gibbons et al. 2001; [30] Osses et al. 2010; [10] Camarri et al. 2006; [04] Troosters, Gosselink & Decramer 1999; [54] Almeida et al. 2019; [28] Ben Saad et al. 2009; [26] Jenkins et al. 2009; [02] Enright & Sherrill 1998; [37] Hill et al. 2011","-0.2714;0.0539;-0.0252;0.4375;-0.272;-0.2759;0.9135;0.1382;-0.1668;-0.1389;-0.1829;-0.3314;0.2873;-0.0016;0.2843;-0.0646;0.4055;0.2105",453.463768115942,521.424313959866,1422.30230858592,0.114283502631921,67.9605458439242,-52.6748920906147,207.88607994201,74.7740883062521,95.4747209041554
937,"natalia_oliveira_2023",13,"[50] Zou et al. 2017; [34] Dourado, Vidotto, Guerra 2011; [13] Chetta et al. 2006; [54] Almeida et al. 2019; [10] Camarri et al. 2006; [15] Masmoudi et al. 2008; [40] Britto et al. 2013; [32] Soares, Pereira 2011; [58] Delbressine et al. 2023; [26] Jenkins et al. 2009; [43] Rao et al. 2013; [04] Troosters, Gosselink & Decramer 1999; [20] Jenkins et al. 2009","0.3216;-0.2751;-0.2692;0.7876;0.0951;-0.0883;-0.0651;-0.3512;0.195;-0.1613;0.2428;0.8698;-0.3016",447.63768115942,635.056197586946,3006.81695286023,0.23656385675237,187.418516427526,49.3773544834047,309.963296748568,187.418516427526,201.68903343795
938,"natalia_oliveira_2023",19,"[37] Hill et al. 2011; [10] Camarri et al. 2006; [07] Enrigth et al. 2003; [43] Rao et al. 2013; [48] Fernandes et al. 2016; [13] Chetta et al. 2006; [54] Almeida et al. 2019; [06] Gibbons et al. 2001; [32] Soares, Pereira 2011; [27] Alameri et al. 2009; [02] Enright & Sherrill 1998; [26] Jenkins et al. 2009; [20] Jenkins et al. 2009; [58] Delbressine et al. 2023; [30] Osses et al. 2010; [34] Dourado, Vidotto, Guerra 2011; [45] Kim et al. 2014; [04] Troosters, Gosselink & Decramer 1999; [28] Ben Saad et al. 2009","0.3865;-0.4354;0.1307;-0.3348;-0.1527;-0.4178;0.0106;-0.2306;-0.3372;1.1237;0.8318;-0.1092;-0.1938;-0.0122;-0.2733;-0.205;0.5638;0.1572;0.4978",434.884057971014,516.838437998443,1863.45373499121,0.0497025117907202,81.9543800274286,-66.4907520153944,204.986381090656,93.9970810197151,114.452556042327
939,"natalia_oliveira_2023",21,"[34] Dourado, Vidotto, Guerra 2011; [58] Delbressine et al. 2023; [54] Almeida et al. 2019; [04] Troosters, Gosselink & Decramer 1999; [37] Hill et al. 2011; [43] Rao et al. 2013; [10] Camarri et al. 2006; [13] Chetta et al. 2006; [32] Soares, Pereira 2011; [48] Fernandes et al. 2016; [28] Ben Saad et al. 2009; [50] Zou et al. 2017; [45] Kim et al. 2014; [40] Britto et al. 2013; [20] Jenkins et al. 2009; [02] Enright & Sherrill 1998; [18] Iwama et al. 2009; [27] Alameri et al. 2009; [26] Jenkins et al. 2009; [30] Osses et al. 2010; [06] Gibbons et al. 2001","-0.1953;0.1088;0.1476;0.3959;0.4644;-0.2846;-0.3626;-0.3161;-0.3373;-0.142;0.3746;-0.2694;0.5882;-0.038;-0.1873;0.573;-0.0928;1.0821;-0.0999;-0.2371;-0.1722",448.405797101449,575.680025670356,1512.22845966357,0.171280122879209,127.274228568906,36.8256605643868,234.111795011882,127.442317000172,141.700792831274
940,"natalia_oliveira_2023",4,"[02] Enright & Sherrill 1998; [43] Rao et al. 2013; [07] Enrigth et al. 2003; [47] Nusdwinuringtyas et al, 2014","0.2504;-0.1215;0.296;0.5752",442.405797101449,553.971926641497,1511.4469434841,0.204876974408499,111.566129540047,22.6699940077933,226.335975219859,111.566129540047,129.138552123695
941,"natalia_oliveira_2023",24,"[13] Chetta et al. 2006; [02] Enright & Sherrill 1998; [26] Jenkins et al. 2009; [30] Osses et al. 2010; [48] Fernandes et al. 2016; [34] Dourado, Vidotto, Guerra 2011; [06] Gibbons et al. 2001; [07] Enrigth et al. 2003; [18] Iwama et al. 2009; [37] Hill et al. 2011; [27] Alameri et al. 2009; [45] Kim et al. 2014; [20] Jenkins et al. 2009; [04] Troosters, Gosselink & Decramer 1999; [43] Rao et al. 2013; [28] Ben Saad et al. 2009; [58] Delbressine et al. 2023; [50] Zou et al. 2017; [15] Masmoudi et al. 2008; [54] Almeida et al. 2019; [32] Soares, Pereira 2011; [40] Britto et al. 2013; [47] Nusdwinuringtyas et al, 2014; [10] Camarri et al. 2006","-0.3761;0.8102;-0.1309;-0.2456;-0.2108;-0.2195;-0.3197;0.1589;-0.1502;0.1555;0.8132;0.4746;-0.1907;0.3833;-0.2307;0.4895;0.0347;-0.1895;-0.0783;0.0018;-0.2969;-0.0892;0.6751;-0.2685",448.68115942029,511.087529343917,1650.50461936539,0.239337276494035,62.4063699236273,-71.2891621308505,198.203802022478,78.6547789026421,97.7730709504119
942,"natalia_oliveira_2023",23,"[04] Troosters, Gosselink & Decramer 1999; [26] Jenkins et al. 2009; [07] Enrigth et al. 2003; [54] Almeida et al. 2019; [27] Alameri et al. 2009; [40] Britto et al. 2013; [48] Fernandes et al. 2016; [02] Enright & Sherrill 1998; [32] Soares, Pereira 2011; [47] Nusdwinuringtyas et al, 2014; [34] Dourado, Vidotto, Guerra 2011; [37] Hill et al. 2011; [28] Ben Saad et al. 2009; [10] Camarri et al. 2006; [30] Osses et al. 2010; [58] Delbressine et al. 2023; [50] Zou et al. 2017; [20] Jenkins et al. 2009; [45] Kim et al. 2014; [15] Masmoudi et al. 2008; [18] Iwama et al. 2009; [06] Gibbons et al. 2001; [43] Rao et al. 2013","0.3277;-0.0341;0.2223;0.0722;0.8763;-0.1326;-0.3289;0.6924;-0.3227;0.6447;-0.156;0.4278;0.392;-0.2645;-0.2566;0.0457;-0.3607;-0.1413;0.4054;-0.0852;-0.2824;-0.3538;-0.3876",445.666666666667,591.04046488654,1843.21397348099,0.0854349980497136,145.373798219873,6.00204048725149,282.241147894686,145.480180143362,163.952602467924
943,"natalia_oliveira_2023",15,"[50] Zou et al. 2017; [15] Masmoudi et al. 2008; [26] Jenkins et al. 2009; [02] Enright & Sherrill 1998; [43] Rao et al. 2013; [28] Ben Saad et al. 2009; [10] Camarri et al. 2006; [45] Kim et al. 2014; [30] Osses et al. 2010; [32] Soares, Pereira 2011; [04] Troosters, Gosselink & Decramer 1999; [34] Dourado, Vidotto, Guerra 2011; [07] Enrigth et al. 2003; [40] Britto et al. 2013; [18] Iwama et al. 2009","-0.1452;-0.2221;0.012;0.7404;-0.2136;0.3902;-0.0311;1.1613;-0.3283;-0.3521;0.1004;-0.1528;0.1324;0.0069;-0.0981",453.159420289855,634.849031675393,1532.70877073031,0.105398323453175,181.689611385538,51.1115256565563,298.607207518502,181.689611385538,194.7971741986
944,"natalia_oliveira_2023",16,"[20] Jenkins et al. 2009; [34] Dourado, Vidotto, Guerra 2011; [37] Hill et al. 2011; [30] Osses et al. 2010; [32] Soares, Pereira 2011; [48] Fernandes et al. 2016; [06] Gibbons et al. 2001; [28] Ben Saad et al. 2009; [10] Camarri et al. 2006; [50] Zou et al. 2017; [26] Jenkins et al. 2009; [07] Enrigth et al. 2003; [43] Rao et al. 2013; [04] Troosters, Gosselink & Decramer 1999; [47] Nusdwinuringtyas et al, 2014; [40] Britto et al. 2013","-0.1125;-0.0837;0.1837;-0.3871;-0.3527;-0.222;-0.5283;0.6416;0.03;-0.0785;0.0773;0.1332;-0.17;0.5495;1.3341;-0.0146",445.753623188406,603.83631745292,1400.97622689979,0.350865875947047,158.082694264514,37.1618934818479,292.284647927541,158.082694264514,172.073388064199
945,"natalia_oliveira_2023",12,"[37] Hill et al. 2011; [47] Nusdwinuringtyas et al, 2014; [04] Troosters, Gosselink & Decramer 1999; [07] Enrigth et al. 2003; [30] Osses et al. 2010; [02] Enright & Sherrill 1998; [15] Masmoudi et al. 2008; [20] Jenkins et al. 2009; [26] Jenkins et al. 2009; [06] Gibbons et al. 2001; [58] Delbressine et al. 2023; [54] Almeida et al. 2019","0.1234;0.7664;0.4663;0.0686;-0.5426;0.9034;-0.265;-0.2383;0.052;-0.5752;-0.1422;0.3833",436.536231884058,543.339059859362,2288.33652006327,0.380335688499428,106.802827975304,-6.20573959104482,214.210489010499,107.527699541122,126.016087356366
946,"natalia_oliveira_2023",19,"[07] Enrigth et al. 2003; [37] Hill et al. 2011; [04] Troosters, Gosselink & Decramer 1999; [58] Delbressine et al. 2023; [20] Jenkins et al. 2009; [28] Ben Saad et al. 2009; [54] Almeida et al. 2019; [10] Camarri et al. 2006; [15] Masmoudi et al. 2008; [18] Iwama et al. 2009; [26] Jenkins et al. 2009; [50] Zou et al. 2017; [43] Rao et al. 2013; [32] Soares, Pereira 2011; [48] Fernandes et al. 2016; [27] Alameri et al. 2009; [34] Dourado, Vidotto, Guerra 2011; [02] Enright & Sherrill 1998; [45] Kim et al. 2014","0.1023;0.2183;0.377;-0.1061;-0.2816;0.4149;0.1267;-0.2961;-0.2571;-0.2027;-0.1258;-0.251;-0.2951;-0.3678;-0.2952;1.0833;-0.3138;0.8079;0.6619",426.565217391304,570.788961809574,1526.0958098302,0.298581667744815,144.223744418269,37.0769445009569,257.012055264026,144.223744418269,159.726483197539
947,"natalia_oliveira_2023",24,"[58] Delbressine et al. 2023; [13] Chetta et al. 2006; [43] Rao et al. 2013; [50] Zou et al. 2017; [45] Kim et al. 2014; [02] Enright & Sherrill 1998; [06] Gibbons et al. 2001; [40] Britto et al. 2013; [26] Jenkins et al. 2009; [54] Almeida et al. 2019; [37] Hill et al. 2011; [20] Jenkins et al. 2009; [15] Masmoudi et al. 2008; [48] Fernandes et al. 2016; [32] Soares, Pereira 2011; [07] Enrigth et al. 2003; [04] Troosters, Gosselink & Decramer 1999; [18] Iwama et al. 2009; [47] Nusdwinuringtyas et al, 2014; [27] Alameri et al. 2009; [30] Osses et al. 2010; [34] Dourado, Vidotto, Guerra 2011; [10] Camarri et al. 2006; [28] Ben Saad et al. 2009","0.0404;-0.3584;-0.2725;-0.2494;0.3999;0.6937;-0.2743;-0.115;-0.0427;0.0222;0.2288;-0.1513;-0.0566;-0.1977;-0.3111;0.1721;0.4469;-0.1455;0.6875;0.7807;-0.2509;-0.1818;-0.2892;0.4241",447.289855072464,553.457245166341,1891.93127715824,0.20420633101817,106.167390093878,-29.0902732810296,231.401695510416,109.704134731075,128.315056597653
948,"natalia_oliveira_2023",20,"[30] Osses et al. 2010; [32] Soares, Pereira 2011; [26] Jenkins et al. 2009; [50] Zou et al. 2017; [15] Masmoudi et al. 2008; [37] Hill et al. 2011; [58] Delbressine et al. 2023; [18] Iwama et al. 2009; [27] Alameri et al. 2009; [02] Enright & Sherrill 1998; [40] Britto et al. 2013; [43] Rao et al. 2013; [06] Gibbons et al. 2001; [20] Jenkins et al. 2009; [45] Kim et al. 2014; [04] Troosters, Gosselink & Decramer 1999; [07] Enrigth et al. 2003; [47] Nusdwinuringtyas et al, 2014; [28] Ben Saad et al. 2009; [48] Fernandes et al. 2016","-0.2982;-0.3569;-0.115;-0.3066;-0.165;0.3839;-0.0128;-0.2325;0.8126;0.7581;-0.0967;-0.3498;-0.3055;-0.2077;0.418;0.2515;0.167;0.5236;0.4069;-0.2749",448.188405797101,591.367021066224,1329.87316222218,0.179152938549396,143.178615269122,19.496184732709,273.962193503076,143.178615269122,158.402143935079
949,"natalia_oliveira_2023",2,"[32] Soares, Pereira 2011; [06] Gibbons et al. 2001","0.5;0.5",448.420289855072,598.738662001544,1812.25350956063,0.166945232291958,150.318372146471,40.9034594908958,264.465130551961,150.318372146471,166.961178345761
950,"natalia_oliveira_2023",18,"[28] Ben Saad et al. 2009; [54] Almeida et al. 2019; [27] Alameri et al. 2009; [07] Enrigth et al. 2003; [04] Troosters, Gosselink & Decramer 1999; [37] Hill et al. 2011; [34] Dourado, Vidotto, Guerra 2011; [20] Jenkins et al. 2009; [30] Osses et al. 2010; [02] Enright & Sherrill 1998; [18] Iwama et al. 2009; [06] Gibbons et al. 2001; [10] Camarri et al. 2006; [45] Kim et al. 2014; [48] Fernandes et al. 2016; [47] Nusdwinuringtyas et al, 2014; [58] Delbressine et al. 2023; [40] Britto et al. 2013","0.4123;0.1324;0.7447;0.1233;0.2357;0.2592;-0.2703;-0.2625;-0.3595;0.7732;-0.306;-0.464;-0.4324;0.2957;-0.3721;0.604;-0.0542;-0.0595",444.405797101449,467.402204459253,1774.68457257459,0.218751002879874,22.9964073578039,-119.586044932739,139.726779379668,61.0489624646386,76.5113821337705
951,"natalia_oliveira_2023",22,"[47] Nusdwinuringtyas et al, 2014; [28] Ben Saad et al. 2009; [40] Britto et al. 2013; [50] Zou et al. 2017; [07] Enrigth et al. 2003; [45] Kim et al. 2014; [43] Rao et al. 2013; [20] Jenkins et al. 2009; [06] Gibbons et al. 2001; [15] Masmoudi et al. 2008; [18] Iwama et al. 2009; [54] Almeida et al. 2019; [26] Jenkins et al. 2009; [27] Alameri et al. 2009; [32] Soares, Pereira 2011; [58] Delbressine et al. 2023; [04] Troosters, Gosselink & Decramer 1999; [30] Osses et al. 2010; [34] Dourado, Vidotto, Guerra 2011; [13] Chetta et al. 2006; [02] Enright & Sherrill 1998; [37] Hill et al. 2011","0.5229;0.4397;-0.1237;-0.2434;0.1765;0.4037;-0.2769;-0.1743;-0.311;-0.0844;-0.2208;0.0371;-0.0959;0.75;-0.2944;0.042;0.2862;-0.2454;-0.1991;-0.3713;0.7284;0.2539",437.942028985507,551.068667686364,1674.37986997624,0.209282904336329,113.126638700856,-25.4192298869656,232.028955676935,116.153359601298,132.073024933374
952,"natalia_oliveira_2023",21,"[37] Hill et al. 2011; [26] Jenkins et al. 2009; [43] Rao et al. 2013; [28] Ben Saad et al. 2009; [40] Britto et al. 2013; [45] Kim et al. 2014; [15] Masmoudi et al. 2008; [34] Dourado, Vidotto, Guerra 2011; [27] Alameri et al. 2009; [32] Soares, Pereira 2011; [04] Troosters, Gosselink & Decramer 1999; [54] Almeida et al. 2019; [58] Delbressine et al. 2023; [13] Chetta et al. 2006; [06] Gibbons et al. 2001; [50] Zou et al. 2017; [02] Enright & Sherrill 1998; [10] Camarri et al. 2006; [48] Fernandes et al. 2016; [20] Jenkins et al. 2009; [30] Osses et al. 2010","0.2719;-0.1711;-0.186;0.4914;-0.1415;0.6142;-0.1255;-0.2376;0.9827;-0.278;0.2958;0.2081;0.036;-0.3371;-0.2613;-0.1589;0.8468;-0.1737;-0.1527;-0.2378;-0.2857",454.536231884058,551.174983211055,1733.68007620411,0.303069921952832,96.6387513269973,-32.7047339844495,223.634331010941,100.589893744502,119.950717172588
953,"natalia_oliveira_2023",8,"[43] Rao et al. 2013; [07] Enrigth et al. 2003; [06] Gibbons et al. 2001; [04] Troosters, Gosselink & Decramer 1999; [54] Almeida et al. 2019; [26] Jenkins et al. 2009; [45] Kim et al. 2014; [34] Dourado, Vidotto, Guerra 2011","-0.4162;0.4693;-0.0199;0.3211;0.4001;-0.2092;0.689;-0.2341",434.884057971014,659.472115185934,1418.23578390843,0.0983421498507534,224.588057214919,113.982562786485,348.168488139199,224.588057214919,234.481725460947
954,"natalia_oliveira_2023",4,"[48] Fernandes et al. 2016; [15] Masmoudi et al. 2008; [10] Camarri et al. 2006; [37] Hill et al. 2011","0.2429;0.2709;0.3867;0.0996",455.913043478261,580.192933845868,1771.1476113535,0.170186904163405,124.279890367607,0.59307409841265,267.498968912936,124.459964925257,143.309139264526
955,"natalia_oliveira_2023",5,"[27] Alameri et al. 2009; [20] Jenkins et al. 2009; [28] Ben Saad et al. 2009; [47] Nusdwinuringtyas et al, 2014; [34] Dourado, Vidotto, Guerra 2011","0.7029;-0.3409;0.979;0.0282;-0.3692",438.492753623188,475.581016900746,1201.2885247342,0.131021561043298,37.0882632775577,-104.920809342213,160.796081479725,64.9711413066185,81.59225352042
956,"natalia_oliveira_2023",11,"[18] Iwama et al. 2009; [20] Jenkins et al. 2009; [54] Almeida et al. 2019; [15] Masmoudi et al. 2008; [30] Osses et al. 2010; [27] Alameri et al. 2009; [28] Ben Saad et al. 2009; [13] Chetta et al. 2006; [48] Fernandes et al. 2016; [40] Britto et al. 2013; [04] Troosters, Gosselink & Decramer 1999","0.0734;-0.5978;0.088;-0.2085;-0.4744;0.9286;1.0563;-0.4269;0.0136;4e-04;0.5473",438.420289855072,505.190400828486,1764.46849170321,0.30226613345886,66.7701109734132,-89.2371378064023,186.291317050597,81.0581081659071,97.4875829964515
957,"natalia_oliveira_2023",19,"[37] Hill et al. 2011; [50] Zou et al. 2017; [58] Delbressine et al. 2023; [45] Kim et al. 2014; [47] Nusdwinuringtyas et al, 2014; [18] Iwama et al. 2009; [54] Almeida et al. 2019; [43] Rao et al. 2013; [10] Camarri et al. 2006; [28] Ben Saad et al. 2009; [02] Enright & Sherrill 1998; [04] Troosters, Gosselink & Decramer 1999; [40] Britto et al. 2013; [27] Alameri et al. 2009; [20] Jenkins et al. 2009; [48] Fernandes et al. 2016; [30] Osses et al. 2010; [15] Masmoudi et al. 2008; [07] Enrigth et al. 2003","0.3159;-0.3653;-0.0137;0.3594;0.5918;-0.2787;0.0085;-0.4005;-0.2546;0.3133;0.6075;0.3227;-0.1578;0.7739;-0.1995;-0.3305;-0.3146;-0.1256;0.1481",457.608695652174,613.604724241976,1531.94159064504,0.13736630134872,155.996028589802,35.4182195214831,297.993671146621,155.996028589802,170.729653578433
958,"natalia_oliveira_2023",14,"[27] Alameri et al. 2009; [47] Nusdwinuringtyas et al, 2014; [54] Almeida et al. 2019; [15] Masmoudi et al. 2008; [48] Fernandes et al. 2016; [40] Britto et al. 2013; [28] Ben Saad et al. 2009; [43] Rao et al. 2013; [02] Enright & Sherrill 1998; [37] Hill et al. 2011; [30] Osses et al. 2010; [58] Delbressine et al. 2023; [45] Kim et al. 2014; [13] Chetta et al. 2006","0.6146;0.6684;-0.2686;-0.1253;-0.387;-0.0334;0.3278;-0.46;0.5764;0.5643;-0.3237;0.0798;0.2601;-0.4933",454.826086956522,696.300180954775,1574.55488808016,0.13625285019396,241.474093998253,110.837471324302,364.46964536136,241.474093998253,252.303918550419
959,"natalia_oliveira_2023",15,"[26] Jenkins et al. 2009; [50] Zou et al. 2017; [43] Rao et al. 2013; [30] Osses et al. 2010; [18] Iwama et al. 2009; [04] Troosters, Gosselink & Decramer 1999; [54] Almeida et al. 2019; [37] Hill et al. 2011; [20] Jenkins et al. 2009; [15] Masmoudi et al. 2008; [13] Chetta et al. 2006; [07] Enrigth et al. 2003; [34] Dourado, Vidotto, Guerra 2011; [40] Britto et al. 2013; [45] Kim et al. 2014","0.0151;-0.3741;-0.365;-0.4055;0.044;0.6683;0.4963;0.6131;-0.1958;-0.1486;-0.5074;0.308;-0.204;-0.0092;1.065",440.608695652174,784.138179419555,2106.41207130695,0.134869330107594,343.529483767381,206.904694590882,468.688479678492,343.529483767381,351.356507833987
960,"natalia_oliveira_2023",20,"[40] Britto et al. 2013; [06] Gibbons et al. 2001; [02] Enright & Sherrill 1998; [15] Masmoudi et al. 2008; [30] Osses et al. 2010; [13] Chetta et al. 2006; [37] Hill et al. 2011; [10] Camarri et al. 2006; [43] Rao et al. 2013; [48] Fernandes et al. 2016; [58] Delbressine et al. 2023; [45] Kim et al. 2014; [54] Almeida et al. 2019; [50] Zou et al. 2017; [07] Enrigth et al. 2003; [32] Soares, Pereira 2011; [26] Jenkins et al. 2009; [18] Iwama et al. 2009; [20] Jenkins et al. 2009; [47] Nusdwinuringtyas et al, 2014","0.0226;-0.1802;0.4848;0.0367;-0.0719;-0.2827;0.2429;-0.1497;-0.2293;-0.2117;0.1098;0.6416;0.0532;-0.1599;0.1669;-0.0986;0.0747;-0.1874;-0.009;0.7475",439.521739130435,629.455151074998,1044.269324534,0.0599396131146392,189.933411944563,88.6137618095553,316.097942742474,189.933411944563,201.050694389062
961,"natalia_oliveira_2023",13,"[20] Jenkins et al. 2009; [45] Kim et al. 2014; [32] Soares, Pereira 2011; [54] Almeida et al. 2019; [02] Enright & Sherrill 1998; [40] Britto et al. 2013; [10] Camarri et al. 2006; [37] Hill et al. 2011; [30] Osses et al. 2010; [28] Ben Saad et al. 2009; [13] Chetta et al. 2006; [48] Fernandes et al. 2016; [18] Iwama et al. 2009","-0.2077;1.1992;-0.3993;0.1899;0.8703;-0.2713;-0.2006;0.1782;-0.4298;0.4975;-0.4378;-0.0617;0.0729",462.434782608696,608.855939091455,2257.5921350403,0.250055334018176,146.421156482759,26.4780492094023,272.844904453984,146.421156482759,162.741434336193
962,"natalia_oliveira_2023",11,"[48] Fernandes et al. 2016; [28] Ben Saad et al. 2009; [20] Jenkins et al. 2009; [26] Jenkins et al. 2009; [34] Dourado, Vidotto, Guerra 2011; [15] Masmoudi et al. 2008; [10] Camarri et al. 2006; [47] Nusdwinuringtyas et al, 2014; [54] Almeida et al. 2019; [07] Enrigth et al. 2003; [02] Enright & Sherrill 1998","-0.5186;0.282;-0.0457;0.1821;-0.095;-0.0317;-0.0182;0.8497;-0.0255;0.0115;0.4093",453.376811594203,605.266988842204,1228.72781948659,0.0861420053555582,151.890177248001,33.0012810412859,273.742846092004,151.890177248001,167.200767934226
963,"natalia_oliveira_2023",19,"[27] Alameri et al. 2009; [30] Osses et al. 2010; [07] Enrigth et al. 2003; [20] Jenkins et al. 2009; [02] Enright & Sherrill 1998; [06] Gibbons et al. 2001; [45] Kim et al. 2014; [18] Iwama et al. 2009; [28] Ben Saad et al. 2009; [13] Chetta et al. 2006; [48] Fernandes et al. 2016; [04] Troosters, Gosselink & Decramer 1999; [40] Britto et al. 2013; [15] Masmoudi et al. 2008; [32] Soares, Pereira 2011; [10] Camarri et al. 2006; [47] Nusdwinuringtyas et al, 2014; [37] Hill et al. 2011; [50] Zou et al. 2017","0.8421;-0.3749;0.1098;-0.2611;0.9731;-0.3474;0.4906;-0.1875;0.5235;-0.4242;-0.2481;0.2841;-0.2563;-0.1964;-0.4027;-0.2965;0.7246;0.2709;-0.2236",440.101449275362,498.318903574314,1088.87056445614,0.199577339137152,58.2174542989516,-97.8890779939832,184.034634175577,78.5629093905197,98.8205733165573
964,"natalia_oliveira_2023",10,"[37] Hill et al. 2011; [34] Dourado, Vidotto, Guerra 2011; [04] Troosters, Gosselink & Decramer 1999; [07] Enrigth et al. 2003; [18] Iwama et al. 2009; [15] Masmoudi et al. 2008; [26] Jenkins et al. 2009; [48] Fernandes et al. 2016; [30] Osses et al. 2010; [20] Jenkins et al. 2009","0.3061;0.097;0.4986;0.0267;0.3828;-0.3169;0.252;0.1328;-0.3942;0.015",446.405797101449,651.319900874891,2068.42978398579,0.190766001627663,204.914103773442,77.1411294235176,333.368288435493,204.914103773442,218.016275469503
965,"natalia_oliveira_2023",11,"[47] Nusdwinuringtyas et al, 2014; [30] Osses et al. 2010; [58] Delbressine et al. 2023; [34] Dourado, Vidotto, Guerra 2011; [50] Zou et al. 2017; [27] Alameri et al. 2009; [48] Fernandes et al. 2016; [10] Camarri et al. 2006; [32] Soares, Pereira 2011; [20] Jenkins et al. 2009; [13] Chetta et al. 2006","0.5283;0.0893;1.1444;-0.0425;-0.3971;0.7833;-0.3756;-0.3805;-0.1516;0.099;-0.297",451.31884057971,518.728335309771,868.347185115779,0.210091149000889,67.4094947300605,-58.9632802918957,200.967468842508,77.8622527405445,98.0684983889328
966,"natalia_oliveira_2023",7,"[40] Britto et al. 2013; [47] Nusdwinuringtyas et al, 2014; [20] Jenkins et al. 2009; [04] Troosters, Gosselink & Decramer 1999; [13] Chetta et al. 2006; [32] Soares, Pereira 2011; [45] Kim et al. 2014","0.1616;0.6586;-0.073;0.8823;-0.4345;-0.3487;0.1538",436.985507246377,615.990591889088,1093.63427419672,0.0506351239180443,179.005084642711,44.4164883033458,316.018190425511,179.005084642711,191.559431218416
967,"natalia_oliveira_2023",9,"[48] Fernandes et al. 2016; [50] Zou et al. 2017; [32] Soares, Pereira 2011; [40] Britto et al. 2013; [30] Osses et al. 2010; [13] Chetta et al. 2006; [06] Gibbons et al. 2001; [28] Ben Saad et al. 2009; [47] Nusdwinuringtyas et al, 2014","-0.3116;-0.0409;-0.1751;-0.2826;-0.0541;-0.2381;-0.2257;1.2239;1.1043",444.289855072464,583.438167578577,1438.9345393832,0.163909920515945,139.148312506113,27.8825419938411,252.989544630381,139.148312506113,153.397125050943
968,"natalia_oliveira_2023",17,"[54] Almeida et al. 2019; [13] Chetta et al. 2006; [58] Delbressine et al. 2023; [27] Alameri et al. 2009; [20] Jenkins et al. 2009; [06] Gibbons et al. 2001; [43] Rao et al. 2013; [50] Zou et al. 2017; [34] Dourado, Vidotto, Guerra 2011; [15] Masmoudi et al. 2008; [04] Troosters, Gosselink & Decramer 1999; [28] Ben Saad et al. 2009; [30] Osses et al. 2010; [02] Enright & Sherrill 1998; [40] Britto et al. 2013; [45] Kim et al. 2014; [32] Soares, Pereira 2011","0.0234;-0.1048;0.133;0.6817;-0.1356;0.0872;-0.1917;-0.2319;-0.146;0.0192;0.0719;0.2722;-0.0562;0.3743;0.0397;0.289;-0.1255",455.231884057971,549.45900206366,1259.97898132953,0.0890822919578458,94.2271180056892,-29.9900630279658,233.209251899621,97.7042267625548,114.400702207332
969,"natalia_oliveira_2023",20,"[30] Osses et al. 2010; [15] Masmoudi et al. 2008; [27] Alameri et al. 2009; [26] Jenkins et al. 2009; [32] Soares, Pereira 2011; [18] Iwama et al. 2009; [04] Troosters, Gosselink & Decramer 1999; [43] Rao et al. 2013; [20] Jenkins et al. 2009; [02] Enright & Sherrill 1998; [07] Enrigth et al. 2003; [48] Fernandes et al. 2016; [58] Delbressine et al. 2023; [47] Nusdwinuringtyas et al, 2014; [28] Ben Saad et al. 2009; [45] Kim et al. 2014; [40] Britto et al. 2013; [54] Almeida et al. 2019; [34] Dourado, Vidotto, Guerra 2011; [06] Gibbons et al. 2001","-0.1779;-0.0798;0.7098;-0.1137;-0.2124;-0.2357;0.1043;-0.473;-0.1604;0.6906;0.1787;-0.2518;0.0755;0.5701;0.4795;0.2395;0.0068;0.0369;-0.1962;-0.1907",430.463768115942,570.34967043922,1244.82565223645,0.0783637275870456,139.885902323278,44.6346073935313,260.823544233313,139.932311091359,156.040894690736
970,"natalia_oliveira_2023",7,"[30] Osses et al. 2010; [40] Britto et al. 2013; [13] Chetta et al. 2006; [18] Iwama et al. 2009; [48] Fernandes et al. 2016; [15] Masmoudi et al. 2008; [26] Jenkins et al. 2009","-0.1971;0.0959;-0.0977;0.3508;0.1894;0.4033;0.2555",445.565217391304,538.842879099367,1795.22898747345,0.132465815379513,93.2776617080622,-45.4896202035501,215.915370644843,101.14186448762,119.515623525548
971,"natalia_oliveira_2023",11,"[58] Delbressine et al. 2023; [47] Nusdwinuringtyas et al, 2014; [26] Jenkins et al. 2009; [32] Soares, Pereira 2011; [50] Zou et al. 2017; [18] Iwama et al. 2009; [37] Hill et al. 2011; [43] Rao et al. 2013; [06] Gibbons et al. 2001; [27] Alameri et al. 2009; [40] Britto et al. 2013","0.3616;0.4414;0.2948;-0.2254;-0.2734;-0.2781;0.7013;-0.3359;-0.3607;0.6817;-0.0074",434.159420289855,648.224947832287,1258.27371839984,0.35318243810067,214.065527542432,116.573793028944,331.789797890687,214.065527542432,223.57406464717
972,"natalia_oliveira_2023",13,"[07] Enrigth et al. 2003; [47] Nusdwinuringtyas et al, 2014; [28] Ben Saad et al. 2009; [30] Osses et al. 2010; [06] Gibbons et al. 2001; [18] Iwama et al. 2009; [02] Enright & Sherrill 1998; [48] Fernandes et al. 2016; [26] Jenkins et al. 2009; [20] Jenkins et al. 2009; [34] Dourado, Vidotto, Guerra 2011; [43] Rao et al. 2013; [37] Hill et al. 2011","0.1486;0.9142;0.2218;-0.1878;-0.2777;-0.1817;0.2939;-0.2293;0.255;0.0244;-0.028;-0.0468;0.0935",443.289855072464,578.492639210139,893.664853505821,0.0541888535384788,135.202784137676,2.88916608052508,258.857602369653,135.202784137676,152.951254350453
973,"natalia_oliveira_2023",14,"[34] Dourado, Vidotto, Guerra 2011; [04] Troosters, Gosselink & Decramer 1999; [30] Osses et al. 2010; [27] Alameri et al. 2009; [50] Zou et al. 2017; [18] Iwama et al. 2009; [48] Fernandes et al. 2016; [47] Nusdwinuringtyas et al, 2014; [13] Chetta et al. 2006; [58] Delbressine et al. 2023; [43] Rao et al. 2013; [26] Jenkins et al. 2009; [07] Enrigth et al. 2003; [37] Hill et al. 2011","-0.1124;0.4667;-0.1834;0.9277;-0.4948;-0.2346;-0.284;0.7276;-0.4956;0.1977;-0.4891;-0.0266;0.3964;0.6046",454.028985507246,686.068347905576,1436.47570521823,0.143802752893711,232.03936239833,115.865389616682,352.450408717566,232.03936239833,241.4143146881
974,"natalia_oliveira_2023",11,"[58] Delbressine et al. 2023; [28] Ben Saad et al. 2009; [50] Zou et al. 2017; [04] Troosters, Gosselink & Decramer 1999; [13] Chetta et al. 2006; [15] Masmoudi et al. 2008; [07] Enrigth et al. 2003; [18] Iwama et al. 2009; [40] Britto et al. 2013; [45] Kim et al. 2014; [30] Osses et al. 2010","0.0889;0.5355;-0.3503;0.2488;-0.3251;-0.1767;0.3223;0.1049;0.0272;0.8953;-0.3709",442.202898550725,603.079725192667,1911.83967268977,0.142589551166972,160.876826641942,24.4862145447586,300.916578252111,160.876826641942,176.354099548742
975,"natalia_oliveira_2023",10,"[40] Britto et al. 2013; [04] Troosters, Gosselink & Decramer 1999; [28] Ben Saad et al. 2009; [32] Soares, Pereira 2011; [50] Zou et al. 2017; [26] Jenkins et al. 2009; [37] Hill et al. 2011; [10] Camarri et al. 2006; [30] Osses et al. 2010; [15] Masmoudi et al. 2008","0.1906;0.1065;0.0698;-0.1459;0.3558;0.1282;0.2168;0.3234;-0.1465;-0.0988",451.550724637681,645.938447807327,1604.16736451548,0.10122568096383,194.387723169646,67.1950340251322,333.289707598055,194.387723169646,206.245380883349
976,"natalia_oliveira_2023",19,"[02] Enright & Sherrill 1998; [37] Hill et al. 2011; [18] Iwama et al. 2009; [50] Zou et al. 2017; [30] Osses et al. 2010; [45] Kim et al. 2014; [27] Alameri et al. 2009; [32] Soares, Pereira 2011; [40] Britto et al. 2013; [48] Fernandes et al. 2016; [47] Nusdwinuringtyas et al, 2014; [28] Ben Saad et al. 2009; [26] Jenkins et al. 2009; [43] Rao et al. 2013; [04] Troosters, Gosselink & Decramer 1999; [06] Gibbons et al. 2001; [13] Chetta et al. 2006; [20] Jenkins et al. 2009; [10] Camarri et al. 2006","0.7594;0.2819;-0.1214;-0.1894;-0.3008;0.4252;0.7302;-0.311;-0.165;-0.185;0.6921;0.4267;-0.0864;-0.2183;0.3298;-0.2923;-0.3542;-0.1888;-0.2327",449.434782608696,549.033873911521,1358.3468031286,0.238658816272916,99.599091302825,-30.9368977823251,232.90846399266,103.866362217363,122.518629872566
977,"natalia_oliveira_2023",3,"[45] Kim et al. 2014; [58] Delbressine et al. 2023; [07] Enrigth et al. 2003","0.5087;0.1271;0.3642",427.666666666667,555.047802686514,1567.4144540998,0.133123783090736,127.381136019847,29.576763648191,239.415830488882,127.431527928623,145.680347137686
978,"natalia_oliveira_2023",24,"[13] Chetta et al. 2006; [30] Osses et al. 2010; [58] Delbressine et al. 2023; [45] Kim et al. 2014; [04] Troosters, Gosselink & Decramer 1999; [15] Masmoudi et al. 2008; [47] Nusdwinuringtyas et al, 2014; [50] Zou et al. 2017; [34] Dourado, Vidotto, Guerra 2011; [10] Camarri et al. 2006; [02] Enright & Sherrill 1998; [54] Almeida et al. 2019; [37] Hill et al. 2011; [40] Britto et al. 2013; [07] Enrigth et al. 2003; [48] Fernandes et al. 2016; [32] Soares, Pereira 2011; [20] Jenkins et al. 2009; [27] Alameri et al. 2009; [06] Gibbons et al. 2001; [28] Ben Saad et al. 2009; [18] Iwama et al. 2009; [43] Rao et al. 2013; [26] Jenkins et al. 2009","-0.3501;-0.2035;0.1006;0.4646;0.2748;-0.0423;0.539;-0.2546;-0.167;-0.2566;0.6159;0.0809;0.4211;-0.0432;0.2579;-0.2873;-0.2951;-0.1695;0.862;-0.2679;0.3848;-0.2555;-0.3024;-0.1064",458.840579710145,576.655126528813,1848.17443031639,0.124193645477799,117.814546818668,-5.48816131971149,245.709198634372,118.733763717166,137.926437651629
979,"natalia_oliveira_2023",22,"[32] Soares, Pereira 2011; [34] Dourado, Vidotto, Guerra 2011; [37] Hill et al. 2011; [30] Osses et al. 2010; [18] Iwama et al. 2009; [07] Enrigth et al. 2003; [04] Troosters, Gosselink & Decramer 1999; [58] Delbressine et al. 2023; [54] Almeida et al. 2019; [28] Ben Saad et al. 2009; [26] Jenkins et al. 2009; [43] Rao et al. 2013; [13] Chetta et al. 2006; [48] Fernandes et al. 2016; [27] Alameri et al. 2009; [40] Britto et al. 2013; [10] Camarri et al. 2006; [50] Zou et al. 2017; [15] Masmoudi et al. 2008; [45] Kim et al. 2014; [20] Jenkins et al. 2009; [06] Gibbons et al. 2001","-0.2831;-0.1752;0.4699;-0.2329;0.0032;0.2936;0.4439;0.0996;0.2538;0.541;-0.0951;-0.2919;-0.3845;-0.0697;0.9856;-0.0291;-0.3237;-0.3093;-0.0725;0.533;-0.1677;-0.189",443.31884057971,584.163485156892,1723.10509804549,0.302948271284556,140.844644577182,50.1203125555013,263.487439947935,140.844644577182,155.074396245498
980,"natalia_oliveira_2023",6,"[45] Kim et al. 2014; [43] Rao et al. 2013; [10] Camarri et al. 2006; [13] Chetta et al. 2006; [06] Gibbons et al. 2001; [47] Nusdwinuringtyas et al, 2014","0.1042;-0.0964;0.3891;0.1305;0.3959;0.0767",437.405797101449,651.82892755446,774.04200667132,0.304042746599713,214.423130453011,53.4921634993655,345.416625165264,214.423130453011,227.893430709803
981,"natalia_oliveira_2023",11,"[13] Chetta et al. 2006; [20] Jenkins et al. 2009; [34] Dourado, Vidotto, Guerra 2011; [45] Kim et al. 2014; [50] Zou et al. 2017; [10] Camarri et al. 2006; [47] Nusdwinuringtyas et al, 2014; [58] Delbressine et al. 2023; [37] Hill et al. 2011; [30] Osses et al. 2010; [28] Ben Saad et al. 2009","-0.8064;-0.0986;-0.1459;0.8357;-0.3867;-0.1683;0.6367;0.227;0.3663;-0.4111;0.9513",450.855072463768,617.653417034356,1268.9402066502,0.211016465940643,166.798344570588,36.1781350568858,293.104992465124,166.798344570588,183.131838678973
982,"natalia_oliveira_2023",17,"[15] Masmoudi et al. 2008; [30] Osses et al. 2010; [47] Nusdwinuringtyas et al, 2014; [58] Delbressine et al. 2023; [06] Gibbons et al. 2001; [34] Dourado, Vidotto, Guerra 2011; [43] Rao et al. 2013; [02] Enright & Sherrill 1998; [48] Fernandes et al. 2016; [32] Soares, Pereira 2011; [28] Ben Saad et al. 2009; [45] Kim et al. 2014; [10] Camarri et al. 2006; [26] Jenkins et al. 2009; [50] Zou et al. 2017; [40] Britto et al. 2013; [27] Alameri et al. 2009","0.0461;-0.3124;0.4801;0.2502;-0.3081;-0.3113;-0.3194;1.0043;-0.3328;-0.3415;0.5685;0.5012;-0.2077;-0.142;-0.2457;-0.2563;0.9269",442.739130434783,503.826196337576,971.629577292249,0.244613846352448,61.0870659027936,-75.5874075323916,176.088236635552,75.2191123693102,93.2623161950826
983,"natalia_oliveira_2023",6,"[40] Britto et al. 2013; [54] Almeida et al. 2019; [43] Rao et al. 2013; [30] Osses et al. 2010; [04] Troosters, Gosselink & Decramer 1999; [02] Enright & Sherrill 1998","0.0434;0.4632;0.297;-0.0609;0.1404;0.1168",460.478260869565,559.359841581681,1467.91834292008,0.169389731057734,98.8815807121154,-3.00246336186992,219.298748870552,100.470075185323,117.059252922016
984,"natalia_oliveira_2023",3,"[20] Jenkins et al. 2009; [06] Gibbons et al. 2001; [43] Rao et al. 2013","0.4013;0.2453;0.3534",450.768115942029,548.347763559423,1447.03332764603,0.155599896365897,97.5796476173944,-30.8790139952755,228.083252792596,100.661361163525,119.230698919129
985,"natalia_oliveira_2023",12,"[45] Kim et al. 2014; [48] Fernandes et al. 2016; [34] Dourado, Vidotto, Guerra 2011; [58] Delbressine et al. 2023; [40] Britto et al. 2013; [30] Osses et al. 2010; [28] Ben Saad et al. 2009; [47] Nusdwinuringtyas et al, 2014; [13] Chetta et al. 2006; [50] Zou et al. 2017; [10] Camarri et al. 2006; [37] Hill et al. 2011","0.8697;-0.5001;-0.1343;0.1504;-0.1547;-0.3869;0.9164;0.7952;-0.6767;-0.2754;-0.0982;0.4947",443.710144927536,690.676080742617,1032.8616624766,0.342566793160121,246.96593581508,102.917343885621,379.634818205075,246.96593581508,258.798077464889
986,"natalia_oliveira_2023",11,"[18] Iwama et al. 2009; [48] Fernandes et al. 2016; [15] Masmoudi et al. 2008; [34] Dourado, Vidotto, Guerra 2011; [37] Hill et al. 2011; [47] Nusdwinuringtyas et al, 2014; [43] Rao et al. 2013; [26] Jenkins et al. 2009; [40] Britto et al. 2013; [20] Jenkins et al. 2009; [30] Osses et al. 2010","-0.3796;-0.4614;0.3221;0.0132;0.6034;1.1373;-0.4477;0.3332;-0.0483;0.0652;-0.1375",456.492753623188,774.255219462351,1247.39504895803,0.159763469115255,317.762465839162,207.874955239632,451.283823577046,317.762465839162,325.390402665241
987,"natalia_oliveira_2023",5,"[20] Jenkins et al. 2009; [32] Soares, Pereira 2011; [26] Jenkins et al. 2009; [54] Almeida et al. 2019; [15] Masmoudi et al. 2008","-0.0733;0.0061;0.0994;0.4697;0.4981",453.057971014493,589.176965121423,1770.68980736927,0.0349510138969982,136.11899410693,29.5390120110734,286.681722670959,136.259226172422,153.247751838597
988,"natalia_oliveira_2023",12,"[26] Jenkins et al. 2009; [54] Almeida et al. 2019; [27] Alameri et al. 2009; [47] Nusdwinuringtyas et al, 2014; [06] Gibbons et al. 2001; [32] Soares, Pereira 2011; [02] Enright & Sherrill 1998; [04] Troosters, Gosselink & Decramer 1999; [15] Masmoudi et al. 2008; [30] Osses et al. 2010; [10] Camarri et al. 2006; [50] Zou et al. 2017","-0.0395;-0.1098;0.8151;0.5115;-0.3001;-0.3502;0.8555;0.547;-0.0179;-0.3014;-0.2718;-0.3385",469.826086956522,431.951773784505,1501.60388266644,0.147773126049266,-37.8743131720166,-143.147313964818,105.525241513896,65.6015174390494,79.5554698260785
989,"natalia_oliveira_2023",22,"[40] Britto et al. 2013; [10] Camarri et al. 2006; [27] Alameri et al. 2009; [28] Ben Saad et al. 2009; [50] Zou et al. 2017; [07] Enrigth et al. 2003; [34] Dourado, Vidotto, Guerra 2011; [45] Kim et al. 2014; [02] Enright & Sherrill 1998; [47] Nusdwinuringtyas et al, 2014; [18] Iwama et al. 2009; [32] Soares, Pereira 2011; [30] Osses et al. 2010; [58] Delbressine et al. 2023; [43] Rao et al. 2013; [48] Fernandes et al. 2016; [13] Chetta et al. 2006; [26] Jenkins et al. 2009; [15] Masmoudi et al. 2008; [06] Gibbons et al. 2001; [04] Troosters, Gosselink & Decramer 1999; [37] Hill et al. 2011","-0.1785;-0.4405;0.9663;0.4024;-0.3591;0.2168;-0.2263;0.4505;0.5801;0.6864;-0.2226;-0.1349;-0.2756;0.0845;-0.3709;-0.2624;-0.3825;0.0426;-0.03;-0.2754;0.4705;0.2587",427.144927536232,558.754313239571,1445.01826218227,0.171107549460085,131.609385703339,29.8135744396577,247.649187333593,131.609385703339,148.139629932882
990,"natalia_oliveira_2023",6,"[34] Dourado, Vidotto, Guerra 2011; [47] Nusdwinuringtyas et al, 2014; [13] Chetta et al. 2006; [30] Osses et al. 2010; [58] Delbressine et al. 2023; [32] Soares, Pereira 2011","0.1854;0.6878;-0.4939;0.0159;0.7877;-0.1829",440.434782608696,582.424115663758,803.802335221293,0.0878305053399647,141.989333055063,15.2471721635248,267.754842434728,141.989333055063,158.210407556647
991,"natalia_oliveira_2023",15,"[15] Masmoudi et al. 2008; [06] Gibbons et al. 2001; [13] Chetta et al. 2006; [34] Dourado, Vidotto, Guerra 2011; [50] Zou et al. 2017; [26] Jenkins et al. 2009; [47] Nusdwinuringtyas et al, 2014; [07] Enrigth et al. 2003; [37] Hill et al. 2011; [04] Troosters, Gosselink & Decramer 1999; [02] Enright & Sherrill 1998; [43] Rao et al. 2013; [28] Ben Saad et al. 2009; [40] Britto et al. 2013; [10] Camarri et al. 2006","-0.1947;-0.574;-0.5577;-0.198;-0.0919;0.0641;1.3311;0.1339;0.3007;0.5472;0.4817;-0.2177;0.2031;-0.271;0.0433",434.971014492754,631.54664223873,2309.86615683026,0.233736462847892,196.575627745977,76.3768812571054,300.899716181578,196.575627745977,209.022681471297
992,"natalia_oliveira_2023",13,"[34] Dourado, Vidotto, Guerra 2011; [40] Britto et al. 2013; [30] Osses et al. 2010; [32] Soares, Pereira 2011; [28] Ben Saad et al. 2009; [06] Gibbons et al. 2001; [50] Zou et al. 2017; [45] Kim et al. 2014; [47] Nusdwinuringtyas et al, 2014; [13] Chetta et al. 2006; [15] Masmoudi et al. 2008; [04] Troosters, Gosselink & Decramer 1999; [27] Alameri et al. 2009","-0.4103;-0.1256;-0.239;-0.4453;0.8821;-0.1359;-0.5229;0.1379;0.7089;-0.3747;0.1142;0.7735;0.6371",444.623188405797,546.584911341337,1763.86023604045,0.193540058781527,101.96172293554,-37.5761359103304,233.269996138389,107.373488646543,125.980581123795
993,"natalia_oliveira_2023",18,"[07] Enrigth et al. 2003; [27] Alameri et al. 2009; [37] Hill et al. 2011; [10] Camarri et al. 2006; [50] Zou et al. 2017; [06] Gibbons et al. 2001; [43] Rao et al. 2013; [15] Masmoudi et al. 2008; [02] Enright & Sherrill 1998; [28] Ben Saad et al. 2009; [20] Jenkins et al. 2009; [34] Dourado, Vidotto, Guerra 2011; [54] Almeida et al. 2019; [13] Chetta et al. 2006; [40] Britto et al. 2013; [32] Soares, Pereira 2011; [47] Nusdwinuringtyas et al, 2014; [18] Iwama et al. 2009","0.1792;0.9598;0.0811;-0.1033;-0.0464;-0.4243;-0.1404;-0.0423;0.9374;0.57;-0.1764;-0.2471;-0.1297;-0.4026;-0.2956;-0.2794;0.7261;-0.1662",442,432.319180168647,1466.71864322391,0.326132849801744,-9.68081983135299,-131.477652964372,108.962264193937,64.3195328628314,74.8608665071331
994,"natalia_oliveira_2023",24,"[48] Fernandes et al. 2016; [50] Zou et al. 2017; [54] Almeida et al. 2019; [18] Iwama et al. 2009; [06] Gibbons et al. 2001; [27] Alameri et al. 2009; [47] Nusdwinuringtyas et al, 2014; [43] Rao et al. 2013; [26] Jenkins et al. 2009; [58] Delbressine et al. 2023; [30] Osses et al. 2010; [13] Chetta et al. 2006; [45] Kim et al. 2014; [02] Enright & Sherrill 1998; [15] Masmoudi et al. 2008; [28] Ben Saad et al. 2009; [40] Britto et al. 2013; [34] Dourado, Vidotto, Guerra 2011; [37] Hill et al. 2011; [10] Camarri et al. 2006; [07] Enrigth et al. 2003; [20] Jenkins et al. 2009; [04] Troosters, Gosselink & Decramer 1999; [32] Soares, Pereira 2011","-0.2822;-0.2909;0.0326;-0.2428;-0.3014;0.9327;0.665;-0.3439;-0.0611;0.0394;-0.2774;-0.4134;0.4707;0.8175;-0.0943;0.4724;-0.1008;-0.2028;0.4026;-0.309;0.2116;-0.1767;0.3964;-0.3441",425.985507246377,572.99332261087,1603.59422173851,0.075606008210649,147.007815364493,3.10779098280238,270.290562365278,147.700043943123,166.066020851113
995,"natalia_oliveira_2023",20,"[28] Ben Saad et al. 2009; [20] Jenkins et al. 2009; [50] Zou et al. 2017; [10] Camarri et al. 2006; [26] Jenkins et al. 2009; [43] Rao et al. 2013; [58] Delbressine et al. 2023; [47] Nusdwinuringtyas et al, 2014; [40] Britto et al. 2013; [13] Chetta et al. 2006; [04] Troosters, Gosselink & Decramer 1999; [48] Fernandes et al. 2016; [34] Dourado, Vidotto, Guerra 2011; [07] Enrigth et al. 2003; [37] Hill et al. 2011; [18] Iwama et al. 2009; [02] Enright & Sherrill 1998; [30] Osses et al. 2010; [45] Kim et al. 2014; [54] Almeida et al. 2019","0.2651;-0.1566;-0.241;-0.2146;-0.007;-0.3079;0.0461;0.998;-0.0926;-0.4781;0.5164;-0.3198;-0.1909;0.2004;0.2269;-0.2308;0.4233;-0.3212;0.7358;0.1485",444.376811594203,690.902819433877,2092.72061443016,0.219599649569907,246.526007839674,138.28243980042,369.193013345017,246.526007839674,255.604897195004
996,"natalia_oliveira_2023",10,"[15] Masmoudi et al. 2008; [50] Zou et al. 2017; [28] Ben Saad et al. 2009; [07] Enrigth et al. 2003; [37] Hill et al. 2011; [06] Gibbons et al. 2001; [27] Alameri et al. 2009; [40] Britto et al. 2013; [20] Jenkins et al. 2009; [47] Nusdwinuringtyas et al, 2014","-0.0411;-0.691;0.7343;0.3817;0.4689;-0.7086;0.8621;-0.2041;-0.2625;0.4602",448.391304347826,450.204769323076,1366.35048723411,0.146236567866074,1.81346497524991,-134.102026449863,135.353060059251,58.548929612375,71.6148510946992
997,"natalia_oliveira_2023",23,"[07] Enrigth et al. 2003; [37] Hill et al. 2011; [04] Troosters, Gosselink & Decramer 1999; [06] Gibbons et al. 2001; [10] Camarri et al. 2006; [43] Rao et al. 2013; [47] Nusdwinuringtyas et al, 2014; [28] Ben Saad et al. 2009; [45] Kim et al. 2014; [15] Masmoudi et al. 2008; [32] Soares, Pereira 2011; [27] Alameri et al. 2009; [58] Delbressine et al. 2023; [34] Dourado, Vidotto, Guerra 2011; [48] Fernandes et al. 2016; [30] Osses et al. 2010; [13] Chetta et al. 2006; [40] Britto et al. 2013; [50] Zou et al. 2017; [54] Almeida et al. 2019; [18] Iwama et al. 2009; [20] Jenkins et al. 2009; [02] Enright & Sherrill 1998","0.1073;0.2118;0.2958;-0.2422;-0.2197;-0.2088;0.5954;0.4578;0.431;-0.1071;-0.2992;0.756;-0.008;-0.1744;-0.1827;-0.2518;-0.3143;-0.1301;-0.1711;-0.0331;-0.1399;-0.153;0.7803",449.68115942029,537.140292325378,1186.48013610682,0.188570799353839,87.4591329050879,-39.1171893998833,224.783431286812,91.4733952094473,112.139638502948
998,"natalia_oliveira_2023",14,"[48] Fernandes et al. 2016; [40] Britto et al. 2013; [45] Kim et al. 2014; [02] Enright & Sherrill 1998; [04] Troosters, Gosselink & Decramer 1999; [27] Alameri et al. 2009; [58] Delbressine et al. 2023; [32] Soares, Pereira 2011; [26] Jenkins et al. 2009; [07] Enrigth et al. 2003; [50] Zou et al. 2017; [06] Gibbons et al. 2001; [47] Nusdwinuringtyas et al, 2014; [18] Iwama et al. 2009","-0.2753;-0.2191;0.3475;1.0365;0.2857;0.7041;0.0062;-0.5222;-0.3732;0.294;-0.3997;-0.3554;0.6807;-0.2098",454.202898550725,471.572862423809,1535.54557288041,0.253091119115693,17.3699638730848,-119.566088580235,150.465412840017,68.6828452948859,82.6578130126293
999,"natalia_oliveira_2023",21,"[15] Masmoudi et al. 2008; [47] Nusdwinuringtyas et al, 2014; [26] Jenkins et al. 2009; [27] Alameri et al. 2009; [28] Ben Saad et al. 2009; [04] Troosters, Gosselink & Decramer 1999; [34] Dourado, Vidotto, Guerra 2011; [30] Osses et al. 2010; [32] Soares, Pereira 2011; [02] Enright & Sherrill 1998; [48] Fernandes et al. 2016; [50] Zou et al. 2017; [10] Camarri et al. 2006; [13] Chetta et al. 2006; [40] Britto et al. 2013; [20] Jenkins et al. 2009; [45] Kim et al. 2014; [37] Hill et al. 2011; [06] Gibbons et al. 2001; [18] Iwama et al. 2009; [43] Rao et al. 2013","-0.0776;0.5801;-0.0477;0.7502;0.4087;0.3953;-0.1606;-0.2603;-0.2884;0.6931;-0.1702;-0.2015;-0.1784;-0.3349;-0.1011;-0.1549;0.4432;0.2985;-0.2608;-0.1122;-0.2206",452.95652173913,564.309863381359,1433.51226128312,0.325167845396299,111.353341642228,-10.8195387769083,250.253060471703,112.948588794018,130.000712472829
1000,"natalia_oliveira_2023",4,"[13] Chetta et al. 2006; [32] Soares, Pereira 2011; [37] Hill et al. 2011; [04] Troosters, Gosselink & Decramer 1999","0.4177;0.0748;0.1286;0.3789",440.942028985507,611.269684051511,3600.00228453569,0.256504232565046,170.327655066004,55.3430136450806,304.209864733699,170.327655066004,185.334840992972
